timestamp,yes_price,no_price,best_bid,best_ask,spread,volume_24h
2024-01-01T00:00:00,0.5462,0.4538,0.5421,0.5503,0.0081,7540.71
2024-01-01T00:01:00,0.544,0.456,0.5329,0.5551,0.0223,10933.45
2024-01-01T00:02:00,0.548,0.452,0.5397,0.5562,0.0164,10917.89
2024-01-01T00:03:00,0.5472,0.4528,0.5442,0.5501,0.0059,11252.63
2024-01-01T00:04:00,0.5486,0.4514,0.5457,0.5516,0.0058,10912.55
2024-01-01T00:05:00,0.5486,0.4514,0.5398,0.5574,0.0176,9212.68
2024-01-01T00:06:00,0.552,0.448,0.5458,0.5582,0.0124,5365.01
2024-01-01T00:07:00,0.552,0.448,0.5409,0.563,0.0222,5869.19
2024-01-01T00:08:00,0.5514,0.4486,0.5487,0.5541,0.0053,8188.14
2024-01-01T00:09:00,0.5483,0.4517,0.5424,0.5542,0.0118,7002.37
2024-01-01T00:10:00,0.5502,0.4498,0.5426,0.5578,0.0152,8743.86
2024-01-01T00:11:00,0.5513,0.4487,0.5396,0.563,0.0234,6218.83
2024-01-01T00:12:00,0.5476,0.4524,0.5375,0.5577,0.0202,7987.72
2024-01-01T00:13:00,0.5531,0.4469,0.5442,0.5621,0.0178,8982.85
2024-01-01T00:14:00,0.5535,0.4465,0.5472,0.5597,0.0125,9465.31
2024-01-01T00:15:00,0.5557,0.4443,0.5493,0.5622,0.0129,8803.27
2024-01-01T00:16:00,0.5495,0.4505,0.5448,0.5541,0.0093,8912.13
2024-01-01T00:17:00,0.5492,0.4508,0.5461,0.5523,0.0062,5195.77
2024-01-01T00:18:00,0.5486,0.4514,0.5395,0.5577,0.0182,7546.03
2024-01-01T00:19:00,0.5493,0.4507,0.5398,0.5588,0.019,8003.54
2024-01-01T00:20:00,0.5481,0.4519,0.5425,0.5536,0.0112,10499.92
2024-01-01T00:21:00,0.5471,0.4529,0.5393,0.5549,0.0156,9261.09
2024-01-01T00:22:00,0.5483,0.4517,0.5443,0.5523,0.008,10452.3
2024-01-01T00:23:00,0.545,0.455,0.5385,0.5515,0.013,6921.61
2024-01-01T00:24:00,0.5462,0.4538,0.5392,0.5532,0.014,7063.15
2024-01-01T00:25:00,0.5539,0.4461,0.5445,0.5633,0.0187,10801.6
2024-01-01T00:26:00,0.5514,0.4486,0.5399,0.5628,0.0229,7191.48
2024-01-01T00:27:00,0.5522,0.4478,0.5433,0.5611,0.0178,8771.11
2024-01-01T00:28:00,0.5514,0.4486,0.5398,0.5631,0.0232,10356.31
2024-01-01T00:29:00,0.5512,0.4488,0.5442,0.5582,0.014,10505.23
2024-01-01T00:30:00,0.5534,0.4466,0.5493,0.5576,0.0083,7623.56
2024-01-01T00:31:00,0.5514,0.4486,0.5487,0.5541,0.0054,6885.38
2024-01-01T00:32:00,0.5518,0.4482,0.5428,0.5608,0.018,5814.99
2024-01-01T00:33:00,0.5468,0.4532,0.5431,0.5505,0.0074,10363.87
2024-01-01T00:34:00,0.5481,0.4519,0.5397,0.5565,0.0167,7916.92
2024-01-01T00:35:00,0.5509,0.4491,0.5435,0.5582,0.0147,8269.49
2024-01-01T00:36:00,0.5528,0.4472,0.542,0.5637,0.0217,6683.83
2024-01-01T00:37:00,0.5557,0.4443,0.5528,0.5587,0.0058,11021.41
2024-01-01T00:38:00,0.549,0.451,0.5413,0.5566,0.0153,9987.94
2024-01-01T00:39:00,0.5496,0.4504,0.5471,0.552,0.005,9816.12
2024-01-01T00:40:00,0.5444,0.4556,0.533,0.5558,0.0229,6254.59
2024-01-01T00:41:00,0.5466,0.4534,0.5361,0.557,0.0209,8923.46
2024-01-01T00:42:00,0.5481,0.4519,0.5457,0.5505,0.0048,10848.58
2024-01-01T00:43:00,0.5471,0.4529,0.5442,0.5501,0.0059,8940.72
2024-01-01T00:44:00,0.549,0.451,0.5422,0.5558,0.0136,6368.26
2024-01-01T00:45:00,0.5513,0.4487,0.5479,0.5548,0.0068,8121.93
2024-01-01T00:46:00,0.5475,0.4525,0.5417,0.5533,0.0116,10094.62
2024-01-01T00:47:00,0.547,0.453,0.536,0.5579,0.022,10913.95
2024-01-01T00:48:00,0.5478,0.4522,0.54,0.5555,0.0155,8097.46
2024-01-01T00:49:00,0.5469,0.4531,0.5355,0.5583,0.0228,10873.5
2024-01-01T00:50:00,0.5459,0.4541,0.5397,0.5521,0.0124,11046.69
2024-01-01T00:51:00,0.5473,0.4527,0.5415,0.5531,0.0116,8289.76
2024-01-01T00:52:00,0.5511,0.4489,0.5458,0.5565,0.0107,8633.85
2024-01-01T00:53:00,0.5501,0.4499,0.5404,0.5599,0.0196,5002.41
2024-01-01T00:54:00,0.5491,0.4509,0.5403,0.558,0.0177,7755.17
2024-01-01T00:55:00,0.5468,0.4532,0.537,0.5566,0.0196,5744.95
2024-01-01T00:56:00,0.5462,0.4538,0.5424,0.5501,0.0077,9434.81
2024-01-01T00:57:00,0.5477,0.4523,0.5387,0.5566,0.0179,5462.24
2024-01-01T00:58:00,0.5508,0.4492,0.5462,0.5553,0.009,9962.04
2024-01-01T00:59:00,0.5523,0.4477,0.5428,0.5617,0.0189,9746.79
2024-01-01T01:00:00,0.5534,0.4466,0.548,0.5588,0.0108,7959.65
2024-01-01T01:01:00,0.5504,0.4496,0.5418,0.5589,0.0171,9427.43
2024-01-01T01:02:00,0.5523,0.4477,0.5467,0.558,0.0113,6027.36
2024-01-01T01:03:00,0.5527,0.4473,0.5487,0.5567,0.008,5552.34
2024-01-01T01:04:00,0.5492,0.4508,0.541,0.5575,0.0164,8875.53
2024-01-01T01:05:00,0.5441,0.4559,0.5361,0.5521,0.016,9271.23
2024-01-01T01:06:00,0.5466,0.4534,0.5378,0.5555,0.0177,6294.66
2024-01-01T01:07:00,0.5474,0.4526,0.5396,0.5551,0.0155,7731.15
2024-01-01T01:08:00,0.5464,0.4536,0.5405,0.5522,0.0116,7725.73
2024-01-01T01:09:00,0.548,0.452,0.5427,0.5532,0.0106,7330.3
2024-01-01T01:10:00,0.5483,0.4517,0.5452,0.5514,0.0062,10943.31
2024-01-01T01:11:00,0.5508,0.4492,0.5453,0.5564,0.0111,5339.64
2024-01-01T01:12:00,0.5493,0.4507,0.544,0.5546,0.0106,5723.29
2024-01-01T01:13:00,0.5532,0.4468,0.5447,0.5617,0.017,6078.62
2024-01-01T01:14:00,0.5496,0.4504,0.5437,0.5556,0.0119,6746.69
2024-01-01T01:15:00,0.5522,0.4478,0.5437,0.5608,0.0171,7550.7
2024-01-01T01:16:00,0.5482,0.4518,0.5447,0.5518,0.0071,10407.32
2024-01-01T01:17:00,0.5514,0.4486,0.547,0.5557,0.0087,10852.59
2024-01-01T01:18:00,0.5473,0.4527,0.537,0.5576,0.0205,9494.3
2024-01-01T01:19:00,0.5482,0.4518,0.5399,0.5564,0.0165,6121.74
2024-01-01T01:20:00,0.5502,0.4498,0.5455,0.555,0.0095,6228.15
2024-01-01T01:21:00,0.547,0.453,0.5373,0.5566,0.0192,7031.9
2024-01-01T01:22:00,0.5478,0.4522,0.5433,0.5522,0.0089,9344.65
2024-01-01T01:23:00,0.5496,0.4504,0.5434,0.5559,0.0124,10431.84
2024-01-01T01:24:00,0.5509,0.4491,0.5446,0.5573,0.0128,8994.46
2024-01-01T01:25:00,0.5485,0.4515,0.5393,0.5576,0.0183,6160.57
2024-01-01T01:26:00,0.5488,0.4512,0.5462,0.5515,0.0053,5682.66
2024-01-01T01:27:00,0.5488,0.4512,0.5411,0.5565,0.0154,8895.28
2024-01-01T01:28:00,0.5488,0.4512,0.5413,0.5564,0.0151,8571.51
2024-01-01T01:29:00,0.5517,0.4483,0.5469,0.5566,0.0097,5325.2
2024-01-01T01:30:00,0.5545,0.4455,0.5488,0.5602,0.0114,10748.3
2024-01-01T01:31:00,0.5513,0.4487,0.5457,0.557,0.0113,5903.49
2024-01-01T01:32:00,0.555,0.445,0.5487,0.5614,0.0127,7916.02
2024-01-01T01:33:00,0.5489,0.4511,0.5424,0.5554,0.0129,9531.33
2024-01-01T01:34:00,0.552,0.448,0.546,0.5579,0.0119,8413.59
2024-01-01T01:35:00,0.5483,0.4517,0.5392,0.5573,0.0181,10758.75
2024-01-01T01:36:00,0.548,0.452,0.5362,0.5598,0.0236,4980.02
2024-01-01T01:37:00,0.5496,0.4504,0.5386,0.5605,0.0218,9637.73
2024-01-01T01:38:00,0.5526,0.4474,0.5422,0.563,0.0208,6391.16
2024-01-01T01:39:00,0.55,0.45,0.5386,0.5615,0.0228,5411.68
2024-01-01T01:40:00,0.5518,0.4482,0.5449,0.5586,0.0137,7701.5
2024-01-01T01:41:00,0.554,0.446,0.5472,0.5608,0.0136,9301.85
2024-01-01T01:42:00,0.5531,0.4469,0.5495,0.5568,0.0073,6148.43
2024-01-01T01:43:00,0.5538,0.4462,0.549,0.5586,0.0095,11320.83
2024-01-01T01:44:00,0.5529,0.4471,0.5486,0.5572,0.0086,8354.59
2024-01-01T01:45:00,0.5505,0.4495,0.5401,0.5608,0.0207,6669.51
2024-01-01T01:46:00,0.5504,0.4496,0.5404,0.5605,0.0201,9119.66
2024-01-01T01:47:00,0.5504,0.4496,0.5401,0.5607,0.0206,9299.32
2024-01-01T01:48:00,0.5493,0.4507,0.5416,0.557,0.0154,7487.71
2024-01-01T01:49:00,0.5487,0.4513,0.5458,0.5517,0.0059,9905.15
2024-01-01T01:50:00,0.549,0.451,0.5416,0.5564,0.0148,5368.64
2024-01-01T01:51:00,0.5521,0.4479,0.5409,0.5632,0.0223,5123.21
2024-01-01T01:52:00,0.5508,0.4492,0.543,0.5585,0.0154,8138.85
2024-01-01T01:53:00,0.5508,0.4492,0.5465,0.5551,0.0086,7050.84
2024-01-01T01:54:00,0.5517,0.4483,0.5436,0.5598,0.0162,5780.44
2024-01-01T01:55:00,0.5524,0.4476,0.5469,0.5579,0.011,5131.19
2024-01-01T01:56:00,0.5513,0.4487,0.5456,0.5569,0.0113,7661.65
2024-01-01T01:57:00,0.5495,0.4505,0.5422,0.5567,0.0145,7955.3
2024-01-01T01:58:00,0.551,0.449,0.543,0.559,0.016,7215.13
2024-01-01T01:59:00,0.5496,0.4504,0.546,0.5532,0.0073,5013.51
2024-01-01T02:00:00,0.5506,0.4494,0.545,0.5562,0.0113,9313.02
2024-01-01T02:01:00,0.551,0.449,0.544,0.5581,0.0142,10737.33
2024-01-01T02:02:00,0.5502,0.4498,0.5437,0.5567,0.0129,5798.99
2024-01-01T02:03:00,0.5536,0.4464,0.5499,0.5573,0.0074,9484.68
2024-01-01T02:04:00,0.5504,0.4496,0.5443,0.5564,0.0121,10156.04
2024-01-01T02:05:00,0.5481,0.4519,0.5447,0.5515,0.0068,10639.31
2024-01-01T02:06:00,0.5418,0.4582,0.5334,0.5501,0.0166,5318.1
2024-01-01T02:07:00,0.546,0.454,0.5418,0.5502,0.0083,5244.94
2024-01-01T02:08:00,0.5447,0.4553,0.5387,0.5508,0.012,8258.6
2024-01-01T02:09:00,0.548,0.452,0.5448,0.5512,0.0064,7768.34
2024-01-01T02:10:00,0.5524,0.4476,0.5474,0.5574,0.0101,5684.91
2024-01-01T02:11:00,0.5513,0.4487,0.5441,0.5585,0.0144,5937.53
2024-01-01T02:12:00,0.5494,0.4506,0.5379,0.5608,0.0229,8772.98
2024-01-01T02:13:00,0.5531,0.4469,0.5479,0.5582,0.0103,9880.62
2024-01-01T02:14:00,0.547,0.453,0.5381,0.556,0.0178,5613.02
2024-01-01T02:15:00,0.5491,0.4509,0.543,0.5552,0.0122,10005.12
2024-01-01T02:16:00,0.5488,0.4512,0.5412,0.5564,0.0152,7374.6
2024-01-01T02:17:00,0.5487,0.4513,0.543,0.5544,0.0114,10613.14
2024-01-01T02:18:00,0.5513,0.4487,0.5437,0.5588,0.0151,6802.83
2024-01-01T02:19:00,0.5484,0.4516,0.5435,0.5533,0.0098,10224.04
2024-01-01T02:20:00,0.5492,0.4508,0.544,0.5545,0.0105,5150.05
2024-01-01T02:21:00,0.5487,0.4513,0.5436,0.5539,0.0103,10894.04
2024-01-01T02:22:00,0.5495,0.4505,0.5416,0.5575,0.0159,5276.98
2024-01-01T02:23:00,0.55,0.45,0.5433,0.5567,0.0135,7473.91
2024-01-01T02:24:00,0.5504,0.4496,0.5472,0.5536,0.0064,5847.96
2024-01-01T02:25:00,0.5529,0.4471,0.5435,0.5623,0.0188,9006.2
2024-01-01T02:26:00,0.5543,0.4457,0.5501,0.5584,0.0082,11249.61
2024-01-01T02:27:00,0.5527,0.4473,0.5493,0.5561,0.0068,8072.95
2024-01-01T02:28:00,0.5555,0.4445,0.55,0.5609,0.0109,6653.68
2024-01-01T02:29:00,0.5534,0.4466,0.5472,0.5597,0.0125,5239.93
2024-01-01T02:30:00,0.5495,0.4505,0.5425,0.5565,0.014,6467.7
2024-01-01T02:31:00,0.5453,0.4547,0.542,0.5486,0.0066,7752.17
2024-01-01T02:32:00,0.5525,0.4475,0.55,0.5551,0.0051,6293.51
2024-01-01T02:33:00,0.5491,0.4509,0.5379,0.5604,0.0226,6133.67
2024-01-01T02:34:00,0.5473,0.4527,0.5403,0.5543,0.0139,5726.43
2024-01-01T02:35:00,0.5486,0.4514,0.5416,0.5556,0.0141,8596.98
2024-01-01T02:36:00,0.5492,0.4508,0.5464,0.552,0.0056,9316.02
2024-01-01T02:37:00,0.5488,0.4512,0.5443,0.5532,0.0089,5785.09
2024-01-01T02:38:00,0.551,0.449,0.5424,0.5597,0.0173,8247.93
2024-01-01T02:39:00,0.5511,0.4489,0.5445,0.5577,0.0132,10337.44
2024-01-01T02:40:00,0.5498,0.4502,0.5464,0.5533,0.0069,8099.93
2024-01-01T02:41:00,0.5467,0.4533,0.5386,0.5548,0.0162,6875.27
2024-01-01T02:42:00,0.5456,0.4544,0.5426,0.5487,0.0061,5992.95
2024-01-01T02:43:00,0.5469,0.4531,0.5434,0.5504,0.007,7498.51
2024-01-01T02:44:00,0.5444,0.4556,0.5359,0.5529,0.0169,6118.15
2024-01-01T02:45:00,0.5456,0.4544,0.5382,0.5529,0.0146,11484.75
2024-01-01T02:46:00,0.5508,0.4492,0.5439,0.5578,0.0139,7105.91
2024-01-01T02:47:00,0.55,0.45,0.5389,0.5612,0.0223,10670.84
2024-01-01T02:48:00,0.55,0.45,0.5457,0.5542,0.0086,9086.15
2024-01-01T02:49:00,0.5556,0.4444,0.5523,0.5588,0.0065,7503.99
2024-01-01T02:50:00,0.5471,0.4529,0.5355,0.5587,0.0231,10338.7
2024-01-01T02:51:00,0.5499,0.4501,0.5418,0.558,0.0161,9888.61
2024-01-01T02:52:00,0.549,0.451,0.5459,0.552,0.0061,9657.46
2024-01-01T02:53:00,0.5469,0.4531,0.543,0.5508,0.0078,5585.24
2024-01-01T02:54:00,0.5494,0.4506,0.5403,0.5586,0.0183,6193.09
2024-01-01T02:55:00,0.5511,0.4489,0.5399,0.5623,0.0225,6544.11
2024-01-01T02:56:00,0.5479,0.4521,0.5413,0.5545,0.0132,9942.89
2024-01-01T02:57:00,0.5468,0.4532,0.5398,0.5538,0.014,9670.21
2024-01-01T02:58:00,0.5492,0.4508,0.5421,0.5563,0.0142,10434.98
2024-01-01T02:59:00,0.5498,0.4502,0.5436,0.556,0.0124,6785.38
2024-01-01T03:00:00,0.5517,0.4483,0.5464,0.5569,0.0105,4939.69
2024-01-01T03:01:00,0.5477,0.4523,0.5421,0.5533,0.0112,9507.45
2024-01-01T03:02:00,0.5526,0.4474,0.5478,0.5575,0.0097,11133.26
2024-01-01T03:03:00,0.5501,0.4499,0.5438,0.5565,0.0127,5694.71
2024-01-01T03:04:00,0.5511,0.4489,0.5437,0.5585,0.0147,8203.31
2024-01-01T03:05:00,0.5458,0.4542,0.5389,0.5528,0.0139,6580.0
2024-01-01T03:06:00,0.5491,0.4509,0.5372,0.561,0.0238,9121.02
2024-01-01T03:07:00,0.5479,0.4521,0.5383,0.5575,0.0191,11019.68
2024-01-01T03:08:00,0.552,0.448,0.549,0.555,0.006,6996.04
2024-01-01T03:09:00,0.5491,0.4509,0.5456,0.5526,0.0069,8603.5
2024-01-01T03:10:00,0.5483,0.4517,0.5379,0.5587,0.0208,10755.9
2024-01-01T03:11:00,0.547,0.453,0.5372,0.5568,0.0197,5946.12
2024-01-01T03:12:00,0.549,0.451,0.5398,0.5583,0.0185,11059.07
2024-01-01T03:13:00,0.55,0.45,0.5389,0.5612,0.0223,9023.18
2024-01-01T03:14:00,0.548,0.452,0.5453,0.5506,0.0052,9992.1
2024-01-01T03:15:00,0.5508,0.4492,0.5401,0.5615,0.0214,11219.46
2024-01-01T03:16:00,0.5498,0.4502,0.5415,0.5582,0.0167,6140.95
2024-01-01T03:17:00,0.5461,0.4539,0.5402,0.552,0.0118,8310.22
2024-01-01T03:18:00,0.5447,0.4553,0.5375,0.5519,0.0144,5047.8
2024-01-01T03:19:00,0.5481,0.4519,0.5417,0.5545,0.0129,10663.13
2024-01-01T03:20:00,0.5442,0.4558,0.5389,0.5495,0.0106,7587.64
2024-01-01T03:21:00,0.5467,0.4533,0.5416,0.5518,0.0102,7843.65
2024-01-01T03:22:00,0.5463,0.4537,0.5356,0.557,0.0214,6299.36
2024-01-01T03:23:00,0.5488,0.4512,0.5439,0.5536,0.0097,6269.21
2024-01-01T03:24:00,0.5485,0.4515,0.5387,0.5584,0.0197,5047.01
2024-01-01T03:25:00,0.5516,0.4484,0.5487,0.5545,0.0058,8741.65
2024-01-01T03:26:00,0.5524,0.4476,0.5457,0.5591,0.0133,9111.04
2024-01-01T03:27:00,0.5526,0.4474,0.5481,0.5572,0.0091,9263.75
2024-01-01T03:28:00,0.5467,0.4533,0.5432,0.5502,0.0069,4989.01
2024-01-01T03:29:00,0.5472,0.4528,0.5414,0.5529,0.0115,6075.18
2024-01-01T03:30:00,0.5494,0.4506,0.5466,0.5523,0.0056,6338.76
2024-01-01T03:31:00,0.5494,0.4506,0.5436,0.5551,0.0115,10159.61
2024-01-01T03:32:00,0.5472,0.4528,0.5403,0.554,0.0137,7511.0
2024-01-01T03:33:00,0.5466,0.4534,0.5346,0.5585,0.0239,6978.89
2024-01-01T03:34:00,0.5512,0.4488,0.5398,0.5625,0.0227,5230.82
2024-01-01T03:35:00,0.5504,0.4496,0.5413,0.5595,0.0182,7054.56
2024-01-01T03:36:00,0.5497,0.4503,0.5443,0.555,0.0107,9743.1
2024-01-01T03:37:00,0.5516,0.4484,0.5427,0.5604,0.0177,11032.37
2024-01-01T03:38:00,0.5516,0.4484,0.5448,0.5583,0.0135,10530.61
2024-01-01T03:39:00,0.5486,0.4514,0.5417,0.5556,0.0139,11252.25
2024-01-01T03:40:00,0.55,0.45,0.5437,0.5563,0.0126,8487.57
2024-01-01T03:41:00,0.5451,0.4549,0.5408,0.5495,0.0087,10582.77
2024-01-01T03:42:00,0.5429,0.4571,0.5385,0.5472,0.0087,7102.45
2024-01-01T03:43:00,0.5432,0.4568,0.5378,0.5487,0.0109,8582.11
2024-01-01T03:44:00,0.5482,0.4518,0.5387,0.5578,0.0191,8288.62
2024-01-01T03:45:00,0.5486,0.4514,0.5434,0.5538,0.0104,11286.32
2024-01-01T03:46:00,0.5495,0.4505,0.546,0.553,0.007,6609.05
2024-01-01T03:47:00,0.5539,0.4461,0.5492,0.5586,0.0094,6389.53
2024-01-01T03:48:00,0.5517,0.4483,0.5447,0.5587,0.014,6970.27
2024-01-01T03:49:00,0.5546,0.4454,0.5449,0.5642,0.0193,10712.09
2024-01-01T03:50:00,0.5506,0.4494,0.5477,0.5535,0.0059,10004.87
2024-01-01T03:51:00,0.5514,0.4486,0.5465,0.5563,0.0098,8349.08
2024-01-01T03:52:00,0.5523,0.4477,0.5428,0.5617,0.0188,5095.27
2024-01-01T03:53:00,0.548,0.452,0.5395,0.5564,0.0169,5744.84
2024-01-01T03:54:00,0.5471,0.4529,0.5431,0.5512,0.0081,8407.01
2024-01-01T03:55:00,0.5476,0.4524,0.5438,0.5515,0.0077,6185.37
2024-01-01T03:56:00,0.5448,0.4552,0.5385,0.5511,0.0126,9512.36
2024-01-01T03:57:00,0.5493,0.4507,0.5433,0.5553,0.0121,7153.68
2024-01-01T03:58:00,0.549,0.451,0.5398,0.5582,0.0184,10945.63
2024-01-01T03:59:00,0.5491,0.4509,0.5404,0.5579,0.0175,7247.57
2024-01-01T04:00:00,0.5472,0.4528,0.5375,0.557,0.0195,5606.78
2024-01-01T04:01:00,0.5499,0.4501,0.5411,0.5587,0.0176,11418.43
2024-01-01T04:02:00,0.5503,0.4497,0.5474,0.5533,0.0059,7440.52
2024-01-01T04:03:00,0.5518,0.4482,0.5399,0.5637,0.0238,11180.41
2024-01-01T04:04:00,0.5513,0.4487,0.5442,0.5583,0.0141,8355.22
2024-01-01T04:05:00,0.5508,0.4492,0.5442,0.5574,0.0132,11249.9
2024-01-01T04:06:00,0.5473,0.4527,0.5402,0.5544,0.0142,7909.89
2024-01-01T04:07:00,0.5504,0.4496,0.5409,0.5599,0.0189,5519.38
2024-01-01T04:08:00,0.5469,0.4531,0.538,0.5558,0.0178,5895.2
2024-01-01T04:09:00,0.5521,0.4479,0.5412,0.563,0.0219,9070.89
2024-01-01T04:10:00,0.5508,0.4492,0.5484,0.5532,0.0048,7450.06
2024-01-01T04:11:00,0.5477,0.4523,0.5407,0.5547,0.014,6730.8
2024-01-01T04:12:00,0.5485,0.4515,0.5397,0.5573,0.0176,5767.11
2024-01-01T04:13:00,0.5459,0.4541,0.5415,0.5503,0.0087,9412.84
2024-01-01T04:14:00,0.5468,0.4532,0.5366,0.557,0.0204,10682.67
2024-01-01T04:15:00,0.545,0.455,0.5402,0.5498,0.0096,9620.85
2024-01-01T04:16:00,0.5468,0.4532,0.5416,0.552,0.0105,11502.9
2024-01-01T04:17:00,0.5496,0.4504,0.5464,0.5528,0.0064,9208.89
2024-01-01T04:18:00,0.5486,0.4514,0.5443,0.5528,0.0084,7266.57
2024-01-01T04:19:00,0.5489,0.4511,0.5372,0.5607,0.0236,4983.55
2024-01-01T04:20:00,0.546,0.454,0.5403,0.5516,0.0114,7502.58
2024-01-01T04:21:00,0.5489,0.4511,0.5426,0.5551,0.0124,9039.41
2024-01-01T04:22:00,0.5468,0.4532,0.5378,0.5558,0.018,8231.74
2024-01-01T04:23:00,0.5461,0.4539,0.5418,0.5504,0.0086,7704.55
2024-01-01T04:24:00,0.5523,0.4477,0.5495,0.555,0.0055,7110.36
2024-01-01T04:25:00,0.5508,0.4492,0.5462,0.5554,0.0092,6739.59
2024-01-01T04:26:00,0.5492,0.4508,0.5433,0.5551,0.0118,8298.52
2024-01-01T04:27:00,0.5507,0.4493,0.5451,0.5563,0.0112,5859.95
2024-01-01T04:28:00,0.5505,0.4495,0.5386,0.5624,0.0238,10246.92
2024-01-01T04:29:00,0.5462,0.4538,0.5343,0.558,0.0237,5613.26
2024-01-01T04:30:00,0.547,0.453,0.539,0.5549,0.0159,9739.86
2024-01-01T04:31:00,0.5498,0.4502,0.541,0.5586,0.0176,10354.36
2024-01-01T04:32:00,0.5482,0.4518,0.5404,0.556,0.0157,10514.63
2024-01-01T04:33:00,0.5497,0.4503,0.5387,0.5608,0.0221,10276.85
2024-01-01T04:34:00,0.5529,0.4471,0.5495,0.5564,0.0068,8876.14
2024-01-01T04:35:00,0.5533,0.4467,0.5436,0.563,0.0194,11173.35
2024-01-01T04:36:00,0.5502,0.4498,0.5442,0.5562,0.012,9951.57
2024-01-01T04:37:00,0.549,0.451,0.5386,0.5594,0.0208,7959.82
2024-01-01T04:38:00,0.5537,0.4463,0.5458,0.5617,0.0159,6519.46
2024-01-01T04:39:00,0.5483,0.4517,0.5402,0.5564,0.0162,9549.89
2024-01-01T04:40:00,0.5481,0.4519,0.5378,0.5583,0.0205,10065.19
2024-01-01T04:41:00,0.5495,0.4505,0.5462,0.5528,0.0066,10657.16
2024-01-01T04:42:00,0.5492,0.4508,0.5421,0.5563,0.0142,7831.18
2024-01-01T04:43:00,0.5511,0.4489,0.5469,0.5553,0.0084,5474.05
2024-01-01T04:44:00,0.552,0.448,0.5409,0.5631,0.0222,6690.65
2024-01-01T04:45:00,0.5519,0.4481,0.5424,0.5614,0.019,9528.85
2024-01-01T04:46:00,0.5503,0.4497,0.5454,0.5552,0.0098,9771.54
2024-01-01T04:47:00,0.5449,0.4551,0.5333,0.5565,0.0232,6933.64
2024-01-01T04:48:00,0.5521,0.4479,0.5487,0.5554,0.0068,8369.27
2024-01-01T04:49:00,0.553,0.447,0.5506,0.5554,0.0048,9384.18
2024-01-01T04:50:00,0.5552,0.4448,0.5489,0.5615,0.0126,6111.8
2024-01-01T04:51:00,0.5491,0.4509,0.5411,0.5572,0.0161,7510.23
2024-01-01T04:52:00,0.5485,0.4515,0.5446,0.5525,0.0078,6016.51
2024-01-01T04:53:00,0.5478,0.4522,0.5412,0.5543,0.0132,8502.59
2024-01-01T04:54:00,0.5466,0.4534,0.5355,0.5577,0.0222,8103.89
2024-01-01T04:55:00,0.5489,0.4511,0.5435,0.5543,0.0108,7167.47
2024-01-01T04:56:00,0.5529,0.4471,0.5476,0.5582,0.0106,6493.15
2024-01-01T04:57:00,0.5504,0.4496,0.5469,0.554,0.0071,5442.38
2024-01-01T04:58:00,0.5497,0.4503,0.5446,0.5548,0.0102,4989.25
2024-01-01T04:59:00,0.5458,0.4542,0.5431,0.5484,0.0054,5909.9
2024-01-01T05:00:00,0.5504,0.4496,0.5454,0.5554,0.01,5827.36
2024-01-01T05:01:00,0.5515,0.4485,0.5482,0.5547,0.0065,5174.54
2024-01-01T05:02:00,0.5529,0.4471,0.5417,0.5642,0.0225,10639.38
2024-01-01T05:03:00,0.5503,0.4497,0.545,0.5556,0.0106,5896.01
2024-01-01T05:04:00,0.5526,0.4474,0.5465,0.5587,0.0122,5924.78
2024-01-01T05:05:00,0.5538,0.4462,0.5488,0.5588,0.01,6117.7
2024-01-01T05:06:00,0.5558,0.4442,0.5444,0.5671,0.0227,6100.61
2024-01-01T05:07:00,0.5545,0.4455,0.5454,0.5636,0.0182,5838.24
2024-01-01T05:08:00,0.5597,0.4403,0.5526,0.5668,0.0142,8613.85
2024-01-01T05:09:00,0.5614,0.4386,0.5545,0.5682,0.0137,8147.31
2024-01-01T05:10:00,0.5628,0.4372,0.5576,0.568,0.0104,7834.39
2024-01-01T05:11:00,0.5629,0.4371,0.5535,0.5723,0.0188,8291.19
2024-01-01T05:12:00,0.5668,0.4332,0.5641,0.5696,0.0055,8917.32
2024-01-01T05:13:00,0.568,0.432,0.5587,0.5772,0.0185,8340.52
2024-01-01T05:14:00,0.5698,0.4302,0.5606,0.579,0.0184,10386.31
2024-01-01T05:15:00,0.5716,0.4284,0.5631,0.5802,0.0171,8565.21
2024-01-01T05:16:00,0.5729,0.4271,0.5639,0.582,0.0181,7907.69
2024-01-01T05:17:00,0.5726,0.4274,0.5675,0.5777,0.0102,4994.99
2024-01-01T05:18:00,0.5749,0.4251,0.5691,0.5806,0.0115,5635.9
2024-01-01T05:19:00,0.5788,0.4212,0.5698,0.5878,0.0179,6531.93
2024-01-01T05:20:00,0.5798,0.4202,0.5752,0.5844,0.0092,7290.06
2024-01-01T05:21:00,0.5846,0.4154,0.5797,0.5894,0.0096,10051.47
2024-01-01T05:22:00,0.5815,0.4185,0.5746,0.5884,0.0138,8226.61
2024-01-01T05:23:00,0.5872,0.4128,0.5807,0.5937,0.0129,8127.51
2024-01-01T05:24:00,0.5892,0.4108,0.5863,0.5921,0.0058,6996.26
2024-01-01T05:25:00,0.5904,0.4096,0.5813,0.5996,0.0184,9207.07
2024-01-01T05:26:00,0.5902,0.4098,0.5859,0.5946,0.0087,7483.17
2024-01-01T05:27:00,0.5891,0.4109,0.5859,0.5923,0.0064,6994.78
2024-01-01T05:28:00,0.592,0.408,0.5887,0.5953,0.0066,4917.91
2024-01-01T05:29:00,0.596,0.404,0.5933,0.5986,0.0052,5846.24
2024-01-01T05:30:00,0.5959,0.4041,0.5917,0.6001,0.0084,8676.66
2024-01-01T05:31:00,0.5987,0.4013,0.5928,0.6045,0.0117,8187.5
2024-01-01T05:32:00,0.6,0.4,0.5948,0.6051,0.0103,8892.17
2024-01-01T05:33:00,0.6049,0.3951,0.6016,0.6082,0.0066,8953.93
2024-01-01T05:34:00,0.6061,0.3939,0.5983,0.6139,0.0156,6837.3
2024-01-01T05:35:00,0.6095,0.3905,0.6055,0.6136,0.0082,4875.62
2024-01-01T05:36:00,0.6122,0.3878,0.6074,0.6169,0.0095,6499.12
2024-01-01T05:37:00,0.615,0.385,0.6086,0.6214,0.0129,4361.32
2024-01-01T05:38:00,0.617,0.383,0.606,0.628,0.0221,4926.59
2024-01-01T05:39:00,0.6168,0.3832,0.6107,0.6229,0.0122,9011.96
2024-01-01T05:40:00,0.6178,0.3822,0.6141,0.6214,0.0073,7307.95
2024-01-01T05:41:00,0.6202,0.3798,0.6125,0.6278,0.0153,9500.77
2024-01-01T05:42:00,0.6204,0.3796,0.616,0.6247,0.0087,6781.9
2024-01-01T05:43:00,0.6202,0.3798,0.6131,0.6273,0.0142,6845.88
2024-01-01T05:44:00,0.6227,0.3773,0.6144,0.6309,0.0164,9372.57
2024-01-01T05:45:00,0.6275,0.3725,0.6194,0.6355,0.0161,6862.7
2024-01-01T05:46:00,0.6304,0.3696,0.627,0.6338,0.0068,6587.55
2024-01-01T05:47:00,0.6322,0.3678,0.6222,0.6422,0.02,8731.68
2024-01-01T05:48:00,0.6335,0.3665,0.631,0.6361,0.0052,8238.79
2024-01-01T05:49:00,0.637,0.363,0.6331,0.6408,0.0076,8036.2
2024-01-01T05:50:00,0.6381,0.3619,0.6343,0.6419,0.0075,8297.55
2024-01-01T05:51:00,0.6377,0.3623,0.6268,0.6486,0.0218,8724.64
2024-01-01T05:52:00,0.6383,0.3617,0.628,0.6486,0.0206,5263.43
2024-01-01T05:53:00,0.6405,0.3595,0.6339,0.6472,0.0133,5063.66
2024-01-01T05:54:00,0.6438,0.3562,0.6412,0.6463,0.0051,5268.11
2024-01-01T05:55:00,0.6461,0.3539,0.6438,0.6484,0.0046,8552.58
2024-01-01T05:56:00,0.6463,0.3537,0.6421,0.6505,0.0084,5043.44
2024-01-01T05:57:00,0.6466,0.3534,0.639,0.6542,0.0152,8607.3
2024-01-01T05:58:00,0.6506,0.3494,0.6429,0.6582,0.0153,7237.15
2024-01-01T05:59:00,0.6503,0.3497,0.6448,0.6557,0.0109,6100.66
2024-01-01T06:00:00,0.6545,0.3455,0.6467,0.6624,0.0157,4998.61
2024-01-01T06:01:00,0.6566,0.3434,0.6517,0.6615,0.0098,7830.48
2024-01-01T06:02:00,0.6603,0.3397,0.6575,0.6631,0.0056,7218.31
2024-01-01T06:03:00,0.6613,0.3387,0.6568,0.6657,0.0089,4660.88
2024-01-01T06:04:00,0.6634,0.3366,0.655,0.6718,0.0168,5483.86
2024-01-01T06:05:00,0.6673,0.3327,0.6579,0.6767,0.0188,4113.85
2024-01-01T06:06:00,0.6672,0.3328,0.6576,0.6769,0.0193,3864.8
2024-01-01T06:07:00,0.6694,0.3306,0.6597,0.679,0.0193,8482.16
2024-01-01T06:08:00,0.6711,0.3289,0.667,0.6752,0.0082,7184.54
2024-01-01T06:09:00,0.6718,0.3282,0.6687,0.675,0.0063,7356.45
2024-01-01T06:10:00,0.675,0.325,0.6691,0.6808,0.0118,7614.97
2024-01-01T06:11:00,0.6788,0.3212,0.6742,0.6833,0.0091,4263.74
2024-01-01T06:12:00,0.679,0.321,0.6758,0.6823,0.0065,7535.78
2024-01-01T06:13:00,0.6824,0.3176,0.6758,0.689,0.0132,7657.94
2024-01-01T06:14:00,0.683,0.317,0.6738,0.6922,0.0184,3890.31
2024-01-01T06:15:00,0.686,0.314,0.6803,0.6917,0.0114,6982.83
2024-01-01T06:16:00,0.6874,0.3126,0.682,0.6928,0.0108,6030.07
2024-01-01T06:17:00,0.688,0.312,0.6853,0.6907,0.0054,6648.5
2024-01-01T06:18:00,0.6916,0.3084,0.6827,0.7005,0.0177,4406.1
2024-01-01T06:19:00,0.6927,0.3073,0.6876,0.6978,0.0102,3939.74
2024-01-01T06:20:00,0.6931,0.3069,0.6898,0.6964,0.0066,5886.76
2024-01-01T06:21:00,0.6972,0.3028,0.6931,0.7012,0.0081,6098.21
2024-01-01T06:22:00,0.6988,0.3012,0.6901,0.7075,0.0174,7342.24
2024-01-01T06:23:00,0.6977,0.3023,0.6926,0.7028,0.0102,5431.15
2024-01-01T06:24:00,0.7001,0.2999,0.6976,0.7026,0.005,6071.7
2024-01-01T06:25:00,0.7016,0.2984,0.695,0.7082,0.0133,3694.07
2024-01-01T06:26:00,0.7029,0.2971,0.6993,0.7065,0.0071,6206.38
2024-01-01T06:27:00,0.7062,0.2938,0.6966,0.7158,0.0192,5678.87
2024-01-01T06:28:00,0.7076,0.2924,0.7014,0.7138,0.0124,3905.7
2024-01-01T06:29:00,0.7097,0.2903,0.7026,0.7167,0.014,7130.59
2024-01-01T06:30:00,0.7167,0.2833,0.7099,0.7234,0.0135,5319.79
2024-01-01T06:31:00,0.7125,0.2875,0.7028,0.7222,0.0194,6805.59
2024-01-01T06:32:00,0.7179,0.2821,0.7111,0.7247,0.0137,3459.01
2024-01-01T06:33:00,0.7197,0.2803,0.7119,0.7274,0.0155,3751.08
2024-01-01T06:34:00,0.7189,0.2811,0.7102,0.7276,0.0173,7522.65
2024-01-01T06:35:00,0.7208,0.2792,0.711,0.7307,0.0197,5813.61
2024-01-01T06:36:00,0.725,0.275,0.7175,0.7326,0.0151,6711.25
2024-01-01T06:37:00,0.7282,0.2718,0.7202,0.7361,0.0159,4318.8
2024-01-01T06:38:00,0.7267,0.2733,0.7227,0.7306,0.0079,3248.59
2024-01-01T06:39:00,0.7304,0.2696,0.7215,0.7394,0.0179,6038.88
2024-01-01T06:40:00,0.7276,0.2724,0.7177,0.7374,0.0197,4346.98
2024-01-01T06:41:00,0.7348,0.2652,0.7266,0.7429,0.0163,4993.24
2024-01-01T06:42:00,0.7358,0.2642,0.7274,0.7441,0.0167,3773.56
2024-01-01T06:43:00,0.7379,0.2621,0.7327,0.7431,0.0104,4821.17
2024-01-01T06:44:00,0.7386,0.2614,0.7305,0.7466,0.0161,4524.83
2024-01-01T06:45:00,0.737,0.263,0.7349,0.7392,0.0044,6100.77
2024-01-01T06:46:00,0.7432,0.2568,0.7351,0.7513,0.0162,6330.59
2024-01-01T06:47:00,0.7463,0.2537,0.7404,0.7521,0.0117,6590.58
2024-01-01T06:48:00,0.7454,0.2546,0.7358,0.755,0.0192,4033.57
2024-01-01T06:49:00,0.7466,0.2534,0.7377,0.7556,0.018,4267.88
2024-01-01T06:50:00,0.7473,0.2527,0.7411,0.7535,0.0125,3913.9
2024-01-01T06:51:00,0.751,0.249,0.749,0.7531,0.004,4085.51
2024-01-01T06:52:00,0.753,0.247,0.749,0.7569,0.0079,5805.45
2024-01-01T06:53:00,0.7585,0.2415,0.7534,0.7637,0.0103,6311.79
2024-01-01T06:54:00,0.7557,0.2443,0.7467,0.7646,0.0178,6517.38
2024-01-01T06:55:00,0.7609,0.2391,0.7557,0.7661,0.0104,3313.26
2024-01-01T06:56:00,0.7627,0.2373,0.7585,0.767,0.0085,3676.29
2024-01-01T06:57:00,0.765,0.235,0.7599,0.7701,0.0102,3690.55
2024-01-01T06:58:00,0.7653,0.2347,0.7566,0.774,0.0174,5296.0
2024-01-01T06:59:00,0.7657,0.2343,0.7586,0.7727,0.014,4915.48
2024-01-01T07:00:00,0.7687,0.2313,0.7626,0.7749,0.0123,4642.99
2024-01-01T07:01:00,0.7713,0.2287,0.7671,0.7755,0.0083,4548.72
2024-01-01T07:02:00,0.7758,0.2242,0.767,0.7846,0.0176,3727.68
2024-01-01T07:03:00,0.7742,0.2258,0.766,0.7824,0.0164,3653.12
2024-01-01T07:04:00,0.7778,0.2222,0.7744,0.7811,0.0068,5036.62
2024-01-01T07:05:00,0.7749,0.2251,0.7695,0.7802,0.0107,4349.17
2024-01-01T07:06:00,0.7775,0.2225,0.7727,0.7823,0.0096,3144.38
2024-01-01T07:07:00,0.7816,0.2184,0.777,0.7863,0.0094,5169.17
2024-01-01T07:08:00,0.7855,0.2145,0.7771,0.7938,0.0167,3209.1
2024-01-01T07:09:00,0.786,0.214,0.778,0.7939,0.0159,4011.0
2024-01-01T07:10:00,0.7905,0.2095,0.7816,0.7995,0.0179,3535.16
2024-01-01T07:11:00,0.7908,0.2092,0.7833,0.7983,0.015,6029.17
2024-01-01T07:12:00,0.7906,0.2094,0.7851,0.7961,0.011,4499.04
2024-01-01T07:13:00,0.7938,0.2062,0.7894,0.7983,0.0089,3143.74
2024-01-01T07:14:00,0.7944,0.2056,0.7875,0.8014,0.0139,2945.08
2024-01-01T07:15:00,0.7971,0.2029,0.7931,0.8011,0.008,3874.37
2024-01-01T07:16:00,0.8001,0.1999,0.7936,0.8065,0.0129,3320.51
2024-01-01T07:17:00,0.8002,0.1998,0.7959,0.8045,0.0087,3364.45
2024-01-01T07:18:00,0.8033,0.1967,0.7981,0.8086,0.0105,3724.32
2024-01-01T07:19:00,0.8056,0.1944,0.7987,0.8125,0.0139,5095.56
2024-01-01T07:20:00,0.8049,0.1951,0.7984,0.8115,0.0131,3378.23
2024-01-01T07:21:00,0.807,0.193,0.8047,0.8093,0.0047,2918.24
2024-01-01T07:22:00,0.8098,0.1902,0.8049,0.8146,0.0097,5313.35
2024-01-01T07:23:00,0.8125,0.1875,0.8093,0.8157,0.0064,5553.86
2024-01-01T07:24:00,0.8146,0.1854,0.8122,0.817,0.0049,5363.19
2024-01-01T07:25:00,0.8154,0.1846,0.8088,0.822,0.0131,2521.66
2024-01-01T07:26:00,0.8152,0.1848,0.8076,0.8228,0.0152,3223.74
2024-01-01T07:27:00,0.8222,0.1778,0.8139,0.8304,0.0164,3164.23
2024-01-01T07:28:00,0.8183,0.1817,0.8104,0.8262,0.0158,4061.25
2024-01-01T07:29:00,0.8236,0.1764,0.8192,0.8279,0.0087,4341.51
2024-01-01T07:30:00,0.8268,0.1732,0.8206,0.833,0.0124,3327.52
2024-01-01T07:31:00,0.8299,0.1701,0.8248,0.8349,0.0102,4287.21
2024-01-01T07:32:00,0.831,0.169,0.8238,0.8383,0.0145,4983.44
2024-01-01T07:33:00,0.8339,0.1661,0.8278,0.84,0.0123,5111.69
2024-01-01T07:34:00,0.8327,0.1673,0.8273,0.838,0.0107,5073.41
2024-01-01T07:35:00,0.8382,0.1618,0.831,0.8454,0.0144,4081.47
2024-01-01T07:36:00,0.8398,0.1602,0.8366,0.843,0.0064,2208.75
2024-01-01T07:37:00,0.8391,0.1609,0.8341,0.8441,0.01,2489.55
2024-01-01T07:38:00,0.8422,0.1578,0.8362,0.8483,0.0121,3891.11
2024-01-01T07:39:00,0.8433,0.1567,0.8349,0.8516,0.0167,4359.0
2024-01-01T07:40:00,0.8415,0.1585,0.8375,0.8454,0.0079,3727.88
2024-01-01T07:41:00,0.844,0.156,0.8372,0.8508,0.0136,3073.63
2024-01-01T07:42:00,0.8489,0.1511,0.8435,0.8544,0.0109,4061.26
2024-01-01T07:43:00,0.8504,0.1496,0.8469,0.8539,0.007,2733.44
2024-01-01T07:44:00,0.8538,0.1462,0.8516,0.856,0.0044,3372.98
2024-01-01T07:45:00,0.8534,0.1466,0.8476,0.8592,0.0116,4230.52
2024-01-01T07:46:00,0.8539,0.1461,0.8487,0.8592,0.0105,4298.49
2024-01-01T07:47:00,0.8556,0.1444,0.8504,0.8609,0.0105,2587.61
2024-01-01T07:48:00,0.8575,0.1425,0.8516,0.8635,0.0119,4105.22
2024-01-01T07:49:00,0.8611,0.1389,0.8545,0.8677,0.0132,4373.41
2024-01-01T07:50:00,0.8631,0.1369,0.8609,0.8654,0.0044,4252.96
2024-01-01T07:51:00,0.8642,0.1358,0.8573,0.8711,0.0138,3203.38
2024-01-01T07:52:00,0.8678,0.1322,0.8612,0.8744,0.0132,2362.2
2024-01-01T07:53:00,0.8709,0.1291,0.8645,0.8772,0.0126,4087.23
2024-01-01T07:54:00,0.8734,0.1266,0.867,0.8798,0.0128,3551.54
2024-01-01T07:55:00,0.9528,0.0472,0.9468,0.9587,0.0119,2277.71
2024-01-01T07:56:00,0.9518,0.0482,0.9477,0.9559,0.0083,1820.5
2024-01-01T07:57:00,0.9469,0.0531,0.9432,0.9506,0.0074,2362.76
2024-01-01T07:58:00,0.9523,0.0477,0.9468,0.9577,0.0109,1798.62
2024-01-01T07:59:00,0.9465,0.0535,0.9427,0.9503,0.0076,1969.42
2024-01-01T08:00:00,0.9487,0.0513,0.9416,0.9558,0.0142,2257.41
2024-01-01T08:01:00,0.9506,0.0494,0.9432,0.9579,0.0147,2444.47
2024-01-01T08:02:00,0.9473,0.0527,0.945,0.9495,0.0045,1513.99
2024-01-01T08:03:00,0.9474,0.0526,0.9429,0.952,0.0091,2083.09
2024-01-01T08:04:00,0.9479,0.0521,0.9463,0.9496,0.0033,1727.37
2024-01-01T08:05:00,0.9476,0.0524,0.9441,0.951,0.0069,2183.3
2024-01-01T08:06:00,0.9499,0.0501,0.9437,0.9561,0.0125,1360.12
2024-01-01T08:07:00,0.9527,0.0473,0.9491,0.9563,0.0072,1419.29
2024-01-01T08:08:00,0.9521,0.0479,0.95,0.9541,0.004,1614.88
2024-01-01T08:09:00,0.9501,0.0499,0.948,0.9523,0.0043,1562.01
2024-01-01T08:10:00,0.9496,0.0504,0.9425,0.9568,0.0143,1470.55
2024-01-01T08:11:00,0.9458,0.0542,0.9388,0.9528,0.0139,1422.33
2024-01-01T08:12:00,0.9504,0.0496,0.9457,0.9552,0.0095,1482.15
2024-01-01T08:13:00,0.9488,0.0512,0.9433,0.9543,0.0111,2198.01
2024-01-01T08:14:00,0.9493,0.0507,0.9463,0.9523,0.006,2472.05
2024-01-01T08:15:00,0.9493,0.0507,0.9419,0.9567,0.0148,1112.2
2024-01-01T08:16:00,0.9497,0.0503,0.943,0.9564,0.0134,2254.2
2024-01-01T08:17:00,0.9434,0.0566,0.9394,0.9475,0.0081,1984.27
2024-01-01T08:18:00,0.9508,0.0492,0.9439,0.9577,0.0138,1814.35
2024-01-01T08:19:00,0.95,0.05,0.945,0.9549,0.0099,1753.16
2024-01-01T08:20:00,0.9502,0.0498,0.947,0.9534,0.0064,2277.44
2024-01-01T08:21:00,0.9485,0.0515,0.9414,0.9555,0.0141,1824.94
2024-01-01T08:22:00,0.9488,0.0512,0.9472,0.9504,0.0032,2504.06
2024-01-01T08:23:00,0.9508,0.0492,0.9458,0.9558,0.0101,1559.92
2024-01-01T08:24:00,0.9561,0.0439,0.9538,0.9584,0.0046,2068.16
2024-01-01T08:25:00,0.9518,0.0482,0.9472,0.9564,0.0092,2458.51
2024-01-01T08:26:00,0.9475,0.0525,0.9405,0.9545,0.014,2274.9
2024-01-01T08:27:00,0.9479,0.0521,0.9423,0.9534,0.0111,1715.22
2024-01-01T08:28:00,0.949,0.051,0.9429,0.9552,0.0122,1570.38
2024-01-01T08:29:00,0.9474,0.0526,0.9426,0.9522,0.0096,1114.5
2024-01-01T08:30:00,0.9465,0.0535,0.9398,0.9532,0.0134,2266.39
2024-01-01T08:31:00,0.9489,0.0511,0.9456,0.9522,0.0066,1235.23
2024-01-01T08:32:00,0.95,0.05,0.9475,0.9526,0.0051,2170.82
2024-01-01T08:33:00,0.9509,0.0491,0.9439,0.9578,0.0139,1101.37
2024-01-01T08:34:00,0.9505,0.0495,0.9481,0.953,0.0048,1500.82
2024-01-01T08:35:00,0.9535,0.0465,0.949,0.958,0.0091,1385.2
2024-01-01T08:36:00,0.9519,0.0481,0.9446,0.9592,0.0146,2117.04
2024-01-01T08:37:00,0.9549,0.0451,0.9477,0.9621,0.0144,1911.84
2024-01-01T08:38:00,0.9485,0.0515,0.9425,0.9544,0.0119,2068.23
2024-01-01T08:39:00,0.9479,0.0521,0.9455,0.9503,0.0048,1618.5
2024-01-01T08:40:00,0.9518,0.0482,0.9447,0.9589,0.0143,2113.97
2024-01-01T08:41:00,0.9522,0.0478,0.9493,0.955,0.0057,1285.51
2024-01-01T08:42:00,0.9498,0.0502,0.9453,0.9543,0.0089,1093.41
2024-01-01T08:43:00,0.9492,0.0508,0.9454,0.953,0.0076,1885.71
2024-01-01T08:44:00,0.9504,0.0496,0.9431,0.9576,0.0145,1169.42
2024-01-01T08:45:00,0.9506,0.0494,0.9487,0.9525,0.0038,1476.61
2024-01-01T08:46:00,0.9494,0.0506,0.9456,0.9533,0.0077,1594.04
2024-01-01T08:47:00,0.952,0.048,0.95,0.9539,0.004,1384.71
2024-01-01T08:48:00,0.9536,0.0464,0.948,0.9592,0.0112,1366.32
2024-01-01T08:49:00,0.949,0.051,0.9467,0.9513,0.0046,1171.81
2024-01-01T08:50:00,0.9505,0.0495,0.9468,0.9542,0.0073,1454.14
2024-01-01T08:51:00,0.9534,0.0466,0.9468,0.96,0.0132,1498.61
2024-01-01T08:52:00,0.9526,0.0474,0.9458,0.9595,0.0137,1326.25
2024-01-01T08:53:00,0.9527,0.0473,0.9466,0.9587,0.0121,2024.96
2024-01-01T08:54:00,0.9518,0.0482,0.946,0.9576,0.0116,1628.68
2024-01-01T08:55:00,0.9498,0.0502,0.9478,0.9519,0.0041,1107.22
2024-01-01T08:56:00,0.9556,0.0444,0.9515,0.9597,0.0082,1140.0
2024-01-01T08:57:00,0.9508,0.0492,0.949,0.9525,0.0035,2069.9
2024-01-01T08:58:00,0.9499,0.0501,0.945,0.9548,0.0098,1895.26
2024-01-01T08:59:00,0.95,0.05,0.948,0.9519,0.0039,2373.43
2024-01-01T09:00:00,0.954,0.046,0.9472,0.9608,0.0136,1500.45
2024-01-01T09:01:00,0.9514,0.0486,0.9448,0.958,0.0132,2251.4
2024-01-01T09:02:00,0.9478,0.0522,0.9445,0.9511,0.0067,1739.81
2024-01-01T09:03:00,0.9476,0.0524,0.9451,0.9501,0.005,1299.59
2024-01-01T09:04:00,0.9485,0.0515,0.9456,0.9514,0.0058,2327.65
2024-01-01T09:05:00,0.9464,0.0536,0.9439,0.949,0.0051,2129.24
2024-01-01T09:06:00,0.9504,0.0496,0.947,0.9538,0.0068,1567.99
2024-01-01T09:07:00,0.9473,0.0527,0.9452,0.9495,0.0043,1406.15
2024-01-01T09:08:00,0.9522,0.0478,0.9449,0.9595,0.0146,1985.9
2024-01-01T09:09:00,0.9521,0.0479,0.9451,0.9591,0.014,2398.0
2024-01-01T09:10:00,0.9502,0.0498,0.945,0.9555,0.0105,2028.19
2024-01-01T09:11:00,0.9485,0.0515,0.9438,0.9531,0.0092,1777.96
2024-01-01T09:12:00,0.9475,0.0525,0.9453,0.9498,0.0044,1410.32
2024-01-01T09:13:00,0.9453,0.0547,0.939,0.9516,0.0126,1459.38
2024-01-01T09:14:00,0.9508,0.0492,0.9483,0.9534,0.0051,2353.92
2024-01-01T09:15:00,0.9468,0.0532,0.9394,0.9542,0.0147,2396.21
2024-01-01T09:16:00,0.9493,0.0507,0.9473,0.9513,0.0039,1542.89
2024-01-01T09:17:00,0.9514,0.0486,0.9491,0.9537,0.0046,2268.29
2024-01-01T09:18:00,0.9512,0.0488,0.9469,0.9555,0.0086,1791.22
2024-01-01T09:19:00,0.9476,0.0524,0.9449,0.9503,0.0055,1514.6
2024-01-01T09:20:00,0.9496,0.0504,0.9442,0.9551,0.0109,2040.83
2024-01-01T09:21:00,0.9482,0.0518,0.941,0.9554,0.0144,2379.0
2024-01-01T09:22:00,0.9475,0.0525,0.9438,0.9513,0.0074,1255.63
2024-01-01T09:23:00,0.9525,0.0475,0.9489,0.9561,0.0072,1830.74
2024-01-01T09:24:00,0.9483,0.0517,0.9418,0.9549,0.0132,1499.13
2024-01-01T09:25:00,0.9497,0.0503,0.9481,0.9513,0.0032,1243.48
2024-01-01T09:26:00,0.947,0.053,0.9436,0.9504,0.0068,1907.76
2024-01-01T09:27:00,0.9494,0.0506,0.9432,0.9557,0.0125,1682.04
2024-01-01T09:28:00,0.9468,0.0532,0.943,0.9506,0.0076,1978.76
2024-01-01T09:29:00,0.9469,0.0531,0.9418,0.952,0.0102,2381.18
2024-01-01T09:30:00,0.9527,0.0473,0.9503,0.955,0.0047,2137.65
2024-01-01T09:31:00,0.9486,0.0514,0.9464,0.9509,0.0044,2512.2
2024-01-01T09:32:00,0.9516,0.0484,0.9451,0.9581,0.013,2334.43
2024-01-01T09:33:00,0.9548,0.0452,0.951,0.9587,0.0077,2149.17
2024-01-01T09:34:00,0.9525,0.0475,0.9498,0.9552,0.0054,1632.31
2024-01-01T09:35:00,0.9537,0.0463,0.9491,0.9582,0.0091,1773.34
2024-01-01T09:36:00,0.9529,0.0471,0.9467,0.9591,0.0124,1117.55
2024-01-01T09:37:00,0.9494,0.0506,0.9475,0.9513,0.0038,1592.43
2024-01-01T09:38:00,0.9464,0.0536,0.9434,0.9494,0.006,1965.74
2024-01-01T09:39:00,0.9489,0.0511,0.9467,0.951,0.0043,2205.49
2024-01-01T09:40:00,0.9466,0.0534,0.9436,0.9496,0.006,1184.92
2024-01-01T09:41:00,0.9494,0.0506,0.9479,0.951,0.003,1344.0
2024-01-01T09:42:00,0.9505,0.0495,0.9444,0.9566,0.0122,1480.27
2024-01-01T09:43:00,0.9512,0.0488,0.9451,0.9573,0.0122,2301.62
2024-01-01T09:44:00,0.9513,0.0487,0.9446,0.9579,0.0133,1919.15
2024-01-01T09:45:00,0.9496,0.0504,0.9465,0.9527,0.0062,2495.19
2024-01-01T09:46:00,0.9504,0.0496,0.9482,0.9527,0.0044,2447.63
2024-01-01T09:47:00,0.9514,0.0486,0.948,0.9547,0.0067,2323.83
2024-01-01T09:48:00,0.9519,0.0481,0.9478,0.956,0.0082,1344.41
2024-01-01T09:49:00,0.9526,0.0474,0.9456,0.9595,0.0139,1154.16
2024-01-01T09:50:00,0.953,0.047,0.9513,0.9546,0.0033,2037.04
2024-01-01T09:51:00,0.953,0.047,0.9488,0.9571,0.0083,2367.85
2024-01-01T09:52:00,0.951,0.049,0.9492,0.9528,0.0036,1942.51
2024-01-01T09:53:00,0.9455,0.0545,0.9439,0.9471,0.0032,1774.63
2024-01-01T09:54:00,0.9491,0.0509,0.9421,0.9562,0.0141,1671.34
2024-01-01T09:55:00,0.9445,0.0555,0.9408,0.9481,0.0072,1487.16
2024-01-01T09:56:00,0.9514,0.0486,0.9497,0.953,0.0032,2335.4
2024-01-01T09:57:00,0.9484,0.0516,0.9461,0.9507,0.0046,1834.28
2024-01-01T09:58:00,0.9499,0.0501,0.9445,0.9554,0.0109,1880.11
2024-01-01T09:59:00,0.9523,0.0477,0.9451,0.9594,0.0143,1653.07
2024-01-01T10:00:00,0.9541,0.0459,0.9513,0.957,0.0057,2351.15
2024-01-01T10:01:00,0.9549,0.0451,0.9486,0.9611,0.0125,1193.44
2024-01-01T10:02:00,0.9532,0.0468,0.9517,0.9547,0.003,1971.85
2024-01-01T10:03:00,0.9507,0.0493,0.9482,0.9533,0.0051,2024.03
2024-01-01T10:04:00,0.9501,0.0499,0.9431,0.9572,0.0141,2492.69
2024-01-01T10:05:00,0.949,0.051,0.9439,0.9541,0.0102,1562.25
2024-01-01T10:06:00,0.9515,0.0485,0.9494,0.9535,0.0041,1902.24
2024-01-01T10:07:00,0.9512,0.0488,0.9492,0.9532,0.004,1712.33
2024-01-01T10:08:00,0.9493,0.0507,0.942,0.9567,0.0146,2433.2
2024-01-01T10:09:00,0.9518,0.0482,0.9456,0.958,0.0124,2246.09
2024-01-01T10:10:00,0.9527,0.0473,0.9499,0.9555,0.0056,2221.16
2024-01-01T10:11:00,0.9503,0.0497,0.9432,0.9575,0.0144,2064.98
2024-01-01T10:12:00,0.9487,0.0513,0.9464,0.951,0.0046,1852.42
2024-01-01T10:13:00,0.9495,0.0505,0.9425,0.9564,0.0139,2402.23
2024-01-01T10:14:00,0.9443,0.0557,0.9378,0.9508,0.013,1755.57
2024-01-01T10:15:00,0.9493,0.0507,0.9473,0.9513,0.004,1147.01
2024-01-01T10:16:00,0.9458,0.0542,0.9384,0.9532,0.0148,1626.96
2024-01-01T10:17:00,0.948,0.052,0.9411,0.9549,0.0137,1385.91
2024-01-01T10:18:00,0.9456,0.0544,0.9402,0.9511,0.0109,1308.67
2024-01-01T10:19:00,0.9475,0.0525,0.9439,0.9512,0.0073,1455.13
2024-01-01T10:20:00,0.9491,0.0509,0.9449,0.9532,0.0082,1591.65
2024-01-01T10:21:00,0.9496,0.0504,0.9437,0.9555,0.0118,1353.45
2024-01-01T10:22:00,0.9515,0.0485,0.9441,0.9589,0.0148,2024.13
2024-01-01T10:23:00,0.9522,0.0478,0.9482,0.9562,0.008,1229.97
2024-01-01T10:24:00,0.953,0.047,0.9458,0.9602,0.0144,2183.06
2024-01-01T10:25:00,0.9505,0.0495,0.9434,0.9576,0.0142,1839.93
2024-01-01T10:26:00,0.9497,0.0503,0.9452,0.9542,0.009,1397.7
2024-01-01T10:27:00,0.9511,0.0489,0.9468,0.9555,0.0087,2299.08
2024-01-01T10:28:00,0.948,0.052,0.946,0.9501,0.004,1392.67
2024-01-01T10:29:00,0.9456,0.0544,0.9397,0.9514,0.0116,2231.14
2024-01-01T10:30:00,0.9478,0.0522,0.9429,0.9527,0.0097,1922.22
2024-01-01T10:31:00,0.947,0.053,0.9434,0.9506,0.0071,1233.37
2024-01-01T10:32:00,0.9479,0.0521,0.9451,0.9507,0.0057,1681.88
2024-01-01T10:33:00,0.9515,0.0485,0.9455,0.9575,0.0121,1882.54
2024-01-01T10:34:00,0.9529,0.0471,0.9486,0.9572,0.0086,1430.78
2024-01-01T10:35:00,0.9495,0.0505,0.9425,0.9564,0.0139,1944.61
2024-01-01T10:36:00,0.9501,0.0499,0.9486,0.9516,0.003,1814.64
2024-01-01T10:37:00,0.9515,0.0485,0.9486,0.9545,0.0059,2089.46
2024-01-01T10:38:00,0.9549,0.0451,0.9516,0.9581,0.0065,2054.39
2024-01-01T10:39:00,0.9548,0.0452,0.9526,0.957,0.0044,1423.01
2024-01-01T10:40:00,0.9507,0.0493,0.9439,0.9575,0.0136,1630.5
2024-01-01T10:41:00,0.953,0.047,0.947,0.9589,0.0119,1343.23
2024-01-01T10:42:00,0.9558,0.0442,0.9492,0.9624,0.0131,1477.64
2024-01-01T10:43:00,0.9557,0.0443,0.9496,0.9618,0.0122,2035.19
2024-01-01T10:44:00,0.953,0.047,0.9488,0.9572,0.0084,1343.0
2024-01-01T10:45:00,0.9545,0.0455,0.9499,0.9592,0.0093,1485.91
2024-01-01T10:46:00,0.9533,0.0467,0.9505,0.956,0.0055,1771.09
2024-01-01T10:47:00,0.9538,0.0462,0.9476,0.9601,0.0125,2358.81
2024-01-01T10:48:00,0.9533,0.0467,0.95,0.9565,0.0065,2068.88
2024-01-01T10:49:00,0.9513,0.0487,0.9449,0.9578,0.0129,1103.13
2024-01-01T10:50:00,0.951,0.049,0.9443,0.9577,0.0134,1884.37
2024-01-01T10:51:00,0.954,0.046,0.9484,0.9595,0.0111,2395.88
2024-01-01T10:52:00,0.9564,0.0436,0.9524,0.9605,0.0081,1618.09
2024-01-01T10:53:00,0.9503,0.0497,0.9486,0.9521,0.0035,1560.69
2024-01-01T10:54:00,0.9534,0.0466,0.9476,0.9593,0.0117,1263.45
2024-01-01T10:55:00,0.9531,0.0469,0.9485,0.9577,0.0092,1605.02
2024-01-01T10:56:00,0.9458,0.0542,0.9387,0.9529,0.0141,1219.03
2024-01-01T10:57:00,0.9498,0.0502,0.9434,0.9562,0.0128,2338.16
2024-01-01T10:58:00,0.9475,0.0525,0.9447,0.9504,0.0056,1965.87
2024-01-01T10:59:00,0.9471,0.0529,0.941,0.9532,0.0122,1993.57
2024-01-01T11:00:00,0.9526,0.0474,0.9497,0.9554,0.0057,2398.56
2024-01-01T11:01:00,0.9514,0.0486,0.9446,0.9582,0.0136,1518.18
2024-01-01T11:02:00,0.9553,0.0447,0.9489,0.9616,0.0127,1348.44
2024-01-01T11:03:00,0.9503,0.0497,0.9444,0.9562,0.0119,2504.87
2024-01-01T11:04:00,0.95,0.05,0.9458,0.9543,0.0085,1977.07
2024-01-01T11:05:00,0.9443,0.0557,0.9384,0.9501,0.0116,1853.24
2024-01-01T11:06:00,0.9437,0.0563,0.9391,0.9484,0.0094,2420.59
2024-01-01T11:07:00,0.9446,0.0554,0.938,0.9512,0.0132,1529.42
2024-01-01T11:08:00,0.9488,0.0512,0.9426,0.955,0.0123,1708.98
2024-01-01T11:09:00,0.949,0.051,0.945,0.953,0.0079,1385.33
2024-01-01T11:10:00,0.9482,0.0518,0.9448,0.9517,0.0069,2312.22
2024-01-01T11:11:00,0.9471,0.0529,0.9419,0.9524,0.0105,2299.34
2024-01-01T11:12:00,0.9509,0.0491,0.9464,0.9554,0.0089,2116.44
2024-01-01T11:13:00,0.9521,0.0479,0.95,0.9542,0.0042,2366.18
2024-01-01T11:14:00,0.9507,0.0493,0.9479,0.9534,0.0055,1935.88
2024-01-01T11:15:00,0.9544,0.0456,0.948,0.9608,0.0128,1753.71
2024-01-01T11:16:00,0.9517,0.0483,0.9482,0.9552,0.0069,2439.87
2024-01-01T11:17:00,0.956,0.044,0.9544,0.9576,0.0032,1360.96
2024-01-01T11:18:00,0.9509,0.0491,0.9447,0.9572,0.0125,2094.01
2024-01-01T11:19:00,0.951,0.049,0.9436,0.9583,0.0147,1721.57
2024-01-01T11:20:00,0.9538,0.0462,0.9495,0.958,0.0085,2031.82
2024-01-01T11:21:00,0.9474,0.0526,0.9432,0.9515,0.0083,2483.03
2024-01-01T11:22:00,0.9487,0.0513,0.9425,0.9549,0.0125,2157.83
2024-01-01T11:23:00,0.9487,0.0513,0.9419,0.9555,0.0136,2394.04
2024-01-01T11:24:00,0.9453,0.0547,0.9413,0.9493,0.008,2466.54
2024-01-01T11:25:00,0.9498,0.0502,0.9427,0.9568,0.0141,1885.99
2024-01-01T11:26:00,0.9465,0.0535,0.9391,0.9539,0.0149,1939.64
2024-01-01T11:27:00,0.9468,0.0532,0.9437,0.9498,0.0061,2231.96
2024-01-01T11:28:00,0.9466,0.0534,0.9426,0.9506,0.008,1574.71
2024-01-01T11:29:00,0.9481,0.0519,0.9432,0.953,0.0098,2452.38
2024-01-01T11:30:00,0.9468,0.0532,0.9451,0.9484,0.0034,2013.07
2024-01-01T11:31:00,0.9482,0.0518,0.9465,0.9499,0.0034,2218.45
2024-01-01T11:32:00,0.9481,0.0519,0.9452,0.9511,0.006,1237.4
2024-01-01T11:33:00,0.9479,0.0521,0.9423,0.9535,0.0112,2068.5
2024-01-01T11:34:00,0.9468,0.0532,0.9446,0.949,0.0044,1355.12
2024-01-01T11:35:00,0.95,0.05,0.9434,0.9566,0.0132,1932.83
2024-01-01T11:36:00,0.9481,0.0519,0.9413,0.9549,0.0136,1617.06
2024-01-01T11:37:00,0.9493,0.0507,0.9473,0.9514,0.0041,2323.21
2024-01-01T11:38:00,0.9475,0.0525,0.941,0.9539,0.0129,1161.92
2024-01-01T11:39:00,0.95,0.05,0.9428,0.9573,0.0145,1809.66
2024-01-01T11:40:00,0.9525,0.0475,0.9458,0.9592,0.0134,2299.34
2024-01-01T11:41:00,0.9485,0.0515,0.9435,0.9535,0.0101,1198.04
2024-01-01T11:42:00,0.9457,0.0543,0.9393,0.9521,0.0127,1518.06
2024-01-01T11:43:00,0.9472,0.0528,0.9416,0.9528,0.0112,2530.79
2024-01-01T11:44:00,0.9472,0.0528,0.9399,0.9545,0.0146,1697.8
2024-01-01T11:45:00,0.9472,0.0528,0.945,0.9494,0.0045,2387.9
2024-01-01T11:46:00,0.9479,0.0521,0.9444,0.9514,0.0069,2196.42
2024-01-01T11:47:00,0.9476,0.0524,0.9461,0.9491,0.003,2213.68
2024-01-01T11:48:00,0.9508,0.0492,0.9437,0.9579,0.0142,1583.56
2024-01-01T11:49:00,0.9518,0.0482,0.9481,0.9556,0.0075,1618.24
2024-01-01T11:50:00,0.9508,0.0492,0.949,0.9526,0.0036,1566.71
2024-01-01T11:51:00,0.9508,0.0492,0.947,0.9546,0.0076,1459.84
2024-01-01T11:52:00,0.9497,0.0503,0.9438,0.9556,0.0119,1364.6
2024-01-01T11:53:00,0.9544,0.0456,0.9529,0.9559,0.0031,2365.87
2024-01-01T11:54:00,0.953,0.047,0.9458,0.9602,0.0143,2334.0
2024-01-01T11:55:00,0.951,0.049,0.9453,0.9567,0.0113,1218.3
2024-01-01T11:56:00,0.9523,0.0477,0.9488,0.9558,0.007,2356.88
2024-01-01T11:57:00,0.9491,0.0509,0.9471,0.951,0.0039,2155.86
2024-01-01T11:58:00,0.9486,0.0514,0.9414,0.9558,0.0144,1327.65
2024-01-01T11:59:00,0.9518,0.0482,0.9455,0.9581,0.0126,2133.3
2024-01-01T12:00:00,0.9497,0.0503,0.9452,0.9542,0.009,1463.86
2024-01-01T12:01:00,0.9518,0.0482,0.9453,0.9582,0.0129,1678.85
2024-01-01T12:02:00,0.9443,0.0557,0.942,0.9465,0.0045,2240.01
2024-01-01T12:03:00,0.9477,0.0523,0.9445,0.9509,0.0064,2482.79
2024-01-01T12:04:00,0.9461,0.0539,0.9408,0.9513,0.0105,1200.75
2024-01-01T12:05:00,0.9478,0.0522,0.9407,0.9549,0.0142,2260.75
2024-01-01T12:06:00,0.9517,0.0483,0.9498,0.9535,0.0037,1802.37
2024-01-01T12:07:00,0.9548,0.0452,0.9495,0.9602,0.0107,1471.72
2024-01-01T12:08:00,0.9505,0.0495,0.9485,0.9524,0.0039,1233.63
2024-01-01T12:09:00,0.9497,0.0503,0.9435,0.9559,0.0125,1845.01
2024-01-01T12:10:00,0.9475,0.0525,0.9447,0.9502,0.0055,2344.94
2024-01-01T12:11:00,0.95,0.05,0.9447,0.9553,0.0106,1297.57
2024-01-01T12:12:00,0.9511,0.0489,0.9441,0.9581,0.014,1948.89
2024-01-01T12:13:00,0.9472,0.0528,0.9424,0.952,0.0096,2483.65
2024-01-01T12:14:00,0.9519,0.0481,0.9454,0.9584,0.013,2343.61
2024-01-01T12:15:00,0.9463,0.0537,0.9419,0.9506,0.0087,2580.69
2024-01-01T12:16:00,0.9507,0.0493,0.9452,0.9562,0.011,2052.45
2024-01-01T12:17:00,0.9489,0.0511,0.9446,0.9532,0.0086,2279.86
2024-01-01T12:18:00,0.9483,0.0517,0.9426,0.954,0.0114,1373.82
2024-01-01T12:19:00,0.9522,0.0478,0.9496,0.9548,0.0051,1301.2
2024-01-01T12:20:00,0.9502,0.0498,0.945,0.9554,0.0104,1568.17
2024-01-01T12:21:00,0.9514,0.0486,0.9476,0.9552,0.0076,2312.07
2024-01-01T12:22:00,0.9493,0.0507,0.947,0.9515,0.0046,1445.56
2024-01-01T12:23:00,0.9458,0.0542,0.9435,0.948,0.0045,2354.76
2024-01-01T12:24:00,0.9479,0.0521,0.9441,0.9517,0.0076,1420.66
2024-01-01T12:25:00,0.9485,0.0515,0.944,0.953,0.009,1167.09
2024-01-01T12:26:00,0.9507,0.0493,0.9482,0.9531,0.0049,1076.8
2024-01-01T12:27:00,0.9542,0.0458,0.9487,0.9596,0.0109,1222.36
2024-01-01T12:28:00,0.9508,0.0492,0.9454,0.9562,0.0107,1250.69
2024-01-01T12:29:00,0.9498,0.0502,0.9453,0.9544,0.009,1962.27
2024-01-01T12:30:00,0.9498,0.0502,0.9478,0.9517,0.0039,1813.55
2024-01-01T12:31:00,0.9481,0.0519,0.9437,0.9526,0.0089,1307.93
2024-01-01T12:32:00,0.9498,0.0502,0.9439,0.9557,0.0118,1386.75
2024-01-01T12:33:00,0.9475,0.0525,0.9403,0.9548,0.0144,1666.74
2024-01-01T12:34:00,0.9516,0.0484,0.9464,0.9568,0.0105,1422.06
2024-01-01T12:35:00,0.9514,0.0486,0.9468,0.956,0.0092,1521.07
2024-01-01T12:36:00,0.9505,0.0495,0.944,0.957,0.013,1374.65
2024-01-01T12:37:00,0.9536,0.0464,0.9514,0.9557,0.0043,1677.98
2024-01-01T12:38:00,0.9524,0.0476,0.9504,0.9544,0.004,1805.73
2024-01-01T12:39:00,0.9518,0.0482,0.9487,0.9549,0.0062,1293.75
2024-01-01T12:40:00,0.9471,0.0529,0.9447,0.9495,0.0047,2333.16
2024-01-01T12:41:00,0.9534,0.0466,0.9489,0.9579,0.0089,1287.76
2024-01-01T12:42:00,0.9498,0.0502,0.9483,0.9513,0.003,2279.77
2024-01-01T12:43:00,0.954,0.046,0.9492,0.9588,0.0096,1064.72
2024-01-01T12:44:00,0.953,0.047,0.9458,0.9602,0.0144,2042.81
2024-01-01T12:45:00,0.9512,0.0488,0.9447,0.9577,0.0131,1101.84
2024-01-01T12:46:00,0.9545,0.0455,0.9527,0.9563,0.0036,1519.93
2024-01-01T12:47:00,0.9515,0.0485,0.9479,0.9551,0.0072,1194.19
2024-01-01T12:48:00,0.9519,0.0481,0.9472,0.9566,0.0094,2044.01
2024-01-01T12:49:00,0.9544,0.0456,0.948,0.9608,0.0127,1955.74
2024-01-01T12:50:00,0.9496,0.0504,0.9428,0.9563,0.0135,1479.78
2024-01-01T12:51:00,0.9509,0.0491,0.9466,0.9551,0.0084,1688.54
2024-01-01T12:52:00,0.9485,0.0515,0.9439,0.9532,0.0093,1870.61
2024-01-01T12:53:00,0.9463,0.0537,0.9424,0.9502,0.0078,2283.18
2024-01-01T12:54:00,0.9477,0.0523,0.944,0.9513,0.0073,2569.77
2024-01-01T12:55:00,0.949,0.051,0.9474,0.9506,0.0032,1570.53
2024-01-01T12:56:00,0.9454,0.0546,0.9392,0.9516,0.0124,1720.49
2024-01-01T12:57:00,0.9545,0.0455,0.9516,0.9574,0.0058,1466.99
2024-01-01T12:58:00,0.9505,0.0495,0.9482,0.9527,0.0045,2283.53
2024-01-01T12:59:00,0.9531,0.0469,0.946,0.9602,0.0142,2068.83
2024-01-01T13:00:00,0.9512,0.0488,0.9452,0.9571,0.0119,2321.86
2024-01-01T13:01:00,0.9466,0.0534,0.941,0.9523,0.0113,1117.63
2024-01-01T13:02:00,0.9468,0.0532,0.9424,0.9512,0.0088,2320.46
2024-01-01T13:03:00,0.9492,0.0508,0.9476,0.9508,0.0031,2060.61
2024-01-01T13:04:00,0.9476,0.0524,0.9429,0.9523,0.0093,2107.49
2024-01-01T13:05:00,0.9473,0.0527,0.9453,0.9493,0.004,1609.12
2024-01-01T13:06:00,0.9483,0.0517,0.9418,0.9548,0.013,1213.25
2024-01-01T13:07:00,0.9515,0.0485,0.948,0.955,0.0069,1313.89
2024-01-01T13:08:00,0.9536,0.0464,0.9472,0.96,0.0128,2189.33
2024-01-01T13:09:00,0.9496,0.0504,0.9426,0.9566,0.014,2397.32
2024-01-01T13:10:00,0.9494,0.0506,0.9431,0.9556,0.0125,2457.54
2024-01-01T13:11:00,0.9497,0.0503,0.9473,0.9521,0.0048,2244.51
2024-01-01T13:12:00,0.9511,0.0489,0.946,0.9563,0.0103,2082.77
2024-01-01T13:13:00,0.951,0.049,0.9471,0.9548,0.0078,1748.02
2024-01-01T13:14:00,0.9477,0.0523,0.9444,0.951,0.0066,1644.85
2024-01-01T13:15:00,0.9499,0.0501,0.9454,0.9544,0.009,2261.93
2024-01-01T13:16:00,0.9538,0.0462,0.9491,0.9586,0.0095,1354.26
2024-01-01T13:17:00,0.9507,0.0493,0.9445,0.9569,0.0123,1465.05
2024-01-01T13:18:00,0.9529,0.0471,0.946,0.9598,0.0137,1543.8
2024-01-01T13:19:00,0.9521,0.0479,0.9454,0.9588,0.0134,2013.04
2024-01-01T13:20:00,0.9513,0.0487,0.9458,0.9568,0.011,2244.28
2024-01-01T13:21:00,0.9504,0.0496,0.9436,0.9572,0.0136,2404.82
2024-01-01T13:22:00,0.9491,0.0509,0.946,0.9523,0.0063,1801.76
2024-01-01T13:23:00,0.952,0.048,0.9504,0.9537,0.0033,2019.72
2024-01-01T13:24:00,0.9491,0.0509,0.9455,0.9527,0.0072,1360.77
2024-01-01T13:25:00,0.9481,0.0519,0.946,0.9502,0.0042,1813.29
2024-01-01T13:26:00,0.949,0.051,0.942,0.9561,0.0141,2341.11
2024-01-01T13:27:00,0.9507,0.0493,0.9481,0.9533,0.0052,1651.81
2024-01-01T13:28:00,0.953,0.047,0.9497,0.9562,0.0066,1379.44
2024-01-01T13:29:00,0.9518,0.0482,0.9462,0.9574,0.0113,1778.65
2024-01-01T13:30:00,0.9504,0.0496,0.9449,0.9558,0.0109,1781.38
2024-01-01T13:31:00,0.9494,0.0506,0.9438,0.955,0.0111,2452.29
2024-01-01T13:32:00,0.9525,0.0475,0.9489,0.9562,0.0073,1313.05
2024-01-01T13:33:00,0.9493,0.0507,0.9437,0.9549,0.0112,1873.12
2024-01-01T13:34:00,0.9461,0.0539,0.9414,0.9509,0.0095,2037.41
2024-01-01T13:35:00,0.9518,0.0482,0.9501,0.9535,0.0033,1072.53
2024-01-01T13:36:00,0.9499,0.0501,0.9468,0.953,0.0062,1601.74
2024-01-01T13:37:00,0.9494,0.0506,0.9456,0.9532,0.0076,1372.42
2024-01-01T13:38:00,0.9491,0.0509,0.9443,0.9539,0.0095,2411.05
2024-01-01T13:39:00,0.9502,0.0498,0.9449,0.9555,0.0106,1497.77
2024-01-01T13:40:00,0.948,0.052,0.9418,0.9543,0.0126,1525.89
2024-01-01T13:41:00,0.9521,0.0479,0.9473,0.9569,0.0097,1217.86
2024-01-01T13:42:00,0.9502,0.0498,0.9466,0.9537,0.0072,1627.13
2024-01-01T13:43:00,0.9516,0.0484,0.946,0.9572,0.0112,1905.9
2024-01-01T13:44:00,0.9502,0.0498,0.9458,0.9545,0.0087,2185.63
2024-01-01T13:45:00,0.9503,0.0497,0.9467,0.9539,0.0072,1397.03
2024-01-01T13:46:00,0.9527,0.0473,0.951,0.9544,0.0035,1209.18
2024-01-01T13:47:00,0.9517,0.0483,0.9485,0.9548,0.0063,2343.34
2024-01-01T13:48:00,0.9492,0.0508,0.9434,0.955,0.0116,1207.99
2024-01-01T13:49:00,0.9477,0.0523,0.9408,0.9546,0.0137,1919.05
2024-01-01T13:50:00,0.9491,0.0509,0.9439,0.9542,0.0103,1779.65
2024-01-01T13:51:00,0.9465,0.0535,0.9434,0.9497,0.0063,1204.82
2024-01-01T13:52:00,0.9452,0.0548,0.9414,0.949,0.0076,2146.01
2024-01-01T13:53:00,0.9492,0.0508,0.9459,0.9525,0.0066,1395.1
2024-01-01T13:54:00,0.9486,0.0514,0.9445,0.9526,0.0081,1525.77
2024-01-01T13:55:00,0.9474,0.0526,0.9435,0.9512,0.0077,2435.48
2024-01-01T13:56:00,0.9513,0.0487,0.9485,0.9542,0.0057,2284.29
2024-01-01T13:57:00,0.9517,0.0483,0.9445,0.959,0.0145,1730.52
2024-01-01T13:58:00,0.9495,0.0505,0.9426,0.9564,0.0138,1730.03
2024-01-01T13:59:00,0.9488,0.0512,0.943,0.9546,0.0116,1928.2
2024-01-01T14:00:00,0.9501,0.0499,0.944,0.9561,0.0121,1989.5
2024-01-01T14:01:00,0.9497,0.0503,0.9434,0.9559,0.0125,1565.36
2024-01-01T14:02:00,0.9486,0.0514,0.9425,0.9548,0.0123,1396.04
2024-01-01T14:03:00,0.9496,0.0504,0.943,0.9562,0.0132,2312.23
2024-01-01T14:04:00,0.9456,0.0544,0.9441,0.9471,0.003,2020.68
2024-01-01T14:05:00,0.9503,0.0497,0.9482,0.9524,0.0041,1256.94
2024-01-01T14:06:00,0.9509,0.0491,0.9459,0.9558,0.0098,1644.12
2024-01-01T14:07:00,0.9485,0.0515,0.9424,0.9546,0.0122,1555.48
2024-01-01T14:08:00,0.9494,0.0506,0.9468,0.9521,0.0053,1734.22
2024-01-01T14:09:00,0.9478,0.0522,0.9446,0.951,0.0064,2185.48
2024-01-01T14:10:00,0.9533,0.0467,0.9462,0.9604,0.0142,1526.63
2024-01-01T14:11:00,0.9505,0.0495,0.945,0.9559,0.0108,1476.27
2024-01-01T14:12:00,0.9501,0.0499,0.9448,0.9554,0.0106,1378.61
2024-01-01T14:13:00,0.9486,0.0514,0.9452,0.952,0.0068,1150.39
2024-01-01T14:14:00,0.9529,0.0471,0.9457,0.9601,0.0144,1634.63
2024-01-01T14:15:00,0.9522,0.0478,0.9458,0.9587,0.0129,2395.58
2024-01-01T14:16:00,0.9508,0.0492,0.9472,0.9544,0.0072,1490.07
2024-01-01T14:17:00,0.9477,0.0523,0.9447,0.9508,0.0062,2186.07
2024-01-01T14:18:00,0.9523,0.0477,0.9465,0.9581,0.0116,1202.25
2024-01-01T14:19:00,0.9499,0.0501,0.943,0.9568,0.0138,1442.1
2024-01-01T14:20:00,0.9505,0.0495,0.9441,0.9568,0.0126,1113.84
2024-01-01T14:21:00,0.9512,0.0488,0.9477,0.9546,0.0069,1226.13
2024-01-01T14:22:00,0.9527,0.0473,0.9492,0.9561,0.0069,2402.25
2024-01-01T14:23:00,0.9488,0.0512,0.9416,0.9559,0.0142,1215.16
2024-01-01T14:24:00,0.9506,0.0494,0.9469,0.9543,0.0074,1177.11
2024-01-01T14:25:00,0.9504,0.0496,0.9445,0.9564,0.012,1298.27
2024-01-01T14:26:00,0.9483,0.0517,0.9463,0.9503,0.004,2244.64
2024-01-01T14:27:00,0.9482,0.0518,0.9417,0.9547,0.013,1707.74
2024-01-01T14:28:00,0.9495,0.0505,0.9456,0.9534,0.0079,1341.1
2024-01-01T14:29:00,0.9514,0.0486,0.9451,0.9576,0.0125,2209.29
2024-01-01T14:30:00,0.9521,0.0479,0.9486,0.9556,0.007,1726.81
2024-01-01T14:31:00,0.9501,0.0499,0.9481,0.9522,0.0041,2507.48
2024-01-01T14:32:00,0.9504,0.0496,0.9439,0.9569,0.013,1729.49
2024-01-01T14:33:00,0.9494,0.0506,0.9421,0.9567,0.0146,1285.64
2024-01-01T14:34:00,0.9485,0.0515,0.9417,0.9553,0.0136,1629.32
2024-01-01T14:35:00,0.951,0.049,0.9443,0.9576,0.0132,1303.89
2024-01-01T14:36:00,0.9491,0.0509,0.9458,0.9524,0.0066,2090.12
2024-01-01T14:37:00,0.9492,0.0508,0.9463,0.9521,0.0058,2024.21
2024-01-01T14:38:00,0.9489,0.0511,0.9456,0.9523,0.0066,2413.44
2024-01-01T14:39:00,0.9484,0.0516,0.9466,0.9501,0.0034,2235.46
2024-01-01T14:40:00,0.9496,0.0504,0.9425,0.9566,0.0141,1596.3
2024-01-01T14:41:00,0.9506,0.0494,0.9452,0.9559,0.0107,2249.54
2024-01-01T14:42:00,0.9489,0.0511,0.9465,0.9513,0.0048,1272.86
2024-01-01T14:43:00,0.9526,0.0474,0.9463,0.9589,0.0126,1877.76
2024-01-01T14:44:00,0.9517,0.0483,0.9454,0.9579,0.0125,1449.58
2024-01-01T14:45:00,0.9502,0.0498,0.9428,0.9575,0.0146,2378.61
2024-01-01T14:46:00,0.9507,0.0493,0.9453,0.956,0.0107,1549.46
2024-01-01T14:47:00,0.9519,0.0481,0.9489,0.955,0.0061,1466.95
2024-01-01T14:48:00,0.9509,0.0491,0.9444,0.9574,0.013,1448.38
2024-01-01T14:49:00,0.9519,0.0481,0.9503,0.9535,0.0032,1576.98
2024-01-01T14:50:00,0.9485,0.0515,0.947,0.95,0.0031,2372.12
2024-01-01T14:51:00,0.9527,0.0473,0.9507,0.9546,0.0038,1531.07
2024-01-01T14:52:00,0.9521,0.0479,0.9505,0.9536,0.0032,1854.45
2024-01-01T14:53:00,0.9538,0.0462,0.9498,0.9578,0.008,1882.69
2024-01-01T14:54:00,0.9534,0.0466,0.9513,0.9555,0.0042,2082.31
2024-01-01T14:55:00,0.9502,0.0498,0.9449,0.9556,0.0108,1155.59
2024-01-01T14:56:00,0.9531,0.0469,0.9457,0.9604,0.0147,2432.37
2024-01-01T14:57:00,0.9468,0.0532,0.9407,0.953,0.0123,1444.6
2024-01-01T14:58:00,0.9475,0.0525,0.9444,0.9506,0.0063,2530.69
2024-01-01T14:59:00,0.9465,0.0535,0.9423,0.9506,0.0083,2381.49
2024-01-01T15:00:00,0.9515,0.0485,0.945,0.9579,0.0129,2383.04
2024-01-01T15:01:00,0.9513,0.0487,0.9466,0.9559,0.0093,1176.75
2024-01-01T15:02:00,0.9499,0.0501,0.9458,0.9541,0.0083,2226.94
2024-01-01T15:03:00,0.9531,0.0469,0.9474,0.9587,0.0113,1991.43
2024-01-01T15:04:00,0.9508,0.0492,0.9489,0.9528,0.0038,2049.01
2024-01-01T15:05:00,0.9512,0.0488,0.9479,0.9545,0.0065,1873.27
2024-01-01T15:06:00,0.9506,0.0494,0.9474,0.9538,0.0064,2179.13
2024-01-01T15:07:00,0.9488,0.0512,0.9448,0.9529,0.0081,1285.33
2024-01-01T15:08:00,0.9508,0.0492,0.9492,0.9524,0.0032,1595.1
2024-01-01T15:09:00,0.9493,0.0507,0.9437,0.9549,0.0112,1937.56
2024-01-01T15:10:00,0.951,0.049,0.9488,0.9531,0.0043,1456.36
2024-01-01T15:11:00,0.9498,0.0502,0.945,0.9545,0.0095,2473.14
2024-01-01T15:12:00,0.949,0.051,0.9443,0.9538,0.0095,1601.28
2024-01-01T15:13:00,0.9492,0.0508,0.9441,0.9542,0.0101,1672.46
2024-01-01T15:14:00,0.948,0.052,0.946,0.95,0.0041,2024.58
2024-01-01T15:15:00,0.9521,0.0479,0.9463,0.9579,0.0116,1968.02
2024-01-01T15:16:00,0.9496,0.0504,0.945,0.9543,0.0094,1122.05
2024-01-01T15:17:00,0.9523,0.0477,0.9456,0.9589,0.0133,1916.73
2024-01-01T15:18:00,0.9514,0.0486,0.9489,0.954,0.005,1891.22
2024-01-01T15:19:00,0.9511,0.0489,0.9455,0.9568,0.0113,2421.26
2024-01-01T15:20:00,0.9511,0.0489,0.949,0.9533,0.0043,1082.89
2024-01-01T15:21:00,0.9543,0.0457,0.9525,0.9561,0.0036,2343.08
2024-01-01T15:22:00,0.9509,0.0491,0.9447,0.957,0.0123,2056.84
2024-01-01T15:23:00,0.9504,0.0496,0.9444,0.9564,0.012,2095.95
2024-01-01T15:24:00,0.9523,0.0477,0.9461,0.9586,0.0125,1898.1
2024-01-01T15:25:00,0.948,0.052,0.9416,0.9544,0.0129,1399.66
2024-01-01T15:26:00,0.9451,0.0549,0.941,0.9491,0.0081,1280.92
2024-01-01T15:27:00,0.9501,0.0499,0.9472,0.9531,0.0059,1933.03
2024-01-01T15:28:00,0.9497,0.0503,0.9475,0.9519,0.0044,2089.92
2024-01-01T15:29:00,0.9496,0.0504,0.9477,0.9516,0.0038,1188.09
2024-01-01T15:30:00,0.9491,0.0509,0.9437,0.9545,0.0107,2271.21
2024-01-01T15:31:00,0.9538,0.0462,0.9483,0.9594,0.0112,1532.87
2024-01-01T15:32:00,0.9498,0.0502,0.947,0.9526,0.0056,1625.6
2024-01-01T15:33:00,0.9486,0.0514,0.9441,0.953,0.0088,2246.29
2024-01-01T15:34:00,0.9528,0.0472,0.9492,0.9564,0.0072,1613.45
2024-01-01T15:35:00,0.9484,0.0516,0.9416,0.9553,0.0137,2394.7
2024-01-01T15:36:00,0.9487,0.0513,0.9452,0.9523,0.007,1265.17
2024-01-01T15:37:00,0.9497,0.0503,0.9438,0.9555,0.0117,1251.44
2024-01-01T15:38:00,0.9484,0.0516,0.9467,0.9501,0.0034,2481.5
2024-01-01T15:39:00,0.9494,0.0506,0.9459,0.9528,0.007,1105.76
2024-01-01T15:40:00,0.9503,0.0497,0.9464,0.9543,0.0079,2482.38
2024-01-01T15:41:00,0.9498,0.0502,0.9461,0.9535,0.0074,1159.25
2024-01-01T15:42:00,0.9495,0.0505,0.9442,0.9547,0.0105,1965.21
2024-01-01T15:43:00,0.9495,0.0505,0.9425,0.9564,0.0138,1370.18
2024-01-01T15:44:00,0.9495,0.0505,0.9454,0.9536,0.0082,1392.22
2024-01-01T15:45:00,0.9512,0.0488,0.9492,0.9533,0.0041,2085.53
2024-01-01T15:46:00,0.9476,0.0524,0.9407,0.9544,0.0136,1895.09
2024-01-01T15:47:00,0.9494,0.0506,0.9451,0.9537,0.0086,1561.48
2024-01-01T15:48:00,0.9475,0.0525,0.9449,0.95,0.0051,1694.32
2024-01-01T15:49:00,0.9505,0.0495,0.9462,0.9547,0.0085,2112.12
2024-01-01T15:50:00,0.9506,0.0494,0.9477,0.9534,0.0057,1355.85
2024-01-01T15:51:00,0.9532,0.0468,0.9512,0.9552,0.004,1874.73
2024-01-01T15:52:00,0.9504,0.0496,0.9443,0.9565,0.0122,2355.95
2024-01-01T15:53:00,0.9515,0.0485,0.9474,0.9556,0.0082,1484.27
2024-01-01T15:54:00,0.9491,0.0509,0.9434,0.9549,0.0115,1956.55
2024-01-01T15:55:00,0.9471,0.0529,0.9448,0.9493,0.0045,1454.38
2024-01-01T15:56:00,0.9472,0.0528,0.9412,0.9532,0.012,1125.8
2024-01-01T15:57:00,0.9497,0.0503,0.9428,0.9566,0.0138,1937.6
2024-01-01T15:58:00,0.9508,0.0492,0.9461,0.9555,0.0095,1257.37
2024-01-01T15:59:00,0.9541,0.0459,0.9473,0.9609,0.0136,2289.94
2024-01-01T16:00:00,0.9518,0.0482,0.9458,0.9578,0.012,2293.56
2024-01-01T16:01:00,0.9508,0.0492,0.9464,0.9552,0.0089,1126.09
2024-01-01T16:02:00,0.9497,0.0503,0.9443,0.9551,0.0108,1553.64
2024-01-01T16:03:00,0.9493,0.0507,0.9439,0.9546,0.0107,1285.2
2024-01-01T16:04:00,0.9516,0.0484,0.948,0.9552,0.0072,2123.62
2024-01-01T16:05:00,0.951,0.049,0.945,0.9571,0.0121,1430.73
2024-01-01T16:06:00,0.9519,0.0481,0.9473,0.9565,0.0092,1513.3
2024-01-01T16:07:00,0.9523,0.0477,0.947,0.9576,0.0105,1175.26
2024-01-01T16:08:00,0.951,0.049,0.9479,0.9541,0.0062,2485.15
2024-01-01T16:09:00,0.9506,0.0494,0.9459,0.9552,0.0093,1314.19
2024-01-01T16:10:00,0.9526,0.0474,0.9465,0.9586,0.0121,1609.43
2024-01-01T16:11:00,0.9508,0.0492,0.9466,0.9549,0.0083,1666.14
2024-01-01T16:12:00,0.9532,0.0468,0.9466,0.9599,0.0133,1585.45
2024-01-01T16:13:00,0.9525,0.0475,0.9499,0.955,0.0052,1266.59
2024-01-01T16:14:00,0.9502,0.0498,0.9487,0.9518,0.003,1096.45
2024-01-01T16:15:00,0.9512,0.0488,0.9483,0.9541,0.0058,1781.63
2024-01-01T16:16:00,0.9491,0.0509,0.9474,0.9508,0.0034,1577.5
2024-01-01T16:17:00,0.9479,0.0521,0.9425,0.9533,0.0108,1810.33
2024-01-01T16:18:00,0.949,0.051,0.9465,0.9514,0.0049,2528.89
2024-01-01T16:19:00,0.9483,0.0517,0.9426,0.9539,0.0113,1399.96
2024-01-01T16:20:00,0.9486,0.0514,0.9418,0.9555,0.0138,1165.17
2024-01-01T16:21:00,0.9467,0.0533,0.9418,0.9517,0.0099,2318.45
2024-01-01T16:22:00,0.9507,0.0493,0.9438,0.9576,0.0138,1365.04
2024-01-01T16:23:00,0.9498,0.0502,0.9431,0.9566,0.0135,2439.14
2024-01-01T16:24:00,0.9481,0.0519,0.9439,0.9524,0.0085,2422.63
2024-01-01T16:25:00,0.9501,0.0499,0.9451,0.9551,0.01,2103.79
2024-01-01T16:26:00,0.9505,0.0495,0.9461,0.955,0.0089,1417.83
2024-01-01T16:27:00,0.9513,0.0487,0.9471,0.9554,0.0083,1201.85
2024-01-01T16:28:00,0.9509,0.0491,0.946,0.9558,0.0098,2271.63
2024-01-01T16:29:00,0.947,0.053,0.9402,0.9538,0.0135,1137.05
2024-01-01T16:30:00,0.9505,0.0495,0.9445,0.9565,0.0121,1765.85
2024-01-01T16:31:00,0.9516,0.0484,0.9489,0.9542,0.0053,1721.79
2024-01-01T16:32:00,0.9486,0.0514,0.9439,0.9534,0.0095,1906.38
2024-01-01T16:33:00,0.95,0.05,0.948,0.9519,0.0039,2349.25
2024-01-01T16:34:00,0.9491,0.0509,0.9473,0.951,0.0037,2412.9
2024-01-01T16:35:00,0.9483,0.0517,0.9428,0.9538,0.011,2358.35
2024-01-01T16:36:00,0.9467,0.0533,0.9432,0.9503,0.0071,1246.84
2024-01-01T16:37:00,0.9478,0.0522,0.9414,0.9543,0.0129,1580.43
2024-01-01T16:38:00,0.9483,0.0517,0.9445,0.952,0.0075,1965.85
2024-01-01T16:39:00,0.9474,0.0526,0.9437,0.9511,0.0074,2462.49
2024-01-01T16:40:00,0.9497,0.0503,0.9453,0.9542,0.0088,1383.74
2024-01-01T16:41:00,0.9472,0.0528,0.9432,0.9513,0.0081,2496.47
2024-01-01T16:42:00,0.9494,0.0506,0.9466,0.9522,0.0055,2208.42
2024-01-01T16:43:00,0.9495,0.0505,0.945,0.9541,0.0091,1997.67
2024-01-01T16:44:00,0.9505,0.0495,0.9487,0.9522,0.0035,2505.1
2024-01-01T16:45:00,0.9524,0.0476,0.9463,0.9584,0.0122,1890.69
2024-01-01T16:46:00,0.9483,0.0517,0.9417,0.9549,0.0132,1712.53
2024-01-01T16:47:00,0.9484,0.0516,0.9428,0.9541,0.0113,2117.4
2024-01-01T16:48:00,0.9496,0.0504,0.9423,0.9569,0.0146,1561.16
2024-01-01T16:49:00,0.9477,0.0523,0.9441,0.9514,0.0073,2552.38
2024-01-01T16:50:00,0.9487,0.0513,0.9456,0.9519,0.0063,1309.15
2024-01-01T16:51:00,0.9445,0.0555,0.9394,0.9496,0.0102,1849.24
2024-01-01T16:52:00,0.9436,0.0564,0.937,0.9501,0.0132,2619.97
2024-01-01T16:53:00,0.9472,0.0528,0.9403,0.9541,0.0138,2497.37
2024-01-01T16:54:00,0.9466,0.0534,0.9438,0.9495,0.0057,2390.18
2024-01-01T16:55:00,0.9457,0.0543,0.9402,0.9512,0.0109,2032.53
2024-01-01T16:56:00,0.9479,0.0521,0.9433,0.9524,0.009,2560.6
2024-01-01T16:57:00,0.9494,0.0506,0.9431,0.9558,0.0126,1782.25
2024-01-01T16:58:00,0.9494,0.0506,0.9462,0.9526,0.0064,1490.34
2024-01-01T16:59:00,0.9486,0.0514,0.9421,0.955,0.013,1354.19
2024-01-01T17:00:00,0.9474,0.0526,0.9441,0.9507,0.0066,1562.63
2024-01-01T17:01:00,0.9469,0.0531,0.9432,0.9506,0.0073,2242.77
2024-01-01T17:02:00,0.9489,0.0511,0.9442,0.9536,0.0094,1898.42
2024-01-01T17:03:00,0.9478,0.0522,0.9454,0.9502,0.0048,1863.1
2024-01-01T17:04:00,0.9475,0.0525,0.9436,0.9514,0.0078,2258.06
2024-01-01T17:05:00,0.9483,0.0517,0.9455,0.9511,0.0057,2198.92
2024-01-01T17:06:00,0.95,0.05,0.9458,0.9541,0.0084,2254.02
2024-01-01T17:07:00,0.9518,0.0482,0.9474,0.9562,0.0088,1317.73
2024-01-01T17:08:00,0.9512,0.0488,0.9452,0.9571,0.0119,1188.51
2024-01-01T17:09:00,0.9519,0.0481,0.9493,0.9544,0.0051,1711.29
2024-01-01T17:10:00,0.9499,0.0501,0.9472,0.9526,0.0054,1908.43
2024-01-01T17:11:00,0.952,0.048,0.946,0.9579,0.0118,1176.69
2024-01-01T17:12:00,0.9559,0.0441,0.9491,0.9627,0.0136,1588.55
2024-01-01T17:13:00,0.9524,0.0476,0.947,0.9579,0.0109,1202.57
2024-01-01T17:14:00,0.9516,0.0484,0.9474,0.9558,0.0084,1993.84
2024-01-01T17:15:00,0.9495,0.0505,0.9432,0.9559,0.0127,1266.78
2024-01-01T17:16:00,0.9527,0.0473,0.9478,0.9577,0.0099,1694.91
2024-01-01T17:17:00,0.95,0.05,0.9469,0.9531,0.0061,2148.91
2024-01-01T17:18:00,0.953,0.047,0.9477,0.9583,0.0106,1429.22
2024-01-01T17:19:00,0.9515,0.0485,0.9477,0.9552,0.0075,1804.65
2024-01-01T17:20:00,0.9513,0.0487,0.9478,0.9549,0.0072,2185.14
2024-01-01T17:21:00,0.9522,0.0478,0.9458,0.9587,0.013,1339.92
2024-01-01T17:22:00,0.9512,0.0488,0.9454,0.9569,0.0115,1200.64
2024-01-01T17:23:00,0.9569,0.0431,0.954,0.9597,0.0057,1593.88
2024-01-01T17:24:00,0.9516,0.0484,0.9454,0.9578,0.0124,1611.07
2024-01-01T17:25:00,0.9492,0.0508,0.9473,0.951,0.0037,1739.04
2024-01-01T17:26:00,0.9492,0.0508,0.9417,0.9566,0.0148,1402.36
2024-01-01T17:27:00,0.9507,0.0493,0.9476,0.9538,0.0062,2297.89
2024-01-01T17:28:00,0.9512,0.0488,0.9464,0.956,0.0097,1686.98
2024-01-01T17:29:00,0.9492,0.0508,0.9431,0.9553,0.0123,2074.25
2024-01-01T17:30:00,0.949,0.051,0.9453,0.9527,0.0074,2455.58
2024-01-01T17:31:00,0.9495,0.0505,0.9455,0.9534,0.0079,2266.33
2024-01-01T17:32:00,0.9514,0.0486,0.9445,0.9583,0.0139,1857.93
2024-01-01T17:33:00,0.9495,0.0505,0.9477,0.9514,0.0037,1322.76
2024-01-01T17:34:00,0.9497,0.0503,0.9448,0.9546,0.0098,1332.33
2024-01-01T17:35:00,0.9537,0.0463,0.9491,0.9582,0.0091,2390.71
2024-01-01T17:36:00,0.95,0.05,0.9451,0.955,0.0099,1980.29
2024-01-01T17:37:00,0.9471,0.0529,0.9445,0.9497,0.0052,2178.35
2024-01-01T17:38:00,0.9424,0.0576,0.9371,0.9478,0.0107,2294.9
2024-01-01T17:39:00,0.9434,0.0566,0.9416,0.9452,0.0035,1656.09
2024-01-01T17:40:00,0.9497,0.0503,0.9434,0.956,0.0126,2361.71
2024-01-01T17:41:00,0.9452,0.0548,0.9378,0.9525,0.0147,2493.28
2024-01-01T17:42:00,0.9455,0.0545,0.9389,0.9521,0.0132,1635.2
2024-01-01T17:43:00,0.9502,0.0498,0.9465,0.9539,0.0073,2172.83
2024-01-01T17:44:00,0.95,0.05,0.9457,0.9544,0.0087,1844.76
2024-01-01T17:45:00,0.9484,0.0516,0.9429,0.9539,0.011,2350.79
2024-01-01T17:46:00,0.9496,0.0504,0.9422,0.9571,0.0148,1311.07
2024-01-01T17:47:00,0.9483,0.0517,0.9432,0.9534,0.0103,1873.46
2024-01-01T17:48:00,0.9502,0.0498,0.9441,0.9563,0.0121,1348.97
2024-01-01T17:49:00,0.949,0.051,0.9448,0.9532,0.0084,1737.09
2024-01-01T17:50:00,0.9506,0.0494,0.9445,0.9567,0.0123,2071.89
2024-01-01T17:51:00,0.9558,0.0442,0.9496,0.962,0.0124,1812.9
2024-01-01T17:52:00,0.9484,0.0516,0.9441,0.9528,0.0087,2013.14
2024-01-01T17:53:00,0.9473,0.0527,0.9451,0.9494,0.0042,2095.96
2024-01-01T17:54:00,0.9493,0.0507,0.9436,0.9551,0.0115,1695.58
2024-01-01T17:55:00,0.951,0.049,0.9456,0.9564,0.0108,1893.33
2024-01-01T17:56:00,0.9527,0.0473,0.9484,0.9571,0.0087,2109.15
2024-01-01T17:57:00,0.9515,0.0485,0.9459,0.9571,0.0112,1552.03
2024-01-01T17:58:00,0.9482,0.0518,0.9423,0.9542,0.0119,1804.55
2024-01-01T17:59:00,0.9505,0.0495,0.9453,0.9557,0.0104,1230.56
2024-01-01T18:00:00,0.9525,0.0475,0.947,0.958,0.0111,2342.44
2024-01-01T18:01:00,0.9509,0.0491,0.9491,0.9527,0.0036,2000.97
2024-01-01T18:02:00,0.9498,0.0502,0.9446,0.9549,0.0103,2308.97
2024-01-01T18:03:00,0.9542,0.0458,0.9516,0.9569,0.0053,2263.2
2024-01-01T18:04:00,0.9518,0.0482,0.9458,0.9578,0.0119,2083.47
2024-01-01T18:05:00,0.9484,0.0516,0.9467,0.9501,0.0034,2552.76
2024-01-01T18:06:00,0.9482,0.0518,0.9452,0.9511,0.0059,1861.38
2024-01-01T18:07:00,0.9485,0.0515,0.9446,0.9524,0.0079,2175.54
2024-01-01T18:08:00,0.9464,0.0536,0.9395,0.9532,0.0137,2543.42
2024-01-01T18:09:00,0.946,0.054,0.9432,0.9488,0.0056,1496.15
2024-01-01T18:10:00,0.9479,0.0521,0.9409,0.9549,0.014,2279.19
2024-01-01T18:11:00,0.9511,0.0489,0.9472,0.9549,0.0077,1136.35
2024-01-01T18:12:00,0.9506,0.0494,0.9438,0.9573,0.0135,1183.59
2024-01-01T18:13:00,0.9514,0.0486,0.9481,0.9548,0.0066,2346.97
2024-01-01T18:14:00,0.9512,0.0488,0.9453,0.9571,0.0118,2048.21
2024-01-01T18:15:00,0.9483,0.0517,0.9454,0.9512,0.0057,1910.73
2024-01-01T18:16:00,0.9501,0.0499,0.9462,0.954,0.0078,2201.6
2024-01-01T18:17:00,0.9517,0.0483,0.9493,0.954,0.0047,1625.68
2024-01-01T18:18:00,0.948,0.052,0.942,0.954,0.012,2021.28
2024-01-01T18:19:00,0.9504,0.0496,0.9438,0.9569,0.0131,2407.44
2024-01-01T18:20:00,0.9523,0.0477,0.9486,0.956,0.0074,1893.94
2024-01-01T18:21:00,0.9495,0.0505,0.9457,0.9532,0.0075,1393.91
2024-01-01T18:22:00,0.9534,0.0466,0.9497,0.9572,0.0075,1470.59
2024-01-01T18:23:00,0.955,0.045,0.9504,0.9597,0.0092,1154.19
2024-01-01T18:24:00,0.9488,0.0512,0.9453,0.9523,0.0069,1738.99
2024-01-01T18:25:00,0.9506,0.0494,0.9474,0.9538,0.0064,1276.03
2024-01-01T18:26:00,0.9525,0.0475,0.9466,0.9584,0.0118,1864.8
2024-01-01T18:27:00,0.9537,0.0463,0.9506,0.9568,0.0062,1098.66
2024-01-01T18:28:00,0.9511,0.0489,0.9448,0.9574,0.0125,1916.14
2024-01-01T18:29:00,0.9496,0.0504,0.9431,0.956,0.0129,1649.52
2024-01-01T18:30:00,0.9562,0.0438,0.9535,0.9588,0.0054,2028.89
2024-01-01T18:31:00,0.9515,0.0485,0.9489,0.9541,0.0052,1664.36
2024-01-01T18:32:00,0.9499,0.0501,0.9435,0.9564,0.013,1741.27
2024-01-01T18:33:00,0.948,0.052,0.9456,0.9504,0.0048,1556.37
2024-01-01T18:34:00,0.9477,0.0523,0.9424,0.953,0.0107,2075.04
2024-01-01T18:35:00,0.9481,0.0519,0.9409,0.9553,0.0144,1594.9
2024-01-01T18:36:00,0.9445,0.0555,0.9419,0.947,0.0051,1388.52
2024-01-01T18:37:00,0.9478,0.0522,0.9429,0.9526,0.0097,1123.35
2024-01-01T18:38:00,0.9494,0.0506,0.9429,0.9559,0.0129,1903.29
2024-01-01T18:39:00,0.9488,0.0512,0.9435,0.954,0.0105,1827.63
2024-01-01T18:40:00,0.9487,0.0513,0.9437,0.9538,0.0101,1202.09
2024-01-01T18:41:00,0.9472,0.0528,0.943,0.9514,0.0084,1625.86
2024-01-01T18:42:00,0.9454,0.0546,0.9414,0.9495,0.0081,1391.77
2024-01-01T18:43:00,0.9442,0.0558,0.9387,0.9497,0.0111,2345.28
2024-01-01T18:44:00,0.9465,0.0535,0.9431,0.95,0.0069,1859.04
2024-01-01T18:45:00,0.95,0.05,0.9484,0.9517,0.0033,1434.88
2024-01-01T18:46:00,0.827,0.173,0.822,0.832,0.01,3819.08
2024-01-01T18:47:00,0.8224,0.1776,0.8188,0.826,0.0072,3138.67
2024-01-01T18:48:00,0.8186,0.1814,0.814,0.8233,0.0093,4817.95
2024-01-01T18:49:00,0.816,0.184,0.8108,0.8212,0.0104,3736.22
2024-01-01T18:50:00,0.8131,0.1869,0.8076,0.8186,0.011,3553.1
2024-01-01T18:51:00,0.8103,0.1897,0.805,0.8155,0.0105,3350.11
2024-01-01T18:52:00,0.8105,0.1895,0.8047,0.8163,0.0115,3094.05
2024-01-01T18:53:00,0.8075,0.1925,0.8021,0.8128,0.0107,5041.05
2024-01-01T18:54:00,0.809,0.191,0.8041,0.8139,0.0098,3399.88
2024-01-01T18:55:00,0.8092,0.1908,0.8068,0.8115,0.0047,3384.54
2024-01-01T18:56:00,0.807,0.193,0.8031,0.8109,0.0079,4503.32
2024-01-01T18:57:00,0.8045,0.1955,0.8011,0.8079,0.0068,3908.62
2024-01-01T18:58:00,0.8058,0.1942,0.8012,0.8103,0.0091,4350.23
2024-01-01T18:59:00,0.809,0.191,0.8059,0.812,0.0062,2844.12
2024-01-01T19:00:00,0.8083,0.1917,0.8001,0.8165,0.0164,4579.86
2024-01-01T19:01:00,0.8076,0.1924,0.8041,0.8112,0.0072,5497.4
2024-01-01T19:02:00,0.8093,0.1907,0.807,0.8117,0.0047,4989.52
2024-01-01T19:03:00,0.8071,0.1929,0.8044,0.8097,0.0053,2538.94
2024-01-01T19:04:00,0.8063,0.1937,0.7983,0.8143,0.0161,5383.41
2024-01-01T19:05:00,0.8074,0.1926,0.8023,0.8124,0.0101,5149.57
2024-01-01T19:06:00,0.8087,0.1913,0.806,0.8114,0.0053,4524.39
2024-01-01T19:07:00,0.8075,0.1925,0.8037,0.8113,0.0076,3064.03
2024-01-01T19:08:00,0.8074,0.1926,0.7991,0.8157,0.0166,5040.78
2024-01-01T19:09:00,0.8103,0.1897,0.8028,0.8179,0.0151,4469.87
2024-01-01T19:10:00,0.8071,0.1929,0.8009,0.8133,0.0124,3262.43
2024-01-01T19:11:00,0.8064,0.1936,0.8038,0.8091,0.0053,2646.93
2024-01-01T19:12:00,0.8047,0.1953,0.8008,0.8085,0.0077,3032.44
2024-01-01T19:13:00,0.8061,0.1939,0.8008,0.8115,0.0107,4110.11
2024-01-01T19:14:00,0.8062,0.1938,0.8021,0.8103,0.0082,5125.43
2024-01-01T19:15:00,0.8032,0.1968,0.7981,0.8082,0.0101,2622.55
2024-01-01T19:16:00,0.8051,0.1949,0.801,0.8092,0.0083,3946.37
2024-01-01T19:17:00,0.8075,0.1925,0.803,0.8121,0.0091,2805.05
2024-01-01T19:18:00,0.8096,0.1904,0.8049,0.8142,0.0093,5088.29
2024-01-01T19:19:00,0.8072,0.1928,0.8025,0.8119,0.0093,5686.0
2024-01-01T19:20:00,0.805,0.195,0.7996,0.8105,0.0109,2861.17
2024-01-01T19:21:00,0.8105,0.1895,0.8061,0.815,0.0089,2861.88
2024-01-01T19:22:00,0.8075,0.1925,0.8044,0.8105,0.006,3667.48
2024-01-01T19:23:00,0.8079,0.1921,0.7995,0.8163,0.0168,3546.12
2024-01-01T19:24:00,0.8094,0.1906,0.807,0.8118,0.0048,3459.02
2024-01-01T19:25:00,0.8075,0.1925,0.803,0.8121,0.0091,3345.61
2024-01-01T19:26:00,0.812,0.188,0.8076,0.8165,0.0088,3987.21
2024-01-01T19:27:00,0.808,0.192,0.8056,0.8104,0.0048,4042.13
2024-01-01T19:28:00,0.807,0.193,0.8012,0.8127,0.0116,2591.44
2024-01-01T19:29:00,0.8051,0.1949,0.8005,0.8097,0.0093,3259.32
2024-01-01T19:30:00,0.8068,0.1932,0.8043,0.8093,0.005,3967.08
2024-01-01T19:31:00,0.8067,0.1933,0.8,0.8133,0.0133,2600.48
2024-01-01T19:32:00,0.8099,0.1901,0.8037,0.8162,0.0125,2773.76
2024-01-01T19:33:00,0.8098,0.1902,0.8021,0.8174,0.0153,3046.18
2024-01-01T19:34:00,0.8125,0.1875,0.8092,0.8159,0.0067,2934.85
2024-01-01T19:35:00,0.8102,0.1898,0.806,0.8143,0.0083,3340.09
2024-01-01T19:36:00,0.8164,0.1836,0.8103,0.8225,0.0122,2823.16
2024-01-01T19:37:00,0.8193,0.1807,0.8162,0.8223,0.0061,2919.7
2024-01-01T19:38:00,0.8208,0.1792,0.8169,0.8246,0.0077,3047.91
2024-01-01T19:39:00,0.8206,0.1794,0.8167,0.8245,0.0078,2322.78
2024-01-01T19:40:00,0.8249,0.1751,0.823,0.8267,0.0037,4514.77
2024-01-01T19:41:00,0.8268,0.1732,0.8204,0.8331,0.0128,3151.53
2024-01-01T19:42:00,0.8296,0.1704,0.8213,0.8379,0.0165,2886.95
2024-01-01T19:43:00,0.8317,0.1683,0.8287,0.8347,0.0061,4147.48
2024-01-01T19:44:00,0.8323,0.1677,0.8247,0.8399,0.0152,4626.95
2024-01-01T19:45:00,0.832,0.168,0.8258,0.8381,0.0123,2955.04
2024-01-01T19:46:00,0.8419,0.1581,0.8364,0.8474,0.0109,3314.66
2024-01-01T19:47:00,0.844,0.156,0.8381,0.8499,0.0118,3001.97
2024-01-01T19:48:00,0.8451,0.1549,0.8386,0.8516,0.013,4712.83
2024-01-01T19:49:00,0.8483,0.1517,0.8441,0.8526,0.0086,4712.31
2024-01-01T19:50:00,0.8512,0.1488,0.8462,0.8561,0.0099,3587.41
2024-01-01T19:51:00,0.8549,0.1451,0.8492,0.8606,0.0114,2385.69
2024-01-01T19:52:00,0.8547,0.1453,0.8464,0.8631,0.0167,3559.01
2024-01-01T19:53:00,0.8575,0.1425,0.8506,0.8644,0.0138,2647.1
2024-01-01T19:54:00,0.8581,0.1419,0.8507,0.8655,0.0149,2595.36
2024-01-01T19:55:00,0.8585,0.1415,0.8556,0.8614,0.0058,4373.87
2024-01-01T19:56:00,0.8689,0.1311,0.8643,0.8736,0.0093,2914.73
2024-01-01T19:57:00,0.8637,0.1363,0.8584,0.8691,0.0108,3557.31
2024-01-01T19:58:00,0.8722,0.1278,0.8647,0.8798,0.0152,2988.67
2024-01-01T19:59:00,0.8736,0.1264,0.8665,0.8807,0.0142,2649.85
2024-01-01T20:00:00,0.8742,0.1258,0.8687,0.8796,0.0109,3038.79
2024-01-01T20:01:00,0.878,0.122,0.8719,0.8841,0.0122,3489.05
2024-01-01T20:02:00,0.8793,0.1207,0.8745,0.8842,0.0097,2943.02
2024-01-01T20:03:00,0.8837,0.1163,0.8784,0.889,0.0107,1755.83
2024-01-01T20:04:00,0.8815,0.1185,0.8765,0.8864,0.0099,3061.65
2024-01-01T20:05:00,0.8871,0.1129,0.8823,0.8919,0.0097,3045.56
2024-01-01T20:06:00,0.89,0.11,0.882,0.898,0.016,3190.2
2024-01-01T20:07:00,0.8917,0.1083,0.8879,0.8956,0.0077,2972.85
2024-01-01T20:08:00,0.897,0.103,0.8915,0.9025,0.011,1771.06
2024-01-01T20:09:00,0.8968,0.1032,0.8916,0.902,0.0104,3339.52
2024-01-01T20:10:00,0.8964,0.1036,0.893,0.8998,0.0068,3338.73
2024-01-01T20:11:00,0.9045,0.0955,0.8988,0.9101,0.0113,2742.62
2024-01-01T20:12:00,0.9024,0.0976,0.8978,0.9069,0.0091,2889.97
2024-01-01T20:13:00,0.906,0.094,0.8981,0.9139,0.0158,2000.01
2024-01-01T20:14:00,0.9088,0.0912,0.906,0.9116,0.0057,2609.71
2024-01-01T20:15:00,0.9123,0.0877,0.9064,0.9181,0.0117,2042.14
2024-01-01T20:16:00,0.9175,0.0825,0.9132,0.9218,0.0086,2485.95
2024-01-01T20:17:00,0.9184,0.0816,0.9131,0.9236,0.0105,2242.49
2024-01-01T20:18:00,0.9198,0.0802,0.9139,0.9258,0.0119,2087.79
2024-01-01T20:19:00,0.9212,0.0788,0.9161,0.9262,0.0101,2312.26
2024-01-01T20:20:00,0.9252,0.0748,0.9195,0.9309,0.0114,2409.97
2024-01-01T20:21:00,0.9272,0.0728,0.9204,0.9339,0.0135,2430.73
2024-01-01T20:22:00,0.9287,0.0713,0.9243,0.9332,0.0088,1381.71
2024-01-01T20:23:00,0.9316,0.0684,0.9247,0.9385,0.0137,2649.6
2024-01-01T20:24:00,0.934,0.066,0.9269,0.9412,0.0143,2199.46
2024-01-01T20:25:00,0.939,0.061,0.9368,0.9412,0.0044,2313.7
2024-01-01T20:26:00,0.9417,0.0583,0.9396,0.9438,0.0042,1197.23
2024-01-01T20:27:00,0.9442,0.0558,0.9369,0.9515,0.0145,2630.88
2024-01-01T20:28:00,0.9463,0.0537,0.94,0.9525,0.0125,1253.44
2024-01-01T20:29:00,0.9435,0.0565,0.9365,0.9505,0.014,1691.06
2024-01-01T20:30:00,0.9464,0.0536,0.9435,0.9492,0.0057,1149.81
2024-01-01T20:31:00,0.9505,0.0495,0.9484,0.9526,0.0042,2057.26
2024-01-01T20:32:00,0.9454,0.0546,0.9435,0.9473,0.0038,2060.1
2024-01-01T20:33:00,0.9453,0.0547,0.942,0.9487,0.0067,2180.51
2024-01-01T20:34:00,0.9479,0.0521,0.9429,0.953,0.0101,1507.45
2024-01-01T20:35:00,0.9467,0.0533,0.9417,0.9516,0.0099,1945.52
2024-01-01T20:36:00,0.9473,0.0527,0.9423,0.9524,0.0101,2473.89
2024-01-01T20:37:00,0.9505,0.0495,0.9482,0.9528,0.0045,1086.43
2024-01-01T20:38:00,0.9478,0.0522,0.9444,0.9512,0.0067,1450.69
2024-01-01T20:39:00,0.9505,0.0495,0.9483,0.9527,0.0043,2172.88
2024-01-01T20:40:00,0.9507,0.0493,0.9492,0.9522,0.003,1552.9
2024-01-01T20:41:00,0.95,0.05,0.9444,0.9557,0.0113,2060.74
2024-01-01T20:42:00,0.9479,0.0521,0.9431,0.9527,0.0096,1579.61
2024-01-01T20:43:00,0.9477,0.0523,0.9443,0.951,0.0068,2114.88
2024-01-01T20:44:00,0.949,0.051,0.9473,0.9508,0.0035,2468.43
2024-01-01T20:45:00,0.9491,0.0509,0.9426,0.9556,0.013,1300.59
2024-01-01T20:46:00,0.9454,0.0546,0.9416,0.9492,0.0075,2554.66
2024-01-01T20:47:00,0.9474,0.0526,0.9418,0.953,0.0112,1637.3
2024-01-01T20:48:00,0.9479,0.0521,0.9454,0.9505,0.0051,2511.64
2024-01-01T20:49:00,0.9482,0.0518,0.9434,0.953,0.0096,1881.32
2024-01-01T20:50:00,0.9485,0.0515,0.9441,0.953,0.0089,1632.57
2024-01-01T20:51:00,0.9521,0.0479,0.9493,0.955,0.0057,1922.61
2024-01-01T20:52:00,0.9529,0.0471,0.947,0.9588,0.0118,1290.25
2024-01-01T20:53:00,0.9486,0.0514,0.9442,0.953,0.0088,2480.01
2024-01-01T20:54:00,0.9507,0.0493,0.9442,0.9571,0.0129,1763.38
2024-01-01T20:55:00,0.95,0.05,0.9436,0.9564,0.0128,1151.48
2024-01-01T20:56:00,0.9535,0.0465,0.9467,0.9603,0.0136,1466.12
2024-01-01T20:57:00,0.9517,0.0483,0.9475,0.9559,0.0084,1620.26
2024-01-01T20:58:00,0.9509,0.0491,0.9477,0.9542,0.0065,2485.33
2024-01-01T20:59:00,0.9491,0.0509,0.9475,0.9508,0.0033,2394.69
2024-01-01T21:00:00,0.9484,0.0516,0.9423,0.9545,0.0122,1155.79
2024-01-01T21:01:00,0.9525,0.0475,0.9459,0.9592,0.0133,1903.18
2024-01-01T21:02:00,0.9502,0.0498,0.9474,0.953,0.0056,2320.47
2024-01-01T21:03:00,0.9513,0.0487,0.9441,0.9585,0.0144,2431.48
2024-01-01T21:04:00,0.9503,0.0497,0.9484,0.9522,0.0039,1139.96
2024-01-01T21:05:00,0.9515,0.0485,0.9487,0.9543,0.0055,2165.73
2024-01-01T21:06:00,0.954,0.046,0.9493,0.9588,0.0095,1264.38
2024-01-01T21:07:00,0.9503,0.0497,0.9429,0.9577,0.0149,1967.48
2024-01-01T21:08:00,0.9481,0.0519,0.9458,0.9505,0.0046,1646.5
2024-01-01T21:09:00,0.9517,0.0483,0.9469,0.9566,0.0097,1123.36
2024-01-01T21:10:00,0.9498,0.0502,0.9473,0.9522,0.0049,1625.72
2024-01-01T21:11:00,0.9505,0.0495,0.9453,0.9557,0.0104,2396.33
2024-01-01T21:12:00,0.9476,0.0524,0.9451,0.9502,0.005,1759.81
2024-01-01T21:13:00,0.9505,0.0495,0.9485,0.9525,0.004,1401.31
2024-01-01T21:14:00,0.9499,0.0501,0.9464,0.9534,0.007,2469.07
2024-01-01T21:15:00,0.9517,0.0483,0.9489,0.9544,0.0056,1129.24
2024-01-01T21:16:00,0.9495,0.0505,0.9436,0.9555,0.0119,2318.46
2024-01-01T21:17:00,0.9498,0.0502,0.9476,0.952,0.0045,1256.16
2024-01-01T21:18:00,0.9504,0.0496,0.9446,0.9562,0.0116,1757.13
2024-01-01T21:19:00,0.9495,0.0505,0.945,0.954,0.009,2020.85
2024-01-01T21:20:00,0.9517,0.0483,0.9457,0.9577,0.012,2120.14
2024-01-01T21:21:00,0.9485,0.0515,0.9461,0.951,0.0049,2105.5
2024-01-01T21:22:00,0.9479,0.0521,0.9423,0.9535,0.0112,1960.81
2024-01-01T21:23:00,0.9462,0.0538,0.9414,0.951,0.0096,1605.17
2024-01-01T21:24:00,0.9464,0.0536,0.9398,0.953,0.0132,1733.91
2024-01-01T21:25:00,0.9531,0.0469,0.9463,0.9599,0.0135,1948.66
2024-01-01T21:26:00,0.9492,0.0508,0.944,0.9544,0.0104,1415.74
2024-01-01T21:27:00,0.9474,0.0526,0.9457,0.9491,0.0034,2395.67
2024-01-01T21:28:00,0.947,0.053,0.9401,0.9539,0.0138,2010.78
2024-01-01T21:29:00,0.9496,0.0504,0.9453,0.954,0.0087,1307.86
2024-01-01T21:30:00,0.9511,0.0489,0.9458,0.9564,0.0106,1386.44
2024-01-01T21:31:00,0.9525,0.0475,0.9504,0.9546,0.0042,1319.52
2024-01-01T21:32:00,0.9475,0.0525,0.9405,0.9545,0.014,1904.37
2024-01-01T21:33:00,0.9464,0.0536,0.9422,0.9506,0.0084,1117.74
2024-01-01T21:34:00,0.9478,0.0522,0.9444,0.9511,0.0067,1946.62
2024-01-01T21:35:00,0.9491,0.0509,0.9472,0.951,0.0037,2342.51
2024-01-01T21:36:00,0.9518,0.0482,0.9502,0.9534,0.0032,2470.66
2024-01-01T21:37:00,0.946,0.054,0.9405,0.9516,0.0111,1598.07
2024-01-01T21:38:00,0.9489,0.0511,0.9456,0.9522,0.0066,1518.14
2024-01-01T21:39:00,0.9483,0.0517,0.9443,0.9524,0.0081,2212.32
2024-01-01T21:40:00,0.952,0.048,0.949,0.955,0.006,1284.01
2024-01-01T21:41:00,0.9504,0.0496,0.9456,0.9551,0.0095,2014.1
2024-01-01T21:42:00,0.9515,0.0485,0.9462,0.9567,0.0105,1692.56
2024-01-01T21:43:00,0.9475,0.0525,0.9432,0.9518,0.0086,1629.49
2024-01-01T21:44:00,0.9492,0.0508,0.9436,0.9548,0.0112,1937.58
2024-01-01T21:45:00,0.9481,0.0519,0.9411,0.9551,0.014,2363.22
2024-01-01T21:46:00,0.9485,0.0515,0.9422,0.9549,0.0127,2241.42
2024-01-01T21:47:00,0.9488,0.0512,0.9434,0.9541,0.0107,1119.99
2024-01-01T21:48:00,0.9522,0.0478,0.9487,0.9557,0.007,2349.74
2024-01-01T21:49:00,0.9509,0.0491,0.9456,0.9563,0.0107,1081.35
2024-01-01T21:50:00,0.9516,0.0484,0.9451,0.9581,0.013,1703.86
2024-01-01T21:51:00,0.9508,0.0492,0.9445,0.957,0.0126,1826.57
2024-01-01T21:52:00,0.9514,0.0486,0.9455,0.9573,0.0118,1227.09
2024-01-01T21:53:00,0.9503,0.0497,0.9449,0.9557,0.0108,1274.17
2024-01-01T21:54:00,0.9496,0.0504,0.9435,0.9558,0.0123,1706.05
2024-01-01T21:55:00,0.9517,0.0483,0.9496,0.9538,0.0043,2463.52
2024-01-01T21:56:00,0.951,0.049,0.9466,0.9553,0.0087,2186.53
2024-01-01T21:57:00,0.9509,0.0491,0.9465,0.9552,0.0087,1618.05
2024-01-01T21:58:00,0.9471,0.0529,0.9437,0.9504,0.0068,1835.13
2024-01-01T21:59:00,0.9513,0.0487,0.947,0.9557,0.0087,2002.25
2024-01-01T22:00:00,0.9462,0.0538,0.9441,0.9482,0.0042,1867.75
2024-01-01T22:01:00,0.9516,0.0484,0.9471,0.9562,0.0091,2355.61
2024-01-01T22:02:00,0.952,0.048,0.9482,0.9558,0.0076,1945.0
2024-01-01T22:03:00,0.9494,0.0506,0.9447,0.9541,0.0094,1384.76
2024-01-01T22:04:00,0.9546,0.0454,0.9512,0.9579,0.0068,1894.08
2024-01-01T22:05:00,0.9507,0.0493,0.9473,0.9541,0.0068,1850.36
2024-01-01T22:06:00,0.9539,0.0461,0.9516,0.9562,0.0045,1377.44
2024-01-01T22:07:00,0.9561,0.0439,0.9495,0.9627,0.0132,1030.41
2024-01-01T22:08:00,0.953,0.047,0.95,0.956,0.006,1095.53
2024-01-01T22:09:00,0.9519,0.0481,0.9503,0.9534,0.0031,1561.29
2024-01-01T22:10:00,0.9498,0.0502,0.946,0.9536,0.0076,1408.46
2024-01-01T22:11:00,0.9529,0.0471,0.9504,0.9554,0.005,1674.73
2024-01-01T22:12:00,0.9508,0.0492,0.9452,0.9563,0.0111,1391.04
2024-01-01T22:13:00,0.9543,0.0457,0.9469,0.9617,0.0148,1371.85
2024-01-01T22:14:00,0.9485,0.0515,0.9449,0.9522,0.0074,1100.78
2024-01-01T22:15:00,0.9544,0.0456,0.9491,0.9598,0.0107,1183.22
2024-01-01T22:16:00,0.9515,0.0485,0.9443,0.9588,0.0144,1974.86
2024-01-01T22:17:00,0.952,0.048,0.9504,0.9536,0.0032,1809.26
2024-01-01T22:18:00,0.9523,0.0477,0.9466,0.958,0.0113,2076.37
2024-01-01T22:19:00,0.9529,0.0471,0.9496,0.9562,0.0066,1964.16
2024-01-01T22:20:00,0.9532,0.0468,0.9489,0.9575,0.0086,1529.06
2024-01-01T22:21:00,0.9534,0.0466,0.9473,0.9594,0.0122,1328.64
2024-01-01T22:22:00,0.9494,0.0506,0.9454,0.9535,0.0081,2451.52
2024-01-01T22:23:00,0.9523,0.0477,0.948,0.9565,0.0085,1183.48
2024-01-01T22:24:00,0.951,0.049,0.9475,0.9544,0.007,2492.34
2024-01-01T22:25:00,0.9506,0.0494,0.9453,0.9558,0.0105,2397.52
2024-01-01T22:26:00,0.9486,0.0514,0.9429,0.9542,0.0112,1982.02
2024-01-01T22:27:00,0.9475,0.0525,0.9413,0.9537,0.0124,2117.3
2024-01-01T22:28:00,0.9483,0.0517,0.946,0.9505,0.0045,1804.82
2024-01-01T22:29:00,0.9454,0.0546,0.9435,0.9474,0.004,2472.58
2024-01-01T22:30:00,0.9494,0.0506,0.9444,0.9544,0.0099,2406.8
2024-01-01T22:31:00,0.9468,0.0532,0.9416,0.952,0.0105,1221.57
2024-01-01T22:32:00,0.9534,0.0466,0.9505,0.9562,0.0058,1507.48
2024-01-01T22:33:00,0.9558,0.0442,0.9499,0.9616,0.0117,1418.56
2024-01-01T22:34:00,0.9505,0.0495,0.9468,0.9542,0.0074,1408.41
2024-01-01T22:35:00,0.9504,0.0496,0.947,0.9538,0.0069,1928.69
2024-01-01T22:36:00,0.951,0.049,0.9437,0.9582,0.0145,1837.26
2024-01-01T22:37:00,0.9486,0.0514,0.9465,0.9507,0.0042,1262.4
2024-01-01T22:38:00,0.9485,0.0515,0.9411,0.9559,0.0148,2254.75
2024-01-01T22:39:00,0.9497,0.0503,0.9475,0.952,0.0045,2512.67
2024-01-01T22:40:00,0.9507,0.0493,0.9486,0.9529,0.0043,1708.59
2024-01-01T22:41:00,0.9511,0.0489,0.9481,0.954,0.0059,2109.53
2024-01-01T22:42:00,0.9511,0.0489,0.9463,0.9559,0.0096,1273.5
2024-01-01T22:43:00,0.9522,0.0478,0.9469,0.9576,0.0108,2384.28
2024-01-01T22:44:00,0.9528,0.0472,0.9457,0.9599,0.0142,1285.33
2024-01-01T22:45:00,0.9513,0.0487,0.9476,0.955,0.0074,2340.91
2024-01-01T22:46:00,0.9525,0.0475,0.9489,0.956,0.0071,2185.41
2024-01-01T22:47:00,0.9494,0.0506,0.9424,0.9564,0.014,1220.43
2024-01-01T22:48:00,0.9483,0.0517,0.9428,0.9537,0.0109,1511.69
2024-01-01T22:49:00,0.9501,0.0499,0.9475,0.9526,0.0051,1635.3
2024-01-01T22:50:00,0.9462,0.0538,0.9404,0.9519,0.0115,2517.01
2024-01-01T22:51:00,0.9455,0.0545,0.9412,0.9498,0.0086,1765.47
2024-01-01T22:52:00,0.9434,0.0566,0.9409,0.9459,0.005,2023.31
2024-01-01T22:53:00,0.9461,0.0539,0.9425,0.9497,0.0072,1593.75
2024-01-01T22:54:00,0.9474,0.0526,0.9449,0.9498,0.0049,2163.62
2024-01-01T22:55:00,0.9454,0.0546,0.9436,0.9471,0.0035,1897.32
2024-01-01T22:56:00,0.9504,0.0496,0.9436,0.9571,0.0135,1933.94
2024-01-01T22:57:00,0.9484,0.0516,0.9434,0.9535,0.0101,2122.58
2024-01-01T22:58:00,0.9495,0.0505,0.9472,0.9518,0.0047,1805.6
2024-01-01T22:59:00,0.9522,0.0478,0.9453,0.9591,0.0138,2398.04
2024-01-01T23:00:00,0.9495,0.0505,0.9477,0.9513,0.0037,1364.55
2024-01-01T23:01:00,0.9502,0.0498,0.9473,0.9532,0.0059,2368.59
2024-01-01T23:02:00,0.9524,0.0476,0.9504,0.9543,0.004,1859.01
2024-01-01T23:03:00,0.948,0.052,0.9442,0.9519,0.0078,1489.63
2024-01-01T23:04:00,0.9491,0.0509,0.9442,0.9539,0.0097,1575.74
2024-01-01T23:05:00,0.9504,0.0496,0.9464,0.9545,0.0081,2269.74
2024-01-01T23:06:00,0.9499,0.0501,0.9458,0.954,0.0082,1547.38
2024-01-01T23:07:00,0.9522,0.0478,0.9481,0.9563,0.0082,1746.55
2024-01-01T23:08:00,0.9512,0.0488,0.9452,0.9572,0.0121,1490.08
2024-01-01T23:09:00,0.9504,0.0496,0.9463,0.9544,0.0081,2397.23
2024-01-01T23:10:00,0.9527,0.0473,0.9475,0.9578,0.0103,1863.76
2024-01-01T23:11:00,0.9512,0.0488,0.9472,0.9551,0.0079,1644.91
2024-01-01T23:12:00,0.954,0.046,0.9469,0.9612,0.0143,2262.17
2024-01-01T23:13:00,0.9494,0.0506,0.9442,0.9546,0.0104,2455.8
2024-01-01T23:14:00,0.9481,0.0519,0.9449,0.9513,0.0064,2211.88
2024-01-01T23:15:00,0.9484,0.0516,0.9453,0.9515,0.0061,1260.06
2024-01-01T23:16:00,0.9477,0.0523,0.9404,0.9551,0.0147,2067.55
2024-01-01T23:17:00,0.9452,0.0548,0.9429,0.9474,0.0045,1422.24
2024-01-01T23:18:00,0.9486,0.0514,0.9423,0.9549,0.0125,1660.5
2024-01-01T23:19:00,0.9506,0.0494,0.9476,0.9536,0.006,2195.35
2024-01-01T23:20:00,0.9506,0.0494,0.9465,0.9546,0.0081,2099.75
2024-01-01T23:21:00,0.9514,0.0486,0.948,0.9548,0.0067,2061.19
2024-01-01T23:22:00,0.9508,0.0492,0.9477,0.954,0.0063,1806.98
2024-01-01T23:23:00,0.9527,0.0473,0.9458,0.9596,0.0138,2450.18
2024-01-01T23:24:00,0.9521,0.0479,0.9461,0.958,0.0119,1555.53
2024-01-01T23:25:00,0.9508,0.0492,0.9466,0.955,0.0084,1539.64
2024-01-01T23:26:00,0.9538,0.0462,0.9511,0.9565,0.0053,1815.99
2024-01-01T23:27:00,0.9501,0.0499,0.9448,0.9553,0.0105,2051.81
2024-01-01T23:28:00,0.9452,0.0548,0.9404,0.95,0.0097,2012.45
2024-01-01T23:29:00,0.946,0.054,0.9403,0.9517,0.0113,2266.09
2024-01-01T23:30:00,0.9506,0.0494,0.945,0.9563,0.0112,2378.33
2024-01-01T23:31:00,0.9513,0.0487,0.9483,0.9542,0.0059,1365.56
2024-01-01T23:32:00,0.9516,0.0484,0.9461,0.9571,0.011,1325.56
2024-01-01T23:33:00,0.9527,0.0473,0.9477,0.9578,0.0101,1434.99
2024-01-01T23:34:00,0.9537,0.0463,0.9518,0.9555,0.0037,1517.06
2024-01-01T23:35:00,0.9533,0.0467,0.9506,0.9559,0.0053,1163.75
2024-01-01T23:36:00,0.9512,0.0488,0.9462,0.9562,0.01,1097.02
2024-01-01T23:37:00,0.9545,0.0455,0.9499,0.959,0.0091,1439.73
2024-01-01T23:38:00,0.9508,0.0492,0.9446,0.9571,0.0126,1196.03
2024-01-01T23:39:00,0.9517,0.0483,0.948,0.9553,0.0073,1209.68
2024-01-01T23:40:00,0.9517,0.0483,0.9459,0.9575,0.0117,1506.41
2024-01-01T23:41:00,0.9524,0.0476,0.9453,0.9595,0.0142,1174.93
2024-01-01T23:42:00,0.9502,0.0498,0.9453,0.9551,0.0098,2227.17
2024-01-01T23:43:00,0.9459,0.0541,0.9401,0.9517,0.0116,1671.32
2024-01-01T23:44:00,0.948,0.052,0.9421,0.954,0.0118,2261.37
2024-01-01T23:45:00,0.95,0.05,0.945,0.955,0.01,1727.36
2024-01-01T23:46:00,0.9527,0.0473,0.95,0.9553,0.0054,2232.21
2024-01-01T23:47:00,0.9512,0.0488,0.9476,0.9549,0.0073,1136.93
2024-01-01T23:48:00,0.9511,0.0489,0.9487,0.9536,0.0049,2109.4
2024-01-01T23:49:00,0.9524,0.0476,0.9452,0.9597,0.0145,1320.59
2024-01-01T23:50:00,0.9503,0.0497,0.9481,0.9525,0.0044,2402.87
2024-01-01T23:51:00,0.9518,0.0482,0.9469,0.9567,0.0098,1228.75
2024-01-01T23:52:00,0.9489,0.0511,0.9437,0.9541,0.0105,1275.83
2024-01-01T23:53:00,0.9503,0.0497,0.9478,0.9527,0.0049,2118.25
2024-01-01T23:54:00,0.9468,0.0532,0.94,0.9537,0.0137,2504.76
2024-01-01T23:55:00,0.9484,0.0516,0.9423,0.9545,0.0122,1276.28
2024-01-01T23:56:00,0.9486,0.0514,0.9424,0.9549,0.0126,1641.51
2024-01-01T23:57:00,0.9497,0.0503,0.9441,0.9554,0.0114,1827.01
2024-01-01T23:58:00,0.9471,0.0529,0.945,0.9492,0.0041,1388.33
2024-01-01T23:59:00,0.9498,0.0502,0.9445,0.9552,0.0107,1610.47
2024-01-02T00:00:00,0.95,0.05,0.9431,0.957,0.0139,1941.79
2024-01-02T00:01:00,0.951,0.049,0.9445,0.9576,0.0131,2169.52
2024-01-02T00:02:00,0.9464,0.0536,0.9392,0.9537,0.0146,1447.66
2024-01-02T00:03:00,0.9478,0.0522,0.9413,0.9542,0.0129,1474.34
2024-01-02T00:04:00,0.9454,0.0546,0.9438,0.947,0.0031,2210.17
2024-01-02T00:05:00,0.9506,0.0494,0.9472,0.9541,0.0069,1300.58
2024-01-02T00:06:00,0.9477,0.0523,0.9443,0.951,0.0067,2273.86
2024-01-02T00:07:00,0.9531,0.0469,0.9496,0.9566,0.007,1165.87
2024-01-02T00:08:00,0.9514,0.0486,0.9452,0.9576,0.0125,1169.95
2024-01-02T00:09:00,0.9466,0.0534,0.9449,0.9483,0.0034,1656.93
2024-01-02T00:10:00,0.9551,0.0449,0.9505,0.9597,0.0092,2338.88
2024-01-02T00:11:00,0.9541,0.0459,0.9489,0.9592,0.0103,1794.19
2024-01-02T00:12:00,0.9506,0.0494,0.9451,0.9561,0.011,1728.39
2024-01-02T00:13:00,0.9515,0.0485,0.9496,0.9535,0.0039,1433.8
2024-01-02T00:14:00,0.9523,0.0477,0.9455,0.9592,0.0138,2293.86
2024-01-02T00:15:00,0.9525,0.0475,0.9505,0.9544,0.004,1753.5
2024-01-02T00:16:00,0.9518,0.0482,0.9493,0.9544,0.0051,1942.09
2024-01-02T00:17:00,0.9536,0.0464,0.9494,0.9579,0.0084,1605.28
2024-01-02T00:18:00,0.9509,0.0491,0.9474,0.9543,0.0069,2408.32
2024-01-02T00:19:00,0.9508,0.0492,0.9489,0.9526,0.0037,1302.62
2024-01-02T00:20:00,0.9507,0.0493,0.9435,0.9578,0.0143,2231.84
2024-01-02T00:21:00,0.947,0.053,0.9444,0.9496,0.0052,2012.98
2024-01-02T00:22:00,0.9483,0.0517,0.9431,0.9534,0.0103,2219.19
2024-01-02T00:23:00,0.9508,0.0492,0.9454,0.9561,0.0107,1237.1
2024-01-02T00:24:00,0.9497,0.0503,0.9451,0.9543,0.0092,2067.16
2024-01-02T00:25:00,0.95,0.05,0.9483,0.9516,0.0033,1561.89
2024-01-02T00:26:00,0.9509,0.0491,0.9469,0.9548,0.0079,2500.38
2024-01-02T00:27:00,0.9474,0.0526,0.9411,0.9537,0.0126,1293.95
2024-01-02T00:28:00,0.9499,0.0501,0.9484,0.9513,0.003,1292.0
2024-01-02T00:29:00,0.9474,0.0526,0.9404,0.9545,0.0141,2526.92
2024-01-02T00:30:00,0.9512,0.0488,0.9462,0.9561,0.0099,1861.86
2024-01-02T00:31:00,0.95,0.05,0.9484,0.9516,0.0032,1820.06
2024-01-02T00:32:00,0.9481,0.0519,0.9416,0.9547,0.013,2230.75
2024-01-02T00:33:00,0.9484,0.0516,0.9447,0.9521,0.0074,2216.17
2024-01-02T00:34:00,0.9477,0.0523,0.9453,0.9501,0.0048,2503.72
2024-01-02T00:35:00,0.9489,0.0511,0.9433,0.9545,0.0112,2103.86
2024-01-02T00:36:00,0.952,0.048,0.9495,0.9546,0.0051,1177.34
2024-01-02T00:37:00,0.9495,0.0505,0.9429,0.9561,0.0132,1379.35
2024-01-02T00:38:00,0.9492,0.0508,0.9457,0.9527,0.0071,2513.3
2024-01-02T00:39:00,0.953,0.047,0.9507,0.9552,0.0045,2352.19
2024-01-02T00:40:00,0.9517,0.0483,0.9446,0.9588,0.0142,1470.34
2024-01-02T00:41:00,0.9475,0.0525,0.9418,0.9531,0.0113,1504.13
2024-01-02T00:42:00,0.9484,0.0516,0.9454,0.9514,0.0061,1647.51
2024-01-02T00:43:00,0.9515,0.0485,0.9482,0.9548,0.0067,1259.02
2024-01-02T00:44:00,0.952,0.048,0.9479,0.9561,0.0082,2412.98
2024-01-02T00:45:00,0.9505,0.0495,0.9444,0.9565,0.012,1245.8
2024-01-02T00:46:00,0.9505,0.0495,0.9488,0.9521,0.0033,2483.34
2024-01-02T00:47:00,0.9489,0.0511,0.9451,0.9528,0.0076,2408.52
2024-01-02T00:48:00,0.9501,0.0499,0.9474,0.9527,0.0052,1325.09
2024-01-02T00:49:00,0.9468,0.0532,0.9423,0.9513,0.009,1902.43
2024-01-02T00:50:00,0.9482,0.0518,0.9414,0.9551,0.0137,1682.16
2024-01-02T00:51:00,0.9478,0.0522,0.942,0.9536,0.0116,2260.88
2024-01-02T00:52:00,0.948,0.052,0.9444,0.9517,0.0073,2137.51
2024-01-02T00:53:00,0.9454,0.0546,0.942,0.9487,0.0067,1472.72
2024-01-02T00:54:00,0.9469,0.0531,0.941,0.9527,0.0117,1545.48
2024-01-02T00:55:00,0.9498,0.0502,0.9466,0.9531,0.0064,1198.34
2024-01-02T00:56:00,0.949,0.051,0.9429,0.9552,0.0123,1504.52
2024-01-02T00:57:00,0.9501,0.0499,0.9443,0.9559,0.0116,1577.73
2024-01-02T00:58:00,0.9502,0.0498,0.9464,0.954,0.0076,1117.2
2024-01-02T00:59:00,0.95,0.05,0.9453,0.9548,0.0094,2444.14
2024-01-02T01:00:00,0.9511,0.0489,0.9452,0.9569,0.0116,1816.7
2024-01-02T01:01:00,0.9551,0.0449,0.9524,0.9579,0.0054,1475.01
2024-01-02T01:02:00,0.9496,0.0504,0.948,0.9512,0.0032,1436.67
2024-01-02T01:03:00,0.9487,0.0513,0.9432,0.9543,0.0111,1442.72
2024-01-02T01:04:00,0.9478,0.0522,0.9425,0.9531,0.0106,1381.87
2024-01-02T01:05:00,0.9488,0.0512,0.9455,0.9521,0.0066,1828.87
2024-01-02T01:06:00,0.9487,0.0513,0.9453,0.9521,0.0068,2492.7
2024-01-02T01:07:00,0.9516,0.0484,0.9449,0.9582,0.0132,2200.02
2024-01-02T01:08:00,0.9501,0.0499,0.9449,0.9553,0.0103,1421.22
2024-01-02T01:09:00,0.9539,0.0461,0.9494,0.9585,0.0091,1780.95
2024-01-02T01:10:00,0.95,0.05,0.9436,0.9563,0.0126,1983.67
2024-01-02T01:11:00,0.9479,0.0521,0.9452,0.9505,0.0053,1713.11
2024-01-02T01:12:00,0.949,0.051,0.9441,0.9539,0.0098,1776.65
2024-01-02T01:13:00,0.9473,0.0527,0.9406,0.9541,0.0135,2322.8
2024-01-02T01:14:00,0.9443,0.0557,0.9374,0.9511,0.0137,1971.68
2024-01-02T01:15:00,0.9476,0.0524,0.9427,0.9526,0.0099,2207.3
2024-01-02T01:16:00,0.9526,0.0474,0.9481,0.957,0.0089,2233.42
2024-01-02T01:17:00,0.9517,0.0483,0.9497,0.9537,0.004,2034.62
2024-01-02T01:18:00,0.95,0.05,0.9481,0.9518,0.0037,1680.35
2024-01-02T01:19:00,0.9475,0.0525,0.9432,0.9518,0.0086,1830.12
2024-01-02T01:20:00,0.9456,0.0544,0.943,0.9483,0.0053,1646.32
2024-01-02T01:21:00,0.9423,0.0577,0.9398,0.9448,0.005,2026.95
2024-01-02T01:22:00,0.9494,0.0506,0.9478,0.9509,0.003,1301.79
2024-01-02T01:23:00,0.9517,0.0483,0.945,0.9583,0.0133,1762.97
2024-01-02T01:24:00,0.9509,0.0491,0.948,0.9538,0.0058,1129.84
2024-01-02T01:25:00,0.9511,0.0489,0.9484,0.9537,0.0053,1306.4
2024-01-02T01:26:00,0.9462,0.0538,0.9428,0.9496,0.0068,1716.25
2024-01-02T01:27:00,0.9467,0.0533,0.9442,0.9493,0.0051,2317.45
2024-01-02T01:28:00,0.9501,0.0499,0.9482,0.952,0.0037,1589.44
2024-01-02T01:29:00,0.9513,0.0487,0.9479,0.9548,0.0069,2264.01
2024-01-02T01:30:00,0.948,0.052,0.9445,0.9516,0.0072,2137.74
2024-01-02T01:31:00,0.9522,0.0478,0.9465,0.958,0.0116,1748.32
2024-01-02T01:32:00,0.9532,0.0468,0.9489,0.9575,0.0087,1409.23
2024-01-02T01:33:00,0.9515,0.0485,0.9457,0.9573,0.0116,2129.23
2024-01-02T01:34:00,0.9472,0.0528,0.9426,0.9518,0.0092,1201.27
2024-01-02T01:35:00,0.951,0.049,0.9452,0.9568,0.0116,2169.9
2024-01-02T01:36:00,0.9477,0.0523,0.9461,0.9493,0.0032,2140.59
2024-01-02T01:37:00,0.9467,0.0533,0.9405,0.9529,0.0124,1927.02
2024-01-02T01:38:00,0.9509,0.0491,0.9472,0.9545,0.0074,1737.46
2024-01-02T01:39:00,0.9472,0.0528,0.9426,0.9519,0.0093,1288.6
2024-01-02T01:40:00,0.9492,0.0508,0.946,0.9523,0.0063,1964.27
2024-01-02T01:41:00,0.9465,0.0535,0.9446,0.9484,0.0038,2543.2
2024-01-02T01:42:00,0.9511,0.0489,0.9472,0.955,0.0078,1932.06
2024-01-02T01:43:00,0.9497,0.0503,0.9449,0.9544,0.0095,1244.37
2024-01-02T01:44:00,0.9501,0.0499,0.9452,0.955,0.0097,2093.2
2024-01-02T01:45:00,0.9515,0.0485,0.9495,0.9534,0.004,1847.17
2024-01-02T01:46:00,0.9494,0.0506,0.9427,0.9561,0.0134,2137.46
2024-01-02T01:47:00,0.9506,0.0494,0.9481,0.9531,0.005,1669.15
2024-01-02T01:48:00,0.9505,0.0495,0.9481,0.9528,0.0047,2103.62
2024-01-02T01:49:00,0.9502,0.0498,0.9483,0.9522,0.0039,2011.4
2024-01-02T01:50:00,0.9477,0.0523,0.9427,0.9527,0.01,1774.74
2024-01-02T01:51:00,0.9473,0.0527,0.9424,0.9523,0.0098,2334.55
2024-01-02T01:52:00,0.9494,0.0506,0.9472,0.9516,0.0044,1797.6
2024-01-02T01:53:00,0.9464,0.0536,0.9415,0.9513,0.0098,1454.4
2024-01-02T01:54:00,0.9483,0.0517,0.9432,0.9534,0.0101,1590.0
2024-01-02T01:55:00,0.9475,0.0525,0.9411,0.9538,0.0127,1707.62
2024-01-02T01:56:00,0.9461,0.0539,0.9396,0.9527,0.0131,2151.76
2024-01-02T01:57:00,0.9483,0.0517,0.9467,0.9498,0.0031,1480.22
2024-01-02T01:58:00,0.9477,0.0523,0.945,0.9503,0.0053,1995.22
2024-01-02T01:59:00,0.9506,0.0494,0.9454,0.9559,0.0105,2024.86
2024-01-02T02:00:00,0.9505,0.0495,0.9442,0.9569,0.0127,1146.91
2024-01-02T02:01:00,0.952,0.048,0.9451,0.9588,0.0136,2366.05
2024-01-02T02:02:00,0.9506,0.0494,0.9481,0.9531,0.005,1927.9
2024-01-02T02:03:00,0.9504,0.0496,0.9441,0.9566,0.0125,2319.67
2024-01-02T02:04:00,0.9468,0.0532,0.9438,0.9497,0.0058,2190.29
2024-01-02T02:05:00,0.951,0.049,0.9437,0.9583,0.0145,2423.02
2024-01-02T02:06:00,0.948,0.052,0.9457,0.9503,0.0047,2245.21
2024-01-02T02:07:00,0.9515,0.0485,0.946,0.9571,0.0111,1392.03
2024-01-02T02:08:00,0.9517,0.0483,0.948,0.9555,0.0075,2288.31
2024-01-02T02:09:00,0.9493,0.0507,0.9437,0.9549,0.0112,1954.25
2024-01-02T02:10:00,0.9493,0.0507,0.944,0.9547,0.0107,1748.69
2024-01-02T02:11:00,0.9495,0.0505,0.9432,0.9559,0.0127,2278.31
2024-01-02T02:12:00,0.9469,0.0531,0.9421,0.9517,0.0097,1298.94
2024-01-02T02:13:00,0.9504,0.0496,0.9476,0.9531,0.0055,1598.64
2024-01-02T02:14:00,0.9498,0.0502,0.9469,0.9526,0.0057,1095.83
2024-01-02T02:15:00,0.9499,0.0501,0.9443,0.9555,0.0112,2036.53
2024-01-02T02:16:00,0.9533,0.0467,0.9459,0.9607,0.0147,1420.67
2024-01-02T02:17:00,0.9486,0.0514,0.9465,0.9508,0.0043,2049.35
2024-01-02T02:18:00,0.9495,0.0505,0.947,0.9519,0.0049,1260.59
2024-01-02T02:19:00,0.9461,0.0539,0.9409,0.9513,0.0104,2519.85
2024-01-02T02:20:00,0.9456,0.0544,0.9413,0.95,0.0087,1957.04
2024-01-02T02:21:00,0.9466,0.0534,0.9435,0.9496,0.0061,1125.05
2024-01-02T02:22:00,0.9512,0.0488,0.9479,0.9545,0.0065,1577.25
2024-01-02T02:23:00,0.9518,0.0482,0.9491,0.9545,0.0054,1657.22
2024-01-02T02:24:00,0.9501,0.0499,0.9441,0.956,0.0119,2180.06
2024-01-02T02:25:00,0.947,0.053,0.9413,0.9526,0.0113,2206.5
2024-01-02T02:26:00,0.95,0.05,0.944,0.956,0.012,1455.05
2024-01-02T02:27:00,0.9515,0.0485,0.9487,0.9542,0.0055,1879.02
2024-01-02T02:28:00,0.9472,0.0528,0.9455,0.9489,0.0034,1988.29
2024-01-02T02:29:00,0.9496,0.0504,0.9464,0.9527,0.0063,1847.78
2024-01-02T02:30:00,0.9512,0.0488,0.9465,0.9559,0.0094,1204.36
2024-01-02T02:31:00,0.9492,0.0508,0.9469,0.9515,0.0046,2073.9
2024-01-02T02:32:00,0.9486,0.0514,0.9448,0.9525,0.0078,2174.73
2024-01-02T02:33:00,0.9423,0.0577,0.9349,0.9498,0.0149,1235.19
2024-01-02T02:34:00,0.9476,0.0524,0.9454,0.9498,0.0044,1490.19
2024-01-02T02:35:00,0.9474,0.0526,0.9437,0.951,0.0073,1170.61
2024-01-02T02:36:00,0.9455,0.0545,0.9415,0.9494,0.0079,2270.91
2024-01-02T02:37:00,0.9492,0.0508,0.9453,0.953,0.0077,1629.75
2024-01-02T02:38:00,0.9466,0.0534,0.9451,0.9482,0.0032,1277.37
2024-01-02T02:39:00,0.948,0.052,0.9434,0.9526,0.0092,1477.2
2024-01-02T02:40:00,0.9474,0.0526,0.9418,0.953,0.0112,2295.92
2024-01-02T02:41:00,0.9485,0.0515,0.9446,0.9524,0.0079,1842.14
2024-01-02T02:42:00,0.9497,0.0503,0.9425,0.9569,0.0143,1350.83
2024-01-02T02:43:00,0.9486,0.0514,0.9417,0.9554,0.0137,1147.71
2024-01-02T02:44:00,0.9447,0.0553,0.9395,0.9499,0.0105,1572.32
2024-01-02T02:45:00,0.9457,0.0543,0.9387,0.9527,0.014,1138.76
2024-01-02T02:46:00,0.9492,0.0508,0.9468,0.9516,0.0048,1705.71
2024-01-02T02:47:00,0.9479,0.0521,0.9454,0.9503,0.0049,2204.91
2024-01-02T02:48:00,0.9476,0.0524,0.9419,0.9533,0.0114,1537.01
2024-01-02T02:49:00,0.9519,0.0481,0.9478,0.956,0.0082,2391.48
2024-01-02T02:50:00,0.9536,0.0464,0.9507,0.9565,0.0059,1879.28
2024-01-02T02:51:00,0.9538,0.0462,0.9483,0.9592,0.0109,2142.39
2024-01-02T02:52:00,0.9502,0.0498,0.9445,0.9558,0.0112,1816.12
2024-01-02T02:53:00,0.9521,0.0479,0.9476,0.9566,0.009,1541.7
2024-01-02T02:54:00,0.9479,0.0521,0.9456,0.9501,0.0046,1831.92
2024-01-02T02:55:00,0.9463,0.0537,0.9447,0.9479,0.0032,1652.12
2024-01-02T02:56:00,0.9476,0.0524,0.9451,0.95,0.0049,1497.99
2024-01-02T02:57:00,0.8481,0.1519,0.8429,0.8533,0.0104,4567.29
2024-01-02T02:58:00,0.8463,0.1537,0.8418,0.8508,0.009,3871.85
2024-01-02T02:59:00,0.8475,0.1525,0.8457,0.8492,0.0035,4093.1
2024-01-02T03:00:00,0.8495,0.1505,0.8435,0.8554,0.0118,4173.94
2024-01-02T03:01:00,0.8475,0.1525,0.8422,0.8528,0.0105,3424.78
2024-01-02T03:02:00,0.8502,0.1498,0.8419,0.8585,0.0167,3000.45
2024-01-02T03:03:00,0.8489,0.1511,0.8427,0.8551,0.0124,4302.76
2024-01-02T03:04:00,0.8528,0.1472,0.8467,0.8588,0.0121,2968.99
2024-01-02T03:05:00,0.852,0.148,0.8464,0.8575,0.011,2791.64
2024-01-02T03:06:00,0.8547,0.1453,0.8492,0.8602,0.011,3634.48
2024-01-02T03:07:00,0.8548,0.1452,0.8482,0.8615,0.0133,3234.23
2024-01-02T03:08:00,0.8535,0.1465,0.8471,0.86,0.0129,2385.6
2024-01-02T03:09:00,0.8606,0.1394,0.8552,0.866,0.0108,3197.42
2024-01-02T03:10:00,0.862,0.138,0.8568,0.8671,0.0102,2743.52
2024-01-02T03:11:00,0.8614,0.1386,0.858,0.8647,0.0067,3923.12
2024-01-02T03:12:00,0.8611,0.1389,0.8567,0.8654,0.0086,3987.97
2024-01-02T03:13:00,0.8634,0.1366,0.8609,0.8659,0.0049,3360.4
2024-01-02T03:14:00,0.8682,0.1318,0.8621,0.8743,0.0122,3434.92
2024-01-02T03:15:00,0.8666,0.1334,0.862,0.8712,0.0092,3547.16
2024-01-02T03:16:00,0.8683,0.1317,0.8627,0.8738,0.0111,2355.87
2024-01-02T03:17:00,0.8729,0.1271,0.8662,0.8796,0.0134,3319.51
2024-01-02T03:18:00,0.8758,0.1242,0.8686,0.883,0.0144,2088.07
2024-01-02T03:19:00,0.8778,0.1222,0.8756,0.8799,0.0043,3953.43
2024-01-02T03:20:00,0.8783,0.1217,0.8757,0.8809,0.0052,2832.87
2024-01-02T03:21:00,0.8788,0.1212,0.8706,0.887,0.0164,1932.72
2024-01-02T03:22:00,0.8841,0.1159,0.8797,0.8885,0.0089,2443.61
2024-01-02T03:23:00,0.8815,0.1185,0.8734,0.8896,0.0161,2751.83
2024-01-02T03:24:00,0.8854,0.1146,0.8783,0.8925,0.0142,3253.6
2024-01-02T03:25:00,0.889,0.111,0.8831,0.8949,0.0118,2254.81
2024-01-02T03:26:00,0.8887,0.1113,0.887,0.8905,0.0035,2218.83
2024-01-02T03:27:00,0.8936,0.1064,0.8865,0.9008,0.0143,2094.7
2024-01-02T03:28:00,0.8894,0.1106,0.8834,0.8953,0.0119,1889.26
2024-01-02T03:29:00,0.8936,0.1064,0.8882,0.899,0.0107,2999.96
2024-01-02T03:30:00,0.8973,0.1027,0.8903,0.9043,0.014,2350.24
2024-01-02T03:31:00,0.8989,0.1011,0.8972,0.9007,0.0036,2559.35
2024-01-02T03:32:00,0.9022,0.0978,0.8952,0.9093,0.0141,2025.65
2024-01-02T03:33:00,0.9032,0.0968,0.8997,0.9067,0.007,2961.92
2024-01-02T03:34:00,0.9072,0.0928,0.9036,0.9108,0.0072,2555.16
2024-01-02T03:35:00,0.9092,0.0908,0.9032,0.9153,0.012,2998.33
2024-01-02T03:36:00,0.9093,0.0907,0.9037,0.915,0.0113,2810.3
2024-01-02T03:37:00,0.9128,0.0872,0.9088,0.9169,0.008,3007.19
2024-01-02T03:38:00,0.9137,0.0863,0.9104,0.9169,0.0065,1716.39
2024-01-02T03:39:00,0.9112,0.0888,0.9067,0.9157,0.0089,1864.39
2024-01-02T03:40:00,0.9147,0.0853,0.9096,0.9198,0.0102,3168.84
2024-01-02T03:41:00,0.9203,0.0797,0.9158,0.9249,0.009,3143.11
2024-01-02T03:42:00,0.922,0.078,0.9148,0.9292,0.0144,2358.93
2024-01-02T03:43:00,0.9209,0.0791,0.9151,0.9267,0.0116,1868.36
2024-01-02T03:44:00,0.9236,0.0764,0.9162,0.931,0.0148,3051.15
2024-01-02T03:45:00,0.9271,0.0729,0.9247,0.9295,0.0048,1756.6
2024-01-02T03:46:00,0.9321,0.0679,0.9305,0.9337,0.0032,1392.52
2024-01-02T03:47:00,0.9355,0.0645,0.9322,0.9388,0.0066,1427.57
2024-01-02T03:48:00,0.9355,0.0645,0.9334,0.9375,0.0041,2724.56
2024-01-02T03:49:00,0.9353,0.0647,0.929,0.9416,0.0125,2407.51
2024-01-02T03:50:00,0.9377,0.0623,0.9352,0.9401,0.0049,2043.48
2024-01-02T03:51:00,0.9365,0.0635,0.9342,0.9388,0.0046,1364.51
2024-01-02T03:52:00,0.9398,0.0602,0.9378,0.9417,0.0039,2446.98
2024-01-02T03:53:00,0.9441,0.0559,0.9412,0.947,0.0058,1785.68
2024-01-02T03:54:00,0.9479,0.0521,0.9444,0.9515,0.0071,1288.27
2024-01-02T03:55:00,0.9467,0.0533,0.943,0.9505,0.0075,1490.94
2024-01-02T03:56:00,0.9472,0.0528,0.9415,0.9528,0.0113,1305.37
2024-01-02T03:57:00,0.9454,0.0546,0.9391,0.9517,0.0126,2350.12
2024-01-02T03:58:00,0.9479,0.0521,0.9418,0.9541,0.0123,1610.99
2024-01-02T03:59:00,0.948,0.052,0.9436,0.9525,0.009,1679.43
2024-01-02T04:00:00,0.9454,0.0546,0.9392,0.9516,0.0124,2444.58
2024-01-02T04:01:00,0.9512,0.0488,0.9439,0.9584,0.0145,2051.59
2024-01-02T04:02:00,0.9495,0.0505,0.9474,0.9517,0.0043,1465.61
2024-01-02T04:03:00,0.9484,0.0516,0.9415,0.9552,0.0137,1971.46
2024-01-02T04:04:00,0.9525,0.0475,0.946,0.959,0.013,1937.53
2024-01-02T04:05:00,0.9511,0.0489,0.9476,0.9547,0.0071,1131.2
2024-01-02T04:06:00,0.9458,0.0542,0.9435,0.948,0.0045,1940.87
2024-01-02T04:07:00,0.9488,0.0512,0.9471,0.9505,0.0034,2285.89
2024-01-02T04:08:00,0.9485,0.0515,0.9468,0.9502,0.0035,1342.22
2024-01-02T04:09:00,0.9523,0.0477,0.9473,0.9574,0.01,1075.72
2024-01-02T04:10:00,0.9512,0.0488,0.9466,0.9557,0.0091,1749.09
2024-01-02T04:11:00,0.9514,0.0486,0.9451,0.9577,0.0126,2066.96
2024-01-02T04:12:00,0.9506,0.0494,0.9437,0.9575,0.0138,1401.28
2024-01-02T04:13:00,0.9493,0.0507,0.9459,0.9528,0.0069,1260.87
2024-01-02T04:14:00,0.953,0.047,0.9495,0.9565,0.007,1417.5
2024-01-02T04:15:00,0.9532,0.0468,0.9497,0.9568,0.0071,1607.19
2024-01-02T04:16:00,0.9519,0.0481,0.9445,0.9593,0.0147,1752.23
2024-01-02T04:17:00,0.9499,0.0501,0.9466,0.9532,0.0066,1730.63
2024-01-02T04:18:00,0.9512,0.0488,0.9448,0.9575,0.0127,1588.18
2024-01-02T04:19:00,0.9495,0.0505,0.9436,0.9554,0.0118,2459.96
2024-01-02T04:20:00,0.9484,0.0516,0.9423,0.9545,0.0122,1115.39
2024-01-02T04:21:00,0.952,0.048,0.9457,0.9582,0.0125,1414.59
2024-01-02T04:22:00,0.9528,0.0472,0.9455,0.96,0.0144,2149.51
2024-01-02T04:23:00,0.9497,0.0503,0.9478,0.9516,0.0037,1290.76
2024-01-02T04:24:00,0.9519,0.0481,0.945,0.9588,0.0138,1829.85
2024-01-02T04:25:00,0.946,0.054,0.9411,0.9508,0.0097,1231.29
2024-01-02T04:26:00,0.953,0.047,0.9497,0.9563,0.0066,2111.84
2024-01-02T04:27:00,0.9487,0.0513,0.9467,0.9507,0.0041,1308.39
2024-01-02T04:28:00,0.9473,0.0527,0.9442,0.9503,0.006,1855.65
2024-01-02T04:29:00,0.9468,0.0532,0.9418,0.9518,0.01,2145.57
2024-01-02T04:30:00,0.9515,0.0485,0.9496,0.9534,0.0038,2463.4
2024-01-02T04:31:00,0.9517,0.0483,0.9467,0.9566,0.0099,1391.42
2024-01-02T04:32:00,0.9534,0.0466,0.9491,0.9576,0.0085,2277.82
2024-01-02T04:33:00,0.953,0.047,0.946,0.96,0.0141,1902.36
2024-01-02T04:34:00,0.9513,0.0487,0.9454,0.9572,0.0118,2291.36
2024-01-02T04:35:00,0.9503,0.0497,0.9469,0.9538,0.0069,1565.53
2024-01-02T04:36:00,0.9498,0.0502,0.9467,0.9529,0.0062,1752.73
2024-01-02T04:37:00,0.9515,0.0485,0.9497,0.9533,0.0036,1141.82
2024-01-02T04:38:00,0.9503,0.0497,0.9487,0.9519,0.0032,2413.21
2024-01-02T04:39:00,0.9532,0.0468,0.9471,0.9593,0.0122,1390.74
2024-01-02T04:40:00,0.9501,0.0499,0.9448,0.9554,0.0107,2093.39
2024-01-02T04:41:00,0.9512,0.0488,0.9446,0.9578,0.0132,2084.59
2024-01-02T04:42:00,0.9475,0.0525,0.9418,0.9533,0.0114,2285.33
2024-01-02T04:43:00,0.9495,0.0505,0.944,0.9549,0.0109,1604.89
2024-01-02T04:44:00,0.9489,0.0511,0.9471,0.9508,0.0037,1866.58
2024-01-02T04:45:00,0.9476,0.0524,0.9458,0.9494,0.0035,2479.15
2024-01-02T04:46:00,0.9497,0.0503,0.947,0.9523,0.0053,2174.58
2024-01-02T04:47:00,0.9506,0.0494,0.9447,0.9565,0.0119,1355.07
2024-01-02T04:48:00,0.9492,0.0508,0.9433,0.9551,0.0119,2502.88
2024-01-02T04:49:00,0.9521,0.0479,0.9452,0.9589,0.0137,1328.59
2024-01-02T04:50:00,0.9475,0.0525,0.9437,0.9514,0.0077,1517.0
2024-01-02T04:51:00,0.9481,0.0519,0.9462,0.9501,0.0038,2420.14
2024-01-02T04:52:00,0.9463,0.0537,0.943,0.9496,0.0066,1620.74
2024-01-02T04:53:00,0.9507,0.0493,0.9442,0.9572,0.013,2354.91
2024-01-02T04:54:00,0.9514,0.0486,0.9463,0.9564,0.0101,1791.74
2024-01-02T04:55:00,0.9511,0.0489,0.9443,0.958,0.0137,1491.51
2024-01-02T04:56:00,0.9509,0.0491,0.9438,0.9579,0.0141,1754.21
2024-01-02T04:57:00,0.9495,0.0505,0.9464,0.9525,0.0061,2155.54
2024-01-02T04:58:00,0.9493,0.0507,0.9432,0.9554,0.0122,1218.32
2024-01-02T04:59:00,0.9512,0.0488,0.945,0.9573,0.0123,1673.51
2024-01-02T05:00:00,0.9492,0.0508,0.9446,0.9538,0.0092,1629.22
2024-01-02T05:01:00,0.9494,0.0506,0.9469,0.9518,0.0049,1822.42
2024-01-02T05:02:00,0.9485,0.0515,0.947,0.95,0.003,1593.27
2024-01-02T05:03:00,0.9506,0.0494,0.9463,0.955,0.0088,1901.4
2024-01-02T05:04:00,0.9507,0.0493,0.945,0.9563,0.0113,1142.95
2024-01-02T05:05:00,0.9471,0.0529,0.945,0.9491,0.0042,1383.55
2024-01-02T05:06:00,0.9499,0.0501,0.9436,0.9563,0.0127,1398.3
2024-01-02T05:07:00,0.9516,0.0484,0.9461,0.957,0.0109,2062.45
2024-01-02T05:08:00,0.9553,0.0447,0.9526,0.9579,0.0053,1569.14
2024-01-02T05:09:00,0.9478,0.0522,0.9411,0.9546,0.0135,1580.74
2024-01-02T05:10:00,0.9496,0.0504,0.9443,0.9549,0.0106,1960.87
2024-01-02T05:11:00,0.9482,0.0518,0.9457,0.9507,0.005,1593.56
2024-01-02T05:12:00,0.9482,0.0518,0.943,0.9533,0.0103,2310.15
2024-01-02T05:13:00,0.9488,0.0512,0.9472,0.9503,0.0031,1971.4
2024-01-02T05:14:00,0.9517,0.0483,0.9446,0.9588,0.0142,1636.34
2024-01-02T05:15:00,0.9493,0.0507,0.9472,0.9513,0.0041,1475.13
2024-01-02T05:16:00,0.9499,0.0501,0.9429,0.957,0.0141,1173.54
2024-01-02T05:17:00,0.9486,0.0514,0.9432,0.9541,0.011,1560.41
2024-01-02T05:18:00,0.9496,0.0504,0.9465,0.9526,0.0061,1103.57
2024-01-02T05:19:00,0.9481,0.0519,0.9417,0.9546,0.0129,2210.74
2024-01-02T05:20:00,0.952,0.048,0.9486,0.9554,0.0068,1776.2
2024-01-02T05:21:00,0.9497,0.0503,0.9451,0.9542,0.0091,1169.15
2024-01-02T05:22:00,0.9521,0.0479,0.9456,0.9586,0.013,1910.64
2024-01-02T05:23:00,0.9521,0.0479,0.9468,0.9573,0.0104,1848.74
2024-01-02T05:24:00,0.9518,0.0482,0.9499,0.9536,0.0037,2287.68
2024-01-02T05:25:00,0.9497,0.0503,0.9443,0.955,0.0108,1110.48
2024-01-02T05:26:00,0.9493,0.0507,0.9458,0.9528,0.007,1899.96
2024-01-02T05:27:00,0.9504,0.0496,0.9476,0.9533,0.0058,2166.72
2024-01-02T05:28:00,0.9487,0.0513,0.9456,0.9517,0.0061,2140.75
2024-01-02T05:29:00,0.9533,0.0467,0.947,0.9596,0.0126,2345.56
2024-01-02T05:30:00,0.951,0.049,0.9459,0.9562,0.0103,2293.7
2024-01-02T05:31:00,0.9529,0.0471,0.9482,0.9576,0.0094,2244.73
2024-01-02T05:32:00,0.9525,0.0475,0.9454,0.9597,0.0143,1592.13
2024-01-02T05:33:00,0.9515,0.0485,0.9463,0.9567,0.0104,1674.99
2024-01-02T05:34:00,0.953,0.047,0.9501,0.9559,0.0059,2095.29
2024-01-02T05:35:00,0.9514,0.0486,0.9475,0.9554,0.008,1069.12
2024-01-02T05:36:00,0.9497,0.0503,0.9426,0.9567,0.0141,1104.87
2024-01-02T05:37:00,0.9473,0.0527,0.9447,0.9499,0.0052,1315.02
2024-01-02T05:38:00,0.95,0.05,0.9449,0.9551,0.0102,1615.02
2024-01-02T05:39:00,0.9457,0.0543,0.9385,0.9528,0.0143,2006.34
2024-01-02T05:40:00,0.9494,0.0506,0.9444,0.9545,0.0101,2411.89
2024-01-02T05:41:00,0.9473,0.0527,0.9402,0.9545,0.0143,1734.63
2024-01-02T05:42:00,0.95,0.05,0.9433,0.9567,0.0134,1994.9
2024-01-02T05:43:00,0.9491,0.0509,0.9424,0.9559,0.0135,1651.2
2024-01-02T05:44:00,0.9487,0.0513,0.9438,0.9536,0.0097,2280.17
2024-01-02T05:45:00,0.9483,0.0517,0.9435,0.9531,0.0097,1276.45
2024-01-02T05:46:00,0.9524,0.0476,0.9462,0.9586,0.0124,1100.95
2024-01-02T05:47:00,0.9519,0.0481,0.9447,0.959,0.0143,1086.76
2024-01-02T05:48:00,0.9528,0.0472,0.9474,0.9581,0.0107,1433.6
2024-01-02T05:49:00,0.9503,0.0497,0.9471,0.9535,0.0064,1632.77
2024-01-02T05:50:00,0.9554,0.0446,0.9514,0.9595,0.008,1997.77
2024-01-02T05:51:00,0.952,0.048,0.9481,0.956,0.0079,2112.04
2024-01-02T05:52:00,0.9516,0.0484,0.9494,0.9539,0.0045,2283.22
2024-01-02T05:53:00,0.9495,0.0505,0.9436,0.9555,0.0119,1543.13
2024-01-02T05:54:00,0.9504,0.0496,0.9442,0.9565,0.0123,1922.19
2024-01-02T05:55:00,0.9506,0.0494,0.9463,0.9548,0.0085,1719.75
2024-01-02T05:56:00,0.9504,0.0496,0.9471,0.9536,0.0064,1274.98
2024-01-02T05:57:00,0.9474,0.0526,0.9413,0.9536,0.0123,1882.44
2024-01-02T05:58:00,0.9526,0.0474,0.9493,0.9559,0.0066,1677.61
2024-01-02T05:59:00,0.9496,0.0504,0.947,0.9523,0.0053,1138.83
2024-01-02T06:00:00,0.9459,0.0541,0.9438,0.948,0.0042,1262.16
2024-01-02T06:01:00,0.949,0.051,0.9417,0.9562,0.0145,2267.96
2024-01-02T06:02:00,0.9511,0.0489,0.9447,0.9574,0.0128,1821.08
2024-01-02T06:03:00,0.95,0.05,0.948,0.952,0.004,2146.28
2024-01-02T06:04:00,0.9499,0.0501,0.9453,0.9544,0.0091,1646.03
2024-01-02T06:05:00,0.9512,0.0488,0.9493,0.953,0.0037,2249.46
2024-01-02T06:06:00,0.9499,0.0501,0.9467,0.9532,0.0065,2086.65
2024-01-02T06:07:00,0.9492,0.0508,0.9439,0.9546,0.0107,1671.08
2024-01-02T06:08:00,0.9491,0.0509,0.9471,0.9512,0.0041,2099.46
2024-01-02T06:09:00,0.9495,0.0505,0.9421,0.9569,0.0148,1839.11
2024-01-02T06:10:00,0.9481,0.0519,0.9441,0.952,0.0079,1500.98
2024-01-02T06:11:00,0.9499,0.0501,0.9471,0.9527,0.0056,2462.66
2024-01-02T06:12:00,0.9502,0.0498,0.9442,0.9563,0.0121,2493.53
2024-01-02T06:13:00,0.9474,0.0526,0.9458,0.949,0.0032,1639.22
2024-01-02T06:14:00,0.9504,0.0496,0.9438,0.957,0.0131,1940.64
2024-01-02T06:15:00,0.9539,0.0461,0.9513,0.9564,0.0051,2126.48
2024-01-02T06:16:00,0.9531,0.0469,0.948,0.9582,0.0102,1625.08
2024-01-02T06:17:00,0.9509,0.0491,0.9461,0.9557,0.0096,2406.14
2024-01-02T06:18:00,0.9527,0.0473,0.9491,0.9563,0.0072,1354.71
2024-01-02T06:19:00,0.95,0.05,0.9441,0.9559,0.0118,1964.87
2024-01-02T06:20:00,0.9505,0.0495,0.9489,0.952,0.0031,2204.1
2024-01-02T06:21:00,0.9505,0.0495,0.9471,0.9538,0.0067,1355.25
2024-01-02T06:22:00,0.9479,0.0521,0.9426,0.9531,0.0106,1935.66
2024-01-02T06:23:00,0.9475,0.0525,0.9418,0.9532,0.0115,2083.85
2024-01-02T06:24:00,0.9471,0.0529,0.9422,0.9521,0.0099,2469.21
2024-01-02T06:25:00,0.9488,0.0512,0.9414,0.9562,0.0149,2491.95
2024-01-02T06:26:00,0.9476,0.0524,0.9457,0.9496,0.004,2410.71
2024-01-02T06:27:00,0.9501,0.0499,0.9462,0.954,0.0078,1853.5
2024-01-02T06:28:00,0.9507,0.0493,0.948,0.9535,0.0055,1618.44
2024-01-02T06:29:00,0.9541,0.0459,0.9489,0.9593,0.0104,2309.42
2024-01-02T06:30:00,0.9488,0.0512,0.9422,0.9554,0.0133,1793.07
2024-01-02T06:31:00,0.9501,0.0499,0.9438,0.9565,0.0127,1343.36
2024-01-02T06:32:00,0.9488,0.0512,0.9428,0.9548,0.012,1452.17
2024-01-02T06:33:00,0.949,0.051,0.9447,0.9534,0.0087,2057.76
2024-01-02T06:34:00,0.9527,0.0473,0.9489,0.9566,0.0078,1757.51
2024-01-02T06:35:00,0.9524,0.0476,0.9492,0.9555,0.0063,1875.01
2024-01-02T06:36:00,0.9503,0.0497,0.9454,0.9551,0.0096,1813.88
2024-01-02T06:37:00,0.9521,0.0479,0.9501,0.954,0.0039,1904.71
2024-01-02T06:38:00,0.9532,0.0468,0.95,0.9565,0.0064,1510.67
2024-01-02T06:39:00,0.951,0.049,0.9443,0.9576,0.0132,1239.91
2024-01-02T06:40:00,0.9512,0.0488,0.9445,0.9579,0.0133,1648.74
2024-01-02T06:41:00,0.9519,0.0481,0.9453,0.9585,0.0132,2252.34
2024-01-02T06:42:00,0.951,0.049,0.9447,0.9574,0.0127,1622.54
2024-01-02T06:43:00,0.9516,0.0484,0.9474,0.9558,0.0083,1525.01
2024-01-02T06:44:00,0.9492,0.0508,0.9428,0.9555,0.0128,1841.91
2024-01-02T06:45:00,0.9516,0.0484,0.9501,0.9531,0.003,1303.47
2024-01-02T06:46:00,0.952,0.048,0.9465,0.9575,0.011,1077.99
2024-01-02T06:47:00,0.9525,0.0475,0.9478,0.9571,0.0093,2346.09
2024-01-02T06:48:00,0.9533,0.0467,0.951,0.9556,0.0046,2374.44
2024-01-02T06:49:00,0.9544,0.0456,0.9503,0.9585,0.0083,1368.49
2024-01-02T06:50:00,0.9517,0.0483,0.9496,0.9538,0.0043,1139.59
2024-01-02T06:51:00,0.9478,0.0522,0.9458,0.9498,0.004,1528.15
2024-01-02T06:52:00,0.9496,0.0504,0.9424,0.9568,0.0144,2360.12
2024-01-02T06:53:00,0.9489,0.0511,0.9473,0.9504,0.0031,1633.98
2024-01-02T06:54:00,0.9503,0.0497,0.9438,0.9568,0.013,1307.44
2024-01-02T06:55:00,0.9483,0.0517,0.9467,0.9499,0.0032,2355.02
2024-01-02T06:56:00,0.9508,0.0492,0.9443,0.9573,0.013,2026.7
2024-01-02T06:57:00,0.9513,0.0487,0.9476,0.955,0.0074,1994.43
2024-01-02T06:58:00,0.9532,0.0468,0.9462,0.9601,0.0139,1361.89
2024-01-02T06:59:00,0.9525,0.0475,0.9496,0.9555,0.0059,1165.88
2024-01-02T07:00:00,0.9524,0.0476,0.9457,0.9592,0.0135,1734.05
2024-01-02T07:01:00,0.952,0.048,0.9503,0.9537,0.0034,1644.7
2024-01-02T07:02:00,0.9511,0.0489,0.9479,0.9542,0.0062,1590.06
2024-01-02T07:03:00,0.9527,0.0473,0.9482,0.9573,0.009,2135.37
2024-01-02T07:04:00,0.9509,0.0491,0.9472,0.9545,0.0073,1970.84
2024-01-02T07:05:00,0.9543,0.0457,0.9494,0.9592,0.0098,1386.01
2024-01-02T07:06:00,0.9488,0.0512,0.9455,0.9521,0.0066,1163.28
2024-01-02T07:07:00,0.9508,0.0492,0.9456,0.9561,0.0105,1250.17
2024-01-02T07:08:00,0.9496,0.0504,0.9424,0.9568,0.0144,2123.38
2024-01-02T07:09:00,0.9487,0.0513,0.9457,0.9518,0.006,2417.72
2024-01-02T07:10:00,0.9479,0.0521,0.942,0.9538,0.0118,2520.25
2024-01-02T07:11:00,0.9479,0.0521,0.9451,0.9507,0.0056,1227.53
2024-01-02T07:12:00,0.9479,0.0521,0.942,0.9538,0.0117,1192.12
2024-01-02T07:13:00,0.9493,0.0507,0.9437,0.9549,0.0112,2203.43
2024-01-02T07:14:00,0.9485,0.0515,0.9461,0.9509,0.0047,1142.77
2024-01-02T07:15:00,0.9506,0.0494,0.9484,0.9527,0.0043,1775.37
2024-01-02T07:16:00,0.9487,0.0513,0.9452,0.9522,0.007,1285.9
2024-01-02T07:17:00,0.951,0.049,0.9452,0.9567,0.0115,1475.41
2024-01-02T07:18:00,0.9527,0.0473,0.947,0.9585,0.0115,1898.41
2024-01-02T07:19:00,0.9523,0.0477,0.9507,0.9539,0.0032,1636.95
2024-01-02T07:20:00,0.9487,0.0513,0.9419,0.9555,0.0136,1665.49
2024-01-02T07:21:00,0.95,0.05,0.9478,0.9523,0.0045,2431.22
2024-01-02T07:22:00,0.9516,0.0484,0.945,0.9582,0.0132,1522.41
2024-01-02T07:23:00,0.9523,0.0477,0.9486,0.9559,0.0073,2173.16
2024-01-02T07:24:00,0.9513,0.0487,0.946,0.9567,0.0107,1729.75
2024-01-02T07:25:00,0.9487,0.0513,0.9437,0.9538,0.0101,2099.94
2024-01-02T07:26:00,0.9473,0.0527,0.9402,0.9544,0.0142,1659.54
2024-01-02T07:27:00,0.9497,0.0503,0.9473,0.9521,0.0048,2255.66
2024-01-02T07:28:00,0.9506,0.0494,0.9469,0.9543,0.0074,1515.15
2024-01-02T07:29:00,0.9475,0.0525,0.9444,0.9506,0.0062,1213.76
2024-01-02T07:30:00,0.9504,0.0496,0.9436,0.9572,0.0135,1212.99
2024-01-02T07:31:00,0.9512,0.0488,0.9446,0.9579,0.0133,1835.48
2024-01-02T07:32:00,0.9508,0.0492,0.9437,0.9578,0.0142,2313.42
2024-01-02T07:33:00,0.951,0.049,0.9461,0.956,0.01,1703.7
2024-01-02T07:34:00,0.945,0.055,0.9407,0.9493,0.0086,1205.67
2024-01-02T07:35:00,0.9474,0.0526,0.9419,0.953,0.0111,2374.31
2024-01-02T07:36:00,0.9461,0.0539,0.9414,0.9509,0.0095,1698.79
2024-01-02T07:37:00,0.9427,0.0573,0.9401,0.9453,0.0052,2060.01
2024-01-02T07:38:00,0.9418,0.0582,0.9349,0.9487,0.0138,2695.17
2024-01-02T07:39:00,0.9428,0.0572,0.9411,0.9445,0.0034,1200.07
2024-01-02T07:40:00,0.9433,0.0567,0.9389,0.9477,0.0088,2665.86
2024-01-02T07:41:00,0.9463,0.0537,0.9416,0.9511,0.0096,1310.91
2024-01-02T07:42:00,0.9474,0.0526,0.9452,0.9496,0.0044,1885.11
2024-01-02T07:43:00,0.9485,0.0515,0.9466,0.9505,0.0039,1264.34
2024-01-02T07:44:00,0.944,0.056,0.9403,0.9476,0.0073,1763.38
2024-01-02T07:45:00,0.9419,0.0581,0.9385,0.9453,0.0068,1377.67
2024-01-02T07:46:00,0.9483,0.0517,0.9451,0.9516,0.0065,2541.84
2024-01-02T07:47:00,0.9495,0.0505,0.9462,0.9527,0.0065,2071.81
2024-01-02T07:48:00,0.9499,0.0501,0.9455,0.9544,0.009,1271.67
2024-01-02T07:49:00,0.9489,0.0511,0.9439,0.9539,0.01,1134.9
2024-01-02T07:50:00,0.9489,0.0511,0.9435,0.9543,0.0108,1124.18
2024-01-02T07:51:00,0.9472,0.0528,0.9417,0.9527,0.011,2090.0
2024-01-02T07:52:00,0.9454,0.0546,0.9439,0.9469,0.0031,2183.49
2024-01-02T07:53:00,0.9448,0.0552,0.9415,0.9481,0.0066,2230.95
2024-01-02T07:54:00,0.9457,0.0543,0.944,0.9475,0.0036,2286.94
2024-01-02T07:55:00,0.9474,0.0526,0.9429,0.952,0.0092,2099.74
2024-01-02T07:56:00,0.9517,0.0483,0.9476,0.9557,0.0081,1222.57
2024-01-02T07:57:00,0.9494,0.0506,0.9449,0.9539,0.009,1860.42
2024-01-02T07:58:00,0.9489,0.0511,0.9451,0.9527,0.0076,1513.28
2024-01-02T07:59:00,0.9504,0.0496,0.9462,0.9546,0.0084,1446.15
2024-01-02T08:00:00,0.9479,0.0521,0.9411,0.9547,0.0136,2019.92
2024-01-02T08:01:00,0.9466,0.0534,0.9446,0.9486,0.004,1274.13
2024-01-02T08:02:00,0.9486,0.0514,0.9439,0.9533,0.0094,2093.24
2024-01-02T08:03:00,0.9439,0.0561,0.9421,0.9458,0.0037,1764.74
2024-01-02T08:04:00,0.9473,0.0527,0.9431,0.9515,0.0084,1908.8
2024-01-02T08:05:00,0.9468,0.0532,0.9448,0.9489,0.0042,1225.8
2024-01-02T08:06:00,0.9462,0.0538,0.9424,0.9501,0.0076,1900.27
2024-01-02T08:07:00,0.9484,0.0516,0.9426,0.9542,0.0116,1556.85
2024-01-02T08:08:00,0.9499,0.0501,0.946,0.9539,0.0078,1666.92
2024-01-02T08:09:00,0.9491,0.0509,0.9467,0.9516,0.0049,2331.28
2024-01-02T08:10:00,0.9477,0.0523,0.9425,0.953,0.0105,2191.12
2024-01-02T08:11:00,0.9504,0.0496,0.9484,0.9524,0.004,1142.99
2024-01-02T08:12:00,0.9481,0.0519,0.9421,0.9541,0.012,1453.49
2024-01-02T08:13:00,0.9488,0.0512,0.9414,0.9562,0.0149,2103.25
2024-01-02T08:14:00,0.9499,0.0501,0.9441,0.9556,0.0115,1848.84
2024-01-02T08:15:00,0.9499,0.0501,0.947,0.9528,0.0058,1397.49
2024-01-02T08:16:00,0.9445,0.0555,0.938,0.9509,0.0129,1834.12
2024-01-02T08:17:00,0.9461,0.0539,0.9439,0.9483,0.0044,2563.2
2024-01-02T08:18:00,0.9509,0.0491,0.9454,0.9563,0.0109,2430.37
2024-01-02T08:19:00,0.9468,0.0532,0.9398,0.9538,0.014,1723.61
2024-01-02T08:20:00,0.9482,0.0518,0.941,0.9553,0.0143,1422.79
2024-01-02T08:21:00,0.9453,0.0547,0.9427,0.948,0.0053,2042.82
2024-01-02T08:22:00,0.9485,0.0515,0.9453,0.9517,0.0064,1740.95
2024-01-02T08:23:00,0.9444,0.0556,0.9415,0.9474,0.006,1644.88
2024-01-02T08:24:00,0.942,0.058,0.9356,0.9484,0.0128,2537.39
2024-01-02T08:25:00,0.95,0.05,0.9441,0.9559,0.0118,2051.26
2024-01-02T08:26:00,0.9515,0.0485,0.9484,0.9545,0.0061,2264.47
2024-01-02T08:27:00,0.9479,0.0521,0.9437,0.952,0.0083,2278.36
2024-01-02T08:28:00,0.9478,0.0522,0.9419,0.9538,0.0118,1357.36
2024-01-02T08:29:00,0.9487,0.0513,0.9422,0.9551,0.013,1176.96
2024-01-02T08:30:00,0.9477,0.0523,0.942,0.9535,0.0115,1324.49
2024-01-02T08:31:00,0.9513,0.0487,0.9477,0.9549,0.0072,1915.05
2024-01-02T08:32:00,0.9495,0.0505,0.9464,0.9526,0.0061,1555.65
2024-01-02T08:33:00,0.9472,0.0528,0.9445,0.9498,0.0053,2000.42
2024-01-02T08:34:00,0.9474,0.0526,0.9429,0.952,0.009,1121.9
2024-01-02T08:35:00,0.9486,0.0514,0.9423,0.9549,0.0127,2095.61
2024-01-02T08:36:00,0.9501,0.0499,0.9445,0.9557,0.0113,1759.08
2024-01-02T08:37:00,0.9487,0.0513,0.9431,0.9543,0.0112,2235.0
2024-01-02T08:38:00,0.9502,0.0498,0.9475,0.9529,0.0054,1440.41
2024-01-02T08:39:00,0.9506,0.0494,0.9437,0.9574,0.0137,2491.66
2024-01-02T08:40:00,0.9485,0.0515,0.9444,0.9527,0.0083,1231.84
2024-01-02T08:41:00,0.9521,0.0479,0.9459,0.9583,0.0124,2029.43
2024-01-02T08:42:00,0.9521,0.0479,0.9452,0.959,0.0137,1726.19
2024-01-02T08:43:00,0.9505,0.0495,0.9431,0.958,0.0149,1133.28
2024-01-02T08:44:00,0.9523,0.0477,0.9458,0.9589,0.0131,1262.21
2024-01-02T08:45:00,0.9533,0.0467,0.9485,0.9582,0.0097,2260.29
2024-01-02T08:46:00,0.9488,0.0512,0.9464,0.9512,0.0048,1805.28
2024-01-02T08:47:00,0.9492,0.0508,0.9455,0.9528,0.0073,2166.33
2024-01-02T08:48:00,0.948,0.052,0.9454,0.9506,0.0052,2091.22
2024-01-02T08:49:00,0.9495,0.0505,0.9422,0.9567,0.0145,1180.81
2024-01-02T08:50:00,0.9447,0.0553,0.9379,0.9515,0.0137,2230.84
2024-01-02T08:51:00,0.9484,0.0516,0.9434,0.9534,0.01,2044.25
2024-01-02T08:52:00,0.948,0.052,0.9426,0.9534,0.0108,2306.23
2024-01-02T08:53:00,0.9506,0.0494,0.9457,0.9554,0.0097,1973.84
2024-01-02T08:54:00,0.9534,0.0466,0.9466,0.9603,0.0137,2250.46
2024-01-02T08:55:00,0.9494,0.0506,0.9439,0.9549,0.011,2204.15
2024-01-02T08:56:00,0.9497,0.0503,0.9461,0.9533,0.0072,2095.74
2024-01-02T08:57:00,0.948,0.052,0.9416,0.9544,0.0128,1150.59
2024-01-02T08:58:00,0.9512,0.0488,0.9458,0.9567,0.0109,1805.8
2024-01-02T08:59:00,0.9511,0.0489,0.9461,0.956,0.0099,1386.69
2024-01-02T09:00:00,0.9508,0.0492,0.9471,0.9545,0.0074,2051.06
2024-01-02T09:01:00,0.9485,0.0515,0.9451,0.952,0.007,1876.57
2024-01-02T09:02:00,0.949,0.051,0.9471,0.9509,0.0038,1537.84
2024-01-02T09:03:00,0.9535,0.0465,0.9495,0.9574,0.0079,1539.95
2024-01-02T09:04:00,0.9524,0.0476,0.9473,0.9575,0.0102,2455.6
2024-01-02T09:05:00,0.9509,0.0491,0.947,0.9549,0.0079,1732.28
2024-01-02T09:06:00,0.9468,0.0532,0.9401,0.9535,0.0134,1400.59
2024-01-02T09:07:00,0.9482,0.0518,0.9431,0.9534,0.0103,2363.33
2024-01-02T09:08:00,0.9523,0.0477,0.9485,0.956,0.0075,1652.05
2024-01-02T09:09:00,0.9535,0.0465,0.948,0.959,0.011,1678.65
2024-01-02T09:10:00,0.9523,0.0477,0.9491,0.9554,0.0062,1918.29
2024-01-02T09:11:00,0.953,0.047,0.9479,0.9582,0.0103,1776.53
2024-01-02T09:12:00,0.973,0.027,0.9711,0.9749,0.0038,1277.84
2024-01-02T09:13:00,0.9646,0.0354,0.9627,0.9666,0.0039,1804.85
2024-01-02T09:14:00,0.9572,0.0428,0.953,0.9614,0.0084,1849.4
2024-01-02T09:15:00,0.9536,0.0464,0.9499,0.9572,0.0073,1185.15
2024-01-02T09:16:00,0.9498,0.0502,0.943,0.9566,0.0136,1699.49
2024-01-02T09:17:00,0.9496,0.0504,0.943,0.9562,0.0131,1883.16
2024-01-02T09:18:00,0.9499,0.0501,0.9447,0.9551,0.0104,2220.14
2024-01-02T09:19:00,0.9509,0.0491,0.9453,0.9565,0.0111,1254.11
2024-01-02T09:20:00,0.946,0.054,0.9435,0.9484,0.005,2078.02
2024-01-02T09:21:00,0.9479,0.0521,0.9426,0.9532,0.0105,1411.03
2024-01-02T09:22:00,0.9536,0.0464,0.9484,0.9589,0.0105,2255.95
2024-01-02T09:23:00,0.9502,0.0498,0.9468,0.9536,0.0068,1315.4
2024-01-02T09:24:00,0.9489,0.0511,0.9425,0.9554,0.0129,2515.71
2024-01-02T09:25:00,0.9514,0.0486,0.9463,0.9565,0.0103,1191.73
2024-01-02T09:26:00,0.9472,0.0528,0.9419,0.9525,0.0106,2571.29
2024-01-02T09:27:00,0.949,0.051,0.9467,0.9513,0.0046,1830.99
2024-01-02T09:28:00,0.9505,0.0495,0.9486,0.9524,0.0037,2218.41
2024-01-02T09:29:00,0.9465,0.0535,0.9404,0.9527,0.0123,1667.55
2024-01-02T09:30:00,0.9451,0.0549,0.9398,0.9504,0.0106,1517.47
2024-01-02T09:31:00,0.9505,0.0495,0.9451,0.9559,0.0108,2176.02
2024-01-02T09:32:00,0.9525,0.0475,0.9489,0.9561,0.0072,1831.82
2024-01-02T09:33:00,0.9508,0.0492,0.949,0.9526,0.0036,1396.66
2024-01-02T09:34:00,0.9541,0.0459,0.9519,0.9563,0.0044,2009.56
2024-01-02T09:35:00,0.9493,0.0507,0.9441,0.9544,0.0103,1992.05
2024-01-02T09:36:00,0.9504,0.0496,0.9483,0.9524,0.0042,1508.64
2024-01-02T09:37:00,0.9501,0.0499,0.9436,0.9567,0.0131,1237.72
2024-01-02T09:38:00,0.9529,0.0471,0.9505,0.9554,0.0049,2334.11
2024-01-02T09:39:00,0.9503,0.0497,0.9435,0.9571,0.0136,1256.99
2024-01-02T09:40:00,0.9483,0.0517,0.9427,0.9539,0.0112,1466.59
2024-01-02T09:41:00,0.9512,0.0488,0.9462,0.9561,0.0098,1786.04
2024-01-02T09:42:00,0.9505,0.0495,0.944,0.957,0.013,2490.7
2024-01-02T09:43:00,0.949,0.051,0.9444,0.9536,0.0092,2425.77
2024-01-02T09:44:00,0.9498,0.0502,0.9436,0.9559,0.0123,1164.31
2024-01-02T09:45:00,0.949,0.051,0.9436,0.9545,0.0109,2535.81
2024-01-02T09:46:00,0.9494,0.0506,0.9428,0.9561,0.0133,2195.17
2024-01-02T09:47:00,0.9484,0.0516,0.9426,0.9542,0.0116,1760.12
2024-01-02T09:48:00,0.951,0.049,0.944,0.958,0.014,2098.91
2024-01-02T09:49:00,0.9506,0.0494,0.9486,0.9527,0.0041,2045.95
2024-01-02T09:50:00,0.9496,0.0504,0.945,0.9543,0.0093,1430.53
2024-01-02T09:51:00,0.9496,0.0504,0.9424,0.9569,0.0145,1229.53
2024-01-02T09:52:00,0.949,0.051,0.9444,0.9537,0.0093,1801.44
2024-01-02T09:53:00,0.951,0.049,0.948,0.954,0.006,1347.31
2024-01-02T09:54:00,0.9495,0.0505,0.9468,0.9523,0.0055,1629.7
2024-01-02T09:55:00,0.9512,0.0488,0.9463,0.9561,0.0098,1829.02
2024-01-02T09:56:00,0.9523,0.0477,0.9503,0.9543,0.0041,1078.86
2024-01-02T09:57:00,0.9513,0.0487,0.9441,0.9585,0.0145,1406.7
2024-01-02T09:58:00,0.9474,0.0526,0.9429,0.9518,0.009,1849.78
2024-01-02T09:59:00,0.9472,0.0528,0.945,0.9493,0.0043,2423.56
2024-01-02T10:00:00,0.9482,0.0518,0.9434,0.953,0.0096,1348.53
2024-01-02T10:01:00,0.9494,0.0506,0.9445,0.9543,0.0099,1269.59
2024-01-02T10:02:00,0.9463,0.0537,0.9425,0.9501,0.0076,1338.24
2024-01-02T10:03:00,0.9483,0.0517,0.9463,0.9503,0.0041,1798.71
2024-01-02T10:04:00,0.9511,0.0489,0.9464,0.9558,0.0094,1311.76
2024-01-02T10:05:00,0.9539,0.0461,0.9509,0.9568,0.0059,1258.0
2024-01-02T10:06:00,0.952,0.048,0.9457,0.9583,0.0126,1988.03
2024-01-02T10:07:00,0.9549,0.0451,0.9523,0.9576,0.0053,1664.47
2024-01-02T10:08:00,0.947,0.053,0.9417,0.9523,0.0106,1872.59
2024-01-02T10:09:00,0.9475,0.0525,0.9417,0.9533,0.0116,1518.08
2024-01-02T10:10:00,0.9485,0.0515,0.946,0.951,0.0051,2367.55
2024-01-02T10:11:00,0.9518,0.0482,0.9498,0.9538,0.004,1351.33
2024-01-02T10:12:00,0.9562,0.0438,0.9507,0.9617,0.0111,2201.05
2024-01-02T10:13:00,0.9465,0.0535,0.942,0.951,0.0089,1360.02
2024-01-02T10:14:00,0.9498,0.0502,0.9425,0.9571,0.0146,2045.54
2024-01-02T10:15:00,0.9506,0.0494,0.9443,0.957,0.0127,2415.05
2024-01-02T10:16:00,0.9491,0.0509,0.9441,0.9541,0.01,2108.56
2024-01-02T10:17:00,0.9501,0.0499,0.9477,0.9526,0.0049,2343.69
2024-01-02T10:18:00,0.949,0.051,0.9471,0.951,0.004,1244.61
2024-01-02T10:19:00,0.9475,0.0525,0.9435,0.9516,0.0082,2363.42
2024-01-02T10:20:00,0.9477,0.0523,0.9427,0.9526,0.0099,2206.18
2024-01-02T10:21:00,0.9519,0.0481,0.9456,0.9583,0.0128,1539.9
2024-01-02T10:22:00,0.951,0.049,0.9476,0.9544,0.0067,1814.95
2024-01-02T10:23:00,0.953,0.047,0.9513,0.9546,0.0032,1941.07
2024-01-02T10:24:00,0.9553,0.0447,0.9518,0.9589,0.0071,1916.1
2024-01-02T10:25:00,0.95,0.05,0.9483,0.9517,0.0034,1321.74
2024-01-02T10:26:00,0.9536,0.0464,0.9505,0.9568,0.0063,1704.3
2024-01-02T10:27:00,0.9531,0.0469,0.9492,0.9569,0.0077,2336.05
2024-01-02T10:28:00,0.9493,0.0507,0.9426,0.956,0.0134,1852.45
2024-01-02T10:29:00,0.95,0.05,0.9438,0.9563,0.0125,2298.57
2024-01-02T10:30:00,0.9525,0.0475,0.9496,0.9554,0.0058,1308.12
2024-01-02T10:31:00,0.9485,0.0515,0.9459,0.9512,0.0053,2500.77
2024-01-02T10:32:00,0.951,0.049,0.9453,0.9566,0.0112,1743.28
2024-01-02T10:33:00,0.9485,0.0515,0.9449,0.9521,0.0072,1127.75
2024-01-02T10:34:00,0.9512,0.0488,0.9445,0.958,0.0135,2300.04
2024-01-02T10:35:00,0.9503,0.0497,0.9466,0.954,0.0073,1425.96
2024-01-02T10:36:00,0.9519,0.0481,0.9472,0.9567,0.0095,2259.38
2024-01-02T10:37:00,0.9509,0.0491,0.9491,0.9527,0.0036,1146.29
2024-01-02T10:38:00,0.9508,0.0492,0.9438,0.9578,0.014,2363.17
2024-01-02T10:39:00,0.9521,0.0479,0.949,0.9552,0.0062,1185.7
2024-01-02T10:40:00,0.9466,0.0534,0.9427,0.9505,0.0078,1169.78
2024-01-02T10:41:00,0.9514,0.0486,0.9454,0.9575,0.0121,2235.98
2024-01-02T10:42:00,0.9526,0.0474,0.9477,0.9574,0.0097,2353.05
2024-01-02T10:43:00,0.9499,0.0501,0.9441,0.9556,0.0115,2140.82
2024-01-02T10:44:00,0.9511,0.0489,0.9493,0.953,0.0037,1662.78
2024-01-02T10:45:00,0.9518,0.0482,0.9444,0.9592,0.0148,2009.7
2024-01-02T10:46:00,0.9532,0.0468,0.9459,0.9605,0.0147,2018.07
2024-01-02T10:47:00,0.9524,0.0476,0.9499,0.9548,0.005,1592.05
2024-01-02T10:48:00,0.9549,0.0451,0.9521,0.9577,0.0055,1647.14
2024-01-02T10:49:00,0.9511,0.0489,0.9439,0.9583,0.0144,2344.67
2024-01-02T10:50:00,0.9508,0.0492,0.9486,0.953,0.0045,1609.38
2024-01-02T10:51:00,0.9512,0.0488,0.9442,0.9582,0.014,1310.6
2024-01-02T10:52:00,0.9474,0.0526,0.9431,0.9517,0.0087,1121.51
2024-01-02T10:53:00,0.952,0.048,0.9468,0.9571,0.0102,2167.95
2024-01-02T10:54:00,0.9508,0.0492,0.9456,0.956,0.0104,1505.96
2024-01-02T10:55:00,0.95,0.05,0.9452,0.9548,0.0096,1450.7
2024-01-02T10:56:00,0.9489,0.0511,0.9471,0.9507,0.0037,1873.12
2024-01-02T10:57:00,0.9505,0.0495,0.9479,0.9531,0.0052,2030.18
2024-01-02T10:58:00,0.952,0.048,0.9463,0.9576,0.0114,2084.47
2024-01-02T10:59:00,0.9488,0.0512,0.9436,0.9539,0.0102,1286.73
2024-01-02T11:00:00,0.9497,0.0503,0.9424,0.9571,0.0147,1178.31
2024-01-02T11:01:00,0.95,0.05,0.9441,0.9559,0.0118,1504.3
2024-01-02T11:02:00,0.9544,0.0456,0.9528,0.9561,0.0033,1799.12
2024-01-02T11:03:00,0.9512,0.0488,0.9482,0.9542,0.006,2457.4
2024-01-02T11:04:00,0.9532,0.0468,0.9465,0.96,0.0135,1344.49
2024-01-02T11:05:00,0.9511,0.0489,0.9443,0.958,0.0138,2050.97
2024-01-02T11:06:00,0.9503,0.0497,0.948,0.9526,0.0045,2255.3
2024-01-02T11:07:00,0.9498,0.0502,0.9434,0.9561,0.0127,1369.22
2024-01-02T11:08:00,0.9524,0.0476,0.947,0.9578,0.0108,1173.59
2024-01-02T11:09:00,0.9508,0.0492,0.9474,0.9541,0.0067,2178.76
2024-01-02T11:10:00,0.9528,0.0472,0.9507,0.9549,0.0042,1758.03
2024-01-02T11:11:00,0.9525,0.0475,0.9507,0.9543,0.0036,1135.62
2024-01-02T11:12:00,0.9538,0.0462,0.9489,0.9588,0.0099,1631.95
2024-01-02T11:13:00,0.952,0.048,0.9483,0.9558,0.0075,1735.58
2024-01-02T11:14:00,0.9508,0.0492,0.9476,0.9541,0.0065,1464.57
2024-01-02T11:15:00,0.9528,0.0472,0.9489,0.9568,0.0079,2364.5
2024-01-02T11:16:00,0.9522,0.0478,0.9459,0.9584,0.0126,1644.92
2024-01-02T11:17:00,0.9514,0.0486,0.9461,0.9567,0.0106,1550.74
2024-01-02T11:18:00,0.9509,0.0491,0.9447,0.9571,0.0124,2260.05
2024-01-02T11:19:00,0.9475,0.0525,0.943,0.9521,0.0091,1883.95
2024-01-02T11:20:00,0.9488,0.0512,0.9435,0.9542,0.0106,1859.55
2024-01-02T11:21:00,0.9532,0.0468,0.9469,0.9595,0.0125,1985.49
2024-01-02T11:22:00,0.9539,0.0461,0.9502,0.9577,0.0075,1230.14
2024-01-02T11:23:00,0.9528,0.0472,0.946,0.9596,0.0136,2150.24
2024-01-02T11:24:00,0.9513,0.0487,0.9491,0.9535,0.0044,2343.15
2024-01-02T11:25:00,0.9497,0.0503,0.9446,0.9548,0.0102,2307.98
2024-01-02T11:26:00,0.9492,0.0508,0.9456,0.9527,0.0071,1097.79
2024-01-02T11:27:00,0.9531,0.0469,0.9504,0.9558,0.0053,1435.08
2024-01-02T11:28:00,0.949,0.051,0.942,0.956,0.0141,1999.43
2024-01-02T11:29:00,0.9521,0.0479,0.949,0.9552,0.0062,2129.01
2024-01-02T11:30:00,0.9505,0.0495,0.945,0.9559,0.0109,1264.4
2024-01-02T11:31:00,0.9504,0.0496,0.9431,0.9578,0.0147,1380.03
2024-01-02T11:32:00,0.9491,0.0509,0.9418,0.9564,0.0146,1398.18
2024-01-02T11:33:00,0.9502,0.0498,0.9448,0.9556,0.0108,2172.86
2024-01-02T11:34:00,0.9469,0.0531,0.9416,0.9521,0.0105,1740.25
2024-01-02T11:35:00,0.9489,0.0511,0.9447,0.9532,0.0086,2319.21
2024-01-02T11:36:00,0.9486,0.0514,0.9443,0.9529,0.0087,2395.53
2024-01-02T11:37:00,0.9461,0.0539,0.9419,0.9503,0.0083,2400.15
2024-01-02T11:38:00,0.9459,0.0541,0.9405,0.9513,0.0107,2142.24
2024-01-02T11:39:00,0.9462,0.0538,0.9422,0.9503,0.0081,1440.57
2024-01-02T11:40:00,0.9507,0.0493,0.9462,0.9552,0.009,2214.4
2024-01-02T11:41:00,0.9487,0.0513,0.9413,0.9561,0.0148,1158.0
2024-01-02T11:42:00,0.9497,0.0503,0.9461,0.9533,0.0072,1114.8
2024-01-02T11:43:00,0.9478,0.0522,0.9414,0.9541,0.0127,1238.82
2024-01-02T11:44:00,0.9479,0.0521,0.9443,0.9515,0.0071,1534.99
2024-01-02T11:45:00,0.9481,0.0519,0.9419,0.9542,0.0123,2243.97
2024-01-02T11:46:00,0.952,0.048,0.945,0.959,0.014,1297.64
2024-01-02T11:47:00,0.9517,0.0483,0.9478,0.9555,0.0077,1189.74
2024-01-02T11:48:00,0.9515,0.0485,0.9473,0.9556,0.0082,1576.68
2024-01-02T11:49:00,0.9538,0.0462,0.9515,0.9561,0.0045,2243.18
2024-01-02T11:50:00,0.9517,0.0483,0.949,0.9543,0.0053,2272.76
2024-01-02T11:51:00,0.9541,0.0459,0.9516,0.9566,0.0049,1504.67
2024-01-02T11:52:00,0.9523,0.0477,0.9482,0.9565,0.0083,1153.49
2024-01-02T11:53:00,0.9539,0.0461,0.9474,0.9604,0.013,1547.69
2024-01-02T11:54:00,0.9516,0.0484,0.9501,0.9531,0.003,2230.0
2024-01-02T11:55:00,0.9526,0.0474,0.9473,0.9579,0.0106,1540.58
2024-01-02T11:56:00,0.9482,0.0518,0.9429,0.9535,0.0107,1440.91
2024-01-02T11:57:00,0.9509,0.0491,0.9491,0.9526,0.0036,1288.77
2024-01-02T11:58:00,0.9481,0.0519,0.9445,0.9518,0.0073,1568.88
2024-01-02T11:59:00,0.9469,0.0531,0.9397,0.9542,0.0144,2009.35
2024-01-02T12:00:00,0.9488,0.0512,0.9442,0.9534,0.0092,2137.22
2024-01-02T12:01:00,0.9495,0.0505,0.9461,0.9529,0.0069,1518.79
2024-01-02T12:02:00,0.949,0.051,0.9429,0.9551,0.0121,1485.27
2024-01-02T12:03:00,0.9508,0.0492,0.9454,0.9562,0.0108,2108.04
2024-01-02T12:04:00,0.9535,0.0465,0.9504,0.9566,0.0062,1442.19
2024-01-02T12:05:00,0.9491,0.0509,0.9429,0.9553,0.0125,2392.34
2024-01-02T12:06:00,0.9524,0.0476,0.946,0.9588,0.0127,1246.29
2024-01-02T12:07:00,0.9489,0.0511,0.9453,0.9525,0.0072,2394.42
2024-01-02T12:08:00,0.9476,0.0524,0.9454,0.9499,0.0045,1250.99
2024-01-02T12:09:00,0.9502,0.0498,0.9442,0.9562,0.0119,1434.27
2024-01-02T12:10:00,0.9505,0.0495,0.9458,0.9551,0.0093,2084.44
2024-01-02T12:11:00,0.949,0.051,0.9442,0.9537,0.0096,2027.7
2024-01-02T12:12:00,0.9467,0.0533,0.945,0.9485,0.0035,2465.59
2024-01-02T12:13:00,0.9514,0.0486,0.9466,0.9563,0.0096,2145.69
2024-01-02T12:14:00,0.9483,0.0517,0.945,0.9516,0.0065,1204.89
2024-01-02T12:15:00,0.9556,0.0444,0.9538,0.9574,0.0035,2159.54
2024-01-02T12:16:00,0.9552,0.0448,0.9485,0.9619,0.0134,2254.19
2024-01-02T12:17:00,0.9504,0.0496,0.9434,0.9574,0.014,2309.28
2024-01-02T12:18:00,0.9518,0.0482,0.9449,0.9587,0.0138,2130.18
2024-01-02T12:19:00,0.9506,0.0494,0.9452,0.956,0.0108,1575.79
2024-01-02T12:20:00,0.9461,0.0539,0.9437,0.9485,0.0048,1682.97
2024-01-02T12:21:00,0.9482,0.0518,0.9438,0.9526,0.0087,1208.46
2024-01-02T12:22:00,0.9439,0.0561,0.9366,0.9512,0.0147,2382.36
2024-01-02T12:23:00,0.9456,0.0544,0.9403,0.951,0.0107,2253.5
2024-01-02T12:24:00,0.9486,0.0514,0.9436,0.9536,0.01,1861.51
2024-01-02T12:25:00,0.9489,0.0511,0.9445,0.9533,0.0088,1910.44
2024-01-02T12:26:00,0.9518,0.0482,0.95,0.9536,0.0036,2344.29
2024-01-02T12:27:00,0.9494,0.0506,0.943,0.9558,0.0128,2207.92
2024-01-02T12:28:00,0.9507,0.0493,0.9464,0.9549,0.0085,2035.39
2024-01-02T12:29:00,0.9483,0.0517,0.9438,0.9527,0.0089,1391.64
2024-01-02T12:30:00,0.9509,0.0491,0.9473,0.9546,0.0073,2192.02
2024-01-02T12:31:00,0.9512,0.0488,0.945,0.9573,0.0124,1621.83
2024-01-02T12:32:00,0.9494,0.0506,0.9451,0.9538,0.0087,1120.94
2024-01-02T12:33:00,0.9539,0.0461,0.9488,0.9591,0.0103,1421.54
2024-01-02T12:34:00,0.9512,0.0488,0.9474,0.9551,0.0077,1599.54
2024-01-02T12:35:00,0.951,0.049,0.9459,0.9562,0.0103,2172.42
2024-01-02T12:36:00,0.953,0.047,0.9496,0.9564,0.0068,2167.27
2024-01-02T12:37:00,0.9527,0.0473,0.9464,0.9591,0.0126,1736.83
2024-01-02T12:38:00,0.9515,0.0485,0.9461,0.957,0.0109,1515.21
2024-01-02T12:39:00,0.9498,0.0502,0.9438,0.9558,0.012,1903.98
2024-01-02T12:40:00,0.947,0.053,0.9429,0.9511,0.0082,1893.21
2024-01-02T12:41:00,0.9519,0.0481,0.9475,0.9564,0.009,2375.07
2024-01-02T12:42:00,0.9501,0.0499,0.945,0.9552,0.0102,2509.55
2024-01-02T12:43:00,0.9486,0.0514,0.9461,0.951,0.0049,1483.46
2024-01-02T12:44:00,0.9506,0.0494,0.9462,0.9549,0.0087,1561.29
2024-01-02T12:45:00,0.9493,0.0507,0.9472,0.9515,0.0042,1198.69
2024-01-02T12:46:00,0.9495,0.0505,0.9424,0.9565,0.0141,1547.07
2024-01-02T12:47:00,0.9547,0.0453,0.948,0.9615,0.0135,2306.46
2024-01-02T12:48:00,0.9535,0.0465,0.95,0.957,0.007,2207.9
2024-01-02T12:49:00,0.9497,0.0503,0.9429,0.9564,0.0136,2344.85
2024-01-02T12:50:00,0.9491,0.0509,0.944,0.9542,0.0102,1850.5
2024-01-02T12:51:00,0.9518,0.0482,0.9492,0.9543,0.0051,1563.11
2024-01-02T12:52:00,0.9509,0.0491,0.9438,0.9581,0.0143,1543.11
2024-01-02T12:53:00,0.9523,0.0477,0.9489,0.9557,0.0069,2071.31
2024-01-02T12:54:00,0.9505,0.0495,0.9439,0.9571,0.0132,2139.6
2024-01-02T12:55:00,0.949,0.051,0.9471,0.9508,0.0037,1260.07
2024-01-02T12:56:00,0.9513,0.0487,0.9474,0.9553,0.0079,2130.42
2024-01-02T12:57:00,0.9514,0.0486,0.9496,0.9531,0.0035,2464.43
2024-01-02T12:58:00,0.9511,0.0489,0.9487,0.9536,0.0049,1433.44
2024-01-02T12:59:00,0.9535,0.0465,0.9482,0.9588,0.0105,1422.93
2024-01-02T13:00:00,0.9507,0.0493,0.9435,0.958,0.0145,1106.46
2024-01-02T13:01:00,0.9512,0.0488,0.9464,0.956,0.0096,2150.27
2024-01-02T13:02:00,0.9498,0.0502,0.9482,0.9514,0.0031,1327.27
2024-01-02T13:03:00,0.9487,0.0513,0.9471,0.9504,0.0033,1382.95
2024-01-02T13:04:00,0.9504,0.0496,0.9484,0.9525,0.0041,2030.94
2024-01-02T13:05:00,0.9516,0.0484,0.9455,0.9578,0.0123,2150.81
2024-01-02T13:06:00,0.9466,0.0534,0.9417,0.9516,0.0099,2138.2
2024-01-02T13:07:00,0.9501,0.0499,0.9447,0.9556,0.0109,1756.44
2024-01-02T13:08:00,0.9523,0.0477,0.9479,0.9567,0.0088,1733.5
2024-01-02T13:09:00,0.9527,0.0473,0.9469,0.9584,0.0114,1211.28
2024-01-02T13:10:00,0.9519,0.0481,0.9479,0.9559,0.008,2144.87
2024-01-02T13:11:00,0.953,0.047,0.9506,0.9554,0.0048,2270.56
2024-01-02T13:12:00,0.9522,0.0478,0.9479,0.9565,0.0085,1666.82
2024-01-02T13:13:00,0.9507,0.0493,0.9483,0.953,0.0046,1964.12
2024-01-02T13:14:00,0.9528,0.0472,0.9497,0.9559,0.0062,1474.04
2024-01-02T13:15:00,0.9469,0.0531,0.9418,0.952,0.0102,2371.69
2024-01-02T13:16:00,0.947,0.053,0.9445,0.9495,0.005,2025.76
2024-01-02T13:17:00,0.9434,0.0566,0.9402,0.9465,0.0063,1660.39
2024-01-02T13:18:00,0.9516,0.0484,0.9459,0.9574,0.0115,1159.52
2024-01-02T13:19:00,0.9502,0.0498,0.944,0.9563,0.0123,1799.2
2024-01-02T13:20:00,0.9493,0.0507,0.9435,0.9551,0.0116,1403.96
2024-01-02T13:21:00,0.9505,0.0495,0.9437,0.9573,0.0135,1401.4
2024-01-02T13:22:00,0.9479,0.0521,0.9438,0.952,0.0082,2049.86
2024-01-02T13:23:00,0.9482,0.0518,0.9464,0.9499,0.0035,2087.99
2024-01-02T13:24:00,0.9473,0.0527,0.9412,0.9535,0.0123,1834.1
2024-01-02T13:25:00,0.9504,0.0496,0.9455,0.9553,0.0098,1079.22
2024-01-02T13:26:00,0.9475,0.0525,0.9417,0.9532,0.0115,1540.14
2024-01-02T13:27:00,0.9488,0.0512,0.9446,0.953,0.0084,2080.11
2024-01-02T13:28:00,0.9512,0.0488,0.9441,0.9583,0.0142,1824.66
2024-01-02T13:29:00,0.9506,0.0494,0.9481,0.9532,0.0051,2214.41
2024-01-02T13:30:00,0.9505,0.0495,0.9479,0.9532,0.0053,1489.65
2024-01-02T13:31:00,0.9517,0.0483,0.9474,0.956,0.0087,2224.85
2024-01-02T13:32:00,0.9527,0.0473,0.9471,0.9583,0.0111,1669.74
2024-01-02T13:33:00,0.9498,0.0502,0.9441,0.9556,0.0116,2115.48
2024-01-02T13:34:00,0.9493,0.0507,0.9442,0.9544,0.0101,2214.31
2024-01-02T13:35:00,0.9512,0.0488,0.9467,0.9556,0.009,1952.58
2024-01-02T13:36:00,0.9499,0.0501,0.9436,0.9561,0.0124,1972.36
2024-01-02T13:37:00,0.9522,0.0478,0.9493,0.9551,0.0058,1919.62
2024-01-02T13:38:00,0.9476,0.0524,0.9426,0.9526,0.01,1847.44
2024-01-02T13:39:00,0.9513,0.0487,0.9474,0.9552,0.0078,1778.3
2024-01-02T13:40:00,0.9502,0.0498,0.9473,0.9531,0.0058,1588.23
2024-01-02T13:41:00,0.9486,0.0514,0.9439,0.9532,0.0093,2530.47
2024-01-02T13:42:00,0.9498,0.0502,0.9472,0.9524,0.0052,1095.25
2024-01-02T13:43:00,0.9456,0.0544,0.9414,0.9498,0.0084,2004.93
2024-01-02T13:44:00,0.946,0.054,0.9436,0.9485,0.0049,2035.85
2024-01-02T13:45:00,0.9495,0.0505,0.9471,0.9519,0.0049,1512.64
2024-01-02T13:46:00,0.9504,0.0496,0.9443,0.9565,0.0122,1863.06
2024-01-02T13:47:00,0.9477,0.0523,0.9423,0.953,0.0107,2540.55
2024-01-02T13:48:00,0.9498,0.0502,0.9452,0.9545,0.0093,1340.42
2024-01-02T13:49:00,0.9509,0.0491,0.9481,0.9536,0.0056,2296.18
2024-01-02T13:50:00,0.9512,0.0488,0.9467,0.9558,0.0091,1565.08
2024-01-02T13:51:00,0.947,0.053,0.9409,0.953,0.012,1672.48
2024-01-02T13:52:00,0.9464,0.0536,0.939,0.9537,0.0147,1263.17
2024-01-02T13:53:00,0.9486,0.0514,0.9427,0.9544,0.0117,1229.68
2024-01-02T13:54:00,0.9475,0.0525,0.9409,0.954,0.0131,1452.34
2024-01-02T13:55:00,0.9484,0.0516,0.9457,0.9511,0.0054,1117.37
2024-01-02T13:56:00,0.9462,0.0538,0.9424,0.9501,0.0077,2144.74
2024-01-02T13:57:00,0.9469,0.0531,0.9401,0.9538,0.0137,1580.29
2024-01-02T13:58:00,0.9455,0.0545,0.9425,0.9485,0.006,1674.13
2024-01-02T13:59:00,0.9458,0.0542,0.9409,0.9506,0.0097,1693.86
2024-01-02T14:00:00,0.9491,0.0509,0.945,0.9532,0.0082,2364.86
2024-01-02T14:01:00,0.9484,0.0516,0.942,0.9548,0.0128,1109.0
2024-01-02T14:02:00,0.9465,0.0535,0.9411,0.952,0.0109,2387.84
2024-01-02T14:03:00,0.9458,0.0542,0.9389,0.9526,0.0137,1180.36
2024-01-02T14:04:00,0.9456,0.0544,0.939,0.9522,0.0132,2250.84
2024-01-02T14:05:00,0.9459,0.0541,0.9411,0.9507,0.0095,2173.14
2024-01-02T14:06:00,0.948,0.052,0.9411,0.9549,0.0138,2100.94
2024-01-02T14:07:00,0.9509,0.0491,0.9451,0.9566,0.0115,1750.97
2024-01-02T14:08:00,0.9456,0.0544,0.9404,0.9508,0.0103,1943.32
2024-01-02T14:09:00,0.9494,0.0506,0.9461,0.9526,0.0065,1098.22
2024-01-02T14:10:00,0.9479,0.0521,0.9421,0.9538,0.0118,2041.74
2024-01-02T14:11:00,0.9469,0.0531,0.9412,0.9526,0.0114,1419.03
2024-01-02T14:12:00,0.9468,0.0532,0.9432,0.9504,0.0072,2348.23
2024-01-02T14:13:00,0.9463,0.0537,0.9403,0.9523,0.0121,1543.68
2024-01-02T14:14:00,0.9477,0.0523,0.9454,0.95,0.0046,1553.77
2024-01-02T14:15:00,0.9496,0.0504,0.948,0.9512,0.0032,2296.99
2024-01-02T14:16:00,0.9473,0.0527,0.9405,0.9541,0.0137,2082.16
2024-01-02T14:17:00,0.9478,0.0522,0.9439,0.9516,0.0077,1872.91
2024-01-02T14:18:00,0.9424,0.0576,0.9369,0.9479,0.011,2107.3
2024-01-02T14:19:00,0.9439,0.0561,0.9383,0.9496,0.0113,1731.07
2024-01-02T14:20:00,0.9509,0.0491,0.9467,0.9552,0.0085,1415.31
2024-01-02T14:21:00,0.951,0.049,0.9493,0.9526,0.0032,1235.7
2024-01-02T14:22:00,0.9499,0.0501,0.948,0.9518,0.0038,1291.48
2024-01-02T14:23:00,0.9468,0.0532,0.944,0.9495,0.0055,2395.62
2024-01-02T14:24:00,0.9496,0.0504,0.9434,0.9558,0.0124,2260.96
2024-01-02T14:25:00,0.9499,0.0501,0.9463,0.9535,0.0072,1367.41
2024-01-02T14:26:00,0.9479,0.0521,0.9457,0.95,0.0042,1371.32
2024-01-02T14:27:00,0.9494,0.0506,0.9439,0.9549,0.011,1343.92
2024-01-02T14:28:00,0.9512,0.0488,0.9468,0.9556,0.0088,1074.92
2024-01-02T14:29:00,0.9493,0.0507,0.9467,0.9518,0.0051,1591.12
2024-01-02T14:30:00,0.9511,0.0489,0.9477,0.9545,0.0068,1894.5
2024-01-02T14:31:00,0.9532,0.0468,0.9491,0.9574,0.0083,1816.31
2024-01-02T14:32:00,0.9495,0.0505,0.9474,0.9516,0.0042,1109.3
2024-01-02T14:33:00,0.9491,0.0509,0.945,0.9531,0.0081,1346.36
2024-01-02T14:34:00,0.9513,0.0487,0.9482,0.9543,0.0061,1215.94
2024-01-02T14:35:00,0.9518,0.0482,0.95,0.9536,0.0035,2477.66
2024-01-02T14:36:00,0.9517,0.0483,0.9461,0.9574,0.0113,1359.92
2024-01-02T14:37:00,0.9484,0.0516,0.9463,0.9506,0.0043,1787.6
2024-01-02T14:38:00,0.9502,0.0498,0.9448,0.9556,0.0107,1698.39
2024-01-02T14:39:00,0.951,0.049,0.9492,0.9528,0.0037,2053.0
2024-01-02T14:40:00,0.9502,0.0498,0.9436,0.9568,0.0132,1345.51
2024-01-02T14:41:00,0.9486,0.0514,0.9449,0.9524,0.0076,1845.82
2024-01-02T14:42:00,0.9504,0.0496,0.9459,0.9549,0.009,1519.21
2024-01-02T14:43:00,0.947,0.053,0.943,0.951,0.008,2178.74
2024-01-02T14:44:00,0.9495,0.0505,0.9447,0.9544,0.0098,1516.95
2024-01-02T14:45:00,0.9529,0.0471,0.9503,0.9555,0.0052,1263.67
2024-01-02T14:46:00,0.9497,0.0503,0.9457,0.9536,0.0079,1805.7
2024-01-02T14:47:00,0.9517,0.0483,0.9472,0.9561,0.0089,2130.71
2024-01-02T14:48:00,0.9532,0.0468,0.9466,0.9598,0.0132,1413.09
2024-01-02T14:49:00,0.9515,0.0485,0.9491,0.954,0.0049,1539.56
2024-01-02T14:50:00,0.9514,0.0486,0.9486,0.9542,0.0057,1124.72
2024-01-02T14:51:00,0.952,0.048,0.9467,0.9572,0.0105,1654.45
2024-01-02T14:52:00,0.953,0.047,0.9485,0.9575,0.009,1829.83
2024-01-02T14:53:00,0.9482,0.0518,0.9419,0.9545,0.0126,1447.16
2024-01-02T14:54:00,0.9498,0.0502,0.9447,0.9549,0.0102,1711.92
2024-01-02T14:55:00,0.9506,0.0494,0.947,0.9542,0.0072,1507.69
2024-01-02T14:56:00,0.9476,0.0524,0.9446,0.9505,0.0059,2260.66
2024-01-02T14:57:00,0.9474,0.0526,0.9405,0.9544,0.0139,1597.36
2024-01-02T14:58:00,0.946,0.054,0.9421,0.9498,0.0077,2042.99
2024-01-02T14:59:00,0.9449,0.0551,0.9409,0.9489,0.008,1344.36
2024-01-02T15:00:00,0.9489,0.0511,0.9453,0.9525,0.0072,2439.47
2024-01-02T15:01:00,0.9492,0.0508,0.9441,0.9544,0.0103,2091.15
2024-01-02T15:02:00,0.9472,0.0528,0.941,0.9534,0.0124,2291.52
2024-01-02T15:03:00,0.9483,0.0517,0.9464,0.9503,0.0039,2529.43
2024-01-02T15:04:00,0.9482,0.0518,0.9446,0.9518,0.0072,1394.52
2024-01-02T15:05:00,0.9502,0.0498,0.9463,0.9542,0.0078,1846.53
2024-01-02T15:06:00,0.9505,0.0495,0.9489,0.952,0.003,2252.5
2024-01-02T15:07:00,0.9506,0.0494,0.9477,0.9534,0.0057,1859.76
2024-01-02T15:08:00,0.95,0.05,0.9442,0.9559,0.0117,1260.02
2024-01-02T15:09:00,0.9497,0.0503,0.9434,0.9559,0.0124,1581.37
2024-01-02T15:10:00,0.949,0.051,0.942,0.956,0.014,2292.33
2024-01-02T15:11:00,0.9483,0.0517,0.9444,0.9523,0.0079,2090.35
2024-01-02T15:12:00,0.9501,0.0499,0.9485,0.9517,0.0032,1724.84
2024-01-02T15:13:00,0.9492,0.0508,0.9458,0.9527,0.0069,1593.3
2024-01-02T15:14:00,0.9492,0.0508,0.9465,0.9518,0.0054,1252.73
2024-01-02T15:15:00,0.949,0.051,0.9455,0.9525,0.007,2039.1
2024-01-02T15:16:00,0.9498,0.0502,0.9437,0.9558,0.0121,2504.06
2024-01-02T15:17:00,0.9511,0.0489,0.9448,0.9575,0.0127,2457.89
2024-01-02T15:18:00,0.9477,0.0523,0.9428,0.9526,0.0097,2380.99
2024-01-02T15:19:00,0.9482,0.0518,0.9456,0.9507,0.0051,1583.46
2024-01-02T15:20:00,0.9506,0.0494,0.946,0.9552,0.0092,1423.4
2024-01-02T15:21:00,0.9496,0.0504,0.9431,0.9562,0.0131,1431.01
2024-01-02T15:22:00,0.9508,0.0492,0.9453,0.9562,0.0109,1308.15
2024-01-02T15:23:00,0.9534,0.0466,0.9482,0.9586,0.0103,1461.01
2024-01-02T15:24:00,0.9524,0.0476,0.95,0.9549,0.0049,2287.59
2024-01-02T15:25:00,0.9506,0.0494,0.9475,0.9538,0.0063,1474.01
2024-01-02T15:26:00,0.9482,0.0518,0.9425,0.9539,0.0114,2140.57
2024-01-02T15:27:00,0.9492,0.0508,0.9422,0.9561,0.0139,2238.77
2024-01-02T15:28:00,0.9505,0.0495,0.946,0.9549,0.0089,2301.75
2024-01-02T15:29:00,0.9476,0.0524,0.9407,0.9545,0.0138,1133.37
2024-01-02T15:30:00,0.9484,0.0516,0.9434,0.9533,0.0099,2044.58
2024-01-02T15:31:00,0.9515,0.0485,0.9471,0.9559,0.0088,1660.82
2024-01-02T15:32:00,0.9512,0.0488,0.9479,0.9545,0.0067,1340.75
2024-01-02T15:33:00,0.9498,0.0502,0.9431,0.9565,0.0134,1636.47
2024-01-02T15:34:00,0.9525,0.0475,0.9452,0.9597,0.0145,1131.46
2024-01-02T15:35:00,0.9531,0.0469,0.9513,0.9549,0.0036,1424.77
2024-01-02T15:36:00,0.9523,0.0477,0.9499,0.9547,0.0048,1438.01
2024-01-02T15:37:00,0.9494,0.0506,0.9463,0.9526,0.0063,1093.39
2024-01-02T15:38:00,0.9505,0.0495,0.949,0.952,0.003,2116.28
2024-01-02T15:39:00,0.951,0.049,0.9454,0.9565,0.011,1491.85
2024-01-02T15:40:00,0.9505,0.0495,0.948,0.953,0.005,1519.12
2024-01-02T15:41:00,0.9492,0.0508,0.9434,0.9551,0.0117,1340.81
2024-01-02T15:42:00,0.948,0.052,0.9426,0.9535,0.011,2302.3
2024-01-02T15:43:00,0.9454,0.0546,0.9428,0.9479,0.005,1182.51
2024-01-02T15:44:00,0.9475,0.0525,0.9409,0.9542,0.0133,1750.88
2024-01-02T15:45:00,0.9471,0.0529,0.945,0.9493,0.0042,1585.4
2024-01-02T15:46:00,0.9472,0.0528,0.9447,0.9498,0.0051,2189.58
2024-01-02T15:47:00,0.9488,0.0512,0.9458,0.9517,0.0059,1936.92
2024-01-02T15:48:00,0.9514,0.0486,0.9493,0.9535,0.0043,1969.96
2024-01-02T15:49:00,0.9497,0.0503,0.947,0.9525,0.0055,1288.15
2024-01-02T15:50:00,0.9503,0.0497,0.9433,0.9573,0.014,2224.14
2024-01-02T15:51:00,0.9487,0.0513,0.9426,0.9548,0.0122,1475.32
2024-01-02T15:52:00,0.9534,0.0466,0.9515,0.9554,0.0038,2389.2
2024-01-02T15:53:00,0.9501,0.0499,0.9479,0.9524,0.0045,1306.19
2024-01-02T15:54:00,0.9507,0.0493,0.9486,0.9528,0.0043,1770.32
2024-01-02T15:55:00,0.9491,0.0509,0.9429,0.9553,0.0124,1384.58
2024-01-02T15:56:00,0.9518,0.0482,0.9498,0.9539,0.0041,2043.14
2024-01-02T15:57:00,0.9498,0.0502,0.9452,0.9544,0.0092,1295.56
2024-01-02T15:58:00,0.9484,0.0516,0.9429,0.9538,0.0109,1236.25
2024-01-02T15:59:00,0.954,0.046,0.9473,0.9608,0.0135,2154.56
2024-01-02T16:00:00,0.9473,0.0527,0.9426,0.9519,0.0093,2346.89
2024-01-02T16:01:00,0.9418,0.0582,0.9389,0.9448,0.0059,1814.99
2024-01-02T16:02:00,0.9404,0.0596,0.9385,0.9424,0.0039,2255.59
2024-01-02T16:03:00,0.9352,0.0648,0.9278,0.9427,0.0149,1617.85
2024-01-02T16:04:00,0.9341,0.0659,0.9315,0.9366,0.0051,2257.31
2024-01-02T16:05:00,0.9287,0.0713,0.9216,0.9359,0.0142,2219.0
2024-01-02T16:06:00,0.9247,0.0753,0.9196,0.9298,0.0102,2683.85
2024-01-02T16:07:00,0.9159,0.0841,0.9091,0.9227,0.0137,2549.62
2024-01-02T16:08:00,0.9125,0.0875,0.9093,0.9158,0.0065,3142.02
2024-01-02T16:09:00,0.9064,0.0936,0.9021,0.9107,0.0086,2100.69
2024-01-02T16:10:00,0.8993,0.1007,0.8971,0.9015,0.0044,1620.41
2024-01-02T16:11:00,0.8987,0.1013,0.8958,0.9016,0.0058,3187.86
2024-01-02T16:12:00,0.8902,0.1098,0.8866,0.8938,0.0073,2256.75
2024-01-02T16:13:00,0.8878,0.1122,0.8834,0.8921,0.0087,2830.08
2024-01-02T16:14:00,0.8844,0.1156,0.8766,0.8922,0.0156,2444.18
2024-01-02T16:15:00,0.8755,0.1245,0.8691,0.8819,0.0129,3912.49
2024-01-02T16:16:00,0.8717,0.1283,0.8651,0.8782,0.0131,4026.31
2024-01-02T16:17:00,0.8668,0.1332,0.8604,0.8731,0.0127,4075.19
2024-01-02T16:18:00,0.8631,0.1369,0.855,0.8712,0.0162,2679.34
2024-01-02T16:19:00,0.8544,0.1456,0.8515,0.8573,0.0057,4397.15
2024-01-02T16:20:00,0.8531,0.1469,0.8464,0.8598,0.0133,4258.3
2024-01-02T16:21:00,0.848,0.152,0.8439,0.8521,0.0082,3455.49
2024-01-02T16:22:00,0.8457,0.1543,0.8373,0.8542,0.0169,4697.05
2024-01-02T16:23:00,0.8431,0.1569,0.838,0.8482,0.0102,3016.13
2024-01-02T16:24:00,0.8333,0.1667,0.8263,0.8403,0.014,2316.76
2024-01-02T16:25:00,0.8288,0.1712,0.8221,0.8354,0.0134,5009.61
2024-01-02T16:26:00,0.8245,0.1755,0.8181,0.8309,0.0128,4209.21
2024-01-02T16:27:00,0.8189,0.1811,0.8156,0.8223,0.0067,2459.75
2024-01-02T16:28:00,0.8162,0.1838,0.8121,0.8202,0.0081,5260.69
2024-01-02T16:29:00,0.8109,0.1891,0.8044,0.8174,0.013,3201.43
2024-01-02T16:30:00,0.8081,0.1919,0.8005,0.8157,0.0152,4868.24
2024-01-02T16:31:00,0.802,0.198,0.798,0.8059,0.0079,4202.74
2024-01-02T16:32:00,0.7999,0.2001,0.794,0.8057,0.0117,2747.85
2024-01-02T16:33:00,0.7949,0.2051,0.7919,0.7979,0.006,4973.33
2024-01-02T16:34:00,0.7868,0.2132,0.7793,0.7943,0.015,3700.06
2024-01-02T16:35:00,0.7879,0.2121,0.7824,0.7935,0.011,2901.16
2024-01-02T16:36:00,0.7808,0.2192,0.7728,0.7889,0.0162,3252.78
2024-01-02T16:37:00,0.7758,0.2242,0.7711,0.7806,0.0096,5501.92
2024-01-02T16:38:00,0.7731,0.2269,0.7657,0.7805,0.0148,3451.01
2024-01-02T16:39:00,0.7722,0.2278,0.7641,0.7803,0.0162,3660.33
2024-01-02T16:40:00,0.7631,0.2369,0.754,0.7723,0.0183,4652.18
2024-01-02T16:41:00,0.76,0.24,0.7576,0.7623,0.0047,6618.99
2024-01-02T16:42:00,0.7535,0.2465,0.7495,0.7574,0.0079,4776.4
2024-01-02T16:43:00,0.7529,0.2471,0.7445,0.7612,0.0167,6890.81
2024-01-02T16:44:00,0.7488,0.2512,0.7432,0.7545,0.0113,5316.0
2024-01-02T16:45:00,0.742,0.258,0.7344,0.7496,0.0152,6473.15
2024-01-02T16:46:00,0.7421,0.2579,0.7382,0.7461,0.0079,3222.67
2024-01-02T16:47:00,0.7344,0.2656,0.7268,0.7421,0.0154,4634.35
2024-01-02T16:48:00,0.7304,0.2696,0.7283,0.7325,0.0042,3582.54
2024-01-02T16:49:00,0.7332,0.2668,0.7254,0.741,0.0157,5254.9
2024-01-02T16:50:00,0.7293,0.2707,0.7236,0.735,0.0114,7444.56
2024-01-02T16:51:00,0.7234,0.2766,0.7153,0.7315,0.0162,5314.15
2024-01-02T16:52:00,0.7188,0.2812,0.7091,0.7285,0.0194,3904.59
2024-01-02T16:53:00,0.718,0.282,0.7087,0.7274,0.0188,6088.38
2024-01-02T16:54:00,0.7101,0.2899,0.7054,0.7149,0.0094,6125.45
2024-01-02T16:55:00,0.7086,0.2914,0.7051,0.7121,0.007,7260.77
2024-01-02T16:56:00,0.7046,0.2954,0.696,0.7133,0.0172,6673.33
2024-01-02T16:57:00,0.7002,0.2998,0.6919,0.7085,0.0167,3545.71
2024-01-02T16:58:00,0.6944,0.3056,0.6908,0.6979,0.0071,4293.48
2024-01-02T16:59:00,0.6932,0.3068,0.6888,0.6976,0.0087,5731.55
2024-01-02T17:00:00,0.6905,0.3095,0.6863,0.6948,0.0085,5861.93
2024-01-02T17:01:00,0.6879,0.3121,0.6811,0.6948,0.0137,7359.68
2024-01-02T17:02:00,0.6828,0.3172,0.6742,0.6914,0.0172,6937.51
2024-01-02T17:03:00,0.6784,0.3216,0.668,0.6888,0.0208,5872.1
2024-01-02T17:04:00,0.6745,0.3255,0.6714,0.6777,0.0063,6811.53
2024-01-02T17:05:00,0.6727,0.3273,0.6659,0.6794,0.0135,8067.15
2024-01-02T17:06:00,0.6701,0.3299,0.662,0.6781,0.0161,6052.95
2024-01-02T17:07:00,0.6656,0.3344,0.6611,0.6702,0.0091,6730.77
2024-01-02T17:08:00,0.665,0.335,0.6612,0.6687,0.0075,8625.1
2024-01-02T17:09:00,0.6612,0.3388,0.6581,0.6643,0.0062,6690.51
2024-01-02T17:10:00,0.659,0.341,0.6505,0.6675,0.0171,8121.04
2024-01-02T17:11:00,0.6534,0.3466,0.6429,0.6639,0.021,5612.72
2024-01-02T17:12:00,0.6495,0.3505,0.6445,0.6546,0.0101,8705.81
2024-01-02T17:13:00,0.6466,0.3534,0.6427,0.6505,0.0078,4726.24
2024-01-02T17:14:00,0.6427,0.3573,0.6345,0.6509,0.0164,4935.77
2024-01-02T17:15:00,0.6397,0.3603,0.629,0.6504,0.0214,8628.47
2024-01-02T17:16:00,0.6378,0.3622,0.627,0.6485,0.0215,5052.46
2024-01-02T17:17:00,0.6347,0.3653,0.6286,0.6408,0.0122,5746.93
2024-01-02T17:18:00,0.6306,0.3694,0.6236,0.6376,0.014,8791.85
2024-01-02T17:19:00,0.6269,0.3731,0.6202,0.6335,0.0133,7005.27
2024-01-02T17:20:00,0.6271,0.3729,0.6203,0.6338,0.0135,5726.43
2024-01-02T17:21:00,0.6229,0.3771,0.617,0.6289,0.0119,7658.59
2024-01-02T17:22:00,0.6194,0.3806,0.6155,0.6233,0.0077,6810.27
2024-01-02T17:23:00,0.6182,0.3818,0.6156,0.6208,0.0052,6406.25
2024-01-02T17:24:00,0.6163,0.3837,0.6118,0.6208,0.009,9030.6
2024-01-02T17:25:00,0.6142,0.3858,0.6051,0.6234,0.0183,5030.24
2024-01-02T17:26:00,0.6084,0.3916,0.6058,0.6109,0.0051,4974.97
2024-01-02T17:27:00,0.6048,0.3952,0.5976,0.612,0.0144,4761.56
2024-01-02T17:28:00,0.6014,0.3986,0.5987,0.6041,0.0054,7878.04
2024-01-02T17:29:00,0.601,0.399,0.5914,0.6107,0.0193,10249.61
2024-01-02T17:30:00,0.5975,0.4025,0.595,0.6,0.005,6999.01
2024-01-02T17:31:00,0.5917,0.4083,0.5809,0.6025,0.0216,8189.04
2024-01-02T17:32:00,0.5903,0.4097,0.5831,0.5976,0.0146,6587.89
2024-01-02T17:33:00,0.5885,0.4115,0.5807,0.5963,0.0156,7529.16
2024-01-02T17:34:00,0.5847,0.4153,0.5784,0.5911,0.0127,7957.43
2024-01-02T17:35:00,0.584,0.416,0.5764,0.5916,0.0152,7978.6
2024-01-02T17:36:00,0.5786,0.4214,0.5676,0.5895,0.0219,9758.18
2024-01-02T17:37:00,0.5781,0.4219,0.5743,0.5819,0.0076,7274.64
2024-01-02T17:38:00,0.5752,0.4248,0.5683,0.5821,0.0137,9413.87
2024-01-02T17:39:00,0.5713,0.4287,0.5599,0.5827,0.0228,10053.46
2024-01-02T17:40:00,0.5694,0.4306,0.5648,0.574,0.0092,4869.36
2024-01-02T17:41:00,0.5689,0.4311,0.5607,0.5772,0.0165,5903.74
2024-01-02T17:42:00,0.5689,0.4311,0.5588,0.5789,0.0201,5236.09
2024-01-02T17:43:00,0.5634,0.4366,0.5556,0.5712,0.0156,11036.5
2024-01-02T17:44:00,0.5613,0.4387,0.5545,0.568,0.0135,9804.6
2024-01-02T17:45:00,0.5586,0.4414,0.5495,0.5677,0.0183,6666.44
2024-01-02T17:46:00,0.5586,0.4414,0.5487,0.5684,0.0198,11241.4
2024-01-02T17:47:00,0.5563,0.4437,0.5522,0.5604,0.0082,6307.58
2024-01-02T17:48:00,0.5536,0.4464,0.5425,0.5647,0.0223,11285.13
2024-01-02T17:49:00,0.5507,0.4493,0.5453,0.556,0.0108,7364.67
2024-01-02T17:50:00,0.5458,0.4542,0.5394,0.5523,0.013,6816.83
2024-01-02T17:51:00,0.5447,0.4553,0.5393,0.5501,0.0108,9015.85
2024-01-02T17:52:00,0.5431,0.4569,0.5332,0.5529,0.0197,10142.84
2024-01-02T17:53:00,0.5398,0.4602,0.5325,0.5472,0.0147,9305.96
2024-01-02T17:54:00,0.5344,0.4656,0.5239,0.5449,0.021,9923.57
2024-01-02T17:55:00,0.5367,0.4633,0.5303,0.5431,0.0128,11745.76
2024-01-02T17:56:00,0.5351,0.4649,0.5285,0.5417,0.0132,9437.99
2024-01-02T17:57:00,0.5321,0.4679,0.5222,0.542,0.0197,11408.73
2024-01-02T17:58:00,0.5297,0.4703,0.5233,0.5361,0.0128,6858.37
2024-01-02T17:59:00,0.5262,0.4738,0.5205,0.532,0.0115,11904.78
2024-01-02T18:00:00,0.5201,0.4799,0.5093,0.531,0.0216,6023.31
2024-01-02T18:01:00,0.526,0.474,0.5191,0.533,0.014,5396.4
2024-01-02T18:02:00,0.5159,0.4841,0.5071,0.5248,0.0177,11687.82
2024-01-02T18:03:00,0.5166,0.4834,0.5092,0.5241,0.0149,7881.5
2024-01-02T18:04:00,0.5147,0.4853,0.5047,0.5247,0.02,6784.18
2024-01-02T18:05:00,0.5125,0.4875,0.5005,0.5244,0.0238,8014.75
2024-01-02T18:06:00,0.5111,0.4889,0.5003,0.522,0.0216,9702.09
2024-01-02T18:07:00,0.5082,0.4918,0.4977,0.5188,0.0212,10889.32
2024-01-02T18:08:00,0.506,0.494,0.5005,0.5114,0.0109,11901.7
2024-01-02T18:09:00,0.508,0.492,0.5021,0.514,0.0119,10474.43
2024-01-02T18:10:00,0.5042,0.4958,0.5008,0.5077,0.0069,6193.68
2024-01-02T18:11:00,0.5004,0.4996,0.4957,0.5052,0.0095,11812.97
2024-01-02T18:12:00,0.5,0.5,0.4927,0.5074,0.0147,6058.39
2024-01-02T18:13:00,0.4983,0.5017,0.4863,0.5103,0.024,11411.14
2024-01-02T18:14:00,0.4965,0.5035,0.4937,0.4994,0.0057,5877.95
2024-01-02T18:15:00,0.4961,0.5039,0.4907,0.5015,0.0108,9781.98
2024-01-02T18:16:00,0.4918,0.5082,0.4819,0.5018,0.0199,8231.9
2024-01-02T18:17:00,0.4913,0.5087,0.4862,0.4964,0.0102,6766.97
2024-01-02T18:18:00,0.4875,0.5125,0.4811,0.4938,0.0127,6049.12
2024-01-02T18:19:00,0.485,0.515,0.4765,0.4935,0.0169,9401.95
2024-01-02T18:20:00,0.4857,0.5143,0.4741,0.4974,0.0233,8228.25
2024-01-02T18:21:00,0.4862,0.5138,0.4783,0.494,0.0157,9988.82
2024-01-02T18:22:00,0.4834,0.5166,0.4798,0.4869,0.0071,11450.66
2024-01-02T18:23:00,0.48,0.52,0.4681,0.4919,0.0238,7376.64
2024-01-02T18:24:00,0.4788,0.5212,0.4689,0.4887,0.0199,7022.85
2024-01-02T18:25:00,0.4803,0.5197,0.4727,0.4878,0.015,5638.99
2024-01-02T18:26:00,0.4785,0.5215,0.4687,0.4883,0.0197,10820.5
2024-01-02T18:27:00,0.4732,0.5268,0.4632,0.4832,0.02,5535.14
2024-01-02T18:28:00,0.474,0.526,0.4668,0.4811,0.0143,10678.51
2024-01-02T18:29:00,0.4706,0.5294,0.4676,0.4737,0.0062,9786.16
2024-01-02T18:30:00,0.4686,0.5314,0.4613,0.4759,0.0146,11749.4
2024-01-02T18:31:00,0.4669,0.5331,0.4548,0.479,0.0242,11163.85
2024-01-02T18:32:00,0.4649,0.5351,0.4567,0.473,0.0162,10807.74
2024-01-02T18:33:00,0.4648,0.5352,0.4538,0.4758,0.022,10735.41
2024-01-02T18:34:00,0.4576,0.5424,0.4477,0.4675,0.0198,7184.0
2024-01-02T18:35:00,0.454,0.546,0.4422,0.4658,0.0236,6273.72
2024-01-02T18:36:00,0.4507,0.5493,0.4474,0.4541,0.0068,9116.18
2024-01-02T18:37:00,0.4485,0.5515,0.4439,0.4531,0.0092,9426.3
2024-01-02T18:38:00,0.447,0.553,0.4354,0.4587,0.0233,8150.09
2024-01-02T18:39:00,0.4443,0.5557,0.438,0.4506,0.0126,8020.39
2024-01-02T18:40:00,0.4371,0.5629,0.4314,0.4428,0.0114,9406.45
2024-01-02T18:41:00,0.4364,0.5636,0.4284,0.4445,0.0161,10766.49
2024-01-02T18:42:00,0.4329,0.5671,0.422,0.4437,0.0217,8092.79
2024-01-02T18:43:00,0.4285,0.5715,0.4193,0.4377,0.0185,9006.16
2024-01-02T18:44:00,0.4285,0.5715,0.4202,0.4369,0.0167,5734.52
2024-01-02T18:45:00,0.4248,0.5752,0.4184,0.4312,0.0128,5174.36
2024-01-02T18:46:00,0.4249,0.5751,0.4212,0.4285,0.0073,9537.74
2024-01-02T18:47:00,0.4228,0.5772,0.4164,0.4292,0.0128,5475.77
2024-01-02T18:48:00,0.4168,0.5832,0.4084,0.4252,0.0168,6149.26
2024-01-02T18:49:00,0.4147,0.5853,0.4056,0.4237,0.0181,9661.66
2024-01-02T18:50:00,0.407,0.593,0.3988,0.4151,0.0164,6398.77
2024-01-02T18:51:00,0.4078,0.5922,0.3977,0.4179,0.0202,4848.25
2024-01-02T18:52:00,0.4077,0.5923,0.3963,0.419,0.0228,9588.15
2024-01-02T18:53:00,0.4014,0.5986,0.3981,0.4047,0.0065,6310.2
2024-01-02T18:54:00,0.4026,0.5974,0.3926,0.4126,0.02,5936.66
2024-01-02T18:55:00,0.397,0.603,0.3869,0.407,0.0201,8080.93
2024-01-02T18:56:00,0.3969,0.6031,0.3891,0.4048,0.0158,9370.63
2024-01-02T18:57:00,0.3877,0.6123,0.3839,0.3914,0.0076,4918.02
2024-01-02T18:58:00,0.3861,0.6139,0.375,0.3971,0.0221,5561.8
2024-01-02T18:59:00,0.3806,0.6194,0.3733,0.3879,0.0145,6964.92
2024-01-02T19:00:00,0.3802,0.6198,0.3735,0.387,0.0135,9246.29
2024-01-02T19:01:00,0.3799,0.6201,0.3723,0.3876,0.0153,4345.52
2024-01-02T19:02:00,0.3735,0.6265,0.3655,0.3815,0.0159,6030.23
2024-01-02T19:03:00,0.374,0.626,0.3701,0.3779,0.0078,6797.7
2024-01-02T19:04:00,0.372,0.628,0.3637,0.3804,0.0167,7370.51
2024-01-02T19:05:00,0.3699,0.6301,0.3598,0.3799,0.0201,6143.38
2024-01-02T19:06:00,0.3681,0.6319,0.3576,0.3785,0.0209,5088.91
2024-01-02T19:07:00,0.3635,0.6365,0.3551,0.372,0.017,8882.31
2024-01-02T19:08:00,0.3594,0.6406,0.3556,0.3633,0.0078,6345.84
2024-01-02T19:09:00,0.3597,0.6403,0.3499,0.3694,0.0195,6876.11
2024-01-02T19:10:00,0.356,0.644,0.3535,0.3585,0.005,4155.6
2024-01-02T19:11:00,0.3568,0.6432,0.3467,0.367,0.0203,8999.53
2024-01-02T19:12:00,0.3507,0.6493,0.3411,0.3603,0.0192,8310.59
2024-01-02T19:13:00,0.349,0.651,0.3406,0.3574,0.0168,8225.26
2024-01-02T19:14:00,0.3493,0.6507,0.3445,0.3541,0.0096,5073.82
2024-01-02T19:15:00,0.3473,0.6527,0.3446,0.35,0.0054,5924.07
2024-01-02T19:16:00,0.3454,0.6546,0.3417,0.349,0.0073,6492.71
2024-01-02T19:17:00,0.3409,0.6591,0.3332,0.3487,0.0156,6098.39
2024-01-02T19:18:00,0.3345,0.6655,0.3267,0.3422,0.0155,6709.26
2024-01-02T19:19:00,0.3373,0.6627,0.3322,0.3423,0.0101,7734.26
2024-01-02T19:20:00,0.3317,0.6683,0.3212,0.3422,0.021,6147.24
2024-01-02T19:21:00,0.333,0.667,0.3278,0.3382,0.0104,5894.22
2024-01-02T19:22:00,0.3308,0.6692,0.3259,0.3358,0.0099,5782.56
2024-01-02T19:23:00,0.3273,0.6727,0.3188,0.3359,0.0172,8606.71
2024-01-02T19:24:00,0.322,0.678,0.318,0.326,0.008,7389.87
2024-01-02T19:25:00,0.3215,0.6785,0.3192,0.3237,0.0045,5933.11
2024-01-02T19:26:00,0.3182,0.6818,0.3106,0.3258,0.0152,7265.88
2024-01-02T19:27:00,0.3194,0.6806,0.3127,0.3261,0.0135,4649.73
2024-01-02T19:28:00,0.3154,0.6846,0.3098,0.321,0.0112,4848.77
2024-01-02T19:29:00,0.3201,0.6799,0.3144,0.3258,0.0113,3815.86
2024-01-02T19:30:00,0.1997,0.8003,0.194,0.2054,0.0113,4851.34
2024-01-02T19:31:00,0.1925,0.8075,0.1856,0.1993,0.0138,5497.75
2024-01-02T19:32:00,0.1843,0.8157,0.1772,0.1913,0.0141,5448.8
2024-01-02T19:33:00,0.1794,0.8206,0.1753,0.1835,0.0081,4144.41
2024-01-02T19:34:00,0.1749,0.8251,0.1716,0.1782,0.0065,4467.42
2024-01-02T19:35:00,0.1764,0.8236,0.1706,0.1822,0.0116,4311.71
2024-01-02T19:36:00,0.1701,0.8299,0.1668,0.1734,0.0066,2339.64
2024-01-02T19:37:00,0.1695,0.8305,0.1633,0.1758,0.0125,3498.4
2024-01-02T19:38:00,0.1699,0.8301,0.1614,0.1785,0.0171,3630.58
2024-01-02T19:39:00,0.1688,0.8312,0.1602,0.1773,0.0171,4506.85
2024-01-02T19:40:00,0.167,0.833,0.1632,0.1708,0.0075,3827.79
2024-01-02T19:41:00,0.1673,0.8327,0.1608,0.1738,0.013,2715.16
2024-01-02T19:42:00,0.1654,0.8346,0.1595,0.1712,0.0117,2914.49
2024-01-02T19:43:00,0.1646,0.8354,0.1616,0.1676,0.006,3874.6
2024-01-02T19:44:00,0.1617,0.8383,0.1598,0.1636,0.0038,3150.43
2024-01-02T19:45:00,0.1606,0.8394,0.1534,0.1679,0.0145,2924.76
2024-01-02T19:46:00,0.1602,0.8398,0.1571,0.1633,0.0062,2562.92
2024-01-02T19:47:00,0.157,0.843,0.1508,0.1633,0.0124,4912.09
2024-01-02T19:48:00,0.1587,0.8413,0.1503,0.167,0.0167,2827.41
2024-01-02T19:49:00,0.1566,0.8434,0.148,0.1652,0.0171,3180.66
2024-01-02T19:50:00,0.1567,0.8433,0.1502,0.1631,0.0129,4184.94
2024-01-02T19:51:00,0.1537,0.8463,0.1496,0.1578,0.0082,3703.7
2024-01-02T19:52:00,0.1547,0.8453,0.1486,0.1609,0.0123,4270.31
2024-01-02T19:53:00,0.1536,0.8464,0.1457,0.1616,0.0159,2127.38
2024-01-02T19:54:00,0.1553,0.8447,0.1501,0.1604,0.0103,3449.8
2024-01-02T19:55:00,0.1491,0.8509,0.1447,0.1534,0.0087,4036.12
2024-01-02T19:56:00,0.1548,0.8452,0.1521,0.1576,0.0055,3973.31
2024-01-02T19:57:00,0.1503,0.8497,0.1419,0.1587,0.0169,3489.45
2024-01-02T19:58:00,0.1508,0.8492,0.1453,0.1564,0.0112,2303.08
2024-01-02T19:59:00,0.1498,0.8502,0.1436,0.1561,0.0125,3861.57
2024-01-02T20:00:00,0.1508,0.8492,0.1489,0.1527,0.0037,4681.56
2024-01-02T20:01:00,0.1506,0.8494,0.1426,0.1585,0.0159,2670.07
2024-01-02T20:02:00,0.1477,0.8523,0.1434,0.152,0.0087,2378.0
2024-01-02T20:03:00,0.1509,0.8491,0.1437,0.158,0.0143,3654.82
2024-01-02T20:04:00,0.1488,0.8512,0.1435,0.1542,0.0107,2709.66
2024-01-02T20:05:00,0.1465,0.8535,0.1384,0.1546,0.0163,4404.18
2024-01-02T20:06:00,0.1455,0.8545,0.1418,0.1491,0.0073,3310.28
2024-01-02T20:07:00,0.1429,0.8571,0.1353,0.1506,0.0153,2332.08
2024-01-02T20:08:00,0.1423,0.8577,0.1341,0.1506,0.0165,2982.24
2024-01-02T20:09:00,0.1468,0.8532,0.142,0.1517,0.0097,3290.39
2024-01-02T20:10:00,0.148,0.852,0.1439,0.152,0.0081,2366.63
2024-01-02T20:11:00,0.1424,0.8576,0.1365,0.1484,0.0119,3198.52
2024-01-02T20:12:00,0.1427,0.8573,0.1387,0.1467,0.008,3586.9
2024-01-02T20:13:00,0.144,0.856,0.1387,0.1492,0.0106,2343.76
2024-01-02T20:14:00,0.1371,0.8629,0.1333,0.1408,0.0074,3300.28
2024-01-02T20:15:00,0.1395,0.8605,0.1318,0.1471,0.0153,2779.41
2024-01-02T20:16:00,0.1379,0.8621,0.1361,0.1396,0.0035,2543.87
2024-01-02T20:17:00,0.1384,0.8616,0.1318,0.1451,0.0133,3510.65
2024-01-02T20:18:00,0.1376,0.8624,0.1305,0.1447,0.0141,4410.07
2024-01-02T20:19:00,0.1364,0.8636,0.1325,0.1404,0.0079,4168.72
2024-01-02T20:20:00,0.1376,0.8624,0.1339,0.1414,0.0075,4327.72
2024-01-02T20:21:00,0.1382,0.8618,0.1344,0.1419,0.0075,4342.89
2024-01-02T20:22:00,0.1346,0.8654,0.1283,0.141,0.0127,3568.96
2024-01-02T20:23:00,0.1336,0.8664,0.1314,0.1357,0.0043,3182.73
2024-01-02T20:24:00,0.1331,0.8669,0.1282,0.138,0.0098,3770.02
2024-01-02T20:25:00,0.1349,0.8651,0.1284,0.1413,0.0129,3182.07
2024-01-02T20:26:00,0.1335,0.8665,0.1252,0.1418,0.0166,2217.77
2024-01-02T20:27:00,0.1298,0.8702,0.1236,0.136,0.0123,2659.0
2024-01-02T20:28:00,0.1285,0.8715,0.123,0.1341,0.0111,1867.06
2024-01-02T20:29:00,0.1251,0.8749,0.1212,0.129,0.0078,4075.72
2024-01-02T20:30:00,0.1261,0.8739,0.1178,0.1344,0.0166,3306.27
2024-01-02T20:31:00,0.1266,0.8734,0.1192,0.1339,0.0147,3174.92
2024-01-02T20:32:00,0.1257,0.8743,0.1237,0.1277,0.004,2725.3
2024-01-02T20:33:00,0.1239,0.8761,0.1211,0.1267,0.0056,2138.51
2024-01-02T20:34:00,0.1253,0.8747,0.1213,0.1292,0.0078,3573.18
2024-01-02T20:35:00,0.1226,0.8774,0.115,0.1302,0.0152,2930.48
2024-01-02T20:36:00,0.1234,0.8766,0.1182,0.1286,0.0104,3058.88
2024-01-02T20:37:00,0.1236,0.8764,0.117,0.1303,0.0133,2868.73
2024-01-02T20:38:00,0.1246,0.8754,0.1211,0.1282,0.0071,3319.98
2024-01-02T20:39:00,0.121,0.879,0.1169,0.1251,0.0083,2656.8
2024-01-02T20:40:00,0.1275,0.8725,0.1231,0.1319,0.0088,2832.54
2024-01-02T20:41:00,0.1228,0.8772,0.12,0.1255,0.0055,2187.27
2024-01-02T20:42:00,0.1208,0.8792,0.1145,0.1271,0.0126,2705.48
2024-01-02T20:43:00,0.1217,0.8783,0.116,0.1274,0.0114,1963.85
2024-01-02T20:44:00,0.1179,0.8821,0.1143,0.1215,0.0072,2507.92
2024-01-02T20:45:00,0.1198,0.8802,0.1151,0.1244,0.0093,2028.98
2024-01-02T20:46:00,0.1146,0.8854,0.1121,0.1172,0.005,2069.4
2024-01-02T20:47:00,0.1169,0.8831,0.1107,0.1232,0.0125,3637.79
2024-01-02T20:48:00,0.1163,0.8837,0.1122,0.1205,0.0083,3208.45
2024-01-02T20:49:00,0.1155,0.8845,0.1075,0.1235,0.016,3099.7
2024-01-02T20:50:00,0.1159,0.8841,0.1128,0.119,0.0063,2492.63
2024-01-02T20:51:00,0.118,0.882,0.1122,0.1238,0.0116,2381.85
2024-01-02T20:52:00,0.1192,0.8808,0.1129,0.1255,0.0125,1858.69
2024-01-02T20:53:00,0.1122,0.8878,0.1063,0.1181,0.0118,2108.93
2024-01-02T20:54:00,0.1121,0.8879,0.1078,0.1163,0.0085,1963.03
2024-01-02T20:55:00,0.1097,0.8903,0.1035,0.1158,0.0123,2348.2
2024-01-02T20:56:00,0.1109,0.8891,0.1059,0.1159,0.01,2450.55
2024-01-02T20:57:00,0.1118,0.8882,0.1068,0.1168,0.01,3530.91
2024-01-02T20:58:00,0.114,0.886,0.1118,0.1162,0.0044,1825.0
2024-01-02T20:59:00,0.1089,0.8911,0.1043,0.1134,0.0091,2161.91
2024-01-02T21:00:00,0.113,0.887,0.1099,0.1161,0.0062,3711.22
2024-01-02T21:01:00,0.1156,0.8844,0.1099,0.1213,0.0114,2057.7
2024-01-02T21:02:00,0.1122,0.8878,0.1079,0.1164,0.0085,2911.51
2024-01-02T21:03:00,0.1105,0.8895,0.1028,0.1183,0.0155,3209.73
2024-01-02T21:04:00,0.1068,0.8932,0.1003,0.1133,0.013,1742.17
2024-01-02T21:05:00,0.109,0.891,0.1017,0.1163,0.0146,3825.85
2024-01-02T21:06:00,0.1116,0.8884,0.1045,0.1188,0.0144,2162.34
2024-01-02T21:07:00,0.1058,0.8942,0.1009,0.1106,0.0097,3445.82
2024-01-02T21:08:00,0.1047,0.8953,0.0995,0.1099,0.0104,2497.53
2024-01-02T21:09:00,0.106,0.894,0.1007,0.1112,0.0105,2419.51
2024-01-02T21:10:00,0.1051,0.8949,0.1022,0.108,0.0057,1896.35
2024-01-02T21:11:00,0.1037,0.8963,0.1018,0.1057,0.0039,3114.23
2024-01-02T21:12:00,0.102,0.898,0.0945,0.1094,0.0149,1624.57
2024-01-02T21:13:00,0.1042,0.8958,0.1024,0.1059,0.0035,1662.33
2024-01-02T21:14:00,0.1055,0.8945,0.1009,0.11,0.0091,2750.57
2024-01-02T21:15:00,0.1041,0.8959,0.0991,0.109,0.0099,1861.32
2024-01-02T21:16:00,0.1058,0.8942,0.1027,0.109,0.0063,2307.26
2024-01-02T21:17:00,0.0993,0.9007,0.0974,0.1011,0.0037,3314.34
2024-01-02T21:18:00,0.1038,0.8962,0.0994,0.1082,0.0088,2135.58
2024-01-02T21:19:00,0.1009,0.8991,0.0938,0.108,0.0142,2759.54
2024-01-02T21:20:00,0.0962,0.9038,0.0933,0.0991,0.0057,2277.94
2024-01-02T21:21:00,0.0987,0.9013,0.0966,0.1008,0.0042,3089.97
2024-01-02T21:22:00,0.0958,0.9042,0.0934,0.0982,0.0048,3231.91
2024-01-02T21:23:00,0.0993,0.9007,0.0937,0.1049,0.0112,2627.84
2024-01-02T21:24:00,0.0976,0.9024,0.0913,0.104,0.0127,3278.8
2024-01-02T21:25:00,0.0998,0.9002,0.0928,0.1068,0.014,1704.03
2024-01-02T21:26:00,0.1007,0.8993,0.0943,0.1071,0.0128,2254.49
2024-01-02T21:27:00,0.099,0.901,0.0956,0.1024,0.0067,2207.87
2024-01-02T21:28:00,0.0989,0.9011,0.0972,0.1005,0.0033,3073.01
2024-01-02T21:29:00,0.0986,0.9014,0.0945,0.1027,0.0082,2851.55
2024-01-02T21:30:00,0.0969,0.9031,0.0902,0.1035,0.0133,2551.52
2024-01-02T21:31:00,0.0976,0.9024,0.0924,0.1028,0.0105,1933.53
2024-01-02T21:32:00,0.1001,0.8999,0.0969,0.1034,0.0065,2143.27
2024-01-02T21:33:00,0.1019,0.8981,0.0996,0.1042,0.0046,2557.5
2024-01-02T21:34:00,0.0996,0.9004,0.0917,0.1074,0.0157,3449.71
2024-01-02T21:35:00,0.0978,0.9022,0.0921,0.1035,0.0115,3381.98
2024-01-02T21:36:00,0.0954,0.9046,0.0908,0.1,0.0092,3347.39
2024-01-02T21:37:00,0.0926,0.9074,0.0883,0.0969,0.0086,2850.06
2024-01-02T21:38:00,0.0958,0.9042,0.0933,0.0982,0.0049,3331.04
2024-01-02T21:39:00,0.0923,0.9077,0.088,0.0966,0.0086,3144.22
2024-01-02T21:40:00,0.0932,0.9068,0.0867,0.0998,0.0131,3463.2
2024-01-02T21:41:00,0.0934,0.9066,0.0889,0.0979,0.009,3060.64
2024-01-02T21:42:00,0.0934,0.9066,0.0874,0.0995,0.0121,1808.53
2024-01-02T21:43:00,0.0909,0.9091,0.0872,0.0946,0.0073,1635.94
2024-01-02T21:44:00,0.0905,0.9095,0.084,0.0969,0.0128,2302.22
2024-01-02T21:45:00,0.0879,0.9121,0.0812,0.0947,0.0135,3099.09
2024-01-02T21:46:00,0.0871,0.9129,0.0792,0.0949,0.0156,2893.95
2024-01-02T21:47:00,0.0908,0.9092,0.0859,0.0957,0.0099,2617.99
2024-01-02T21:48:00,0.0908,0.9092,0.0835,0.0982,0.0146,2961.44
2024-01-02T21:49:00,0.0891,0.9109,0.0833,0.0949,0.0116,2190.82
2024-01-02T21:50:00,0.0916,0.9084,0.084,0.0992,0.0152,2687.76
2024-01-02T21:51:00,0.092,0.908,0.0875,0.0964,0.0089,3348.94
2024-01-02T21:52:00,0.0888,0.9112,0.087,0.0907,0.0037,2796.99
2024-01-02T21:53:00,0.092,0.908,0.0858,0.0981,0.0123,2460.83
2024-01-02T21:54:00,0.0878,0.9122,0.0802,0.0955,0.0153,2631.68
2024-01-02T21:55:00,0.0871,0.9129,0.0812,0.0931,0.0119,1492.78
2024-01-02T21:56:00,0.0881,0.9119,0.0811,0.0952,0.0141,1918.94
2024-01-02T21:57:00,0.0858,0.9142,0.0836,0.088,0.0044,2360.09
2024-01-02T21:58:00,0.0851,0.9149,0.0797,0.0905,0.0108,1898.55
2024-01-02T21:59:00,0.0854,0.9146,0.0804,0.0905,0.0101,2943.95
2024-01-02T22:00:00,0.0874,0.9126,0.0846,0.0902,0.0056,1569.87
2024-01-02T22:01:00,0.0871,0.9129,0.0813,0.0928,0.0116,2969.06
2024-01-02T22:02:00,0.0861,0.9139,0.0787,0.0934,0.0147,3211.82
2024-01-02T22:03:00,0.0847,0.9153,0.0831,0.0863,0.0033,3104.71
2024-01-02T22:04:00,0.0843,0.9157,0.0795,0.0891,0.0096,1417.85
2024-01-02T22:05:00,0.0834,0.9166,0.0792,0.0876,0.0084,2152.09
2024-01-02T22:06:00,0.0778,0.9222,0.076,0.0797,0.0037,2963.0
2024-01-02T22:07:00,0.0804,0.9196,0.0746,0.0862,0.0116,1476.23
2024-01-02T22:08:00,0.076,0.924,0.0707,0.0814,0.0107,1418.67
2024-01-02T22:09:00,0.0792,0.9208,0.0761,0.0823,0.0062,2120.16
2024-01-02T22:10:00,0.082,0.918,0.0758,0.0881,0.0123,1770.16
2024-01-02T22:11:00,0.082,0.918,0.0766,0.0874,0.0107,1937.06
2024-01-02T22:12:00,0.0845,0.9155,0.0782,0.0908,0.0125,1453.72
2024-01-02T22:13:00,0.0858,0.9142,0.0804,0.0912,0.0108,2169.23
2024-01-02T22:14:00,0.0857,0.9143,0.0811,0.0903,0.0093,3048.09
2024-01-02T22:15:00,0.0819,0.9181,0.0789,0.085,0.0061,3130.82
2024-01-02T22:16:00,0.0795,0.9205,0.0775,0.0815,0.004,2323.45
2024-01-02T22:17:00,0.0764,0.9236,0.074,0.0787,0.0047,1764.17
2024-01-02T22:18:00,0.0708,0.9292,0.0647,0.077,0.0123,1788.0
2024-01-02T22:19:00,0.0698,0.9302,0.0631,0.0765,0.0133,2661.64
2024-01-02T22:20:00,0.066,0.934,0.0615,0.0705,0.0089,1951.63
2024-01-02T22:21:00,0.0649,0.9351,0.0592,0.0706,0.0114,1552.89
2024-01-02T22:22:00,0.0598,0.9402,0.0555,0.064,0.0085,2226.86
2024-01-02T22:23:00,0.0584,0.9416,0.0547,0.0621,0.0074,2687.14
2024-01-02T22:24:00,0.0535,0.9465,0.0502,0.0569,0.0067,2423.91
2024-01-02T22:25:00,0.0499,0.9501,0.0464,0.0533,0.0069,2184.6
2024-01-02T22:26:00,0.052,0.948,0.0478,0.0563,0.0086,1988.16
2024-01-02T22:27:00,0.0505,0.9495,0.0435,0.0576,0.014,1424.6
2024-01-02T22:28:00,0.0497,0.9503,0.0467,0.0528,0.0061,1876.07
2024-01-02T22:29:00,0.0474,0.9526,0.0433,0.0515,0.0082,2037.41
2024-01-02T22:30:00,0.0531,0.9469,0.0482,0.0579,0.0096,1432.56
2024-01-02T22:31:00,0.0507,0.9493,0.0479,0.0535,0.0056,2473.67
2024-01-02T22:32:00,0.0518,0.9482,0.0449,0.0587,0.0138,1706.49
2024-01-02T22:33:00,0.0545,0.9455,0.0471,0.062,0.0149,1417.37
2024-01-02T22:34:00,0.0494,0.9506,0.0459,0.053,0.0071,2253.51
2024-01-02T22:35:00,0.0512,0.9488,0.0445,0.0579,0.0134,1556.25
2024-01-02T22:36:00,0.0501,0.9499,0.0471,0.053,0.0059,2482.2
2024-01-02T22:37:00,0.05,0.95,0.0437,0.0563,0.0127,1710.93
2024-01-02T22:38:00,0.0489,0.9511,0.0449,0.0528,0.0079,1308.85
2024-01-02T22:39:00,0.0469,0.9531,0.0448,0.049,0.0043,1062.02
2024-01-02T22:40:00,0.0494,0.9506,0.0445,0.0543,0.0098,1296.28
2024-01-02T22:41:00,0.0494,0.9506,0.0457,0.0531,0.0074,2353.85
2024-01-02T22:42:00,0.0515,0.9485,0.0483,0.0547,0.0064,2228.55
2024-01-02T22:43:00,0.047,0.953,0.0446,0.0493,0.0047,1298.44
2024-01-02T22:44:00,0.0484,0.9516,0.0445,0.0523,0.0078,1417.16
2024-01-02T22:45:00,0.0484,0.9516,0.0457,0.0511,0.0054,1480.42
2024-01-02T22:46:00,0.0451,0.9549,0.0434,0.0467,0.0033,1856.95
2024-01-02T22:47:00,0.0524,0.9476,0.0504,0.0545,0.0041,1789.27
2024-01-02T22:48:00,0.0525,0.9475,0.0501,0.0549,0.0048,2243.71
2024-01-02T22:49:00,0.0506,0.9494,0.047,0.0542,0.0071,2457.19
2024-01-02T22:50:00,0.0477,0.9523,0.0407,0.0547,0.014,1802.33
2024-01-02T22:51:00,0.0511,0.9489,0.0448,0.0574,0.0125,2222.91
2024-01-02T22:52:00,0.0517,0.9483,0.0468,0.0567,0.0099,1236.24
2024-01-02T22:53:00,0.0489,0.9511,0.042,0.0558,0.0138,1932.09
2024-01-02T22:54:00,0.0487,0.9513,0.0461,0.0514,0.0053,1401.06
2024-01-02T22:55:00,0.052,0.948,0.0447,0.0594,0.0147,1485.9
2024-01-02T22:56:00,0.0508,0.9492,0.0436,0.0581,0.0145,2399.97
2024-01-02T22:57:00,0.0486,0.9514,0.0472,0.0501,0.003,2312.54
2024-01-02T22:58:00,0.0491,0.9509,0.0419,0.0563,0.0144,2394.82
2024-01-02T22:59:00,0.0474,0.9526,0.0413,0.0534,0.0122,1943.88
2024-01-02T23:00:00,0.0463,0.9537,0.0401,0.0526,0.0125,1263.56
2024-01-02T23:01:00,0.0509,0.9491,0.0482,0.0536,0.0054,1585.17
2024-01-02T23:02:00,0.0512,0.9488,0.049,0.0533,0.0043,1410.57
2024-01-02T23:03:00,0.0494,0.9506,0.0436,0.0552,0.0115,2343.56
2024-01-02T23:04:00,0.0511,0.9489,0.0447,0.0575,0.0128,2219.47
2024-01-02T23:05:00,0.05,0.95,0.0441,0.0559,0.0118,1776.26
2024-01-02T23:06:00,0.0473,0.9527,0.0432,0.0515,0.0083,1475.25
2024-01-02T23:07:00,0.0489,0.9511,0.0467,0.0511,0.0044,2069.55
2024-01-02T23:08:00,0.0514,0.9486,0.0466,0.0563,0.0098,2436.23
2024-01-02T23:09:00,0.0519,0.9481,0.0486,0.0551,0.0064,2094.07
2024-01-02T23:10:00,0.05,0.95,0.0451,0.0548,0.0098,2512.99
2024-01-02T23:11:00,0.0501,0.9499,0.0456,0.0546,0.009,1504.22
2024-01-02T23:12:00,0.0502,0.9498,0.0432,0.0572,0.014,1935.45
2024-01-02T23:13:00,0.049,0.951,0.0418,0.0561,0.0143,1736.47
2024-01-02T23:14:00,0.0505,0.9495,0.046,0.0549,0.0089,2493.63
2024-01-02T23:15:00,0.0496,0.9504,0.0447,0.0546,0.01,1155.92
2024-01-02T23:16:00,0.0497,0.9503,0.0457,0.0538,0.0081,1756.12
2024-01-02T23:17:00,0.0494,0.9506,0.0433,0.0555,0.0123,1654.24
2024-01-02T23:18:00,0.0489,0.9511,0.0422,0.0556,0.0135,2346.56
2024-01-02T23:19:00,0.05,0.95,0.0435,0.0565,0.0129,2034.69
2024-01-02T23:20:00,0.0494,0.9506,0.0422,0.0567,0.0145,1379.02
2024-01-02T23:21:00,0.0504,0.9496,0.045,0.0557,0.0107,1660.0
2024-01-02T23:22:00,0.048,0.952,0.0418,0.0542,0.0124,1323.44
2024-01-02T23:23:00,0.0486,0.9514,0.0446,0.0527,0.0081,1363.65
2024-01-02T23:24:00,0.0494,0.9506,0.0453,0.0535,0.0082,1453.21
2024-01-02T23:25:00,0.0516,0.9484,0.0474,0.0557,0.0084,1524.45
2024-01-02T23:26:00,0.0513,0.9487,0.0447,0.0579,0.0132,1185.91
2024-01-02T23:27:00,0.049,0.951,0.0434,0.0546,0.0112,1220.42
2024-01-02T23:28:00,0.0522,0.9478,0.0507,0.0537,0.003,2040.53
2024-01-02T23:29:00,0.0518,0.9482,0.0499,0.0537,0.0038,1973.29
2024-01-02T23:30:00,0.0522,0.9478,0.0506,0.0539,0.0033,2526.51
2024-01-02T23:31:00,0.0513,0.9487,0.0443,0.0583,0.0141,2062.05
2024-01-02T23:32:00,0.0502,0.9498,0.0447,0.0556,0.0109,2397.66
2024-01-02T23:33:00,0.0522,0.9478,0.0493,0.0551,0.0059,1769.99
2024-01-02T23:34:00,0.0496,0.9504,0.0427,0.0565,0.0138,1548.58
2024-01-02T23:35:00,0.0498,0.9502,0.0446,0.0551,0.0105,1610.05
2024-01-02T23:36:00,0.0468,0.9532,0.0418,0.0519,0.01,1286.24
2024-01-02T23:37:00,0.0492,0.9508,0.0443,0.0542,0.0099,1092.0
2024-01-02T23:38:00,0.0501,0.9499,0.0456,0.0546,0.009,1295.59
2024-01-02T23:39:00,0.0511,0.9489,0.049,0.0531,0.0041,2127.93
2024-01-02T23:40:00,0.051,0.949,0.0467,0.0553,0.0085,2135.22
2024-01-02T23:41:00,0.0508,0.9492,0.0475,0.0542,0.0067,1183.36
2024-01-02T23:42:00,0.0503,0.9497,0.0457,0.0549,0.0092,1926.08
2024-01-02T23:43:00,0.0521,0.9479,0.0496,0.0545,0.0048,2211.55
2024-01-02T23:44:00,0.0492,0.9508,0.0418,0.0566,0.0148,1422.96
2024-01-02T23:45:00,0.0509,0.9491,0.0473,0.0544,0.0071,1573.01
2024-01-02T23:46:00,0.0485,0.9515,0.0466,0.0503,0.0038,2107.16
2024-01-02T23:47:00,0.0503,0.9497,0.0429,0.0577,0.0148,2081.36
2024-01-02T23:48:00,0.0503,0.9497,0.045,0.0557,0.0107,2197.74
2024-01-02T23:49:00,0.0499,0.9501,0.044,0.0557,0.0117,1293.68
2024-01-02T23:50:00,0.0501,0.9499,0.0456,0.0546,0.009,1543.88
2024-01-02T23:51:00,0.048,0.952,0.0411,0.0549,0.0138,2063.16
2024-01-02T23:52:00,0.0491,0.9509,0.0452,0.053,0.0078,1243.34
2024-01-02T23:53:00,0.0493,0.9507,0.043,0.0557,0.0126,1853.27
2024-01-02T23:54:00,0.0482,0.9518,0.0453,0.0511,0.0058,2267.25
2024-01-02T23:55:00,0.0488,0.9512,0.0471,0.0504,0.0034,2192.94
2024-01-02T23:56:00,0.0505,0.9495,0.0441,0.057,0.0128,2206.8
2024-01-02T23:57:00,0.0521,0.9479,0.0478,0.0563,0.0085,1795.44
2024-01-02T23:58:00,0.0497,0.9503,0.0456,0.0537,0.0081,1259.76
2024-01-02T23:59:00,0.0446,0.9554,0.0396,0.0496,0.01,2036.27
2024-01-03T00:00:00,0.0495,0.9505,0.0454,0.0537,0.0083,1554.91
2024-01-03T00:01:00,0.0509,0.9491,0.049,0.0529,0.0039,1209.9
2024-01-03T00:02:00,0.048,0.952,0.0441,0.052,0.008,1349.39
2024-01-03T00:03:00,0.0474,0.9526,0.0417,0.0531,0.0114,2271.07
2024-01-03T00:04:00,0.0499,0.9501,0.0476,0.0522,0.0046,1873.58
2024-01-03T00:05:00,0.0525,0.9475,0.05,0.0551,0.0051,1619.27
2024-01-03T00:06:00,0.0526,0.9474,0.0475,0.0578,0.0103,1737.22
2024-01-03T00:07:00,0.0497,0.9503,0.0438,0.0556,0.0118,2508.83
2024-01-03T00:08:00,0.0521,0.9479,0.0497,0.0544,0.0047,1517.75
2024-01-03T00:09:00,0.049,0.951,0.0452,0.0529,0.0077,2283.81
2024-01-03T00:10:00,0.0487,0.9513,0.0418,0.0556,0.0139,1664.67
2024-01-03T00:11:00,0.0527,0.9473,0.047,0.0583,0.0113,2185.45
2024-01-03T00:12:00,0.0494,0.9506,0.0466,0.0522,0.0056,2492.09
2024-01-03T00:13:00,0.0541,0.9459,0.051,0.0572,0.0063,2555.81
2024-01-03T00:14:00,0.0522,0.9478,0.0481,0.0563,0.0082,1998.87
2024-01-03T00:15:00,0.0539,0.9461,0.0484,0.0593,0.0109,1202.23
2024-01-03T00:16:00,0.0541,0.9459,0.0516,0.0566,0.005,2439.53
2024-01-03T00:17:00,0.0509,0.9491,0.0475,0.0543,0.0069,1224.74
2024-01-03T00:18:00,0.0531,0.9469,0.0482,0.0581,0.0099,1542.9
2024-01-03T00:19:00,0.053,0.947,0.0509,0.0551,0.0043,2074.89
2024-01-03T00:20:00,0.0516,0.9484,0.0501,0.0531,0.003,2198.9
2024-01-03T00:21:00,0.0476,0.9524,0.0455,0.0498,0.0043,1933.31
2024-01-03T00:22:00,0.0492,0.9508,0.0441,0.0543,0.0101,1149.19
2024-01-03T00:23:00,0.0502,0.9498,0.0466,0.0538,0.0072,2136.85
2024-01-03T00:24:00,0.053,0.947,0.0474,0.0587,0.0113,1394.25
2024-01-03T00:25:00,0.0507,0.9493,0.0442,0.0571,0.0129,2265.73
2024-01-03T00:26:00,0.051,0.949,0.0495,0.0526,0.0031,2273.76
2024-01-03T00:27:00,0.053,0.947,0.0465,0.0594,0.013,1780.88
2024-01-03T00:28:00,0.0528,0.9472,0.0485,0.057,0.0085,2513.34
2024-01-03T00:29:00,0.0509,0.9491,0.0466,0.0551,0.0085,2431.07
2024-01-03T00:30:00,0.051,0.949,0.0438,0.0582,0.0144,2023.79
2024-01-03T00:31:00,0.0487,0.9513,0.0466,0.0507,0.0041,1227.48
2024-01-03T00:32:00,0.0492,0.9508,0.0467,0.0518,0.0051,2470.4
2024-01-03T00:33:00,0.0494,0.9506,0.0437,0.0552,0.0114,1743.02
2024-01-03T00:34:00,0.0505,0.9495,0.0477,0.0532,0.0055,2310.37
2024-01-03T00:35:00,0.0515,0.9485,0.0497,0.0534,0.0037,2476.61
2024-01-03T00:36:00,0.0511,0.9489,0.0488,0.0534,0.0046,2222.34
2024-01-03T00:37:00,0.0549,0.9451,0.0489,0.0609,0.012,1393.25
2024-01-03T00:38:00,0.0532,0.9468,0.0479,0.0585,0.0106,1687.42
2024-01-03T00:39:00,0.054,0.946,0.0493,0.0586,0.0092,2476.61
2024-01-03T00:40:00,0.0545,0.9455,0.0487,0.0603,0.0116,1657.47
2024-01-03T00:41:00,0.0509,0.9491,0.0487,0.053,0.0043,2298.04
2024-01-03T00:42:00,0.0525,0.9475,0.051,0.054,0.003,2304.08
2024-01-03T00:43:00,0.0574,0.9426,0.0544,0.0604,0.0061,1937.26
2024-01-03T00:44:00,0.052,0.948,0.0489,0.0552,0.0063,1833.53
2024-01-03T00:45:00,0.0482,0.9518,0.0455,0.0509,0.0054,2410.66
2024-01-03T00:46:00,0.0523,0.9477,0.0467,0.0579,0.0112,1232.96
2024-01-03T00:47:00,0.0514,0.9486,0.0459,0.0568,0.0109,2348.88
2024-01-03T00:48:00,0.0506,0.9494,0.0484,0.0528,0.0044,2315.21
2024-01-03T00:49:00,0.0503,0.9497,0.0467,0.0539,0.0072,2220.69
2024-01-03T00:50:00,0.051,0.949,0.0436,0.0583,0.0147,1440.71
2024-01-03T00:51:00,0.0501,0.9499,0.0479,0.0522,0.0042,2217.91
2024-01-03T00:52:00,0.0512,0.9488,0.0453,0.0571,0.0118,1891.55
2024-01-03T00:53:00,0.0506,0.9494,0.0456,0.0557,0.0101,2275.53
2024-01-03T00:54:00,0.0507,0.9493,0.0488,0.0526,0.0037,1999.11
2024-01-03T00:55:00,0.0489,0.9511,0.0454,0.0524,0.007,1432.91
2024-01-03T00:56:00,0.0508,0.9492,0.0484,0.0532,0.0049,1873.22
2024-01-03T00:57:00,0.0514,0.9486,0.0499,0.0529,0.003,2206.79
2024-01-03T00:58:00,0.0483,0.9517,0.0449,0.0518,0.0069,1134.71
2024-01-03T00:59:00,0.0495,0.9505,0.0445,0.0544,0.0098,1997.9
2024-01-03T01:00:00,0.048,0.952,0.0412,0.0547,0.0136,1176.04
2024-01-03T01:01:00,0.052,0.948,0.0504,0.0535,0.0031,1288.34
2024-01-03T01:02:00,0.0519,0.9481,0.0489,0.0549,0.0059,2439.05
2024-01-03T01:03:00,0.0478,0.9522,0.0452,0.0505,0.0054,1519.62
2024-01-03T01:04:00,0.0493,0.9507,0.0465,0.052,0.0055,1673.64
2024-01-03T01:05:00,0.0466,0.9534,0.0402,0.0529,0.0126,1602.76
2024-01-03T01:06:00,0.048,0.952,0.0445,0.0515,0.007,2276.76
2024-01-03T01:07:00,0.0501,0.9499,0.048,0.0521,0.004,1369.95
2024-01-03T01:08:00,0.0514,0.9486,0.0489,0.0538,0.0049,1320.8
2024-01-03T01:09:00,0.0518,0.9482,0.0472,0.0565,0.0093,1156.69
2024-01-03T01:10:00,0.0529,0.9471,0.0463,0.0595,0.0132,1477.42
2024-01-03T01:11:00,0.0519,0.9481,0.0446,0.0593,0.0148,1919.59
2024-01-03T01:12:00,0.052,0.948,0.0453,0.0588,0.0136,1967.36
2024-01-03T01:13:00,0.0502,0.9498,0.0469,0.0535,0.0066,2431.58
2024-01-03T01:14:00,0.051,0.949,0.0483,0.0537,0.0054,1936.23
2024-01-03T01:15:00,0.0542,0.9458,0.0503,0.0581,0.0077,1260.42
2024-01-03T01:16:00,0.0497,0.9503,0.0467,0.0528,0.0061,1562.77
2024-01-03T01:17:00,0.0479,0.9521,0.0439,0.052,0.0081,1945.86
2024-01-03T01:18:00,0.0434,0.9566,0.0413,0.0456,0.0044,1326.32
2024-01-03T01:19:00,0.0465,0.9535,0.0426,0.0505,0.0079,1599.44
2024-01-03T01:20:00,0.0482,0.9518,0.0436,0.0528,0.0092,1263.94
2024-01-03T01:21:00,0.0485,0.9515,0.0458,0.0512,0.0054,2433.55
2024-01-03T01:22:00,0.0511,0.9489,0.0483,0.0538,0.0055,1813.59
2024-01-03T01:23:00,0.0508,0.9492,0.047,0.0547,0.0077,1368.29
2024-01-03T01:24:00,0.0497,0.9503,0.048,0.0513,0.0033,2373.82
2024-01-03T01:25:00,0.0487,0.9513,0.0468,0.0507,0.0039,2443.13
2024-01-03T01:26:00,0.0523,0.9477,0.0467,0.0578,0.0111,1749.44
2024-01-03T01:27:00,0.0525,0.9475,0.0507,0.0543,0.0035,2262.54
2024-01-03T01:28:00,0.0524,0.9476,0.0495,0.0552,0.0057,1845.9
2024-01-03T01:29:00,0.0521,0.9479,0.0452,0.059,0.0138,2117.89
2024-01-03T01:30:00,0.0527,0.9473,0.047,0.0584,0.0114,2353.93
2024-01-03T01:31:00,0.0525,0.9475,0.047,0.058,0.011,1450.63
2024-01-03T01:32:00,0.0526,0.9474,0.0454,0.0597,0.0144,2159.91
2024-01-03T01:33:00,0.0511,0.9489,0.0439,0.0583,0.0144,2352.12
2024-01-03T01:34:00,0.0511,0.9489,0.0439,0.0583,0.0143,1807.59
2024-01-03T01:35:00,0.0515,0.9485,0.0478,0.0552,0.0074,1436.36
2024-01-03T01:36:00,0.0497,0.9503,0.0439,0.0555,0.0116,2212.7
2024-01-03T01:37:00,0.048,0.952,0.0445,0.0515,0.007,2303.19
2024-01-03T01:38:00,0.0499,0.9501,0.0437,0.0562,0.0125,1869.79
2024-01-03T01:39:00,0.0482,0.9518,0.0436,0.0528,0.0093,1625.75
2024-01-03T01:40:00,0.0524,0.9476,0.0496,0.0552,0.0056,2186.09
2024-01-03T01:41:00,0.0512,0.9488,0.0462,0.0562,0.01,1770.77
2024-01-03T01:42:00,0.0501,0.9499,0.0466,0.0535,0.0069,1928.64
2024-01-03T01:43:00,0.0533,0.9467,0.0483,0.0583,0.01,2547.43
2024-01-03T01:44:00,0.0536,0.9464,0.0501,0.0571,0.007,2023.96
2024-01-03T01:45:00,0.046,0.954,0.0407,0.0513,0.0106,1291.26
2024-01-03T01:46:00,0.0492,0.9508,0.0442,0.0543,0.0101,1515.29
2024-01-03T01:47:00,0.0503,0.9497,0.0455,0.055,0.0095,1963.65
2024-01-03T01:48:00,0.0464,0.9536,0.0444,0.0485,0.0041,2191.85
2024-01-03T01:49:00,0.0503,0.9497,0.046,0.0546,0.0086,1736.76
2024-01-03T01:50:00,0.0487,0.9513,0.0438,0.0536,0.0099,2477.39
2024-01-03T01:51:00,0.0482,0.9518,0.0436,0.0528,0.0091,2251.97
2024-01-03T01:52:00,0.0465,0.9535,0.0431,0.0499,0.0068,2113.5
2024-01-03T01:53:00,0.0515,0.9485,0.0496,0.0535,0.0039,2387.9
2024-01-03T01:54:00,0.0508,0.9492,0.0484,0.0533,0.0049,1905.74
2024-01-03T01:55:00,0.0492,0.9508,0.043,0.0555,0.0125,1476.82
2024-01-03T01:56:00,0.0498,0.9502,0.0431,0.0565,0.0134,2067.23
2024-01-03T01:57:00,0.0477,0.9523,0.0431,0.0523,0.0091,2104.26
2024-01-03T01:58:00,0.0471,0.9529,0.0445,0.0496,0.0051,2102.12
2024-01-03T01:59:00,0.0479,0.9521,0.0422,0.0535,0.0112,1555.31
