timestamp,yes_price,no_price,best_bid,best_ask,spread,volume_24h
2024-01-01T00:00:00,0.5819,0.4181,0.5714,0.5924,0.021,10038.32
2024-01-01T00:01:00,0.5825,0.4175,0.5777,0.5873,0.0096,6415.2
2024-01-01T00:02:00,0.5801,0.4199,0.577,0.5833,0.0063,6994.24
2024-01-01T00:03:00,0.5809,0.4191,0.5769,0.5848,0.0079,6997.24
2024-01-01T00:04:00,0.5817,0.4183,0.5769,0.5865,0.0096,9276.56
2024-01-01T00:05:00,0.5793,0.4207,0.5735,0.5851,0.0116,7690.48
2024-01-01T00:06:00,0.5806,0.4194,0.5783,0.583,0.0047,5530.06
2024-01-01T00:07:00,0.5819,0.4181,0.5731,0.5907,0.0176,6745.08
2024-01-01T00:08:00,0.5832,0.4168,0.5796,0.5869,0.0073,6616.64
2024-01-01T00:09:00,0.5806,0.4194,0.571,0.5902,0.0192,6919.09
2024-01-01T00:10:00,0.5798,0.4202,0.571,0.5885,0.0175,7542.61
2024-01-01T00:11:00,0.5777,0.4223,0.5744,0.581,0.0066,5670.27
2024-01-01T00:12:00,0.5785,0.4215,0.5757,0.5814,0.0057,5173.71
2024-01-01T00:13:00,0.5775,0.4225,0.5731,0.5819,0.0088,4659.07
2024-01-01T00:14:00,0.5839,0.4161,0.5769,0.5908,0.0139,8221.07
2024-01-01T00:15:00,0.5823,0.4177,0.5727,0.5918,0.0191,9503.4
2024-01-01T00:16:00,0.5821,0.4179,0.5777,0.5864,0.0088,7671.04
2024-01-01T00:17:00,0.5816,0.4184,0.5767,0.5865,0.0099,9752.26
2024-01-01T00:18:00,0.5825,0.4175,0.5741,0.5908,0.0167,9551.33
2024-01-01T00:19:00,0.5805,0.4195,0.5751,0.586,0.0109,8996.36
2024-01-01T00:20:00,0.5821,0.4179,0.5748,0.5894,0.0146,10754.62
2024-01-01T00:21:00,0.5791,0.4209,0.5697,0.5885,0.0188,8317.4
2024-01-01T00:22:00,0.5758,0.4242,0.5724,0.5792,0.0068,10313.67
2024-01-01T00:23:00,0.5806,0.4194,0.5715,0.5896,0.0181,7469.14
2024-01-01T00:24:00,0.581,0.419,0.5699,0.5922,0.0223,5466.31
2024-01-01T00:25:00,0.5853,0.4147,0.5784,0.5921,0.0136,5365.65
2024-01-01T00:26:00,0.583,0.417,0.5736,0.5923,0.0186,8608.38
2024-01-01T00:27:00,0.5837,0.4163,0.5759,0.5915,0.0156,5173.81
2024-01-01T00:28:00,0.5805,0.4195,0.573,0.5881,0.0152,9838.85
2024-01-01T00:29:00,0.5816,0.4184,0.5741,0.589,0.0149,6166.94
2024-01-01T00:30:00,0.5775,0.4225,0.573,0.582,0.009,7388.22
2024-01-01T00:31:00,0.5806,0.4194,0.5753,0.5859,0.0106,6895.27
2024-01-01T00:32:00,0.5823,0.4177,0.5752,0.5894,0.0142,8766.56
2024-01-01T00:33:00,0.5835,0.4165,0.5746,0.5924,0.0178,6500.79
2024-01-01T00:34:00,0.5808,0.4192,0.5782,0.5834,0.0051,9997.68
2024-01-01T00:35:00,0.5857,0.4143,0.582,0.5893,0.0073,5711.03
2024-01-01T00:36:00,0.5827,0.4173,0.5724,0.5929,0.0205,6042.74
2024-01-01T00:37:00,0.5825,0.4175,0.5781,0.5869,0.0088,5891.2
2024-01-01T00:38:00,0.5854,0.4146,0.5741,0.5967,0.0225,6842.93
2024-01-01T00:39:00,0.5823,0.4177,0.5716,0.593,0.0214,7942.62
2024-01-01T00:40:00,0.5828,0.4172,0.5785,0.5872,0.0087,6083.35
2024-01-01T00:41:00,0.5804,0.4196,0.5702,0.5905,0.0203,5228.53
2024-01-01T00:42:00,0.5829,0.4171,0.5767,0.5891,0.0124,8811.26
2024-01-01T00:43:00,0.5789,0.4211,0.5728,0.585,0.0122,9810.75
2024-01-01T00:44:00,0.5851,0.4149,0.5771,0.593,0.0159,7435.73
2024-01-01T00:45:00,0.5831,0.4169,0.5773,0.5889,0.0116,6680.19
2024-01-01T00:46:00,0.5799,0.4201,0.5717,0.5881,0.0163,7569.01
2024-01-01T00:47:00,0.5807,0.4193,0.57,0.5914,0.0214,8852.76
2024-01-01T00:48:00,0.579,0.421,0.5682,0.5898,0.0216,5467.45
2024-01-01T00:49:00,0.5789,0.4211,0.5682,0.5896,0.0214,6151.54
2024-01-01T00:50:00,0.5812,0.4188,0.5734,0.5889,0.0155,6050.41
2024-01-01T00:51:00,0.584,0.416,0.5746,0.5933,0.0187,8527.41
2024-01-01T00:52:00,0.5825,0.4175,0.574,0.5909,0.0169,5513.84
2024-01-01T00:53:00,0.5835,0.4165,0.58,0.587,0.007,8762.41
2024-01-01T00:54:00,0.5852,0.4148,0.5741,0.5964,0.0222,5797.0
2024-01-01T00:55:00,0.5832,0.4168,0.5743,0.5922,0.0179,9047.88
2024-01-01T00:56:00,0.5806,0.4194,0.5696,0.5917,0.0221,6099.45
2024-01-01T00:57:00,0.5767,0.4233,0.5686,0.5848,0.0162,9151.77
2024-01-01T00:58:00,0.5752,0.4248,0.5695,0.581,0.0116,10727.27
2024-01-01T00:59:00,0.5802,0.4198,0.5765,0.5838,0.0074,10398.63
2024-01-01T01:00:00,0.5802,0.4198,0.5719,0.5885,0.0166,5171.18
2024-01-01T01:01:00,0.583,0.417,0.5719,0.5941,0.0222,9312.44
2024-01-01T01:02:00,0.5789,0.4211,0.5757,0.582,0.0063,8565.01
2024-01-01T01:03:00,0.5825,0.4175,0.5711,0.5939,0.0228,6523.85
2024-01-01T01:04:00,0.5785,0.4215,0.5728,0.5841,0.0113,10216.74
2024-01-01T01:05:00,0.5793,0.4207,0.5726,0.586,0.0134,9943.6
2024-01-01T01:06:00,0.5791,0.4209,0.5721,0.5861,0.0139,6274.36
2024-01-01T01:07:00,0.5816,0.4184,0.5753,0.5879,0.0126,9089.05
2024-01-01T01:08:00,0.5825,0.4175,0.5744,0.5906,0.0162,5467.36
2024-01-01T01:09:00,0.582,0.418,0.5715,0.5925,0.021,4929.98
2024-01-01T01:10:00,0.5812,0.4188,0.5767,0.5856,0.0089,9213.01
2024-01-01T01:11:00,0.5822,0.4178,0.5784,0.5859,0.0075,6678.31
2024-01-01T01:12:00,0.582,0.418,0.5735,0.5906,0.0172,5879.72
2024-01-01T01:13:00,0.578,0.422,0.5673,0.5886,0.0213,7621.54
2024-01-01T01:14:00,0.5767,0.4233,0.5721,0.5813,0.0092,6642.33
2024-01-01T01:15:00,0.5809,0.4191,0.5764,0.5855,0.0091,9102.18
2024-01-01T01:16:00,0.5739,0.4261,0.5678,0.58,0.0123,6931.63
2024-01-01T01:17:00,0.5825,0.4175,0.5711,0.594,0.023,7650.82
2024-01-01T01:18:00,0.5771,0.4229,0.5675,0.5868,0.0193,7433.57
2024-01-01T01:19:00,0.5776,0.4224,0.5669,0.5882,0.0214,9181.54
2024-01-01T01:20:00,0.576,0.424,0.5714,0.5806,0.0093,10693.33
2024-01-01T01:21:00,0.5785,0.4215,0.5708,0.5861,0.0153,5850.69
2024-01-01T01:22:00,0.5781,0.4219,0.5727,0.5835,0.0108,4977.19
2024-01-01T01:23:00,0.5799,0.4201,0.5684,0.5915,0.023,8436.65
2024-01-01T01:24:00,0.583,0.417,0.5749,0.5911,0.0162,7574.26
2024-01-01T01:25:00,0.5788,0.4212,0.5687,0.589,0.0203,10336.86
2024-01-01T01:26:00,0.5833,0.4167,0.5793,0.5873,0.008,9355.76
2024-01-01T01:27:00,0.5839,0.4161,0.5778,0.5899,0.0121,10016.84
2024-01-01T01:28:00,0.5824,0.4176,0.5721,0.5928,0.0206,5290.73
2024-01-01T01:29:00,0.5834,0.4166,0.5742,0.5926,0.0184,7189.63
2024-01-01T01:30:00,0.5839,0.4161,0.5786,0.5892,0.0106,7790.56
2024-01-01T01:31:00,0.5808,0.4192,0.5721,0.5894,0.0173,8304.36
2024-01-01T01:32:00,0.5772,0.4228,0.569,0.5855,0.0165,8829.55
2024-01-01T01:33:00,0.5799,0.4201,0.5706,0.5892,0.0187,7569.16
2024-01-01T01:34:00,0.581,0.419,0.5776,0.5843,0.0067,6121.21
2024-01-01T01:35:00,0.5807,0.4193,0.5772,0.5842,0.007,4798.74
2024-01-01T01:36:00,0.5784,0.4216,0.5757,0.5812,0.0055,9314.42
2024-01-01T01:37:00,0.5792,0.4208,0.5748,0.5835,0.0087,5532.59
2024-01-01T01:38:00,0.5785,0.4215,0.5673,0.5897,0.0225,7876.8
2024-01-01T01:39:00,0.5813,0.4187,0.5721,0.5905,0.0183,6955.85
2024-01-01T01:40:00,0.5827,0.4173,0.579,0.5865,0.0075,6679.24
2024-01-01T01:41:00,0.5811,0.4189,0.5697,0.5924,0.0227,6949.74
2024-01-01T01:42:00,0.5809,0.4191,0.577,0.5848,0.0078,5502.26
2024-01-01T01:43:00,0.5822,0.4178,0.5716,0.5929,0.0213,10504.1
2024-01-01T01:44:00,0.5843,0.4157,0.5748,0.5938,0.019,10156.5
2024-01-01T01:45:00,0.5817,0.4183,0.5734,0.5901,0.0168,8571.19
2024-01-01T01:46:00,0.5813,0.4187,0.5786,0.584,0.0054,9123.16
2024-01-01T01:47:00,0.5798,0.4202,0.5698,0.5898,0.0199,9845.83
2024-01-01T01:48:00,0.5825,0.4175,0.5751,0.5899,0.0148,9225.02
2024-01-01T01:49:00,0.5875,0.4125,0.5852,0.5898,0.0047,8726.49
2024-01-01T01:50:00,0.5835,0.4165,0.5748,0.5923,0.0175,9552.24
2024-01-01T01:51:00,0.5815,0.4185,0.5721,0.5908,0.0187,6880.1
2024-01-01T01:52:00,0.5795,0.4205,0.5692,0.5898,0.0207,5427.2
2024-01-01T01:53:00,0.5765,0.4235,0.5711,0.582,0.0108,9669.69
2024-01-01T01:54:00,0.5764,0.4236,0.5727,0.5802,0.0075,8376.67
2024-01-01T01:55:00,0.5772,0.4228,0.5747,0.5797,0.005,7490.22
2024-01-01T01:56:00,0.5762,0.4238,0.5656,0.5869,0.0213,10441.4
2024-01-01T01:57:00,0.5781,0.4219,0.5717,0.5845,0.0129,6927.08
2024-01-01T01:58:00,0.5796,0.4204,0.5762,0.5831,0.0068,7192.98
2024-01-01T01:59:00,0.5776,0.4224,0.573,0.5823,0.0092,7748.0
2024-01-01T02:00:00,0.5805,0.4195,0.5734,0.5877,0.0143,4752.18
2024-01-01T02:01:00,0.5782,0.4218,0.571,0.5854,0.0145,7164.37
2024-01-01T02:02:00,0.5773,0.4227,0.5691,0.5854,0.0162,10518.99
2024-01-01T02:03:00,0.5765,0.4235,0.572,0.581,0.009,10681.4
2024-01-01T02:04:00,0.5786,0.4214,0.5728,0.5843,0.0115,8385.34
2024-01-01T02:05:00,0.5772,0.4228,0.5709,0.5836,0.0127,5724.73
2024-01-01T02:06:00,0.5762,0.4238,0.5724,0.58,0.0076,8859.81
2024-01-01T02:07:00,0.5765,0.4235,0.5726,0.5804,0.0079,10316.41
2024-01-01T02:08:00,0.5804,0.4196,0.5738,0.587,0.0133,5887.87
2024-01-01T02:09:00,0.5824,0.4176,0.58,0.5848,0.0049,5278.34
2024-01-01T02:10:00,0.5827,0.4173,0.5741,0.5912,0.0171,10244.54
2024-01-01T02:11:00,0.5755,0.4245,0.5702,0.5808,0.0105,6923.72
2024-01-01T02:12:00,0.5754,0.4246,0.5666,0.5843,0.0176,6901.08
2024-01-01T02:13:00,0.58,0.42,0.5735,0.5864,0.0129,7161.33
2024-01-01T02:14:00,0.5799,0.4201,0.577,0.5829,0.0059,6942.65
2024-01-01T02:15:00,0.576,0.424,0.566,0.5859,0.0199,7775.22
2024-01-01T02:16:00,0.5794,0.4206,0.5712,0.5876,0.0164,6052.71
2024-01-01T02:17:00,0.578,0.422,0.5674,0.5886,0.0212,8993.5
2024-01-01T02:18:00,0.5769,0.4231,0.568,0.5859,0.0179,5758.39
2024-01-01T02:19:00,0.5812,0.4188,0.5731,0.5894,0.0163,8473.56
2024-01-01T02:20:00,0.5777,0.4223,0.5694,0.5861,0.0167,9262.98
2024-01-01T02:21:00,0.5779,0.4221,0.5745,0.5814,0.007,5117.8
2024-01-01T02:22:00,0.5793,0.4207,0.5739,0.5847,0.0108,8165.02
2024-01-01T02:23:00,0.5769,0.4231,0.5723,0.5815,0.0092,6685.94
2024-01-01T02:24:00,0.5789,0.4211,0.5757,0.5821,0.0065,5625.42
2024-01-01T02:25:00,0.5793,0.4207,0.568,0.5907,0.0228,5567.48
2024-01-01T02:26:00,0.583,0.417,0.5751,0.5908,0.0157,6735.35
2024-01-01T02:27:00,0.5806,0.4194,0.5772,0.5841,0.0069,7858.07
2024-01-01T02:28:00,0.5778,0.4222,0.5674,0.5882,0.0208,10146.93
2024-01-01T02:29:00,0.5807,0.4193,0.5775,0.584,0.0066,6530.75
2024-01-01T02:30:00,0.5828,0.4172,0.5753,0.5904,0.0152,6201.96
2024-01-01T02:31:00,0.5831,0.4169,0.5779,0.5883,0.0103,5695.29
2024-01-01T02:32:00,0.5799,0.4201,0.5726,0.5872,0.0146,5023.66
2024-01-01T02:33:00,0.5787,0.4213,0.5673,0.5901,0.0228,8591.13
2024-01-01T02:34:00,0.5777,0.4223,0.5735,0.5819,0.0084,7277.69
2024-01-01T02:35:00,0.5819,0.4181,0.5757,0.588,0.0122,10117.02
2024-01-01T02:36:00,0.5819,0.4181,0.5738,0.59,0.0163,8463.61
2024-01-01T02:37:00,0.5832,0.4168,0.5735,0.5929,0.0194,7912.66
2024-01-01T02:38:00,0.5807,0.4193,0.5711,0.5903,0.0192,5954.83
2024-01-01T02:39:00,0.5818,0.4182,0.5788,0.5849,0.006,9550.53
2024-01-01T02:40:00,0.5798,0.4202,0.5733,0.5862,0.0129,8342.44
2024-01-01T02:41:00,0.5813,0.4187,0.5759,0.5867,0.0109,9598.25
2024-01-01T02:42:00,0.5783,0.4217,0.5723,0.5843,0.012,8597.52
2024-01-01T02:43:00,0.5787,0.4213,0.5698,0.5877,0.0179,5034.19
2024-01-01T02:44:00,0.5765,0.4235,0.5685,0.5844,0.0159,10729.39
2024-01-01T02:45:00,0.5788,0.4212,0.5764,0.5813,0.0049,5654.14
2024-01-01T02:46:00,0.5805,0.4195,0.5723,0.5888,0.0164,9962.35
2024-01-01T02:47:00,0.5782,0.4218,0.5726,0.5837,0.0111,4658.02
2024-01-01T02:48:00,0.5765,0.4235,0.5733,0.5797,0.0064,10290.44
2024-01-01T02:49:00,0.5794,0.4206,0.5745,0.5843,0.0098,6565.64
2024-01-01T02:50:00,0.5788,0.4212,0.5719,0.5857,0.0138,5436.83
2024-01-01T02:51:00,0.5817,0.4183,0.5754,0.5881,0.0126,7302.06
2024-01-01T02:52:00,0.5797,0.4203,0.5754,0.584,0.0086,6876.38
2024-01-01T02:53:00,0.5763,0.4237,0.5672,0.5854,0.0182,9845.17
2024-01-01T02:54:00,0.5773,0.4227,0.5687,0.5858,0.0171,7340.14
2024-01-01T02:55:00,0.5772,0.4228,0.5674,0.5871,0.0197,5675.55
2024-01-01T02:56:00,0.5775,0.4225,0.5705,0.5846,0.0141,5027.71
2024-01-01T02:57:00,0.5813,0.4187,0.5722,0.5905,0.0183,7898.52
2024-01-01T02:58:00,0.5814,0.4186,0.5727,0.59,0.0173,9320.87
2024-01-01T02:59:00,0.5816,0.4184,0.5778,0.5855,0.0077,5723.51
2024-01-01T03:00:00,0.5827,0.4173,0.5741,0.5912,0.0171,5373.57
2024-01-01T03:01:00,0.5831,0.4169,0.5775,0.5888,0.0113,6126.88
2024-01-01T03:02:00,0.5845,0.4155,0.5773,0.5917,0.0144,10456.16
2024-01-01T03:03:00,0.5836,0.4164,0.5797,0.5875,0.0078,9741.47
2024-01-01T03:04:00,0.5811,0.4189,0.5748,0.5873,0.0125,9892.07
2024-01-01T03:05:00,0.5801,0.4199,0.5706,0.5896,0.0189,9637.85
2024-01-01T03:06:00,0.5834,0.4166,0.5781,0.5886,0.0106,8651.67
2024-01-01T03:07:00,0.5786,0.4214,0.5678,0.5894,0.0217,5653.12
2024-01-01T03:08:00,0.5815,0.4185,0.5772,0.5858,0.0086,7112.97
2024-01-01T03:09:00,0.576,0.424,0.5729,0.5791,0.0063,5590.07
2024-01-01T03:10:00,0.5788,0.4212,0.5731,0.5844,0.0113,5305.59
2024-01-01T03:11:00,0.5768,0.4232,0.5729,0.5808,0.0079,7624.98
2024-01-01T03:12:00,0.5766,0.4234,0.5659,0.5873,0.0214,10215.14
2024-01-01T03:13:00,0.5797,0.4203,0.5761,0.5834,0.0073,8476.83
2024-01-01T03:14:00,0.5787,0.4213,0.5758,0.5816,0.0058,5090.1
2024-01-01T03:15:00,0.5755,0.4245,0.5646,0.5864,0.0218,7919.3
2024-01-01T03:16:00,0.578,0.422,0.571,0.585,0.0141,8148.23
2024-01-01T03:17:00,0.5788,0.4212,0.5701,0.5875,0.0174,9650.12
2024-01-01T03:18:00,0.5737,0.4263,0.5707,0.5766,0.006,7006.14
2024-01-01T03:19:00,0.577,0.423,0.5705,0.5835,0.013,8262.9
2024-01-01T03:20:00,0.5748,0.4252,0.5692,0.5804,0.0112,4904.23
2024-01-01T03:21:00,0.5725,0.4275,0.5611,0.5839,0.0227,6477.55
2024-01-01T03:22:00,0.5769,0.4231,0.5722,0.5816,0.0093,7979.74
2024-01-01T03:23:00,0.5706,0.4294,0.5652,0.576,0.0109,9847.6
2024-01-01T03:24:00,0.5712,0.4288,0.5652,0.5772,0.0121,5465.38
2024-01-01T03:25:00,0.5676,0.4324,0.5598,0.5754,0.0155,5868.86
2024-01-01T03:26:00,0.5683,0.4317,0.5583,0.5783,0.0199,4856.85
2024-01-01T03:27:00,0.565,0.435,0.5559,0.5741,0.0182,10089.14
2024-01-01T03:28:00,0.5607,0.4393,0.5577,0.5636,0.0059,11201.62
2024-01-01T03:29:00,0.5563,0.4437,0.5474,0.5652,0.0178,5756.7
2024-01-01T03:30:00,0.5576,0.4424,0.5547,0.5606,0.006,6231.85
2024-01-01T03:31:00,0.56,0.44,0.5491,0.5709,0.0218,10151.03
2024-01-01T03:32:00,0.5504,0.4496,0.5464,0.5544,0.008,7323.06
2024-01-01T03:33:00,0.5494,0.4506,0.5467,0.5521,0.0054,9112.32
2024-01-01T03:34:00,0.5464,0.4536,0.5366,0.5562,0.0196,5952.13
2024-01-01T03:35:00,0.5456,0.4544,0.5406,0.5506,0.01,8701.34
2024-01-01T03:36:00,0.5452,0.4548,0.5411,0.5494,0.0083,7816.79
2024-01-01T03:37:00,0.5426,0.4574,0.5389,0.5463,0.0074,7522.38
2024-01-01T03:38:00,0.5415,0.4585,0.5306,0.5523,0.0217,10900.45
2024-01-01T03:39:00,0.5418,0.4582,0.5378,0.5459,0.0081,10474.71
2024-01-01T03:40:00,0.5394,0.4606,0.5311,0.5477,0.0165,10238.89
2024-01-01T03:41:00,0.5335,0.4665,0.5277,0.5393,0.0116,11460.85
2024-01-01T03:42:00,0.5379,0.4621,0.5263,0.5495,0.0232,7901.77
2024-01-01T03:43:00,0.5331,0.4669,0.5284,0.5377,0.0094,7208.38
2024-01-01T03:44:00,0.5266,0.4734,0.5192,0.5341,0.0148,11110.92
2024-01-01T03:45:00,0.5298,0.4702,0.5201,0.5395,0.0194,10088.44
2024-01-01T03:46:00,0.5233,0.4767,0.5113,0.5353,0.024,7075.31
2024-01-01T03:47:00,0.5211,0.4789,0.5166,0.5256,0.009,8591.39
2024-01-01T03:48:00,0.5197,0.4803,0.5149,0.5245,0.0096,5849.07
2024-01-01T03:49:00,0.5191,0.4809,0.51,0.5281,0.0182,6906.1
2024-01-01T03:50:00,0.5146,0.4854,0.5092,0.52,0.0109,6500.46
2024-01-01T03:51:00,0.5118,0.4882,0.5063,0.5172,0.011,5574.64
2024-01-01T03:52:00,0.5121,0.4879,0.5051,0.5192,0.0141,9009.28
2024-01-01T03:53:00,0.5076,0.4924,0.4987,0.5165,0.0178,7244.61
2024-01-01T03:54:00,0.5065,0.4935,0.5039,0.509,0.0051,12076.21
2024-01-01T03:55:00,0.5049,0.4951,0.4986,0.5112,0.0127,11938.4
2024-01-01T03:56:00,0.5018,0.4982,0.4938,0.5099,0.0162,10053.55
2024-01-01T03:57:00,0.501,0.499,0.4955,0.5064,0.0109,7188.98
2024-01-01T03:58:00,0.5015,0.4985,0.4958,0.5072,0.0114,7317.63
2024-01-01T03:59:00,0.4968,0.5032,0.4939,0.4997,0.0057,7219.83
2024-01-01T04:00:00,0.4975,0.5025,0.4879,0.5072,0.0193,6903.27
2024-01-01T04:01:00,0.4926,0.5074,0.4892,0.496,0.0068,8545.53
2024-01-01T04:02:00,0.4913,0.5087,0.4821,0.5004,0.0183,7709.97
2024-01-01T04:03:00,0.4843,0.5157,0.4796,0.489,0.0094,11251.64
2024-01-01T04:04:00,0.4877,0.5123,0.4756,0.4997,0.0241,9369.5
2024-01-01T04:05:00,0.4841,0.5159,0.4738,0.4943,0.0205,9908.49
2024-01-01T04:06:00,0.4835,0.5165,0.4739,0.4931,0.0192,7852.7
2024-01-01T04:07:00,0.48,0.52,0.4728,0.4873,0.0145,8625.49
2024-01-01T04:08:00,0.4805,0.5195,0.4694,0.4917,0.0223,11040.28
2024-01-01T04:09:00,0.4801,0.5199,0.4727,0.4875,0.0148,6111.88
2024-01-01T04:10:00,0.4755,0.5245,0.4726,0.4785,0.0059,8567.99
2024-01-01T04:11:00,0.4759,0.5241,0.4704,0.4813,0.0109,11457.43
2024-01-01T04:12:00,0.4688,0.5312,0.4609,0.4768,0.016,7680.58
2024-01-01T04:13:00,0.4663,0.5337,0.4555,0.4772,0.0217,5595.47
2024-01-01T04:14:00,0.4678,0.5322,0.4572,0.4784,0.0212,8558.91
2024-01-01T04:15:00,0.4642,0.5358,0.4593,0.4692,0.0099,11529.18
2024-01-01T04:16:00,0.4619,0.5381,0.4526,0.4712,0.0186,7278.19
2024-01-01T04:17:00,0.4609,0.5391,0.4531,0.4686,0.0155,10832.36
2024-01-01T04:18:00,0.4575,0.5425,0.4517,0.4633,0.0116,10571.83
2024-01-01T04:19:00,0.4557,0.5443,0.4466,0.4649,0.0183,7827.0
2024-01-01T04:20:00,0.4539,0.5461,0.4424,0.4653,0.0228,9539.15
2024-01-01T04:21:00,0.4534,0.5466,0.45,0.4567,0.0067,11251.12
2024-01-01T04:22:00,0.4498,0.5502,0.4469,0.4527,0.0057,6855.52
2024-01-01T04:23:00,0.4471,0.5529,0.4354,0.4589,0.0235,5600.43
2024-01-01T04:24:00,0.4476,0.5524,0.4422,0.4529,0.0107,8942.37
2024-01-01T04:25:00,0.4444,0.5556,0.4401,0.4486,0.0085,7536.33
2024-01-01T04:26:00,0.4433,0.5567,0.433,0.4536,0.0206,7455.4
2024-01-01T04:27:00,0.4381,0.5619,0.4301,0.4461,0.0161,5175.29
2024-01-01T04:28:00,0.4361,0.5639,0.4307,0.4415,0.0108,7918.67
2024-01-01T04:29:00,0.4359,0.5641,0.4317,0.4401,0.0085,7675.07
2024-01-01T04:30:00,0.4318,0.5682,0.4223,0.4412,0.0189,6284.81
2024-01-01T04:31:00,0.4299,0.5701,0.4208,0.439,0.0182,7304.6
2024-01-01T04:32:00,0.4276,0.5724,0.4183,0.4369,0.0187,10117.43
2024-01-01T04:33:00,0.4272,0.5728,0.4186,0.4358,0.0172,8218.83
2024-01-01T04:34:00,0.428,0.572,0.4181,0.4378,0.0197,5063.2
2024-01-01T04:35:00,0.4246,0.5754,0.4179,0.4312,0.0133,5129.35
2024-01-01T04:36:00,0.4238,0.5762,0.4153,0.4323,0.017,5773.34
2024-01-01T04:37:00,0.419,0.581,0.4096,0.4285,0.0189,9446.8
2024-01-01T04:38:00,0.42,0.58,0.4094,0.4306,0.0213,7368.6
2024-01-01T04:39:00,0.4176,0.5824,0.4137,0.4215,0.0078,9483.9
2024-01-01T04:40:00,0.4135,0.5865,0.4072,0.4198,0.0126,8862.91
2024-01-01T04:41:00,0.4126,0.5874,0.4063,0.4188,0.0125,8174.85
2024-01-01T04:42:00,0.4047,0.5953,0.402,0.4075,0.0055,8403.47
2024-01-01T04:43:00,0.4043,0.5957,0.3977,0.411,0.0132,9122.18
2024-01-01T04:44:00,0.4037,0.5963,0.399,0.4084,0.0095,9363.62
2024-01-01T04:45:00,0.4062,0.5938,0.4033,0.4091,0.0058,5508.44
2024-01-01T04:46:00,0.4015,0.5985,0.3954,0.4077,0.0123,9603.69
2024-01-01T04:47:00,0.4011,0.5989,0.3934,0.4089,0.0156,4886.89
2024-01-01T04:48:00,0.3925,0.6075,0.3881,0.397,0.009,8898.32
2024-01-01T04:49:00,0.392,0.608,0.3824,0.4015,0.0191,5668.34
2024-01-01T04:50:00,0.3896,0.6104,0.3861,0.3931,0.007,7798.75
2024-01-01T04:51:00,0.3883,0.6117,0.3833,0.3934,0.0102,8849.53
2024-01-01T04:52:00,0.3877,0.6123,0.378,0.3974,0.0195,6372.7
2024-01-01T04:53:00,0.3858,0.6142,0.3828,0.3889,0.006,8645.73
2024-01-01T04:54:00,0.3854,0.6146,0.3797,0.391,0.0113,8576.26
2024-01-01T04:55:00,0.378,0.622,0.367,0.3891,0.0221,8845.53
2024-01-01T04:56:00,0.3759,0.6241,0.3658,0.3861,0.0203,7196.43
2024-01-01T04:57:00,0.3778,0.6222,0.3683,0.3873,0.019,6908.14
2024-01-01T04:58:00,0.3783,0.6217,0.3688,0.3878,0.019,8351.28
2024-01-01T04:59:00,0.3753,0.6247,0.3678,0.3829,0.0151,4710.14
2024-01-01T05:00:00,0.3699,0.6301,0.3619,0.3778,0.0159,7843.59
2024-01-01T05:01:00,0.3658,0.6342,0.3627,0.369,0.0064,8625.01
2024-01-01T05:02:00,0.364,0.636,0.3546,0.3734,0.0188,7985.67
2024-01-01T05:03:00,0.3618,0.6382,0.3578,0.3657,0.0079,6151.65
2024-01-01T05:04:00,0.3576,0.6424,0.3545,0.3606,0.0062,6340.94
2024-01-01T05:05:00,0.3621,0.6379,0.3535,0.3708,0.0173,6300.62
2024-01-01T05:06:00,0.3571,0.6429,0.3484,0.3659,0.0175,7815.09
2024-01-01T05:07:00,0.3538,0.6462,0.3449,0.3626,0.0177,4290.64
2024-01-01T05:08:00,0.3517,0.6483,0.3476,0.3559,0.0083,6120.74
2024-01-01T05:09:00,0.3503,0.6497,0.3397,0.3609,0.0212,7971.13
2024-01-01T05:10:00,0.3494,0.6506,0.3432,0.3556,0.0125,5088.87
2024-01-01T05:11:00,0.3463,0.6537,0.336,0.3566,0.0206,6660.5
2024-01-01T05:12:00,0.3447,0.6553,0.3359,0.3536,0.0177,7628.87
2024-01-01T05:13:00,0.3415,0.6585,0.3363,0.3467,0.0104,4110.33
2024-01-01T05:14:00,0.3431,0.6569,0.333,0.3531,0.02,6808.67
2024-01-01T05:15:00,0.3344,0.6656,0.3275,0.3413,0.0139,6939.22
2024-01-01T05:16:00,0.3317,0.6683,0.3228,0.3406,0.0178,8509.81
2024-01-01T05:17:00,0.3318,0.6682,0.3217,0.342,0.0204,5741.55
2024-01-01T05:18:00,0.333,0.667,0.328,0.3381,0.0101,4560.74
2024-01-01T05:19:00,0.3347,0.6653,0.3289,0.3405,0.0116,7237.78
2024-01-01T05:20:00,0.3321,0.6679,0.3284,0.3357,0.0072,6534.86
2024-01-01T05:21:00,0.3281,0.6719,0.3178,0.3384,0.0205,4356.82
2024-01-01T05:22:00,0.3234,0.6766,0.3198,0.327,0.0073,5624.4
2024-01-01T05:23:00,0.3186,0.6814,0.3122,0.3251,0.0129,5867.33
2024-01-01T05:24:00,0.3194,0.6806,0.3157,0.323,0.0073,4422.06
2024-01-01T05:25:00,0.3147,0.6853,0.3057,0.3237,0.018,7897.57
2024-01-01T05:26:00,0.3132,0.6868,0.3111,0.3153,0.0042,7258.24
2024-01-01T05:27:00,0.3118,0.6882,0.3061,0.3176,0.0115,6264.64
2024-01-01T05:28:00,0.3086,0.6914,0.2999,0.3172,0.0173,3677.75
2024-01-01T05:29:00,0.305,0.695,0.2991,0.311,0.012,7968.37
2024-01-01T05:30:00,0.3049,0.6951,0.2958,0.3141,0.0183,4394.03
2024-01-01T05:31:00,0.3029,0.6971,0.2943,0.3115,0.0171,6178.6
2024-01-01T05:32:00,0.2996,0.7004,0.2906,0.3086,0.0179,5075.47
2024-01-01T05:33:00,0.2998,0.7002,0.2926,0.3071,0.0145,4646.63
2024-01-01T05:34:00,0.2954,0.7046,0.2906,0.3002,0.0096,3485.65
2024-01-01T05:35:00,0.2955,0.7045,0.2918,0.2993,0.0075,7518.1
2024-01-01T05:36:00,0.2919,0.7081,0.2875,0.2964,0.0089,7384.97
2024-01-01T05:37:00,0.2905,0.7095,0.2873,0.2937,0.0064,6829.3
2024-01-01T05:38:00,0.2866,0.7134,0.278,0.2951,0.0172,5447.47
2024-01-01T05:39:00,0.2846,0.7154,0.2795,0.2897,0.0103,7040.98
2024-01-01T05:40:00,0.2832,0.7168,0.2774,0.2889,0.0115,3444.7
2024-01-01T05:41:00,0.2825,0.7175,0.2735,0.2915,0.018,7103.45
2024-01-01T05:42:00,0.2773,0.7227,0.2731,0.2814,0.0083,7340.13
2024-01-01T05:43:00,0.2792,0.7208,0.2742,0.2842,0.01,6927.24
2024-01-01T05:44:00,0.2779,0.7221,0.2703,0.2854,0.0151,3548.82
2024-01-01T05:45:00,0.2705,0.7295,0.2679,0.2731,0.0052,6424.22
2024-01-01T05:46:00,0.2694,0.7306,0.2619,0.2769,0.015,5275.97
2024-01-01T05:47:00,0.2683,0.7317,0.2613,0.2752,0.0139,3957.91
2024-01-01T05:48:00,0.2675,0.7325,0.2614,0.2737,0.0123,6098.87
2024-01-01T05:49:00,0.2657,0.7343,0.2564,0.275,0.0186,5170.94
2024-01-01T05:50:00,0.2641,0.7359,0.2586,0.2697,0.0111,3510.36
2024-01-01T05:51:00,0.2638,0.7362,0.2564,0.2711,0.0147,3287.79
2024-01-01T05:52:00,0.2578,0.7422,0.2541,0.2616,0.0075,5850.57
2024-01-01T05:53:00,0.2585,0.7415,0.2519,0.2651,0.0131,6069.77
2024-01-01T05:54:00,0.2576,0.7424,0.2541,0.2611,0.007,4851.45
2024-01-01T05:55:00,0.2557,0.7443,0.2474,0.264,0.0166,5816.95
2024-01-01T05:56:00,0.2555,0.7445,0.2525,0.2584,0.0058,3395.5
2024-01-01T05:57:00,0.2489,0.7511,0.247,0.2509,0.0039,4987.62
2024-01-01T05:58:00,0.2445,0.7555,0.2352,0.2538,0.0186,3834.22
2024-01-01T05:59:00,0.2433,0.7567,0.2396,0.247,0.0074,6268.79
2024-01-01T06:00:00,0.2444,0.7556,0.2373,0.2515,0.0142,6133.01
2024-01-01T06:01:00,0.2403,0.7597,0.2349,0.2456,0.0107,3820.89
2024-01-01T06:02:00,0.2411,0.7589,0.2375,0.2447,0.0072,5880.0
2024-01-01T06:03:00,0.2374,0.7626,0.2284,0.2463,0.0179,5081.07
2024-01-01T06:04:00,0.2362,0.7638,0.232,0.2405,0.0085,3429.93
2024-01-01T06:05:00,0.2368,0.7632,0.2293,0.2444,0.0151,5421.59
2024-01-01T06:06:00,0.2323,0.7677,0.2272,0.2374,0.0103,6464.98
2024-01-01T06:07:00,0.2292,0.7708,0.2256,0.2328,0.0071,5298.27
2024-01-01T06:08:00,0.2285,0.7715,0.225,0.232,0.0071,4067.57
2024-01-01T06:09:00,0.2221,0.7779,0.2152,0.229,0.0139,5714.16
2024-01-01T06:10:00,0.2225,0.7775,0.2189,0.2261,0.0072,4372.69
2024-01-01T06:11:00,0.2204,0.7796,0.2175,0.2234,0.0059,5753.32
2024-01-01T06:12:00,0.217,0.783,0.2096,0.2244,0.0148,3895.28
2024-01-01T06:13:00,0.217,0.783,0.2142,0.2198,0.0057,5229.01
2024-01-01T06:14:00,0.2173,0.7827,0.2145,0.2202,0.0058,4203.76
2024-01-01T06:15:00,0.2134,0.7866,0.21,0.2167,0.0066,4115.54
2024-01-01T06:16:00,0.2098,0.7902,0.2033,0.2163,0.013,6079.59
2024-01-01T06:17:00,0.2068,0.7932,0.1999,0.2136,0.0138,4309.26
2024-01-01T06:18:00,0.2047,0.7953,0.1983,0.2112,0.0129,5322.53
2024-01-01T06:19:00,0.2045,0.7955,0.1996,0.2093,0.0097,3287.38
2024-01-01T06:20:00,0.2029,0.7971,0.1997,0.206,0.0064,2788.83
2024-01-01T06:21:00,0.2018,0.7982,0.1963,0.2073,0.011,5611.03
2024-01-01T06:22:00,0.1974,0.8026,0.1908,0.2039,0.0131,4663.15
2024-01-01T06:23:00,0.1971,0.8029,0.1888,0.2053,0.0165,5219.4
2024-01-01T06:24:00,0.1928,0.8072,0.1844,0.2013,0.0169,2931.33
2024-01-01T06:25:00,0.1924,0.8076,0.1845,0.2003,0.0158,3160.67
2024-01-01T06:26:00,0.1892,0.8108,0.185,0.1934,0.0084,3747.21
2024-01-01T06:27:00,0.1854,0.8146,0.182,0.1888,0.0067,5161.75
2024-01-01T06:28:00,0.1868,0.8132,0.1797,0.1939,0.0142,2423.88
2024-01-01T06:29:00,0.1859,0.8141,0.1806,0.1913,0.0107,3283.51
2024-01-01T06:30:00,0.1799,0.8201,0.1722,0.1877,0.0155,4317.45
2024-01-01T06:31:00,0.1746,0.8254,0.1712,0.178,0.0068,4293.4
2024-01-01T06:32:00,0.1764,0.8236,0.1675,0.1852,0.0177,5293.34
2024-01-01T06:33:00,0.1749,0.8251,0.1688,0.181,0.0122,4558.54
2024-01-01T06:34:00,0.1713,0.8287,0.1675,0.175,0.0075,2700.94
2024-01-01T06:35:00,0.1708,0.8292,0.1642,0.1775,0.0133,4701.64
2024-01-01T06:36:00,0.1701,0.8299,0.1664,0.1738,0.0074,3252.91
2024-01-01T06:37:00,0.1657,0.8343,0.1616,0.1698,0.0082,4527.35
2024-01-01T06:38:00,0.1649,0.8351,0.1603,0.1694,0.0092,3861.83
2024-01-01T06:39:00,0.1637,0.8363,0.1563,0.1711,0.0148,4795.17
2024-01-01T06:40:00,0.1577,0.8423,0.1524,0.163,0.0106,3815.11
2024-01-01T06:41:00,0.1611,0.8389,0.1539,0.1684,0.0145,3614.5
2024-01-01T06:42:00,0.1564,0.8436,0.1517,0.161,0.0093,3846.49
2024-01-01T06:43:00,0.1556,0.8444,0.1486,0.1627,0.0141,4600.73
2024-01-01T06:44:00,0.1549,0.8451,0.1479,0.1618,0.0139,3737.32
2024-01-01T06:45:00,0.1526,0.8474,0.1446,0.1606,0.016,3405.43
2024-01-01T06:46:00,0.1506,0.8494,0.1426,0.1586,0.0161,3297.21
2024-01-01T06:47:00,0.1459,0.8541,0.1431,0.1487,0.0057,3310.78
2024-01-01T06:48:00,0.1484,0.8516,0.1466,0.1502,0.0036,2397.7
2024-01-01T06:49:00,0.144,0.856,0.1408,0.1472,0.0064,3221.02
2024-01-01T06:50:00,0.1418,0.8582,0.1383,0.1454,0.0071,3557.31
2024-01-01T06:51:00,0.144,0.856,0.1376,0.1503,0.0127,4184.91
2024-01-01T06:52:00,0.1437,0.8563,0.1379,0.1495,0.0116,2521.38
2024-01-01T06:53:00,0.1427,0.8573,0.1357,0.1498,0.0141,3435.36
2024-01-01T06:54:00,0.1442,0.8558,0.136,0.1524,0.0164,3406.57
2024-01-01T06:55:00,0.1368,0.8632,0.1298,0.1439,0.0141,2220.17
2024-01-01T06:56:00,0.1411,0.8589,0.135,0.1471,0.0121,2988.57
2024-01-01T06:57:00,0.1378,0.8622,0.1339,0.1416,0.0077,2599.35
2024-01-01T06:58:00,0.1373,0.8627,0.1314,0.1432,0.0119,2991.36
2024-01-01T06:59:00,0.1363,0.8637,0.128,0.1445,0.0165,3047.8
2024-01-01T07:00:00,0.1384,0.8616,0.1344,0.1423,0.008,3128.3
2024-01-01T07:01:00,0.1367,0.8633,0.1339,0.1395,0.0056,3144.79
2024-01-01T07:02:00,0.138,0.862,0.132,0.144,0.0121,3445.46
2024-01-01T07:03:00,0.1375,0.8625,0.1307,0.1443,0.0137,2565.68
2024-01-01T07:04:00,0.1371,0.8629,0.1291,0.145,0.0159,4075.86
2024-01-01T07:05:00,0.139,0.861,0.1352,0.1429,0.0077,4214.93
2024-01-01T07:06:00,0.1407,0.8593,0.1371,0.1442,0.0071,4213.89
2024-01-01T07:07:00,0.1363,0.8637,0.1289,0.1437,0.0148,2159.36
2024-01-01T07:08:00,0.1399,0.8601,0.1327,0.1471,0.0144,3133.66
2024-01-01T07:09:00,0.142,0.858,0.1364,0.1476,0.0112,4024.77
2024-01-01T07:10:00,0.1384,0.8616,0.1333,0.1436,0.0103,3136.41
2024-01-01T07:11:00,0.138,0.862,0.1343,0.1416,0.0073,4162.88
2024-01-01T07:12:00,0.1398,0.8602,0.1338,0.1457,0.0119,2539.72
2024-01-01T07:13:00,0.1417,0.8583,0.1378,0.1456,0.0078,2420.24
2024-01-01T07:14:00,0.1405,0.8595,0.1349,0.1462,0.0113,4036.43
2024-01-01T07:15:00,0.1429,0.8571,0.1348,0.1509,0.0161,2319.18
2024-01-01T07:16:00,0.1401,0.8599,0.1353,0.1449,0.0096,3888.76
2024-01-01T07:17:00,0.1402,0.8598,0.1319,0.1485,0.0166,3724.97
2024-01-01T07:18:00,0.1388,0.8612,0.1324,0.1452,0.0128,3335.4
2024-01-01T07:19:00,0.1409,0.8591,0.1339,0.1478,0.0139,2830.58
2024-01-01T07:20:00,0.144,0.856,0.139,0.1491,0.0101,4611.37
2024-01-01T07:21:00,0.1385,0.8615,0.1321,0.145,0.0129,3446.89
2024-01-01T07:22:00,0.1384,0.8616,0.1331,0.1436,0.0105,2676.03
2024-01-01T07:23:00,0.14,0.86,0.1328,0.1473,0.0145,2200.71
2024-01-01T07:24:00,0.1436,0.8564,0.1385,0.1488,0.0103,2788.73
2024-01-01T07:25:00,0.1408,0.8592,0.1343,0.1473,0.0131,2329.81
2024-01-01T07:26:00,0.1371,0.8629,0.1316,0.1425,0.0109,3786.88
2024-01-01T07:27:00,0.1404,0.8596,0.1348,0.1459,0.0111,3036.81
2024-01-01T07:28:00,0.1369,0.8631,0.1302,0.1436,0.0135,4037.61
2024-01-01T07:29:00,0.1423,0.8577,0.1393,0.1452,0.0059,2129.08
2024-01-01T07:30:00,0.1403,0.8597,0.1334,0.1471,0.0137,4333.18
2024-01-01T07:31:00,0.14,0.86,0.1336,0.1463,0.0127,2832.89
2024-01-01T07:32:00,0.1378,0.8622,0.1358,0.1397,0.0039,3441.17
2024-01-01T07:33:00,0.1363,0.8637,0.1321,0.1406,0.0085,3093.99
2024-01-01T07:34:00,0.1371,0.8629,0.1335,0.1406,0.0072,3558.17
2024-01-01T07:35:00,0.1377,0.8623,0.135,0.1404,0.0054,2056.84
2024-01-01T07:36:00,0.1362,0.8638,0.1309,0.1414,0.0106,2627.78
2024-01-01T07:37:00,0.1344,0.8656,0.1293,0.1396,0.0102,2851.67
2024-01-01T07:38:00,0.1384,0.8616,0.1334,0.1434,0.0099,2468.21
2024-01-01T07:39:00,0.1426,0.8574,0.1404,0.1447,0.0043,4250.97
2024-01-01T07:40:00,0.1404,0.8596,0.1348,0.1459,0.0111,2451.32
2024-01-01T07:41:00,0.1418,0.8582,0.1389,0.1447,0.0058,4376.54
2024-01-01T07:42:00,0.1401,0.8599,0.1363,0.144,0.0077,2863.52
2024-01-01T07:43:00,0.144,0.856,0.1373,0.1508,0.0135,3265.98
2024-01-01T07:44:00,0.1416,0.8584,0.1335,0.1497,0.0163,4457.89
2024-01-01T07:45:00,0.1456,0.8544,0.1391,0.1521,0.0131,2125.44
2024-01-01T07:46:00,0.1402,0.8598,0.1372,0.1431,0.0059,2944.52
2024-01-01T07:47:00,0.1405,0.8595,0.1356,0.1453,0.0097,3807.86
2024-01-01T07:48:00,0.1411,0.8589,0.1374,0.1448,0.0074,3922.37
2024-01-01T07:49:00,0.1392,0.8608,0.1371,0.1413,0.0043,2457.53
2024-01-01T07:50:00,0.1396,0.8604,0.1312,0.148,0.0169,2736.1
2024-01-01T07:51:00,0.1401,0.8599,0.1376,0.1425,0.0049,3223.86
2024-01-01T07:52:00,0.1429,0.8571,0.1388,0.1469,0.008,4396.02
2024-01-01T07:53:00,0.1414,0.8586,0.1331,0.1497,0.0166,2565.88
2024-01-01T07:54:00,0.1469,0.8531,0.1408,0.1529,0.012,4093.36
2024-01-01T07:55:00,0.1442,0.8558,0.1419,0.1464,0.0045,2659.38
2024-01-01T07:56:00,0.146,0.854,0.1435,0.1485,0.005,2546.0
2024-01-01T07:57:00,0.1416,0.8584,0.1332,0.15,0.0168,2867.97
2024-01-01T07:58:00,0.1439,0.8561,0.1376,0.1501,0.0124,2244.53
2024-01-01T07:59:00,0.1458,0.8542,0.1396,0.1521,0.0124,2217.64
2024-01-01T08:00:00,0.1425,0.8575,0.1366,0.1484,0.0118,2406.82
2024-01-01T08:01:00,0.1381,0.8619,0.1351,0.1412,0.0061,4445.96
2024-01-01T08:02:00,0.1408,0.8592,0.1387,0.1429,0.0041,3750.85
2024-01-01T08:03:00,0.1393,0.8607,0.1335,0.1451,0.0117,3978.85
2024-01-01T08:04:00,0.142,0.858,0.1402,0.1438,0.0037,2802.78
2024-01-01T08:05:00,0.143,0.857,0.1359,0.15,0.0141,2593.26
2024-01-01T08:06:00,0.1442,0.8558,0.1368,0.1516,0.0148,2496.48
2024-01-01T08:07:00,0.1418,0.8582,0.1382,0.1453,0.0071,4082.43
2024-01-01T08:08:00,0.1403,0.8597,0.1363,0.1444,0.0081,3796.19
2024-01-01T08:09:00,0.1375,0.8625,0.1336,0.1414,0.0078,3383.59
2024-01-01T08:10:00,0.1412,0.8588,0.133,0.1493,0.0163,1957.76
2024-01-01T08:11:00,0.1386,0.8614,0.1354,0.1419,0.0065,4031.56
2024-01-01T08:12:00,0.1408,0.8592,0.1333,0.1482,0.0149,2329.34
2024-01-01T08:13:00,0.137,0.863,0.1342,0.1398,0.0056,4184.04
2024-01-01T08:14:00,0.1388,0.8612,0.1322,0.1453,0.0132,3736.37
2024-01-01T08:15:00,0.1371,0.8629,0.1344,0.1397,0.0052,3478.67
2024-01-01T08:16:00,0.1347,0.8653,0.1305,0.139,0.0085,2841.89
2024-01-01T08:17:00,0.1394,0.8606,0.1339,0.145,0.0111,3723.95
2024-01-01T08:18:00,0.1364,0.8636,0.1291,0.1437,0.0146,3156.85
2024-01-01T08:19:00,0.1365,0.8635,0.1324,0.1406,0.0081,3746.55
2024-01-01T08:20:00,0.1336,0.8664,0.1265,0.1407,0.0142,2696.8
2024-01-01T08:21:00,0.136,0.864,0.1277,0.1444,0.0167,2306.13
2024-01-01T08:22:00,0.1354,0.8646,0.1305,0.1404,0.0099,2260.68
2024-01-01T08:23:00,0.1362,0.8638,0.1303,0.1422,0.012,2028.54
2024-01-01T08:24:00,0.1397,0.8603,0.1357,0.1438,0.0081,3755.91
2024-01-01T08:25:00,0.139,0.861,0.136,0.1421,0.0061,2171.85
2024-01-01T08:26:00,0.1386,0.8614,0.1335,0.1437,0.0102,2588.33
2024-01-01T08:27:00,0.1421,0.8579,0.1337,0.1506,0.0169,2933.18
2024-01-01T08:28:00,0.1413,0.8587,0.1374,0.1452,0.0078,2562.73
2024-01-01T08:29:00,0.1407,0.8593,0.1385,0.1429,0.0044,3145.49
2024-01-01T08:30:00,0.1408,0.8592,0.1363,0.1454,0.0091,3242.65
2024-01-01T08:31:00,0.1403,0.8597,0.1351,0.1455,0.0104,3971.18
2024-01-01T08:32:00,0.1323,0.8677,0.1254,0.1391,0.0137,2641.57
2024-01-01T08:33:00,0.1373,0.8627,0.1327,0.1419,0.0092,3837.61
2024-01-01T08:34:00,0.138,0.862,0.1297,0.1463,0.0166,3537.25
2024-01-01T08:35:00,0.1387,0.8613,0.1306,0.1467,0.016,3712.58
2024-01-01T08:36:00,0.1409,0.8591,0.1359,0.1459,0.01,2632.26
2024-01-01T08:37:00,0.1382,0.8618,0.1316,0.1447,0.0131,3255.68
2024-01-01T08:38:00,0.1378,0.8622,0.1312,0.1443,0.013,4331.82
2024-01-01T08:39:00,0.1382,0.8618,0.1362,0.1401,0.0039,4488.95
2024-01-01T08:40:00,0.1399,0.8601,0.1339,0.1458,0.0119,3403.7
2024-01-01T08:41:00,0.1415,0.8585,0.1365,0.1464,0.0098,2663.83
2024-01-01T08:42:00,0.1405,0.8595,0.1386,0.1424,0.0038,3822.81
2024-01-01T08:43:00,0.1398,0.8602,0.1379,0.1418,0.0039,3894.98
2024-01-01T08:44:00,0.1428,0.8572,0.1383,0.1473,0.009,3927.53
2024-01-01T08:45:00,0.1445,0.8555,0.1365,0.1526,0.0161,2471.87
2024-01-01T08:46:00,0.1404,0.8596,0.1365,0.1443,0.0078,4151.07
2024-01-01T08:47:00,0.1403,0.8597,0.1362,0.1444,0.0082,2371.49
2024-01-01T08:48:00,0.1383,0.8617,0.1356,0.1411,0.0055,2391.94
2024-01-01T08:49:00,0.1356,0.8644,0.1313,0.14,0.0087,2187.09
2024-01-01T08:50:00,0.1362,0.8638,0.1305,0.1419,0.0114,2369.84
2024-01-01T08:51:00,0.1409,0.8591,0.1374,0.1443,0.007,3284.39
2024-01-01T08:52:00,0.1436,0.8564,0.1375,0.1497,0.0122,2530.9
2024-01-01T08:53:00,0.1414,0.8586,0.1382,0.1446,0.0063,3568.88
2024-01-01T08:54:00,0.1423,0.8577,0.1349,0.1497,0.0148,3080.15
2024-01-01T08:55:00,0.1371,0.8629,0.1314,0.1429,0.0115,2493.0
2024-01-01T08:56:00,0.1398,0.8602,0.1374,0.1423,0.0048,3944.1
2024-01-01T08:57:00,0.1386,0.8614,0.1368,0.1404,0.0037,3619.32
2024-01-01T08:58:00,0.1372,0.8628,0.1355,0.139,0.0035,4273.92
2024-01-01T08:59:00,0.142,0.858,0.1378,0.1462,0.0084,2366.65
2024-01-01T09:00:00,0.1405,0.8595,0.1355,0.1456,0.0101,4421.23
2024-01-01T09:01:00,0.1416,0.8584,0.1342,0.1489,0.0147,3215.15
2024-01-01T09:02:00,0.1424,0.8576,0.1361,0.1487,0.0126,3990.77
2024-01-01T09:03:00,0.1422,0.8578,0.1394,0.1451,0.0057,2230.72
2024-01-01T09:04:00,0.1437,0.8563,0.139,0.1484,0.0094,4379.44
2024-01-01T09:05:00,0.1419,0.8581,0.1352,0.1486,0.0135,4289.91
2024-01-01T09:06:00,0.1388,0.8612,0.1342,0.1434,0.0092,3831.69
2024-01-01T09:07:00,0.1432,0.8568,0.1349,0.1515,0.0166,4348.35
2024-01-01T09:08:00,0.1402,0.8598,0.1335,0.1468,0.0132,2639.54
2024-01-01T09:09:00,0.142,0.858,0.137,0.147,0.0099,2961.38
2024-01-01T09:10:00,0.1405,0.8595,0.1332,0.1478,0.0147,4288.38
2024-01-01T09:11:00,0.1389,0.8611,0.131,0.1468,0.0159,4366.18
2024-01-01T09:12:00,0.1387,0.8613,0.1328,0.1446,0.0118,4313.96
2024-01-01T09:13:00,0.1367,0.8633,0.1316,0.1418,0.0102,3655.32
2024-01-01T09:14:00,0.1425,0.8575,0.1352,0.1497,0.0145,3012.31
2024-01-01T09:15:00,0.1379,0.8621,0.136,0.1399,0.0039,3380.88
2024-01-01T09:16:00,0.1366,0.8634,0.1309,0.1423,0.0114,3361.16
2024-01-01T09:17:00,0.1378,0.8622,0.1325,0.143,0.0105,2289.41
2024-01-01T09:18:00,0.1392,0.8608,0.1364,0.142,0.0056,2081.4
2024-01-01T09:19:00,0.1388,0.8612,0.1339,0.1438,0.0099,2599.07
2024-01-01T09:20:00,0.1392,0.8608,0.1337,0.1447,0.011,2046.97
2024-01-01T09:21:00,0.1349,0.8651,0.1265,0.1433,0.0167,2059.18
2024-01-01T09:22:00,0.1366,0.8634,0.1331,0.14,0.0069,4174.24
2024-01-01T09:23:00,0.1374,0.8626,0.1299,0.1449,0.015,2073.17
2024-01-01T09:24:00,0.1353,0.8647,0.1286,0.142,0.0134,3853.36
2024-01-01T09:25:00,0.1357,0.8643,0.1316,0.1399,0.0083,3918.64
2024-01-01T09:26:00,0.1381,0.8619,0.132,0.1441,0.012,3169.9
2024-01-01T09:27:00,0.137,0.863,0.1336,0.1404,0.0068,2298.25
2024-01-01T09:28:00,0.1341,0.8659,0.1274,0.1409,0.0135,2823.3
2024-01-01T09:29:00,0.1354,0.8646,0.1275,0.1434,0.0159,1977.24
2024-01-01T09:30:00,0.1332,0.8668,0.1297,0.1366,0.0068,3525.63
2024-01-01T09:31:00,0.1353,0.8647,0.1323,0.1383,0.006,4320.09
2024-01-01T09:32:00,0.1394,0.8606,0.1319,0.1468,0.0149,2849.37
2024-01-01T09:33:00,0.14,0.86,0.1329,0.1471,0.0142,2832.95
2024-01-01T09:34:00,0.1376,0.8624,0.1355,0.1397,0.0042,3492.2
2024-01-01T09:35:00,0.1384,0.8616,0.1338,0.1431,0.0094,3386.54
2024-01-01T09:36:00,0.1404,0.8596,0.1327,0.1481,0.0153,2310.97
2024-01-01T09:37:00,0.2733,0.7267,0.266,0.2805,0.0145,3840.56
2024-01-01T09:38:00,0.2828,0.7172,0.2753,0.2903,0.015,4100.19
2024-01-01T09:39:00,0.286,0.714,0.2815,0.2905,0.009,4844.61
2024-01-01T09:40:00,0.2927,0.7073,0.2896,0.2958,0.0062,6758.97
2024-01-01T09:41:00,0.2939,0.7061,0.2893,0.2986,0.0093,4739.82
2024-01-01T09:42:00,0.2917,0.7083,0.2872,0.2962,0.009,3464.91
2024-01-01T09:43:00,0.2962,0.7038,0.2874,0.305,0.0176,5101.75
2024-01-01T09:44:00,0.2954,0.7046,0.2859,0.3048,0.0189,6483.34
2024-01-01T09:45:00,0.2978,0.7022,0.2954,0.3001,0.0047,6672.45
2024-01-01T09:46:00,0.2947,0.7053,0.2865,0.3029,0.0164,4000.07
2024-01-01T09:47:00,0.2952,0.7048,0.2904,0.3001,0.0097,6032.42
2024-01-01T09:48:00,0.2964,0.7036,0.294,0.2988,0.0048,6432.95
2024-01-01T09:49:00,0.2963,0.7037,0.2911,0.3014,0.0102,4380.16
2024-01-01T09:50:00,0.2968,0.7032,0.2868,0.3068,0.02,4879.0
2024-01-01T09:51:00,0.2911,0.7089,0.2819,0.3004,0.0185,7605.13
2024-01-01T09:52:00,0.2976,0.7024,0.2875,0.3077,0.0202,5860.91
2024-01-01T09:53:00,0.2952,0.7048,0.2921,0.2983,0.0062,7456.55
2024-01-01T09:54:00,0.2959,0.7041,0.2934,0.2985,0.0051,7214.7
2024-01-01T09:55:00,0.2972,0.7028,0.2902,0.3042,0.0141,7881.9
2024-01-01T09:56:00,0.2957,0.7043,0.2923,0.2992,0.007,4008.33
2024-01-01T09:57:00,0.2952,0.7048,0.2914,0.2989,0.0075,3638.62
2024-01-01T09:58:00,0.2922,0.7078,0.2854,0.299,0.0135,4883.5
2024-01-01T09:59:00,0.2936,0.7064,0.2835,0.3037,0.0201,4212.72
2024-01-01T10:00:00,0.2942,0.7058,0.2845,0.3039,0.0193,3714.12
2024-01-01T10:01:00,0.2936,0.7064,0.2898,0.2975,0.0077,7762.45
2024-01-01T10:02:00,0.2955,0.7045,0.2877,0.3034,0.0157,7582.01
2024-01-01T10:03:00,0.2935,0.7065,0.291,0.296,0.005,6544.04
2024-01-01T10:04:00,0.2928,0.7072,0.2836,0.302,0.0185,6323.67
2024-01-01T10:05:00,0.2913,0.7087,0.2834,0.2993,0.0159,7142.48
2024-01-01T10:06:00,0.2927,0.7073,0.2895,0.296,0.0064,3613.89
2024-01-01T10:07:00,0.2913,0.7087,0.2876,0.295,0.0074,4366.85
2024-01-01T10:08:00,0.2963,0.7037,0.2892,0.3034,0.0142,3886.65
2024-01-01T10:09:00,0.2984,0.7016,0.2912,0.3056,0.0143,4867.3
2024-01-01T10:10:00,0.2974,0.7026,0.2876,0.3073,0.0197,7789.9
2024-01-01T10:11:00,0.2966,0.7034,0.2914,0.3018,0.0104,5047.27
2024-01-01T10:12:00,0.2967,0.7033,0.2874,0.3059,0.0185,6739.48
2024-01-01T10:13:00,0.2998,0.7002,0.2944,0.3051,0.0107,5034.5
2024-01-01T10:14:00,0.2991,0.7009,0.2939,0.3043,0.0104,5573.97
2024-01-01T10:15:00,0.2993,0.7007,0.2962,0.3024,0.0062,7571.29
2024-01-01T10:16:00,0.2977,0.7023,0.2934,0.3019,0.0085,4169.86
2024-01-01T10:17:00,0.2973,0.7027,0.2889,0.3056,0.0167,4374.37
2024-01-01T10:18:00,0.2993,0.7007,0.291,0.3076,0.0166,5237.8
2024-01-01T10:19:00,0.2985,0.7015,0.2961,0.301,0.0048,3848.11
2024-01-01T10:20:00,0.2948,0.7052,0.2851,0.3045,0.0194,5731.86
2024-01-01T10:21:00,0.2947,0.7053,0.2897,0.2997,0.01,7670.66
2024-01-01T10:22:00,0.2957,0.7043,0.2855,0.3058,0.0203,7894.33
2024-01-01T10:23:00,0.298,0.702,0.2919,0.3041,0.0122,6797.36
2024-01-01T10:24:00,0.2958,0.7042,0.2936,0.2981,0.0045,7505.34
2024-01-01T10:25:00,0.2953,0.7047,0.2872,0.3034,0.0161,6445.86
2024-01-01T10:26:00,0.2954,0.7046,0.2918,0.2991,0.0073,5685.22
2024-01-01T10:27:00,0.2978,0.7022,0.2891,0.3064,0.0173,7188.23
2024-01-01T10:28:00,0.3006,0.6994,0.2909,0.3102,0.0193,4770.14
2024-01-01T10:29:00,0.2978,0.7022,0.2877,0.3078,0.0201,5924.9
2024-01-01T10:30:00,0.299,0.701,0.2892,0.3087,0.0195,6445.83
2024-01-01T10:31:00,0.3017,0.6983,0.2952,0.3082,0.013,4200.13
2024-01-01T10:32:00,0.2988,0.7012,0.291,0.3066,0.0155,5211.7
2024-01-01T10:33:00,0.2981,0.7019,0.2901,0.3061,0.016,6235.99
2024-01-01T10:34:00,0.2968,0.7032,0.2923,0.3014,0.0091,3938.24
2024-01-01T10:35:00,0.2973,0.7027,0.2929,0.3017,0.0087,7178.26
2024-01-01T10:36:00,0.2992,0.7008,0.2891,0.3092,0.0201,6788.2
2024-01-01T10:37:00,0.3007,0.6993,0.2923,0.309,0.0167,4621.61
2024-01-01T10:38:00,0.2986,0.7014,0.2927,0.3046,0.0119,5157.4
2024-01-01T10:39:00,0.2965,0.7035,0.288,0.3049,0.0169,7898.09
2024-01-01T10:40:00,0.2989,0.7011,0.2959,0.302,0.006,6225.94
2024-01-01T10:41:00,0.298,0.702,0.2903,0.3058,0.0155,7078.72
2024-01-01T10:42:00,0.2941,0.7059,0.2886,0.2996,0.011,4744.41
2024-01-01T10:43:00,0.2951,0.7049,0.2879,0.3024,0.0145,7876.62
2024-01-01T10:44:00,0.294,0.706,0.289,0.299,0.01,3843.95
2024-01-01T10:45:00,0.2978,0.7022,0.2929,0.3027,0.0099,7541.46
2024-01-01T10:46:00,0.296,0.704,0.2861,0.3058,0.0197,7862.77
2024-01-01T10:47:00,0.2963,0.7037,0.2925,0.3001,0.0075,6238.75
2024-01-01T10:48:00,0.2957,0.7043,0.2866,0.3048,0.0181,6760.37
2024-01-01T10:49:00,0.2958,0.7042,0.2896,0.302,0.0123,4338.9
2024-01-01T10:50:00,0.295,0.705,0.2873,0.3026,0.0153,6795.76
2024-01-01T10:51:00,0.2962,0.7038,0.2899,0.3025,0.0126,7369.41
2024-01-01T10:52:00,0.2975,0.7025,0.2949,0.3001,0.0052,6909.46
2024-01-01T10:53:00,0.3022,0.6978,0.2961,0.3083,0.0122,7314.78
2024-01-01T10:54:00,0.3013,0.6987,0.2958,0.3069,0.0111,6838.75
2024-01-01T10:55:00,0.3024,0.6976,0.297,0.3079,0.0109,8127.49
2024-01-01T10:56:00,0.2947,0.7053,0.2861,0.3034,0.0173,4460.17
2024-01-01T10:57:00,0.2952,0.7048,0.29,0.3003,0.0104,7481.56
2024-01-01T10:58:00,0.2954,0.7046,0.2904,0.3004,0.01,4461.96
2024-01-01T10:59:00,0.3002,0.6998,0.2979,0.3025,0.0046,7429.07
2024-01-01T11:00:00,0.2965,0.7035,0.2877,0.3052,0.0175,6493.4
2024-01-01T11:01:00,0.2995,0.7005,0.2955,0.3036,0.0081,6902.3
2024-01-01T11:02:00,0.3022,0.6978,0.2975,0.3069,0.0094,4285.95
2024-01-01T11:03:00,0.2985,0.7015,0.2886,0.3084,0.0198,7995.36
2024-01-01T11:04:00,0.2966,0.7034,0.2883,0.3049,0.0166,4634.05
2024-01-01T11:05:00,0.2986,0.7014,0.2896,0.3076,0.018,6470.95
2024-01-01T11:06:00,0.2952,0.7048,0.2857,0.3047,0.0191,4935.82
2024-01-01T11:07:00,0.2956,0.7044,0.2921,0.299,0.0069,3881.86
2024-01-01T11:08:00,0.2999,0.7001,0.2952,0.3046,0.0095,6261.88
2024-01-01T11:09:00,0.296,0.704,0.2871,0.3049,0.0177,5654.28
2024-01-01T11:10:00,0.2991,0.7009,0.2964,0.3018,0.0054,5255.1
2024-01-01T11:11:00,0.2976,0.7024,0.2926,0.3027,0.0101,5778.89
2024-01-01T11:12:00,0.296,0.704,0.2932,0.2987,0.0055,4330.4
2024-01-01T11:13:00,0.2971,0.7029,0.294,0.3002,0.0062,3519.89
2024-01-01T11:14:00,0.2977,0.7023,0.2898,0.3057,0.016,5155.19
2024-01-01T11:15:00,0.2997,0.7003,0.2957,0.3037,0.008,7471.35
2024-01-01T11:16:00,0.2963,0.7037,0.289,0.3036,0.0146,3653.85
2024-01-01T11:17:00,0.2944,0.7056,0.2914,0.2975,0.0061,6773.35
2024-01-01T11:18:00,0.2989,0.7011,0.2943,0.3034,0.0091,4335.91
2024-01-01T11:19:00,0.2996,0.7004,0.2948,0.3044,0.0097,6687.82
2024-01-01T11:20:00,0.3022,0.6978,0.2936,0.3108,0.0172,5937.74
2024-01-01T11:21:00,0.2989,0.7011,0.2909,0.307,0.0161,7907.05
2024-01-01T11:22:00,0.2972,0.7028,0.2876,0.3069,0.0194,6834.5
2024-01-01T11:23:00,0.2973,0.7027,0.2905,0.3041,0.0136,3638.55
2024-01-01T11:24:00,0.3006,0.6994,0.2963,0.3048,0.0085,7578.33
2024-01-01T11:25:00,0.2978,0.7022,0.2883,0.3073,0.019,4854.67
2024-01-01T11:26:00,0.2956,0.7044,0.2898,0.3015,0.0117,6307.83
2024-01-01T11:27:00,0.3013,0.6987,0.2916,0.311,0.0194,5915.12
2024-01-01T11:28:00,0.2997,0.7003,0.2913,0.3081,0.0168,6336.9
2024-01-01T11:29:00,0.2982,0.7018,0.2884,0.308,0.0197,6302.35
2024-01-01T11:30:00,0.2945,0.7055,0.2921,0.2968,0.0047,5275.24
2024-01-01T11:31:00,0.2946,0.7054,0.2919,0.2974,0.0056,5910.22
2024-01-01T11:32:00,0.2993,0.7007,0.292,0.3066,0.0147,7446.8
2024-01-01T11:33:00,0.2964,0.7036,0.2937,0.2991,0.0054,4880.05
2024-01-01T11:34:00,0.2987,0.7013,0.2929,0.3045,0.0116,3539.37
2024-01-01T11:35:00,0.2977,0.7023,0.2894,0.306,0.0166,4621.38
2024-01-01T11:36:00,0.299,0.701,0.2901,0.3078,0.0177,6633.1
2024-01-01T11:37:00,0.2969,0.7031,0.2917,0.3021,0.0104,6109.96
2024-01-01T11:38:00,0.298,0.702,0.2882,0.3079,0.0196,3854.4
2024-01-01T11:39:00,0.2966,0.7034,0.2895,0.3038,0.0143,4708.03
2024-01-01T11:40:00,0.2975,0.7025,0.2916,0.3033,0.0117,4184.21
2024-01-01T11:41:00,0.3,0.7,0.2924,0.3075,0.0151,7567.57
2024-01-01T11:42:00,0.3019,0.6981,0.2936,0.3102,0.0165,7076.7
2024-01-01T11:43:00,0.3,0.7,0.2942,0.3058,0.0117,6670.48
2024-01-01T11:44:00,0.299,0.701,0.2942,0.3037,0.0095,7353.38
2024-01-01T11:45:00,0.2993,0.7007,0.2922,0.3064,0.0141,4033.03
2024-01-01T11:46:00,0.3016,0.6984,0.2917,0.3115,0.0198,4068.63
2024-01-01T11:47:00,0.3012,0.6988,0.2927,0.3097,0.017,3644.54
2024-01-01T11:48:00,0.295,0.705,0.2885,0.3016,0.013,5320.74
2024-01-01T11:49:00,0.2986,0.7014,0.2893,0.3079,0.0186,5551.96
2024-01-01T11:50:00,0.2985,0.7015,0.2908,0.3063,0.0155,5784.94
2024-01-01T11:51:00,0.2998,0.7002,0.2908,0.3089,0.0182,7596.21
2024-01-01T11:52:00,0.3,0.7,0.2914,0.3086,0.0172,6408.35
2024-01-01T11:53:00,0.2988,0.7012,0.2943,0.3033,0.009,5430.33
2024-01-01T11:54:00,0.3023,0.6977,0.3,0.3046,0.0046,7549.17
2024-01-01T11:55:00,0.3048,0.6952,0.2954,0.3143,0.0189,4515.85
2024-01-01T11:56:00,0.305,0.695,0.2993,0.3108,0.0115,4773.76
2024-01-01T11:57:00,0.3078,0.6922,0.3033,0.3122,0.0088,5614.86
2024-01-01T11:58:00,0.3103,0.6897,0.3036,0.317,0.0134,5414.66
2024-01-01T11:59:00,0.3156,0.6844,0.3084,0.3228,0.0143,6063.82
2024-01-01T12:00:00,0.3191,0.6809,0.3113,0.3269,0.0156,6485.12
2024-01-01T12:01:00,0.3208,0.6792,0.3139,0.3278,0.0139,7510.49
2024-01-01T12:02:00,0.3255,0.6745,0.3171,0.3338,0.0167,7963.43
2024-01-01T12:03:00,0.327,0.673,0.3187,0.3353,0.0166,7994.44
2024-01-01T12:04:00,0.3322,0.6678,0.323,0.3414,0.0184,4945.26
2024-01-01T12:05:00,0.3364,0.6636,0.3336,0.3391,0.0054,8155.47
2024-01-01T12:06:00,0.3386,0.6614,0.3292,0.348,0.0188,4972.39
2024-01-01T12:07:00,0.3428,0.6572,0.3337,0.3519,0.0181,6420.67
2024-01-01T12:08:00,0.3499,0.6501,0.3428,0.357,0.0142,6033.81
2024-01-01T12:09:00,0.3516,0.6484,0.347,0.3563,0.0093,7337.75
2024-01-01T12:10:00,0.355,0.645,0.3497,0.3603,0.0106,5513.94
2024-01-01T12:11:00,0.3584,0.6416,0.3536,0.3631,0.0095,7870.51
2024-01-01T12:12:00,0.359,0.641,0.3552,0.3627,0.0074,6856.71
2024-01-01T12:13:00,0.3644,0.6356,0.3545,0.3744,0.0199,7650.55
2024-01-01T12:14:00,0.368,0.632,0.3649,0.371,0.0062,9607.37
2024-01-01T12:15:00,0.3704,0.6296,0.3606,0.3801,0.0195,7654.43
2024-01-01T12:16:00,0.3724,0.6276,0.3649,0.38,0.0151,5176.79
2024-01-01T12:17:00,0.3746,0.6254,0.3681,0.3811,0.013,8897.28
2024-01-01T12:18:00,0.3777,0.6223,0.3686,0.3868,0.0182,5498.86
2024-01-01T12:19:00,0.3818,0.6182,0.3742,0.3894,0.0152,4597.68
2024-01-01T12:20:00,0.3859,0.6141,0.3753,0.3964,0.0211,6981.86
2024-01-01T12:21:00,0.3891,0.6109,0.3853,0.3929,0.0075,8658.59
2024-01-01T12:22:00,0.3919,0.6081,0.3894,0.3944,0.005,8408.32
2024-01-01T12:23:00,0.3959,0.6041,0.3865,0.4052,0.0187,7094.96
2024-01-01T12:24:00,0.399,0.601,0.3919,0.4062,0.0143,10218.66
2024-01-01T12:25:00,0.4009,0.5991,0.3943,0.4075,0.0132,6150.49
2024-01-01T12:26:00,0.4027,0.5973,0.3973,0.4081,0.0108,7691.29
2024-01-01T12:27:00,0.4068,0.5932,0.4016,0.412,0.0104,5639.72
2024-01-01T12:28:00,0.4082,0.5918,0.3971,0.4193,0.0222,5803.45
2024-01-01T12:29:00,0.4134,0.5866,0.4105,0.4163,0.0058,9937.77
2024-01-01T12:30:00,0.4133,0.5867,0.4082,0.4185,0.0103,7387.5
2024-01-01T12:31:00,0.4188,0.5812,0.4103,0.4274,0.017,6007.54
2024-01-01T12:32:00,0.4258,0.5742,0.4171,0.4344,0.0173,10405.46
2024-01-01T12:33:00,0.428,0.572,0.4194,0.4366,0.0172,9682.44
2024-01-01T12:34:00,0.4296,0.5704,0.424,0.4351,0.0112,7321.15
2024-01-01T12:35:00,0.4343,0.5657,0.4294,0.4392,0.0098,5610.37
2024-01-01T12:36:00,0.4377,0.5623,0.4326,0.4428,0.0101,8612.43
2024-01-01T12:37:00,0.4397,0.5603,0.4356,0.4439,0.0083,6297.61
2024-01-01T12:38:00,0.4446,0.5554,0.4408,0.4485,0.0077,6272.38
2024-01-01T12:39:00,0.4482,0.5518,0.4455,0.4509,0.0054,11371.86
2024-01-01T12:40:00,0.448,0.552,0.4401,0.456,0.0159,11403.0
2024-01-01T12:41:00,0.4556,0.5444,0.4449,0.4663,0.0214,9959.16
2024-01-01T12:42:00,0.4578,0.5422,0.4477,0.4679,0.0201,10713.42
2024-01-01T12:43:00,0.4589,0.5411,0.4503,0.4674,0.0172,7400.16
2024-01-01T12:44:00,0.4628,0.5372,0.457,0.4687,0.0117,5642.12
2024-01-01T12:45:00,0.4684,0.5316,0.4565,0.4803,0.0238,8035.31
2024-01-01T12:46:00,0.4712,0.5288,0.4637,0.4787,0.015,9264.91
2024-01-01T12:47:00,0.4738,0.5262,0.4696,0.4779,0.0083,11563.18
2024-01-01T12:48:00,0.4746,0.5254,0.4649,0.4844,0.0195,6564.86
2024-01-01T12:49:00,0.4787,0.5213,0.4708,0.4866,0.0157,6259.77
2024-01-01T12:50:00,0.4789,0.5211,0.4677,0.49,0.0223,7343.61
2024-01-01T12:51:00,0.4856,0.5144,0.4791,0.4921,0.0129,8889.06
2024-01-01T12:52:00,0.4882,0.5118,0.4851,0.4913,0.0062,10102.02
2024-01-01T12:53:00,0.4918,0.5082,0.4809,0.5027,0.0218,8881.31
2024-01-01T12:54:00,0.4972,0.5028,0.4891,0.5053,0.0162,10672.37
2024-01-01T12:55:00,0.4973,0.5027,0.4856,0.509,0.0234,10560.95
2024-01-01T12:56:00,0.5008,0.4992,0.4955,0.5062,0.0106,10563.15
2024-01-01T12:57:00,0.5076,0.4924,0.5002,0.5149,0.0148,11331.74
2024-01-01T12:58:00,0.5076,0.4924,0.4997,0.5155,0.0158,7933.25
2024-01-01T12:59:00,0.5122,0.4878,0.5053,0.5191,0.0139,6043.17
2024-01-01T13:00:00,0.5146,0.4854,0.5119,0.5173,0.0054,5358.37
2024-01-01T13:01:00,0.518,0.482,0.5146,0.5214,0.0067,10913.62
2024-01-01T13:02:00,0.5214,0.4786,0.513,0.5297,0.0167,8465.58
2024-01-01T13:03:00,0.5241,0.4759,0.5216,0.5266,0.005,6344.52
2024-01-01T13:04:00,0.528,0.472,0.519,0.537,0.0181,7415.73
2024-01-01T13:05:00,0.5297,0.4703,0.5185,0.541,0.0226,9233.03
2024-01-01T13:06:00,0.534,0.466,0.5315,0.5364,0.0049,6132.72
2024-01-01T13:07:00,0.5359,0.4641,0.5316,0.5403,0.0087,10401.21
2024-01-01T13:08:00,0.5437,0.4563,0.5335,0.5539,0.0204,10319.8
2024-01-01T13:09:00,0.5447,0.4553,0.5394,0.5501,0.0107,8395.1
2024-01-01T13:10:00,0.5516,0.4484,0.5409,0.5624,0.0215,10843.52
2024-01-01T13:11:00,0.5566,0.4434,0.5509,0.5622,0.0114,7815.33
2024-01-01T13:12:00,0.56,0.44,0.5496,0.5704,0.0208,9647.59
2024-01-01T13:13:00,0.5615,0.4385,0.5544,0.5686,0.0142,5434.71
2024-01-01T13:14:00,0.5618,0.4382,0.5576,0.566,0.0084,5414.62
2024-01-01T13:15:00,0.5621,0.4379,0.559,0.5652,0.0062,10065.0
2024-01-01T13:16:00,0.5709,0.4291,0.5611,0.5806,0.0195,9564.39
2024-01-01T13:17:00,0.5727,0.4273,0.5648,0.5806,0.0158,9381.36
2024-01-01T13:18:00,0.5747,0.4253,0.5715,0.5779,0.0064,8321.89
2024-01-01T13:19:00,0.5807,0.4193,0.5781,0.5832,0.0051,9993.46
2024-01-01T13:20:00,0.5838,0.4162,0.5771,0.5905,0.0133,6759.25
2024-01-01T13:21:00,0.5869,0.4131,0.5828,0.5911,0.0082,9987.65
2024-01-01T13:22:00,0.5897,0.4103,0.5833,0.5961,0.0128,6184.84
2024-01-01T13:23:00,0.5898,0.4102,0.5838,0.5958,0.0119,7352.82
2024-01-01T13:24:00,0.5936,0.4064,0.585,0.6021,0.0171,5080.24
2024-01-01T13:25:00,0.5976,0.4024,0.5943,0.6008,0.0065,6740.77
2024-01-01T13:26:00,0.6031,0.3969,0.5987,0.6075,0.0088,5592.69
2024-01-01T13:27:00,0.6042,0.3958,0.5998,0.6085,0.0086,10086.47
2024-01-01T13:28:00,0.6066,0.3934,0.597,0.6163,0.0194,6210.7
2024-01-01T13:29:00,0.6072,0.3928,0.6014,0.6131,0.0117,7763.52
2024-01-01T13:30:00,0.6134,0.3866,0.6061,0.6208,0.0146,7136.29
2024-01-01T13:31:00,0.6204,0.3796,0.6172,0.6237,0.0065,8529.8
2024-01-01T13:32:00,0.6196,0.3804,0.6117,0.6275,0.0157,7601.51
2024-01-01T13:33:00,0.6215,0.3785,0.613,0.63,0.0171,4446.95
2024-01-01T13:34:00,0.6295,0.3705,0.6189,0.64,0.0211,9581.41
2024-01-01T13:35:00,0.63,0.37,0.6248,0.6353,0.0105,9043.18
2024-01-01T13:36:00,0.6351,0.3649,0.6328,0.6373,0.0045,5967.26
2024-01-01T13:37:00,0.6359,0.3641,0.626,0.6459,0.0198,6030.55
2024-01-01T13:38:00,0.6424,0.3576,0.6367,0.6482,0.0115,9033.17
2024-01-01T13:39:00,0.6441,0.3559,0.6419,0.6464,0.0044,5280.06
2024-01-01T13:40:00,0.646,0.354,0.6413,0.6507,0.0094,8376.04
2024-01-01T13:41:00,0.6502,0.3498,0.6397,0.6608,0.0211,6295.0
2024-01-01T13:42:00,0.6513,0.3487,0.6431,0.6596,0.0166,3975.96
2024-01-01T13:43:00,0.6542,0.3458,0.6462,0.6622,0.016,4930.25
2024-01-01T13:44:00,0.6614,0.3386,0.6548,0.668,0.0132,7359.95
2024-01-01T13:45:00,0.6672,0.3328,0.6638,0.6705,0.0066,6339.12
2024-01-01T13:46:00,0.6697,0.3303,0.6643,0.6752,0.0108,4234.84
2024-01-01T13:47:00,0.6733,0.3267,0.6679,0.6786,0.0107,4947.4
2024-01-01T13:48:00,0.6747,0.3253,0.6722,0.6773,0.0051,8645.17
2024-01-01T13:49:00,0.677,0.323,0.6709,0.6832,0.0124,7498.9
2024-01-01T13:50:00,0.6804,0.3196,0.6743,0.6864,0.0121,7789.2
2024-01-01T13:51:00,0.6856,0.3144,0.6801,0.691,0.0109,5827.37
2024-01-01T13:52:00,0.6908,0.3092,0.6868,0.6948,0.008,5164.43
2024-01-01T13:53:00,0.6928,0.3072,0.6907,0.6949,0.0043,4459.96
2024-01-01T13:54:00,0.6968,0.3032,0.6866,0.7071,0.0205,6228.81
2024-01-01T13:55:00,0.6991,0.3009,0.6932,0.705,0.0117,4634.3
2024-01-01T13:56:00,0.7022,0.2978,0.6972,0.7071,0.0099,3909.21
2024-01-01T13:57:00,0.7051,0.2949,0.7028,0.7073,0.0045,7673.08
2024-01-01T13:58:00,0.7056,0.2944,0.6976,0.7136,0.0159,5798.37
2024-01-01T13:59:00,0.7095,0.2905,0.6998,0.7192,0.0194,4806.88
2024-01-01T14:00:00,0.7085,0.2915,0.7027,0.7142,0.0115,4086.99
2024-01-01T14:01:00,0.7166,0.2834,0.7134,0.7199,0.0065,4587.05
2024-01-01T14:02:00,0.7184,0.2816,0.7101,0.7267,0.0166,4484.42
2024-01-01T14:03:00,0.7195,0.2805,0.7126,0.7264,0.0138,6517.11
2024-01-01T14:04:00,0.723,0.277,0.7158,0.7302,0.0143,7313.8
2024-01-01T14:05:00,0.7266,0.2734,0.7188,0.7345,0.0157,6970.19
2024-01-01T14:06:00,0.7336,0.2664,0.7279,0.7393,0.0113,7059.8
2024-01-01T14:07:00,0.7384,0.2616,0.7323,0.7445,0.0122,4778.11
2024-01-01T14:08:00,0.7413,0.2587,0.7324,0.7501,0.0177,3239.49
2024-01-01T14:09:00,0.7436,0.2564,0.7362,0.7509,0.0147,3063.82
2024-01-01T14:10:00,0.7468,0.2532,0.7372,0.7565,0.0193,6595.1
2024-01-01T14:11:00,0.749,0.251,0.7442,0.7538,0.0096,3822.06
2024-01-01T14:12:00,0.7487,0.2513,0.7401,0.7574,0.0173,3763.47
2024-01-01T14:13:00,0.7539,0.2461,0.7489,0.7589,0.01,6233.81
2024-01-01T14:14:00,0.7584,0.2416,0.7521,0.7648,0.0127,5932.73
2024-01-01T14:15:00,0.7605,0.2395,0.7578,0.7632,0.0054,3779.04
2024-01-01T14:16:00,0.7604,0.2396,0.7579,0.7628,0.0049,4816.89
2024-01-01T14:17:00,0.7665,0.2335,0.7623,0.7707,0.0083,3223.47
2024-01-01T14:18:00,0.77,0.23,0.7641,0.776,0.0119,5927.23
2024-01-01T14:19:00,0.7739,0.2261,0.7664,0.7814,0.0151,3695.72
2024-01-01T14:20:00,0.7776,0.2224,0.7755,0.7797,0.0042,3638.05
2024-01-01T14:21:00,0.7833,0.2167,0.7755,0.7911,0.0156,4817.46
2024-01-01T14:22:00,0.7857,0.2143,0.7776,0.7939,0.0163,3073.67
2024-01-01T14:23:00,0.7885,0.2115,0.7836,0.7935,0.0099,4509.49
2024-01-01T14:24:00,0.7903,0.2097,0.7844,0.7961,0.0117,5238.85
2024-01-01T14:25:00,0.7955,0.2045,0.7896,0.8014,0.0118,5789.19
2024-01-01T14:26:00,0.7985,0.2015,0.7943,0.8027,0.0083,2645.77
2024-01-01T14:27:00,0.8038,0.1962,0.7972,0.8103,0.0131,3762.29
2024-01-01T14:28:00,0.8031,0.1969,0.7995,0.8066,0.0071,4009.34
2024-01-01T14:29:00,0.8093,0.1907,0.8018,0.8167,0.0149,4110.36
2024-01-01T14:30:00,0.8099,0.1901,0.805,0.8149,0.0099,5487.25
2024-01-01T14:31:00,0.8135,0.1865,0.8057,0.8214,0.0157,2875.05
2024-01-01T14:32:00,0.8177,0.1823,0.8089,0.8266,0.0176,2734.18
2024-01-01T14:33:00,0.8233,0.1767,0.8165,0.83,0.0135,2597.21
2024-01-01T14:34:00,0.8241,0.1759,0.8181,0.8302,0.0121,2666.3
2024-01-01T14:35:00,0.828,0.172,0.8235,0.8324,0.0089,2867.93
2024-01-01T14:36:00,0.8319,0.1681,0.826,0.8378,0.0119,3562.42
2024-01-01T14:37:00,0.8373,0.1627,0.8326,0.842,0.0095,4427.37
2024-01-01T14:38:00,0.8379,0.1621,0.836,0.8398,0.0039,3808.35
2024-01-01T14:39:00,0.8394,0.1606,0.8318,0.8469,0.0151,3768.76
2024-01-01T14:40:00,0.8456,0.1544,0.8413,0.8499,0.0086,2702.1
2024-01-01T14:41:00,0.8465,0.1535,0.8418,0.8512,0.0094,4258.34
2024-01-01T14:42:00,0.8501,0.1499,0.8474,0.8528,0.0054,3986.07
2024-01-01T14:43:00,0.8553,0.1447,0.8483,0.8623,0.0141,3684.11
2024-01-01T14:44:00,0.8565,0.1435,0.8514,0.8616,0.0102,3177.06
2024-01-01T14:45:00,0.8607,0.1393,0.8571,0.8643,0.0072,2733.7
2024-01-01T14:46:00,0.8655,0.1345,0.8614,0.8695,0.0081,2484.73
2024-01-01T14:47:00,0.8702,0.1298,0.8625,0.878,0.0155,2002.66
2024-01-01T14:48:00,0.8689,0.1311,0.8668,0.871,0.0042,1986.84
2024-01-01T14:49:00,0.8695,0.1305,0.8663,0.8727,0.0064,3661.49
2024-01-01T14:50:00,0.8766,0.1234,0.8748,0.8783,0.0035,2774.51
2024-01-01T14:51:00,0.8782,0.1218,0.872,0.8843,0.0123,3446.46
2024-01-01T14:52:00,0.8837,0.1163,0.8786,0.8888,0.0102,3282.6
2024-01-01T14:53:00,0.8865,0.1135,0.8824,0.8907,0.0082,2201.09
2024-01-01T14:54:00,0.8891,0.1109,0.8835,0.8947,0.0112,3320.78
2024-01-01T14:55:00,0.8912,0.1088,0.8846,0.8978,0.0131,2787.6
2024-01-01T14:56:00,0.8959,0.1041,0.891,0.9008,0.0098,2705.3
2024-01-01T14:57:00,0.8999,0.1001,0.8927,0.9072,0.0144,3052.36
2024-01-01T14:58:00,0.9014,0.0986,0.8957,0.907,0.0113,2224.34
2024-01-01T14:59:00,0.9019,0.0981,0.8975,0.9063,0.0087,2336.29
2024-01-01T15:00:00,0.9084,0.0916,0.9021,0.9147,0.0126,1964.69
2024-01-01T15:01:00,0.9113,0.0887,0.9036,0.919,0.0155,2740.37
2024-01-01T15:02:00,0.9164,0.0836,0.9095,0.9233,0.0137,1585.23
2024-01-01T15:03:00,0.9195,0.0805,0.9138,0.9252,0.0114,1484.98
2024-01-01T15:04:00,0.9232,0.0768,0.9195,0.9269,0.0074,2841.1
2024-01-01T15:05:00,0.9271,0.0729,0.9226,0.9315,0.0089,1582.01
2024-01-01T15:06:00,0.9278,0.0722,0.9219,0.9337,0.0118,1582.48
2024-01-01T15:07:00,0.9332,0.0668,0.9284,0.938,0.0096,1376.26
2024-01-01T15:08:00,0.9357,0.0643,0.9305,0.9409,0.0104,1759.25
2024-01-01T15:09:00,0.9405,0.0595,0.9335,0.9475,0.014,2219.32
2024-01-01T15:10:00,0.9408,0.0592,0.9386,0.943,0.0044,2139.17
2024-01-01T15:11:00,0.9429,0.0571,0.9389,0.9468,0.0079,2042.21
2024-01-01T15:12:00,0.945,0.055,0.9397,0.9503,0.0106,1676.7
2024-01-01T15:13:00,0.9486,0.0514,0.9431,0.9541,0.0111,1730.07
2024-01-01T15:14:00,0.952,0.048,0.9488,0.9553,0.0065,2390.4
2024-01-01T15:15:00,0.948,0.052,0.9432,0.9528,0.0096,2074.79
2024-01-01T15:16:00,0.9459,0.0541,0.9436,0.9483,0.0046,1957.13
2024-01-01T15:17:00,0.9465,0.0535,0.9411,0.9518,0.0107,1623.86
2024-01-01T15:18:00,0.9471,0.0529,0.9438,0.9504,0.0066,2255.53
2024-01-01T15:19:00,0.9477,0.0523,0.9438,0.9516,0.0078,2033.75
2024-01-01T15:20:00,0.9487,0.0513,0.9436,0.9539,0.0103,1807.13
2024-01-01T15:21:00,0.9508,0.0492,0.9463,0.9554,0.009,1701.62
2024-01-01T15:22:00,0.9469,0.0531,0.9402,0.9536,0.0134,1366.68
2024-01-01T15:23:00,0.9502,0.0498,0.9485,0.9519,0.0035,1776.8
2024-01-01T15:24:00,0.9491,0.0509,0.9459,0.9523,0.0064,1989.3
2024-01-01T15:25:00,0.946,0.054,0.9395,0.9525,0.013,1178.03
2024-01-01T15:26:00,0.9474,0.0526,0.9427,0.9522,0.0095,2086.58
2024-01-01T15:27:00,0.9493,0.0507,0.9439,0.9548,0.0109,1624.89
2024-01-01T15:28:00,0.9524,0.0476,0.9473,0.9576,0.0104,2380.53
2024-01-01T15:29:00,0.9523,0.0477,0.9499,0.9546,0.0047,1519.67
2024-01-01T15:30:00,0.948,0.052,0.9447,0.9514,0.0067,1535.81
2024-01-01T15:31:00,0.9511,0.0489,0.948,0.9541,0.0062,1734.61
2024-01-01T15:32:00,0.9463,0.0537,0.9389,0.9536,0.0147,2458.84
2024-01-01T15:33:00,0.9514,0.0486,0.9489,0.9538,0.0049,1631.83
2024-01-01T15:34:00,0.9504,0.0496,0.9447,0.956,0.0113,2165.2
2024-01-01T15:35:00,0.95,0.05,0.9428,0.9571,0.0143,2050.72
2024-01-01T15:36:00,0.9469,0.0531,0.9446,0.9492,0.0045,1837.23
2024-01-01T15:37:00,0.9458,0.0542,0.9401,0.9514,0.0113,1290.58
2024-01-01T15:38:00,0.9493,0.0507,0.947,0.9516,0.0045,1944.29
2024-01-01T15:39:00,0.9485,0.0515,0.9446,0.9523,0.0077,1099.59
2024-01-01T15:40:00,0.948,0.052,0.9462,0.9497,0.0035,2102.05
2024-01-01T15:41:00,0.9492,0.0508,0.9455,0.9529,0.0073,2334.48
2024-01-01T15:42:00,0.9505,0.0495,0.9454,0.9555,0.01,2258.72
2024-01-01T15:43:00,0.9492,0.0508,0.9444,0.9539,0.0095,1523.81
2024-01-01T15:44:00,0.9497,0.0503,0.9425,0.9568,0.0142,1662.72
2024-01-01T15:45:00,0.9475,0.0525,0.9419,0.953,0.0111,1857.75
2024-01-01T15:46:00,0.9478,0.0522,0.9452,0.9504,0.0052,1699.06
2024-01-01T15:47:00,0.9466,0.0534,0.9403,0.9529,0.0125,2427.98
2024-01-01T15:48:00,0.9474,0.0526,0.9441,0.9507,0.0066,1121.65
2024-01-01T15:49:00,0.9461,0.0539,0.9392,0.953,0.0138,2203.06
2024-01-01T15:50:00,0.9467,0.0533,0.9413,0.9521,0.0108,2539.38
2024-01-01T15:51:00,0.9498,0.0502,0.9469,0.9527,0.0058,2388.49
2024-01-01T15:52:00,0.9468,0.0532,0.9417,0.9519,0.0102,1893.1
2024-01-01T15:53:00,0.9504,0.0496,0.9458,0.955,0.0092,2380.94
2024-01-01T15:54:00,0.953,0.047,0.9503,0.9556,0.0053,1310.54
2024-01-01T15:55:00,0.9517,0.0483,0.9475,0.9558,0.0084,1142.06
2024-01-01T15:56:00,0.9484,0.0516,0.9436,0.9533,0.0097,1270.45
2024-01-01T15:57:00,0.9488,0.0512,0.9463,0.9512,0.0049,1671.43
2024-01-01T15:58:00,0.9509,0.0491,0.9461,0.9558,0.0097,2127.11
2024-01-01T15:59:00,0.9498,0.0502,0.947,0.9526,0.0057,1847.12
2024-01-01T16:00:00,0.9508,0.0492,0.9459,0.9556,0.0098,2330.82
2024-01-01T16:01:00,0.9487,0.0513,0.9416,0.9558,0.0142,2009.98
2024-01-01T16:02:00,0.9515,0.0485,0.9469,0.9562,0.0092,1235.38
2024-01-01T16:03:00,0.9498,0.0502,0.9436,0.956,0.0124,1296.62
2024-01-01T16:04:00,0.9484,0.0516,0.9454,0.9513,0.0058,2180.1
2024-01-01T16:05:00,0.9511,0.0489,0.9471,0.9551,0.008,1388.78
2024-01-01T16:06:00,0.949,0.051,0.9432,0.9547,0.0115,1807.92
2024-01-01T16:07:00,0.9532,0.0468,0.9494,0.9571,0.0077,2185.59
2024-01-01T16:08:00,0.9512,0.0488,0.9472,0.9551,0.0079,1563.94
2024-01-01T16:09:00,0.9529,0.0471,0.9487,0.957,0.0083,1169.35
2024-01-01T16:10:00,0.9539,0.0461,0.9467,0.9611,0.0143,1926.53
2024-01-01T16:11:00,0.9538,0.0462,0.9497,0.9579,0.0082,1450.15
2024-01-01T16:12:00,0.9536,0.0464,0.9463,0.9608,0.0145,1097.68
2024-01-01T16:13:00,0.9518,0.0482,0.9471,0.9566,0.0096,1984.9
2024-01-01T16:14:00,0.954,0.046,0.9512,0.9568,0.0055,1700.09
2024-01-01T16:15:00,0.9523,0.0477,0.9489,0.9558,0.0069,1595.27
2024-01-01T16:16:00,0.9543,0.0457,0.9489,0.9597,0.0107,1808.0
2024-01-01T16:17:00,0.9512,0.0488,0.946,0.9563,0.0103,2235.71
2024-01-01T16:18:00,0.9512,0.0488,0.9481,0.9543,0.0061,2297.59
2024-01-01T16:19:00,0.9472,0.0528,0.9419,0.9525,0.0107,2192.05
2024-01-01T16:20:00,0.9509,0.0491,0.9478,0.9541,0.0064,1872.46
2024-01-01T16:21:00,0.9516,0.0484,0.9453,0.9578,0.0125,2200.08
2024-01-01T16:22:00,0.9545,0.0455,0.9516,0.9575,0.0059,1860.64
2024-01-01T16:23:00,0.9544,0.0456,0.9499,0.959,0.0091,1625.91
2024-01-01T16:24:00,0.953,0.047,0.9482,0.9578,0.0096,1449.26
2024-01-01T16:25:00,0.9538,0.0462,0.952,0.9556,0.0036,1914.11
2024-01-01T16:26:00,0.949,0.051,0.9458,0.9521,0.0063,2106.95
2024-01-01T16:27:00,0.9497,0.0503,0.944,0.9555,0.0115,1965.9
2024-01-01T16:28:00,0.9503,0.0497,0.9481,0.9524,0.0043,2091.54
2024-01-01T16:29:00,0.9504,0.0496,0.9461,0.9548,0.0086,2358.36
2024-01-01T16:30:00,0.9506,0.0494,0.9444,0.9568,0.0124,1935.2
2024-01-01T16:31:00,0.9488,0.0512,0.9425,0.9551,0.0127,1947.03
2024-01-01T16:32:00,0.9453,0.0547,0.9394,0.9513,0.012,2562.97
2024-01-01T16:33:00,0.9469,0.0531,0.9427,0.9511,0.0084,1790.54
2024-01-01T16:34:00,0.9484,0.0516,0.9448,0.952,0.0072,1958.32
2024-01-01T16:35:00,0.9486,0.0514,0.9441,0.9531,0.009,1266.69
2024-01-01T16:36:00,0.948,0.052,0.9413,0.9546,0.0133,1575.1
2024-01-01T16:37:00,0.9473,0.0527,0.94,0.9545,0.0145,1978.5
2024-01-01T16:38:00,0.9441,0.0559,0.9392,0.9491,0.0099,2438.07
2024-01-01T16:39:00,0.9464,0.0536,0.9421,0.9507,0.0086,2015.16
2024-01-01T16:40:00,0.9462,0.0538,0.9392,0.9533,0.0141,1211.63
2024-01-01T16:41:00,0.9501,0.0499,0.9483,0.9519,0.0036,1087.52
2024-01-01T16:42:00,0.9526,0.0474,0.9507,0.9544,0.0037,1824.77
2024-01-01T16:43:00,0.9504,0.0496,0.9446,0.9561,0.0115,2038.14
2024-01-01T16:44:00,0.952,0.048,0.9501,0.954,0.0039,1323.0
2024-01-01T16:45:00,0.9525,0.0475,0.9493,0.9558,0.0065,2366.16
2024-01-01T16:46:00,0.951,0.049,0.9481,0.9539,0.0058,1312.64
2024-01-01T16:47:00,0.9487,0.0513,0.9425,0.9548,0.0123,1688.28
2024-01-01T16:48:00,0.9483,0.0517,0.9449,0.9518,0.0068,1869.45
2024-01-01T16:49:00,0.9506,0.0494,0.9482,0.9531,0.0049,1130.84
2024-01-01T16:50:00,0.95,0.05,0.9459,0.9541,0.0081,1529.79
2024-01-01T16:51:00,0.954,0.046,0.947,0.961,0.014,1367.06
2024-01-01T16:52:00,0.9481,0.0519,0.9413,0.9549,0.0135,2014.49
2024-01-01T16:53:00,0.9475,0.0525,0.9437,0.9512,0.0075,2434.52
2024-01-01T16:54:00,0.9456,0.0544,0.943,0.9482,0.0052,1266.81
2024-01-01T16:55:00,0.9478,0.0522,0.9447,0.9509,0.0062,2032.04
2024-01-01T16:56:00,0.9481,0.0519,0.9439,0.9524,0.0085,1929.26
2024-01-01T16:57:00,0.9501,0.0499,0.9468,0.9533,0.0066,1478.08
2024-01-01T16:58:00,0.9499,0.0501,0.9452,0.9547,0.0095,1787.77
2024-01-01T16:59:00,0.9506,0.0494,0.9444,0.9568,0.0124,1652.38
2024-01-01T17:00:00,0.9458,0.0542,0.9442,0.9474,0.0032,2165.7
2024-01-01T17:01:00,0.9516,0.0484,0.9484,0.9548,0.0064,1924.51
2024-01-01T17:02:00,0.9518,0.0482,0.9453,0.9583,0.013,2198.31
2024-01-01T17:03:00,0.9513,0.0487,0.9486,0.954,0.0054,1714.84
2024-01-01T17:04:00,0.9529,0.0471,0.9506,0.9552,0.0046,1761.54
2024-01-01T17:05:00,0.9477,0.0523,0.9435,0.952,0.0085,1956.38
2024-01-01T17:06:00,0.9456,0.0544,0.944,0.9472,0.0031,2460.22
2024-01-01T17:07:00,0.9494,0.0506,0.9444,0.9545,0.0101,1243.8
2024-01-01T17:08:00,0.9536,0.0464,0.9481,0.9592,0.0111,1605.86
2024-01-01T17:09:00,0.9527,0.0473,0.9498,0.9556,0.0058,1432.44
2024-01-01T17:10:00,0.9536,0.0464,0.9502,0.9569,0.0066,1067.06
2024-01-01T17:11:00,0.9532,0.0468,0.951,0.9553,0.0043,2181.25
2024-01-01T17:12:00,0.9536,0.0464,0.952,0.9551,0.0031,1925.62
2024-01-01T17:13:00,0.9526,0.0474,0.9495,0.9556,0.006,2366.0
2024-01-01T17:14:00,0.9504,0.0496,0.9457,0.9552,0.0095,2198.73
2024-01-01T17:15:00,0.9459,0.0541,0.9402,0.9517,0.0115,2461.87
2024-01-01T17:16:00,0.9469,0.0531,0.9444,0.9495,0.0051,1136.9
2024-01-01T17:17:00,0.9501,0.0499,0.9435,0.9567,0.0132,1476.22
2024-01-01T17:18:00,0.9485,0.0515,0.9417,0.9553,0.0136,1194.41
2024-01-01T17:19:00,0.9515,0.0485,0.9473,0.9556,0.0083,1082.86
2024-01-01T17:20:00,0.9483,0.0517,0.9466,0.9501,0.0036,1597.57
2024-01-01T17:21:00,0.947,0.053,0.9396,0.9543,0.0147,2225.76
2024-01-01T17:22:00,0.9484,0.0516,0.9429,0.9538,0.0108,1572.38
2024-01-01T17:23:00,0.9499,0.0501,0.9435,0.9563,0.0128,1580.41
2024-01-01T17:24:00,0.9505,0.0495,0.9487,0.9523,0.0036,1861.65
2024-01-01T17:25:00,0.9481,0.0519,0.9464,0.9498,0.0034,1833.0
2024-01-01T17:26:00,0.9492,0.0508,0.9439,0.9544,0.0105,1776.81
2024-01-01T17:27:00,0.9505,0.0495,0.9444,0.9565,0.0121,1389.76
2024-01-01T17:28:00,0.9541,0.0459,0.9485,0.9597,0.0111,1936.64
2024-01-01T17:29:00,0.951,0.049,0.9494,0.9527,0.0033,2259.81
2024-01-01T17:30:00,0.9524,0.0476,0.9493,0.9554,0.0061,2379.31
2024-01-01T17:31:00,0.9504,0.0496,0.9446,0.9561,0.0116,1814.6
2024-01-01T17:32:00,0.9509,0.0491,0.9484,0.9535,0.0051,1993.96
2024-01-01T17:33:00,0.9493,0.0507,0.9422,0.9563,0.0142,2048.84
2024-01-01T17:34:00,0.952,0.048,0.9455,0.9586,0.0132,2347.47
2024-01-01T17:35:00,0.9482,0.0518,0.946,0.9505,0.0044,1617.64
2024-01-01T17:36:00,0.9511,0.0489,0.9456,0.9566,0.011,1107.47
2024-01-01T17:37:00,0.9503,0.0497,0.9469,0.9537,0.0068,2419.75
2024-01-01T17:38:00,0.9502,0.0498,0.9434,0.957,0.0136,2270.9
2024-01-01T17:39:00,0.9499,0.0501,0.9447,0.9551,0.0104,1820.61
2024-01-01T17:40:00,0.9507,0.0493,0.9448,0.9566,0.0118,1874.63
2024-01-01T17:41:00,0.9526,0.0474,0.9496,0.9557,0.0061,1253.63
2024-01-01T17:42:00,0.9523,0.0477,0.9461,0.9586,0.0125,2071.48
2024-01-01T17:43:00,0.951,0.049,0.9466,0.9554,0.0088,1194.89
2024-01-01T17:44:00,0.9524,0.0476,0.9507,0.9541,0.0034,2121.36
2024-01-01T17:45:00,0.9533,0.0467,0.9477,0.9588,0.0111,1208.47
2024-01-01T17:46:00,0.9477,0.0523,0.9444,0.951,0.0066,1349.32
2024-01-01T17:47:00,0.9497,0.0503,0.9455,0.954,0.0085,2108.08
2024-01-01T17:48:00,0.9484,0.0516,0.9427,0.954,0.0113,1234.02
2024-01-01T17:49:00,0.9468,0.0532,0.9437,0.9498,0.0061,2366.98
2024-01-01T17:50:00,0.9496,0.0504,0.9455,0.9537,0.0082,1094.12
2024-01-01T17:51:00,0.9508,0.0492,0.944,0.9577,0.0137,1238.52
2024-01-01T17:52:00,0.9543,0.0457,0.9507,0.9579,0.0071,1451.19
2024-01-01T17:53:00,0.9475,0.0525,0.9415,0.9534,0.0119,1431.39
2024-01-01T17:54:00,0.9495,0.0505,0.9431,0.9559,0.0128,1600.43
2024-01-01T17:55:00,0.9438,0.0562,0.9377,0.9498,0.0121,1261.77
2024-01-01T17:56:00,0.9486,0.0514,0.9447,0.9526,0.0079,1275.22
2024-01-01T17:57:00,0.9476,0.0524,0.943,0.9522,0.0092,1453.1
2024-01-01T17:58:00,0.9484,0.0516,0.9445,0.9523,0.0077,1288.91
2024-01-01T17:59:00,0.9441,0.0559,0.9425,0.9457,0.0032,2216.88
2024-01-01T18:00:00,0.9471,0.0529,0.9413,0.953,0.0116,1986.71
2024-01-01T18:01:00,0.9464,0.0536,0.9421,0.9507,0.0086,2598.59
2024-01-01T18:02:00,0.9514,0.0486,0.9462,0.9566,0.0104,1570.3
2024-01-01T18:03:00,0.95,0.05,0.947,0.953,0.006,2008.57
2024-01-01T18:04:00,0.9478,0.0522,0.9415,0.9542,0.0127,1708.63
2024-01-01T18:05:00,0.95,0.05,0.9471,0.9528,0.0057,2073.64
2024-01-01T18:06:00,0.9489,0.0511,0.9421,0.9556,0.0135,2524.07
2024-01-01T18:07:00,0.95,0.05,0.9447,0.9553,0.0106,1882.63
2024-01-01T18:08:00,0.9536,0.0464,0.9493,0.9579,0.0085,1764.83
2024-01-01T18:09:00,0.9529,0.0471,0.9489,0.957,0.0081,1289.84
2024-01-01T18:10:00,0.9508,0.0492,0.9447,0.957,0.0123,2067.94
2024-01-01T18:11:00,0.9513,0.0487,0.9442,0.9584,0.0142,1720.91
2024-01-01T18:12:00,0.9487,0.0513,0.9429,0.9545,0.0116,1288.02
2024-01-01T18:13:00,0.9544,0.0456,0.9517,0.9571,0.0053,1693.0
2024-01-01T18:14:00,0.9549,0.0451,0.952,0.9579,0.0059,1672.14
2024-01-01T18:15:00,0.9544,0.0456,0.9484,0.9605,0.012,1368.96
2024-01-01T18:16:00,0.9538,0.0462,0.9477,0.9598,0.0121,1551.1
2024-01-01T18:17:00,0.9506,0.0494,0.9488,0.9525,0.0037,1205.36
2024-01-01T18:18:00,0.946,0.054,0.9391,0.9529,0.0138,2147.41
2024-01-01T18:19:00,0.9449,0.0551,0.9431,0.9468,0.0037,2320.04
2024-01-01T18:20:00,0.9515,0.0485,0.9446,0.9584,0.0138,1520.38
2024-01-01T18:21:00,0.9493,0.0507,0.9463,0.9522,0.0059,1660.93
2024-01-01T18:22:00,0.9477,0.0523,0.9439,0.9515,0.0076,1867.86
2024-01-01T18:23:00,0.9495,0.0505,0.9479,0.9512,0.0032,1108.19
2024-01-01T18:24:00,0.9463,0.0537,0.939,0.9535,0.0145,1499.34
2024-01-01T18:25:00,0.9448,0.0552,0.9388,0.9508,0.012,1139.56
2024-01-01T18:26:00,0.9515,0.0485,0.947,0.956,0.009,2228.92
2024-01-01T18:27:00,0.9503,0.0497,0.9456,0.9549,0.0092,2180.71
2024-01-01T18:28:00,0.9519,0.0481,0.9451,0.9588,0.0137,1236.23
2024-01-01T18:29:00,0.953,0.047,0.9503,0.9558,0.0055,1584.46
2024-01-01T18:30:00,0.9513,0.0487,0.9477,0.9548,0.0071,1652.12
2024-01-01T18:31:00,0.9512,0.0488,0.9441,0.9583,0.0142,1107.43
2024-01-01T18:32:00,0.953,0.047,0.9505,0.9555,0.005,1881.17
2024-01-01T18:33:00,0.9523,0.0477,0.9487,0.9559,0.0072,1364.23
2024-01-01T18:34:00,0.9519,0.0481,0.9478,0.9559,0.0081,2235.79
2024-01-01T18:35:00,0.9503,0.0497,0.9454,0.9552,0.0098,2176.24
2024-01-01T18:36:00,0.9496,0.0504,0.9438,0.9554,0.0116,2072.69
2024-01-01T18:37:00,0.9553,0.0447,0.9488,0.9619,0.0131,1812.3
2024-01-01T18:38:00,0.9512,0.0488,0.9445,0.9579,0.0133,2414.2
2024-01-01T18:39:00,0.9541,0.0459,0.947,0.9612,0.0141,1560.44
2024-01-01T18:40:00,0.9526,0.0474,0.9505,0.9547,0.0042,1102.6
2024-01-01T18:41:00,0.9537,0.0463,0.9507,0.9567,0.006,1549.22
2024-01-01T18:42:00,0.9497,0.0503,0.9463,0.9531,0.0068,1136.92
2024-01-01T18:43:00,0.9532,0.0468,0.9514,0.9551,0.0037,1050.83
2024-01-01T18:44:00,0.9543,0.0457,0.9477,0.9609,0.0132,2380.72
2024-01-01T18:45:00,0.9515,0.0485,0.949,0.9541,0.0051,2078.81
2024-01-01T18:46:00,0.949,0.051,0.9455,0.9525,0.007,1301.56
2024-01-01T18:47:00,0.9503,0.0497,0.9453,0.9554,0.0101,1676.64
2024-01-01T18:48:00,0.9486,0.0514,0.945,0.9522,0.0072,2317.91
2024-01-01T18:49:00,0.9498,0.0502,0.9472,0.9523,0.0051,2282.44
2024-01-01T18:50:00,0.9513,0.0487,0.947,0.9555,0.0084,1698.58
2024-01-01T18:51:00,0.9509,0.0491,0.9473,0.9546,0.0074,1396.22
2024-01-01T18:52:00,0.9492,0.0508,0.943,0.9554,0.0124,1398.15
2024-01-01T18:53:00,0.9499,0.0501,0.9441,0.9556,0.0114,2035.57
2024-01-01T18:54:00,0.9486,0.0514,0.9442,0.953,0.0087,2075.2
2024-01-01T18:55:00,0.9472,0.0528,0.9426,0.9517,0.0092,1215.13
2024-01-01T18:56:00,0.9512,0.0488,0.9465,0.9558,0.0093,2307.03
2024-01-01T18:57:00,0.9526,0.0474,0.9468,0.9583,0.0116,1762.43
2024-01-01T18:58:00,0.9518,0.0482,0.9464,0.9571,0.0107,2411.2
2024-01-01T18:59:00,0.949,0.051,0.9471,0.9509,0.0038,1745.67
2024-01-01T19:00:00,0.9499,0.0501,0.9479,0.9519,0.004,2362.37
2024-01-01T19:01:00,0.9528,0.0472,0.9465,0.959,0.0125,1254.5
2024-01-01T19:02:00,0.9521,0.0479,0.9469,0.9572,0.0103,1322.98
2024-01-01T19:03:00,0.948,0.052,0.9458,0.9502,0.0044,2488.68
2024-01-01T19:04:00,0.9488,0.0512,0.9471,0.9505,0.0034,1903.42
2024-01-01T19:05:00,0.9507,0.0493,0.9458,0.9555,0.0096,2296.18
2024-01-01T19:06:00,0.9451,0.0549,0.941,0.9493,0.0083,2425.03
2024-01-01T19:07:00,0.9459,0.0541,0.9421,0.9497,0.0076,2186.45
2024-01-01T19:08:00,0.9493,0.0507,0.9457,0.9528,0.0071,2502.22
2024-01-01T19:09:00,0.9437,0.0563,0.9366,0.9507,0.0142,1470.98
2024-01-01T19:10:00,0.9468,0.0532,0.9434,0.9502,0.0068,2294.13
2024-01-01T19:11:00,0.9482,0.0518,0.9466,0.9498,0.0033,1458.04
2024-01-01T19:12:00,0.9525,0.0475,0.9508,0.9541,0.0033,2048.6
2024-01-01T19:13:00,0.9514,0.0486,0.9484,0.9543,0.0059,1522.79
2024-01-01T19:14:00,0.951,0.049,0.9487,0.9534,0.0047,2322.76
2024-01-01T19:15:00,0.9478,0.0522,0.9405,0.9551,0.0147,2399.33
2024-01-01T19:16:00,0.9522,0.0478,0.9482,0.9562,0.008,1289.25
2024-01-01T19:17:00,0.9509,0.0491,0.9469,0.9549,0.008,1265.09
2024-01-01T19:18:00,0.95,0.05,0.9435,0.9566,0.0131,2256.29
2024-01-01T19:19:00,0.9525,0.0475,0.9491,0.956,0.0069,1971.72
2024-01-01T19:20:00,0.9517,0.0483,0.9464,0.9571,0.0107,2036.64
2024-01-01T19:21:00,0.9504,0.0496,0.9473,0.9534,0.006,1768.9
2024-01-01T19:22:00,0.9476,0.0524,0.9403,0.9549,0.0146,2431.94
2024-01-01T19:23:00,0.9536,0.0464,0.9466,0.9606,0.0141,2277.59
2024-01-01T19:24:00,0.9514,0.0486,0.9482,0.9545,0.0063,1792.47
2024-01-01T19:25:00,0.9539,0.0461,0.9508,0.957,0.0062,1253.95
2024-01-01T19:26:00,0.9524,0.0476,0.949,0.9557,0.0066,1707.07
2024-01-01T19:27:00,0.9504,0.0496,0.945,0.9558,0.0108,1183.65
2024-01-01T19:28:00,0.9512,0.0488,0.944,0.9583,0.0143,1412.88
2024-01-01T19:29:00,0.9475,0.0525,0.944,0.9511,0.0071,1293.87
2024-01-01T19:30:00,0.9496,0.0504,0.9465,0.9526,0.006,1232.44
2024-01-01T19:31:00,0.9504,0.0496,0.9473,0.9534,0.0062,1514.66
2024-01-01T19:32:00,0.9489,0.0511,0.9419,0.9558,0.0139,1609.48
2024-01-01T19:33:00,0.945,0.055,0.9408,0.9492,0.0084,1693.22
2024-01-01T19:34:00,0.9474,0.0526,0.9439,0.9508,0.0069,2114.68
2024-01-01T19:35:00,0.9515,0.0485,0.9482,0.9547,0.0065,2282.18
2024-01-01T19:36:00,0.9536,0.0464,0.9521,0.9552,0.0031,1090.73
2024-01-01T19:37:00,0.9519,0.0481,0.9466,0.9572,0.0106,1210.42
2024-01-01T19:38:00,0.9497,0.0503,0.9451,0.9544,0.0092,2492.82
2024-01-01T19:39:00,0.9536,0.0464,0.952,0.9553,0.0032,1742.35
2024-01-01T19:40:00,0.9505,0.0495,0.948,0.953,0.005,1387.16
2024-01-01T19:41:00,0.9473,0.0527,0.9403,0.9543,0.014,2259.35
2024-01-01T19:42:00,0.9481,0.0519,0.9449,0.9513,0.0065,2484.04
2024-01-01T19:43:00,0.9513,0.0487,0.9463,0.9563,0.01,2448.96
2024-01-01T19:44:00,0.9468,0.0532,0.9415,0.952,0.0104,1222.46
2024-01-01T19:45:00,0.9506,0.0494,0.9446,0.9566,0.0121,1816.46
2024-01-01T19:46:00,0.9505,0.0495,0.9472,0.9538,0.0066,2290.79
2024-01-01T19:47:00,0.9508,0.0492,0.9455,0.956,0.0105,2347.61
2024-01-01T19:48:00,0.9492,0.0508,0.9422,0.9563,0.0141,2401.21
2024-01-01T19:49:00,0.9547,0.0453,0.9499,0.9595,0.0096,1489.11
2024-01-01T19:50:00,0.9544,0.0456,0.9485,0.9603,0.0118,2180.74
2024-01-01T19:51:00,0.953,0.047,0.9491,0.9569,0.0079,2367.93
2024-01-01T19:52:00,0.954,0.046,0.9495,0.9585,0.009,1195.77
2024-01-01T19:53:00,0.9521,0.0479,0.9464,0.9577,0.0113,1156.65
2024-01-01T19:54:00,0.9503,0.0497,0.9431,0.9574,0.0143,2108.58
2024-01-01T19:55:00,0.9471,0.0529,0.9453,0.9489,0.0035,1976.77
2024-01-01T19:56:00,0.9519,0.0481,0.9483,0.9555,0.0072,1303.73
2024-01-01T19:57:00,0.9515,0.0485,0.9476,0.9553,0.0077,1541.38
2024-01-01T19:58:00,0.9498,0.0502,0.9429,0.9567,0.0138,1178.16
2024-01-01T19:59:00,0.9512,0.0488,0.9457,0.9566,0.0109,1741.46
2024-01-01T20:00:00,0.9495,0.0505,0.943,0.956,0.013,2070.65
2024-01-01T20:01:00,0.9487,0.0513,0.9471,0.9503,0.0032,1306.82
2024-01-01T20:02:00,0.9513,0.0487,0.9489,0.9538,0.0049,2027.01
2024-01-01T20:03:00,0.9518,0.0482,0.9459,0.9577,0.0118,1637.36
2024-01-01T20:04:00,0.9496,0.0504,0.9453,0.9539,0.0087,1640.94
2024-01-01T20:05:00,0.9523,0.0477,0.9451,0.9595,0.0144,1549.05
2024-01-01T20:06:00,0.9497,0.0503,0.947,0.9523,0.0054,1433.52
2024-01-01T20:07:00,0.949,0.051,0.9415,0.9564,0.0148,1382.56
2024-01-01T20:08:00,0.9491,0.0509,0.9474,0.9508,0.0034,1920.35
2024-01-01T20:09:00,0.9489,0.0511,0.9425,0.9552,0.0127,1334.35
2024-01-01T20:10:00,0.9495,0.0505,0.9422,0.9568,0.0146,2021.9
2024-01-01T20:11:00,0.9473,0.0527,0.9429,0.9517,0.0087,1977.98
2024-01-01T20:12:00,0.9504,0.0496,0.9482,0.9526,0.0044,1888.64
2024-01-01T20:13:00,0.9497,0.0503,0.9474,0.952,0.0046,2139.56
2024-01-01T20:14:00,0.9464,0.0536,0.9438,0.949,0.0052,2061.3
2024-01-01T20:15:00,0.9512,0.0488,0.9447,0.9576,0.013,1503.93
2024-01-01T20:16:00,0.9483,0.0517,0.945,0.9516,0.0067,1787.8
2024-01-01T20:17:00,0.9481,0.0519,0.9423,0.954,0.0117,1584.9
2024-01-01T20:18:00,0.9511,0.0489,0.944,0.9583,0.0142,2465.78
2024-01-01T20:19:00,0.9513,0.0487,0.9483,0.9542,0.0059,2483.41
2024-01-01T20:20:00,0.9508,0.0492,0.9473,0.9542,0.0069,2195.77
2024-01-01T20:21:00,0.9486,0.0514,0.947,0.9502,0.0032,2104.7
2024-01-01T20:22:00,0.9526,0.0474,0.9502,0.955,0.0047,2247.21
2024-01-01T20:23:00,0.9536,0.0464,0.9475,0.9598,0.0123,2112.22
2024-01-01T20:24:00,0.9489,0.0511,0.9461,0.9518,0.0057,1598.05
2024-01-01T20:25:00,0.9506,0.0494,0.9485,0.9527,0.0043,2303.1
2024-01-01T20:26:00,0.9506,0.0494,0.9477,0.9534,0.0057,1456.51
2024-01-01T20:27:00,0.9502,0.0498,0.9481,0.9522,0.0041,1175.81
2024-01-01T20:28:00,0.9505,0.0495,0.9466,0.9545,0.0079,2407.97
2024-01-01T20:29:00,0.8318,0.1682,0.8232,0.8405,0.0173,3852.05
2024-01-01T20:30:00,0.8253,0.1747,0.8189,0.8317,0.0128,3727.85
2024-01-01T20:31:00,0.8229,0.1771,0.8196,0.8263,0.0066,5307.79
2024-01-01T20:32:00,0.8235,0.1765,0.8191,0.8279,0.0088,2585.07
2024-01-01T20:33:00,0.8219,0.1781,0.8134,0.8304,0.017,3544.74
2024-01-01T20:34:00,0.8207,0.1793,0.8147,0.8267,0.012,3039.63
2024-01-01T20:35:00,0.8204,0.1796,0.8131,0.8277,0.0146,2835.53
2024-01-01T20:36:00,0.8223,0.1777,0.8156,0.829,0.0134,2547.89
2024-01-01T20:37:00,0.8259,0.1741,0.8176,0.8341,0.0165,5176.86
2024-01-01T20:38:00,0.8206,0.1794,0.8144,0.8268,0.0125,2359.32
2024-01-01T20:39:00,0.8233,0.1767,0.8158,0.8309,0.0151,5024.45
2024-01-01T20:40:00,0.8262,0.1738,0.8193,0.8331,0.0138,2429.38
2024-01-01T20:41:00,0.8254,0.1746,0.8221,0.8288,0.0067,5173.94
2024-01-01T20:42:00,0.8276,0.1724,0.8217,0.8336,0.0119,3872.52
2024-01-01T20:43:00,0.8285,0.1715,0.8244,0.8326,0.0082,4407.34
2024-01-01T20:44:00,0.8307,0.1693,0.8288,0.8327,0.0039,3864.6
2024-01-01T20:45:00,0.8333,0.1667,0.8258,0.8408,0.015,5091.21
2024-01-01T20:46:00,0.8318,0.1682,0.8236,0.8399,0.0163,4173.99
2024-01-01T20:47:00,0.8358,0.1642,0.8301,0.8415,0.0115,4819.29
2024-01-01T20:48:00,0.8352,0.1648,0.8297,0.8406,0.0109,3280.03
2024-01-01T20:49:00,0.8356,0.1644,0.8305,0.8406,0.0101,4723.1
2024-01-01T20:50:00,0.8391,0.1609,0.8308,0.8473,0.0165,4443.55
2024-01-01T20:51:00,0.8427,0.1573,0.8368,0.8485,0.0117,3838.91
2024-01-01T20:52:00,0.8444,0.1556,0.8393,0.8494,0.0101,4783.2
2024-01-01T20:53:00,0.8451,0.1549,0.841,0.8492,0.0082,2124.22
2024-01-01T20:54:00,0.8464,0.1536,0.8441,0.8488,0.0047,2613.72
2024-01-01T20:55:00,0.8493,0.1507,0.8451,0.8534,0.0083,3627.0
2024-01-01T20:56:00,0.8464,0.1536,0.8417,0.8512,0.0095,2360.26
2024-01-01T20:57:00,0.8503,0.1497,0.8478,0.8527,0.0049,4276.05
2024-01-01T20:58:00,0.8509,0.1491,0.8481,0.8537,0.0056,4241.43
2024-01-01T20:59:00,0.8521,0.1479,0.8502,0.854,0.0038,2767.33
2024-01-01T21:00:00,0.8532,0.1468,0.8499,0.8565,0.0066,3623.43
2024-01-01T21:01:00,0.8537,0.1463,0.8489,0.8586,0.0098,3016.87
2024-01-01T21:02:00,0.8551,0.1449,0.8502,0.8599,0.0096,4208.89
2024-01-01T21:03:00,0.8549,0.1451,0.8465,0.8633,0.0168,4249.07
2024-01-01T21:04:00,0.8559,0.1441,0.8498,0.8621,0.0123,4208.54
2024-01-01T21:05:00,0.8621,0.1379,0.8598,0.8643,0.0045,3145.46
2024-01-01T21:06:00,0.8626,0.1374,0.8556,0.8696,0.014,2091.05
2024-01-01T21:07:00,0.8667,0.1333,0.8594,0.874,0.0146,4147.51
2024-01-01T21:08:00,0.8623,0.1377,0.8579,0.8667,0.0088,2227.7
2024-01-01T21:09:00,0.8636,0.1364,0.8573,0.87,0.0127,3834.68
2024-01-01T21:10:00,0.867,0.133,0.8621,0.8719,0.0098,3748.33
2024-01-01T21:11:00,0.8659,0.1341,0.8621,0.8696,0.0075,3038.31
2024-01-01T21:12:00,0.8732,0.1268,0.8684,0.878,0.0097,1970.39
2024-01-01T21:13:00,0.8753,0.1247,0.871,0.8797,0.0088,1853.35
2024-01-01T21:14:00,0.872,0.128,0.8691,0.8749,0.0058,2497.18
2024-01-01T21:15:00,0.8714,0.1286,0.8688,0.874,0.0052,4137.28
2024-01-01T21:16:00,0.8712,0.1288,0.8691,0.8734,0.0043,1966.14
2024-01-01T21:17:00,0.8771,0.1229,0.8701,0.8841,0.014,2281.31
2024-01-01T21:18:00,0.8791,0.1209,0.8771,0.8811,0.004,3210.31
2024-01-01T21:19:00,0.8778,0.1222,0.8701,0.8856,0.0155,3191.15
2024-01-01T21:20:00,0.8801,0.1199,0.8757,0.8844,0.0087,3182.02
2024-01-01T21:21:00,0.8849,0.1151,0.8812,0.8886,0.0074,2803.99
2024-01-01T21:22:00,0.8828,0.1172,0.8747,0.8909,0.0162,2393.17
2024-01-01T21:23:00,0.8849,0.1151,0.881,0.8887,0.0077,3044.15
2024-01-01T21:24:00,0.8911,0.1089,0.8881,0.8941,0.006,2880.23
2024-01-01T21:25:00,0.89,0.11,0.886,0.894,0.008,3310.18
2024-01-01T21:26:00,0.8929,0.1071,0.8856,0.9003,0.0147,3403.4
2024-01-01T21:27:00,0.8923,0.1077,0.8845,0.9002,0.0157,3642.71
2024-01-01T21:28:00,0.8937,0.1063,0.8876,0.8997,0.0121,2918.38
2024-01-01T21:29:00,0.8954,0.1046,0.8887,0.902,0.0133,1821.28
2024-01-01T21:30:00,0.896,0.104,0.8885,0.9034,0.015,2674.29
2024-01-01T21:31:00,0.8986,0.1014,0.8927,0.9045,0.0118,2530.01
2024-01-01T21:32:00,0.8966,0.1034,0.892,0.9013,0.0093,2394.46
2024-01-01T21:33:00,0.9003,0.0997,0.8926,0.908,0.0154,1813.56
2024-01-01T21:34:00,0.9,0.1,0.8967,0.9033,0.0066,2628.2
2024-01-01T21:35:00,0.9028,0.0972,0.8972,0.9084,0.0112,2306.77
2024-01-01T21:36:00,0.8987,0.1013,0.8937,0.9036,0.0099,2223.86
2024-01-01T21:37:00,0.9047,0.0953,0.8974,0.912,0.0145,1901.21
2024-01-01T21:38:00,0.9061,0.0939,0.9008,0.9115,0.0107,1714.77
2024-01-01T21:39:00,0.9095,0.0905,0.906,0.9131,0.0071,2430.41
2024-01-01T21:40:00,0.9089,0.0911,0.9047,0.9131,0.0084,2941.48
2024-01-01T21:41:00,0.9124,0.0876,0.9107,0.9141,0.0034,2538.96
2024-01-01T21:42:00,0.914,0.086,0.9069,0.9212,0.0143,2313.56
2024-01-01T21:43:00,0.9173,0.0827,0.9134,0.9212,0.0078,1651.28
2024-01-01T21:44:00,0.9175,0.0825,0.914,0.9209,0.0069,2913.62
2024-01-01T21:45:00,0.9172,0.0828,0.9155,0.9189,0.0034,2590.45
2024-01-01T21:46:00,0.9188,0.0812,0.9154,0.9222,0.0068,1475.47
2024-01-01T21:47:00,0.9186,0.0814,0.9151,0.9221,0.007,2264.64
2024-01-01T21:48:00,0.9227,0.0773,0.9208,0.9246,0.0038,2474.89
2024-01-01T21:49:00,0.9241,0.0759,0.9201,0.9282,0.0081,1419.45
2024-01-01T21:50:00,0.9251,0.0749,0.9226,0.9275,0.0049,2933.78
2024-01-01T21:51:00,0.9267,0.0733,0.923,0.9305,0.0076,1894.1
2024-01-01T21:52:00,0.9263,0.0737,0.9221,0.9305,0.0083,1995.16
2024-01-01T21:53:00,0.9248,0.0752,0.9201,0.9294,0.0093,2123.08
2024-01-01T21:54:00,0.9283,0.0717,0.926,0.9306,0.0047,2848.35
2024-01-01T21:55:00,0.9304,0.0696,0.9287,0.9321,0.0034,2782.77
2024-01-01T21:56:00,0.9317,0.0683,0.9265,0.937,0.0104,1627.37
2024-01-01T21:57:00,0.9319,0.0681,0.9282,0.9356,0.0074,1938.4
2024-01-01T21:58:00,0.9355,0.0645,0.9321,0.9388,0.0067,1600.76
2024-01-01T21:59:00,0.938,0.062,0.9346,0.9414,0.0069,2532.39
2024-01-01T22:00:00,0.936,0.064,0.9335,0.9386,0.0051,2279.44
2024-01-01T22:01:00,0.9398,0.0602,0.9366,0.943,0.0063,1616.7
2024-01-01T22:02:00,0.9419,0.0581,0.9377,0.946,0.0082,2585.95
2024-01-01T22:03:00,0.9447,0.0553,0.9399,0.9496,0.0097,2512.33
2024-01-01T22:04:00,0.9422,0.0578,0.9393,0.945,0.0057,1461.91
2024-01-01T22:05:00,0.9451,0.0549,0.9394,0.9507,0.0114,1238.04
2024-01-01T22:06:00,0.9441,0.0559,0.9401,0.9481,0.008,1931.9
2024-01-01T22:07:00,0.9472,0.0528,0.943,0.9515,0.0085,1351.74
2024-01-01T22:08:00,0.9482,0.0518,0.9423,0.954,0.0117,1565.08
2024-01-01T22:09:00,0.9478,0.0522,0.9442,0.9514,0.0072,2186.9
2024-01-01T22:10:00,0.9507,0.0493,0.9485,0.9528,0.0043,1796.29
2024-01-01T22:11:00,0.9496,0.0504,0.9456,0.9535,0.0079,2328.09
2024-01-01T22:12:00,0.9491,0.0509,0.9428,0.9553,0.0125,1798.32
2024-01-01T22:13:00,0.9498,0.0502,0.9436,0.9561,0.0126,1567.33
2024-01-01T22:14:00,0.9507,0.0493,0.9433,0.9581,0.0148,2066.73
2024-01-01T22:15:00,0.9503,0.0497,0.9467,0.9538,0.0071,2103.78
2024-01-01T22:16:00,0.9474,0.0526,0.9431,0.9516,0.0084,1910.33
2024-01-01T22:17:00,0.95,0.05,0.9468,0.9532,0.0063,2056.13
2024-01-01T22:18:00,0.9512,0.0488,0.9456,0.9568,0.0111,2385.05
2024-01-01T22:19:00,0.9533,0.0467,0.9478,0.9588,0.011,1217.33
2024-01-01T22:20:00,0.9506,0.0494,0.9456,0.9557,0.0101,2166.99
2024-01-01T22:21:00,0.9525,0.0475,0.9477,0.9573,0.0096,1074.2
2024-01-01T22:22:00,0.9528,0.0472,0.9511,0.9545,0.0034,2440.81
2024-01-01T22:23:00,0.9541,0.0459,0.949,0.9593,0.0102,1471.94
2024-01-01T22:24:00,0.951,0.049,0.9437,0.9583,0.0146,2371.34
2024-01-01T22:25:00,0.9506,0.0494,0.9481,0.9531,0.005,2397.66
2024-01-01T22:26:00,0.9496,0.0504,0.9446,0.9545,0.0098,2303.66
2024-01-01T22:27:00,0.9531,0.0469,0.9473,0.9589,0.0116,1215.57
2024-01-01T22:28:00,0.951,0.049,0.9491,0.9529,0.0038,1227.44
2024-01-01T22:29:00,0.9513,0.0487,0.9481,0.9545,0.0064,2034.54
2024-01-01T22:30:00,0.9504,0.0496,0.9455,0.9553,0.0098,1540.54
2024-01-01T22:31:00,0.9483,0.0517,0.9454,0.9512,0.0058,1722.82
2024-01-01T22:32:00,0.951,0.049,0.9488,0.9533,0.0045,2031.13
2024-01-01T22:33:00,0.9483,0.0517,0.9466,0.95,0.0033,2470.61
2024-01-01T22:34:00,0.9501,0.0499,0.9443,0.956,0.0116,2042.88
2024-01-01T22:35:00,0.9488,0.0512,0.9417,0.9559,0.0142,1817.3
2024-01-01T22:36:00,0.9491,0.0509,0.9456,0.9526,0.007,2141.08
2024-01-01T22:37:00,0.9505,0.0495,0.9456,0.9553,0.0097,1664.01
2024-01-01T22:38:00,0.9534,0.0466,0.9508,0.956,0.0051,2100.35
2024-01-01T22:39:00,0.9495,0.0505,0.9456,0.9533,0.0077,1821.77
2024-01-01T22:40:00,0.9509,0.0491,0.9438,0.958,0.0141,1854.56
2024-01-01T22:41:00,0.9515,0.0485,0.9462,0.9569,0.0108,1223.05
2024-01-01T22:42:00,0.9487,0.0513,0.9442,0.9532,0.009,2523.22
2024-01-01T22:43:00,0.9515,0.0485,0.9443,0.9587,0.0144,1885.76
2024-01-01T22:44:00,0.9513,0.0487,0.9471,0.9555,0.0084,1292.76
2024-01-01T22:45:00,0.9499,0.0501,0.9435,0.9563,0.0128,1426.12
2024-01-01T22:46:00,0.9494,0.0506,0.9454,0.9534,0.008,1138.15
2024-01-01T22:47:00,0.9498,0.0502,0.9481,0.9514,0.0033,2307.93
2024-01-01T22:48:00,0.9489,0.0511,0.9441,0.9537,0.0096,2514.11
2024-01-01T22:49:00,0.9475,0.0525,0.9432,0.9518,0.0087,1964.01
2024-01-01T22:50:00,0.9519,0.0481,0.9477,0.956,0.0082,1159.55
2024-01-01T22:51:00,0.9486,0.0514,0.9447,0.9525,0.0078,2091.42
2024-01-01T22:52:00,0.9477,0.0523,0.9441,0.9513,0.0072,2383.3
2024-01-01T22:53:00,0.9528,0.0472,0.9472,0.9584,0.0111,1866.6
2024-01-01T22:54:00,0.9479,0.0521,0.9414,0.9545,0.0131,1333.91
2024-01-01T22:55:00,0.95,0.05,0.9432,0.9568,0.0136,1528.33
2024-01-01T22:56:00,0.9534,0.0466,0.9497,0.9572,0.0075,1526.04
2024-01-01T22:57:00,0.9525,0.0475,0.9496,0.9553,0.0058,1433.62
2024-01-01T22:58:00,0.9474,0.0526,0.9402,0.9547,0.0145,1584.8
2024-01-01T22:59:00,0.9507,0.0493,0.9491,0.9524,0.0032,1518.28
2024-01-01T23:00:00,0.948,0.052,0.9425,0.9535,0.011,2122.68
2024-01-01T23:01:00,0.9501,0.0499,0.9476,0.9525,0.0049,1209.74
2024-01-01T23:02:00,0.9516,0.0484,0.9469,0.9563,0.0094,1673.56
2024-01-01T23:03:00,0.9514,0.0486,0.9493,0.9536,0.0044,1921.65
2024-01-01T23:04:00,0.949,0.051,0.9447,0.9532,0.0084,2511.4
2024-01-01T23:05:00,0.9503,0.0497,0.9468,0.9539,0.007,1386.64
2024-01-01T23:06:00,0.9476,0.0524,0.9437,0.9515,0.0078,1709.57
2024-01-01T23:07:00,0.9513,0.0487,0.9485,0.9541,0.0056,1161.4
2024-01-01T23:08:00,0.9498,0.0502,0.9463,0.9533,0.0069,2450.67
2024-01-01T23:09:00,0.9521,0.0479,0.9471,0.9571,0.01,2391.83
2024-01-01T23:10:00,0.9497,0.0503,0.9471,0.9523,0.0051,1235.91
2024-01-01T23:11:00,0.9534,0.0466,0.9474,0.9595,0.0122,1658.15
2024-01-01T23:12:00,0.951,0.049,0.9464,0.9556,0.0092,2143.99
2024-01-01T23:13:00,0.946,0.054,0.9417,0.9503,0.0086,2061.51
2024-01-01T23:14:00,0.9518,0.0482,0.9457,0.9578,0.0121,2060.81
2024-01-01T23:15:00,0.9493,0.0507,0.9459,0.9527,0.0068,2208.45
2024-01-01T23:16:00,0.9515,0.0485,0.9476,0.9554,0.0078,2005.48
2024-01-01T23:17:00,0.9465,0.0535,0.9397,0.9533,0.0136,1574.73
2024-01-01T23:18:00,0.9514,0.0486,0.944,0.9588,0.0148,2129.93
2024-01-01T23:19:00,0.9514,0.0486,0.9464,0.9565,0.0101,1299.87
2024-01-01T23:20:00,0.9505,0.0495,0.9445,0.9565,0.012,1395.6
2024-01-01T23:21:00,0.9473,0.0527,0.9418,0.9528,0.011,1886.33
2024-01-01T23:22:00,0.9479,0.0521,0.9457,0.9502,0.0045,1729.74
2024-01-01T23:23:00,0.951,0.049,0.9458,0.9562,0.0104,1582.42
2024-01-01T23:24:00,0.9483,0.0517,0.9428,0.9538,0.011,1891.58
2024-01-01T23:25:00,0.9508,0.0492,0.9442,0.9573,0.0131,1589.09
2024-01-01T23:26:00,0.9502,0.0498,0.9463,0.9541,0.0079,1703.58
2024-01-01T23:27:00,0.9518,0.0482,0.9496,0.954,0.0044,1672.02
2024-01-01T23:28:00,0.9497,0.0503,0.9426,0.9568,0.0142,2213.12
2024-01-01T23:29:00,0.9495,0.0505,0.9428,0.9563,0.0135,1775.76
2024-01-01T23:30:00,0.9523,0.0477,0.95,0.9545,0.0045,1216.68
2024-01-01T23:31:00,0.9493,0.0507,0.9428,0.9559,0.0132,1900.54
2024-01-01T23:32:00,0.9487,0.0513,0.9424,0.955,0.0126,1191.12
2024-01-01T23:33:00,0.9481,0.0519,0.9422,0.954,0.0118,1739.04
2024-01-01T23:34:00,0.9481,0.0519,0.9458,0.9505,0.0047,1770.78
2024-01-01T23:35:00,0.9498,0.0502,0.944,0.9556,0.0115,2342.69
2024-01-01T23:36:00,0.9532,0.0468,0.9498,0.9566,0.0067,2257.37
2024-01-01T23:37:00,0.9479,0.0521,0.9407,0.9551,0.0144,2239.23
2024-01-01T23:38:00,0.9502,0.0498,0.9478,0.9525,0.0047,1368.01
2024-01-01T23:39:00,0.9515,0.0485,0.9482,0.9548,0.0065,2428.99
2024-01-01T23:40:00,0.9502,0.0498,0.9438,0.9567,0.0129,1729.86
2024-01-01T23:41:00,0.9478,0.0522,0.9442,0.9514,0.0072,1237.62
2024-01-01T23:42:00,0.949,0.051,0.9419,0.956,0.0141,1428.73
2024-01-01T23:43:00,0.9466,0.0534,0.9408,0.9524,0.0116,1968.72
2024-01-01T23:44:00,0.9489,0.0511,0.9464,0.9514,0.0049,1492.14
2024-01-01T23:45:00,0.9478,0.0522,0.942,0.9537,0.0117,1706.89
2024-01-01T23:46:00,0.9515,0.0485,0.948,0.9549,0.0068,1435.03
2024-01-01T23:47:00,0.9507,0.0493,0.9461,0.9554,0.0094,1648.51
2024-01-01T23:48:00,0.9501,0.0499,0.9478,0.9524,0.0047,1197.09
2024-01-01T23:49:00,0.9511,0.0489,0.9446,0.9576,0.013,2146.91
2024-01-01T23:50:00,0.9521,0.0479,0.9448,0.9595,0.0147,1957.46
2024-01-01T23:51:00,0.9516,0.0484,0.9501,0.9531,0.003,1205.94
2024-01-01T23:52:00,0.9522,0.0478,0.9502,0.9543,0.0041,2403.86
2024-01-01T23:53:00,0.9478,0.0522,0.9428,0.9528,0.0101,2554.45
2024-01-01T23:54:00,0.949,0.051,0.9467,0.9513,0.0047,2412.36
2024-01-01T23:55:00,0.9473,0.0527,0.9403,0.9543,0.014,2515.05
2024-01-01T23:56:00,0.9488,0.0512,0.9426,0.9549,0.0123,1250.49
2024-01-01T23:57:00,0.9487,0.0513,0.9419,0.9554,0.0135,1937.62
2024-01-01T23:58:00,0.9496,0.0504,0.9446,0.9546,0.01,2124.88
2024-01-01T23:59:00,0.9469,0.0531,0.9447,0.949,0.0043,2381.05
2024-01-02T00:00:00,0.9487,0.0513,0.9439,0.9536,0.0098,1712.09
2024-01-02T00:01:00,0.95,0.05,0.9445,0.9556,0.011,1152.79
2024-01-02T00:02:00,0.9493,0.0507,0.9424,0.9563,0.0139,1299.06
2024-01-02T00:03:00,0.9511,0.0489,0.9447,0.9574,0.0126,1594.92
2024-01-02T00:04:00,0.9519,0.0481,0.9487,0.955,0.0062,1948.7
2024-01-02T00:05:00,0.9501,0.0499,0.9455,0.9547,0.0091,2020.57
2024-01-02T00:06:00,0.9469,0.0531,0.9419,0.9519,0.01,1390.76
2024-01-02T00:07:00,0.9481,0.0519,0.9424,0.9538,0.0114,1397.61
2024-01-02T00:08:00,0.9467,0.0533,0.9442,0.9492,0.005,1729.85
2024-01-02T00:09:00,0.9505,0.0495,0.945,0.956,0.011,1331.37
2024-01-02T00:10:00,0.9528,0.0472,0.9493,0.9564,0.0071,1247.54
2024-01-02T00:11:00,0.9492,0.0508,0.946,0.9525,0.0064,2322.56
2024-01-02T00:12:00,0.9536,0.0464,0.947,0.9603,0.0133,1754.16
2024-01-02T00:13:00,0.9496,0.0504,0.9438,0.9555,0.0117,2526.39
2024-01-02T00:14:00,0.9544,0.0456,0.9499,0.959,0.009,1662.0
2024-01-02T00:15:00,0.9511,0.0489,0.9487,0.9534,0.0047,1595.41
2024-01-02T00:16:00,0.9502,0.0498,0.9467,0.9537,0.007,1377.03
2024-01-02T00:17:00,0.949,0.051,0.9464,0.9516,0.0053,1390.0
2024-01-02T00:18:00,0.9519,0.0481,0.9469,0.957,0.0101,1575.74
2024-01-02T00:19:00,0.9499,0.0501,0.9461,0.9537,0.0076,2371.79
2024-01-02T00:20:00,0.9526,0.0474,0.95,0.9551,0.0051,2142.58
2024-01-02T00:21:00,0.9503,0.0497,0.9453,0.9552,0.0099,2263.25
2024-01-02T00:22:00,0.9477,0.0523,0.9407,0.9547,0.014,1107.14
2024-01-02T00:23:00,0.9481,0.0519,0.9434,0.9528,0.0095,2367.11
2024-01-02T00:24:00,0.9511,0.0489,0.948,0.9542,0.0062,2340.6
2024-01-02T00:25:00,0.9495,0.0505,0.9476,0.9515,0.0039,1981.78
2024-01-02T00:26:00,0.949,0.051,0.9458,0.9522,0.0065,1967.37
2024-01-02T00:27:00,0.9481,0.0519,0.9449,0.9514,0.0065,2184.36
2024-01-02T00:28:00,0.9486,0.0514,0.9428,0.9543,0.0114,1311.8
2024-01-02T00:29:00,0.9501,0.0499,0.9445,0.9557,0.0112,1717.88
2024-01-02T00:30:00,0.9483,0.0517,0.9455,0.951,0.0055,2171.25
2024-01-02T00:31:00,0.9474,0.0526,0.9409,0.9538,0.0129,1236.03
2024-01-02T00:32:00,0.9484,0.0516,0.9463,0.9504,0.0041,1261.34
2024-01-02T00:33:00,0.9498,0.0502,0.9482,0.9514,0.0032,2375.98
2024-01-02T00:34:00,0.947,0.053,0.9398,0.9543,0.0145,2451.43
2024-01-02T00:35:00,0.9489,0.0511,0.9451,0.9528,0.0077,1099.58
2024-01-02T00:36:00,0.9494,0.0506,0.9463,0.9525,0.0062,1671.55
2024-01-02T00:37:00,0.9489,0.0511,0.9436,0.9542,0.0106,1844.02
2024-01-02T00:38:00,0.9493,0.0507,0.9477,0.9509,0.0031,1913.42
2024-01-02T00:39:00,0.9534,0.0466,0.9514,0.9554,0.0041,2061.6
2024-01-02T00:40:00,0.9543,0.0457,0.9509,0.9578,0.0069,1755.84
2024-01-02T00:41:00,0.9547,0.0453,0.9487,0.9608,0.0122,1621.77
2024-01-02T00:42:00,0.9526,0.0474,0.9504,0.9548,0.0045,1439.28
2024-01-02T00:43:00,0.9511,0.0489,0.9489,0.9532,0.0043,2291.81
2024-01-02T00:44:00,0.9497,0.0503,0.946,0.9533,0.0072,1564.2
2024-01-02T00:45:00,0.9496,0.0504,0.9452,0.9539,0.0087,1955.09
2024-01-02T00:46:00,0.9482,0.0518,0.9453,0.9511,0.0057,2381.1
2024-01-02T00:47:00,0.9499,0.0501,0.945,0.9547,0.0098,1286.09
2024-01-02T00:48:00,0.9505,0.0495,0.9443,0.9566,0.0124,2189.62
2024-01-02T00:49:00,0.9462,0.0538,0.9416,0.9509,0.0093,1121.03
2024-01-02T00:50:00,0.9463,0.0537,0.9399,0.9527,0.0128,1572.81
2024-01-02T00:51:00,0.9499,0.0501,0.9477,0.9521,0.0043,2188.0
2024-01-02T00:52:00,0.951,0.049,0.9487,0.9532,0.0045,1315.3
2024-01-02T00:53:00,0.9503,0.0497,0.9461,0.9544,0.0082,2039.22
2024-01-02T00:54:00,0.9502,0.0498,0.9444,0.956,0.0116,1897.58
2024-01-02T00:55:00,0.9497,0.0503,0.9435,0.956,0.0124,1786.53
2024-01-02T00:56:00,0.9573,0.0427,0.9548,0.9598,0.005,1379.8
2024-01-02T00:57:00,0.9588,0.0412,0.9518,0.9657,0.0139,1760.54
2024-01-02T00:58:00,0.9496,0.0504,0.9448,0.9544,0.0097,2450.77
2024-01-02T00:59:00,0.9475,0.0525,0.9458,0.9492,0.0034,1740.56
2024-01-02T01:00:00,0.952,0.048,0.9454,0.9587,0.0133,1951.61
2024-01-02T01:01:00,0.9501,0.0499,0.948,0.9522,0.0042,1319.78
2024-01-02T01:02:00,0.9512,0.0488,0.9492,0.9532,0.004,2018.12
2024-01-02T01:03:00,0.9486,0.0514,0.9433,0.954,0.0106,2441.21
2024-01-02T01:04:00,0.9471,0.0529,0.9397,0.9546,0.0149,2410.75
2024-01-02T01:05:00,0.9501,0.0499,0.9476,0.9527,0.0051,2239.6
2024-01-02T01:06:00,0.9525,0.0475,0.9477,0.9574,0.0097,1297.32
2024-01-02T01:07:00,0.9497,0.0503,0.9454,0.9541,0.0087,1342.92
2024-01-02T01:08:00,0.9488,0.0512,0.945,0.9526,0.0076,1107.08
2024-01-02T01:09:00,0.9477,0.0523,0.9404,0.955,0.0146,2050.52
2024-01-02T01:10:00,0.9508,0.0492,0.9435,0.9582,0.0147,1750.49
2024-01-02T01:11:00,0.9534,0.0466,0.9474,0.9593,0.0119,2198.39
2024-01-02T01:12:00,0.9507,0.0493,0.9438,0.9576,0.0139,1080.04
2024-01-02T01:13:00,0.9503,0.0497,0.9448,0.9558,0.011,1275.39
2024-01-02T01:14:00,0.9472,0.0528,0.9439,0.9505,0.0066,1879.99
2024-01-02T01:15:00,0.9481,0.0519,0.9423,0.954,0.0117,2124.41
2024-01-02T01:16:00,0.9497,0.0503,0.9445,0.955,0.0106,1812.85
2024-01-02T01:17:00,0.9486,0.0514,0.9432,0.954,0.0108,1357.47
2024-01-02T01:18:00,0.9497,0.0503,0.9481,0.9512,0.0031,1549.41
2024-01-02T01:19:00,0.9529,0.0471,0.9479,0.958,0.0101,1394.35
2024-01-02T01:20:00,0.9496,0.0504,0.9462,0.953,0.0068,1287.23
2024-01-02T01:21:00,0.9475,0.0525,0.942,0.953,0.0109,2495.53
2024-01-02T01:22:00,0.9429,0.0571,0.9407,0.9451,0.0043,1838.53
2024-01-02T01:23:00,0.9455,0.0545,0.9412,0.9497,0.0085,2274.15
2024-01-02T01:24:00,0.949,0.051,0.9457,0.9524,0.0066,1091.75
2024-01-02T01:25:00,0.9448,0.0552,0.9392,0.9505,0.0113,1809.24
2024-01-02T01:26:00,0.9457,0.0543,0.9393,0.9521,0.0128,2186.44
2024-01-02T01:27:00,0.9462,0.0538,0.9421,0.9504,0.0083,1569.33
2024-01-02T01:28:00,0.9474,0.0526,0.9408,0.954,0.0131,1332.34
2024-01-02T01:29:00,0.9509,0.0491,0.9462,0.9556,0.0094,1532.54
2024-01-02T01:30:00,0.9525,0.0475,0.9483,0.9567,0.0084,1236.79
2024-01-02T01:31:00,0.9544,0.0456,0.9493,0.9595,0.0102,1914.62
2024-01-02T01:32:00,0.9532,0.0468,0.9484,0.9579,0.0095,2420.26
2024-01-02T01:33:00,0.9529,0.0471,0.9456,0.9601,0.0144,2050.66
2024-01-02T01:34:00,0.9528,0.0472,0.9494,0.9562,0.0068,1171.17
2024-01-02T01:35:00,0.9505,0.0495,0.9467,0.9544,0.0077,2495.98
2024-01-02T01:36:00,0.9525,0.0475,0.9468,0.9582,0.0113,2244.16
2024-01-02T01:37:00,0.9488,0.0512,0.9452,0.9524,0.0072,2025.73
2024-01-02T01:38:00,0.9481,0.0519,0.9444,0.9517,0.0073,1595.41
2024-01-02T01:39:00,0.9478,0.0522,0.9407,0.9549,0.0142,2562.66
2024-01-02T01:40:00,0.9488,0.0512,0.9459,0.9516,0.0057,2053.8
2024-01-02T01:41:00,0.95,0.05,0.9485,0.9515,0.003,2275.37
2024-01-02T01:42:00,0.9515,0.0485,0.9444,0.9587,0.0143,1292.28
2024-01-02T01:43:00,0.9512,0.0488,0.9479,0.9545,0.0066,1710.98
2024-01-02T01:44:00,0.9511,0.0489,0.9476,0.9546,0.007,1361.17
2024-01-02T01:45:00,0.9527,0.0473,0.9479,0.9575,0.0096,2249.39
2024-01-02T01:46:00,0.951,0.049,0.947,0.955,0.008,1864.38
2024-01-02T01:47:00,0.9491,0.0509,0.9435,0.9547,0.0112,2189.88
2024-01-02T01:48:00,0.9486,0.0514,0.9421,0.9551,0.013,1231.17
2024-01-02T01:49:00,0.9493,0.0507,0.9473,0.9513,0.004,1155.36
2024-01-02T01:50:00,0.944,0.056,0.942,0.946,0.004,2587.88
2024-01-02T01:51:00,0.9479,0.0521,0.9434,0.9524,0.009,2559.36
2024-01-02T01:52:00,0.9477,0.0523,0.9436,0.9518,0.0081,2170.22
2024-01-02T01:53:00,0.9473,0.0527,0.9417,0.9528,0.0111,1860.17
2024-01-02T01:54:00,0.9442,0.0558,0.9372,0.9512,0.014,1637.98
2024-01-02T01:55:00,0.9486,0.0514,0.943,0.9543,0.0113,1680.71
2024-01-02T01:56:00,0.9453,0.0547,0.9417,0.949,0.0073,1730.59
2024-01-02T01:57:00,0.9505,0.0495,0.9444,0.9566,0.0122,1202.03
2024-01-02T01:58:00,0.95,0.05,0.9452,0.9548,0.0096,1934.47
2024-01-02T01:59:00,0.9428,0.0572,0.9366,0.949,0.0124,1421.71
2024-01-02T02:00:00,0.9489,0.0511,0.9423,0.9556,0.0133,2240.95
2024-01-02T02:01:00,0.9511,0.0489,0.9451,0.9571,0.012,2192.08
2024-01-02T02:02:00,0.9501,0.0499,0.9428,0.9575,0.0147,1648.91
2024-01-02T02:03:00,0.9502,0.0498,0.943,0.9575,0.0145,2182.39
2024-01-02T02:04:00,0.9497,0.0503,0.9442,0.9552,0.011,1840.1
2024-01-02T02:05:00,0.9484,0.0516,0.9448,0.952,0.0072,2379.9
2024-01-02T02:06:00,0.9496,0.0504,0.9468,0.9524,0.0056,1210.51
2024-01-02T02:07:00,0.952,0.048,0.9502,0.9539,0.0037,2089.61
2024-01-02T02:08:00,0.9517,0.0483,0.9483,0.9551,0.0067,2169.49
2024-01-02T02:09:00,0.9504,0.0496,0.9483,0.9526,0.0043,2064.04
2024-01-02T02:10:00,0.9507,0.0493,0.9471,0.9543,0.0072,2483.83
2024-01-02T02:11:00,0.9513,0.0487,0.9494,0.9532,0.0038,1938.31
2024-01-02T02:12:00,0.9471,0.0529,0.9442,0.9499,0.0057,2539.82
2024-01-02T02:13:00,0.9501,0.0499,0.945,0.9553,0.0103,2031.97
2024-01-02T02:14:00,0.9482,0.0518,0.9423,0.9541,0.0118,2144.01
2024-01-02T02:15:00,0.9497,0.0503,0.9442,0.9551,0.0109,1808.91
2024-01-02T02:16:00,0.9522,0.0478,0.948,0.9565,0.0085,2445.07
2024-01-02T02:17:00,0.9517,0.0483,0.9493,0.9541,0.0048,1467.29
2024-01-02T02:18:00,0.9517,0.0483,0.9454,0.9579,0.0125,1655.09
2024-01-02T02:19:00,0.9525,0.0475,0.9508,0.9542,0.0034,2390.32
2024-01-02T02:20:00,0.9489,0.0511,0.9416,0.9562,0.0145,1384.38
2024-01-02T02:21:00,0.9499,0.0501,0.945,0.9549,0.0099,1975.49
2024-01-02T02:22:00,0.9537,0.0463,0.9519,0.9555,0.0036,1301.62
2024-01-02T02:23:00,0.9492,0.0508,0.944,0.9544,0.0103,1735.37
2024-01-02T02:24:00,0.9519,0.0481,0.948,0.9558,0.0078,1574.75
2024-01-02T02:25:00,0.9504,0.0496,0.9468,0.9539,0.007,1316.84
2024-01-02T02:26:00,0.9478,0.0522,0.9429,0.9527,0.0098,1998.93
2024-01-02T02:27:00,0.945,0.055,0.9405,0.9494,0.0088,1628.25
2024-01-02T02:28:00,0.948,0.052,0.942,0.9541,0.0121,1162.78
2024-01-02T02:29:00,0.9502,0.0498,0.9486,0.9517,0.0031,1106.94
2024-01-02T02:30:00,0.9532,0.0468,0.9513,0.9552,0.0039,1968.57
2024-01-02T02:31:00,0.9497,0.0503,0.9449,0.9545,0.0096,1684.25
2024-01-02T02:32:00,0.9445,0.0555,0.9396,0.9495,0.0099,1363.71
2024-01-02T02:33:00,0.9416,0.0584,0.9354,0.9477,0.0123,1805.76
2024-01-02T02:34:00,0.949,0.051,0.9454,0.9526,0.0072,2302.23
2024-01-02T02:35:00,0.9486,0.0514,0.9453,0.9518,0.0065,1790.66
2024-01-02T02:36:00,0.9484,0.0516,0.9439,0.9528,0.0089,1272.01
2024-01-02T02:37:00,0.9545,0.0455,0.9496,0.9593,0.0098,1382.1
2024-01-02T02:38:00,0.9508,0.0492,0.9459,0.9557,0.0097,1208.31
2024-01-02T02:39:00,0.9517,0.0483,0.9485,0.9549,0.0064,1342.86
2024-01-02T02:40:00,0.9515,0.0485,0.9486,0.9545,0.006,2434.47
2024-01-02T02:41:00,0.9499,0.0501,0.9448,0.955,0.0102,1195.96
2024-01-02T02:42:00,0.9537,0.0463,0.9505,0.9569,0.0065,1421.41
2024-01-02T02:43:00,0.9511,0.0489,0.9489,0.9532,0.0043,2013.54
2024-01-02T02:44:00,0.949,0.051,0.9441,0.954,0.0099,2427.41
2024-01-02T02:45:00,0.9507,0.0493,0.9458,0.9556,0.0098,1345.26
2024-01-02T02:46:00,0.9487,0.0513,0.9451,0.9522,0.0071,1131.3
2024-01-02T02:47:00,0.9505,0.0495,0.9437,0.9573,0.0136,1359.07
2024-01-02T02:48:00,0.953,0.047,0.9507,0.9554,0.0048,1536.48
2024-01-02T02:49:00,0.9485,0.0515,0.9455,0.9516,0.0061,1254.67
2024-01-02T02:50:00,0.9483,0.0517,0.9439,0.9527,0.0088,2077.17
2024-01-02T02:51:00,0.949,0.051,0.9428,0.9552,0.0123,2378.11
2024-01-02T02:52:00,0.9498,0.0502,0.9474,0.9522,0.0048,1820.61
2024-01-02T02:53:00,0.9482,0.0518,0.9447,0.9516,0.0068,1237.73
2024-01-02T02:54:00,0.9478,0.0522,0.9451,0.9504,0.0053,2561.04
2024-01-02T02:55:00,0.947,0.053,0.9435,0.9505,0.007,1657.75
2024-01-02T02:56:00,0.9495,0.0505,0.9464,0.9526,0.0061,1884.76
2024-01-02T02:57:00,0.9504,0.0496,0.9469,0.954,0.0071,2337.52
2024-01-02T02:58:00,0.946,0.054,0.9437,0.9482,0.0045,1725.74
2024-01-02T02:59:00,0.9471,0.0529,0.941,0.9531,0.012,1427.93
2024-01-02T03:00:00,0.9477,0.0523,0.9413,0.954,0.0127,2433.0
2024-01-02T03:01:00,0.9431,0.0569,0.9365,0.9498,0.0132,1700.68
2024-01-02T03:02:00,0.9465,0.0535,0.9433,0.9496,0.0062,1474.84
2024-01-02T03:03:00,0.9457,0.0543,0.9412,0.9503,0.009,1844.61
2024-01-02T03:04:00,0.9458,0.0542,0.9429,0.9486,0.0057,2499.36
2024-01-02T03:05:00,0.9503,0.0497,0.9445,0.9562,0.0117,2432.75
2024-01-02T03:06:00,0.9475,0.0525,0.9434,0.9517,0.0083,1274.49
2024-01-02T03:07:00,0.9524,0.0476,0.9458,0.959,0.0132,2059.5
2024-01-02T03:08:00,0.9538,0.0462,0.9507,0.9568,0.0061,1411.43
2024-01-02T03:09:00,0.9518,0.0482,0.9447,0.9589,0.0142,2229.49
2024-01-02T03:10:00,0.9514,0.0486,0.9494,0.9534,0.004,2383.27
2024-01-02T03:11:00,0.9514,0.0486,0.948,0.9547,0.0067,2466.39
2024-01-02T03:12:00,0.9509,0.0491,0.9466,0.9553,0.0087,2344.79
2024-01-02T03:13:00,0.9527,0.0473,0.9499,0.9555,0.0056,1455.57
2024-01-02T03:14:00,0.9524,0.0476,0.9499,0.955,0.0052,2144.04
2024-01-02T03:15:00,0.9555,0.0445,0.9488,0.9623,0.0135,1439.57
2024-01-02T03:16:00,0.952,0.048,0.9489,0.9552,0.0062,2217.5
2024-01-02T03:17:00,0.9517,0.0483,0.9449,0.9585,0.0136,1210.85
2024-01-02T03:18:00,0.952,0.048,0.9453,0.9587,0.0134,1209.86
2024-01-02T03:19:00,0.9544,0.0456,0.9522,0.9566,0.0044,2406.75
2024-01-02T03:20:00,0.955,0.045,0.9517,0.9582,0.0065,1076.06
2024-01-02T03:21:00,0.9538,0.0462,0.9467,0.9609,0.0142,1201.16
2024-01-02T03:22:00,0.9511,0.0489,0.948,0.9542,0.0062,2433.67
2024-01-02T03:23:00,0.9497,0.0503,0.9472,0.9521,0.005,1399.86
2024-01-02T03:24:00,0.954,0.046,0.9497,0.9583,0.0086,2072.61
2024-01-02T03:25:00,0.9538,0.0462,0.9497,0.9579,0.0082,1501.39
2024-01-02T03:26:00,0.9537,0.0463,0.951,0.9563,0.0053,2291.45
2024-01-02T03:27:00,0.9494,0.0506,0.947,0.9518,0.0049,2161.61
2024-01-02T03:28:00,0.949,0.051,0.9419,0.956,0.0141,1327.9
2024-01-02T03:29:00,0.9438,0.0562,0.9369,0.9507,0.0138,2195.43
2024-01-02T03:30:00,0.9465,0.0535,0.9409,0.952,0.011,1604.08
2024-01-02T03:31:00,0.9417,0.0583,0.9342,0.9492,0.015,1874.45
2024-01-02T03:32:00,0.9468,0.0532,0.9443,0.9493,0.005,2165.75
2024-01-02T03:33:00,0.9509,0.0491,0.9485,0.9534,0.0049,1162.36
2024-01-02T03:34:00,0.9508,0.0492,0.9493,0.9524,0.0031,2042.55
2024-01-02T03:35:00,0.9512,0.0488,0.9457,0.9566,0.0109,1229.46
2024-01-02T03:36:00,0.9524,0.0476,0.9463,0.9585,0.0123,1298.27
2024-01-02T03:37:00,0.9512,0.0488,0.9478,0.9546,0.0068,1915.32
2024-01-02T03:38:00,0.9483,0.0517,0.9462,0.9504,0.0042,2527.58
2024-01-02T03:39:00,0.9491,0.0509,0.9442,0.954,0.0098,2472.14
2024-01-02T03:40:00,0.9492,0.0508,0.9476,0.9508,0.0032,1714.44
2024-01-02T03:41:00,0.9468,0.0532,0.9443,0.9493,0.005,1524.15
2024-01-02T03:42:00,0.9504,0.0496,0.9455,0.9554,0.0098,1312.54
2024-01-02T03:43:00,0.9504,0.0496,0.9445,0.9564,0.0119,1111.78
2024-01-02T03:44:00,0.9469,0.0531,0.9421,0.9517,0.0096,1126.94
2024-01-02T03:45:00,0.9546,0.0454,0.9499,0.9594,0.0095,2333.99
2024-01-02T03:46:00,0.9553,0.0447,0.9496,0.9611,0.0115,1233.21
2024-01-02T03:47:00,0.9514,0.0486,0.9489,0.9539,0.005,2312.7
2024-01-02T03:48:00,0.9535,0.0465,0.9476,0.9594,0.0118,1312.03
2024-01-02T03:49:00,0.951,0.049,0.9453,0.9567,0.0114,1663.23
2024-01-02T03:50:00,0.9531,0.0469,0.948,0.9581,0.0101,2108.17
2024-01-02T03:51:00,0.9517,0.0483,0.9482,0.9553,0.0071,2164.74
2024-01-02T03:52:00,0.9563,0.0437,0.9501,0.9625,0.0124,1716.13
2024-01-02T03:53:00,0.9555,0.0445,0.9515,0.9595,0.008,1843.8
2024-01-02T03:54:00,0.9566,0.0434,0.9502,0.9629,0.0127,1381.29
2024-01-02T03:55:00,0.9549,0.0451,0.9483,0.9615,0.0132,1592.55
2024-01-02T03:56:00,0.9565,0.0435,0.9546,0.9583,0.0037,1110.93
2024-01-02T03:57:00,0.9534,0.0466,0.9507,0.956,0.0053,1946.47
2024-01-02T03:58:00,0.9511,0.0489,0.9441,0.9582,0.0141,1166.53
2024-01-02T03:59:00,0.9561,0.0439,0.9531,0.9592,0.0061,1429.03
2024-01-02T04:00:00,0.9558,0.0442,0.9521,0.9596,0.0075,2016.7
2024-01-02T04:01:00,0.9516,0.0484,0.9458,0.9574,0.0116,1811.48
2024-01-02T04:02:00,0.9486,0.0514,0.9433,0.9539,0.0106,1666.98
2024-01-02T04:03:00,0.9565,0.0435,0.9501,0.9629,0.0127,1333.81
2024-01-02T04:04:00,0.9518,0.0482,0.9482,0.9555,0.0073,2470.39
2024-01-02T04:05:00,0.9505,0.0495,0.9485,0.9525,0.004,2237.13
2024-01-02T04:06:00,0.9528,0.0472,0.9512,0.9544,0.0032,1491.91
2024-01-02T04:07:00,0.948,0.052,0.9425,0.9536,0.0111,2396.46
2024-01-02T04:08:00,0.9472,0.0528,0.9447,0.9496,0.0048,1195.28
2024-01-02T04:09:00,0.9475,0.0525,0.9441,0.9509,0.0068,1252.46
2024-01-02T04:10:00,0.9466,0.0534,0.945,0.9482,0.0032,1717.97
2024-01-02T04:11:00,0.9475,0.0525,0.945,0.95,0.005,1492.28
2024-01-02T04:12:00,0.9489,0.0511,0.943,0.9549,0.0119,2161.47
2024-01-02T04:13:00,0.9483,0.0517,0.9466,0.95,0.0034,2476.41
2024-01-02T04:14:00,0.9469,0.0531,0.9396,0.9543,0.0147,1445.74
2024-01-02T04:15:00,0.9454,0.0546,0.9414,0.9494,0.008,2536.11
2024-01-02T04:16:00,0.9498,0.0502,0.9463,0.9533,0.007,2158.34
2024-01-02T04:17:00,0.9459,0.0541,0.9418,0.95,0.0082,1253.68
2024-01-02T04:18:00,0.9478,0.0522,0.9446,0.951,0.0065,2104.48
2024-01-02T04:19:00,0.9507,0.0493,0.9465,0.955,0.0085,2265.33
2024-01-02T04:20:00,0.9503,0.0497,0.9454,0.9552,0.0098,1864.34
2024-01-02T04:21:00,0.9505,0.0495,0.9474,0.9537,0.0063,1620.63
2024-01-02T04:22:00,0.9523,0.0477,0.9494,0.9552,0.0058,2379.24
2024-01-02T04:23:00,0.9514,0.0486,0.9445,0.9583,0.0138,1515.53
2024-01-02T04:24:00,0.9527,0.0473,0.9469,0.9584,0.0115,1958.63
2024-01-02T04:25:00,0.9506,0.0494,0.9466,0.9546,0.008,1544.34
2024-01-02T04:26:00,0.9509,0.0491,0.9438,0.958,0.0142,2294.27
2024-01-02T04:27:00,0.9512,0.0488,0.9482,0.9542,0.006,1747.52
2024-01-02T04:28:00,0.8004,0.1996,0.7962,0.8045,0.0083,2977.25
2024-01-02T04:29:00,0.7938,0.2062,0.7892,0.7983,0.0091,4305.1
2024-01-02T04:30:00,0.7885,0.2115,0.7815,0.7955,0.014,3247.0
2024-01-02T04:31:00,0.7848,0.2152,0.7761,0.7934,0.0173,5386.47
2024-01-02T04:32:00,0.7855,0.2145,0.7796,0.7914,0.0118,6118.86
2024-01-02T04:33:00,0.7838,0.2162,0.7757,0.792,0.0162,4185.83
2024-01-02T04:34:00,0.7841,0.2159,0.7772,0.7911,0.0139,5130.07
2024-01-02T04:35:00,0.7811,0.2189,0.7754,0.7867,0.0113,4080.34
2024-01-02T04:36:00,0.7782,0.2218,0.7747,0.7817,0.007,4107.94
2024-01-02T04:37:00,0.7817,0.2183,0.7774,0.786,0.0086,3462.52
2024-01-02T04:38:00,0.7738,0.2262,0.7688,0.7788,0.01,5741.44
2024-01-02T04:39:00,0.7747,0.2253,0.7666,0.7829,0.0163,4140.89
2024-01-02T04:40:00,0.7775,0.2225,0.7749,0.7802,0.0053,5157.83
2024-01-02T04:41:00,0.7759,0.2241,0.7712,0.7806,0.0094,5413.76
2024-01-02T04:42:00,0.7731,0.2269,0.7663,0.7799,0.0137,2868.64
2024-01-02T04:43:00,0.7764,0.2236,0.7678,0.785,0.0172,3679.37
2024-01-02T04:44:00,0.7752,0.2248,0.7675,0.783,0.0155,5503.2
2024-01-02T04:45:00,0.7799,0.2201,0.7733,0.7866,0.0134,4226.63
2024-01-02T04:46:00,0.7773,0.2227,0.7723,0.7823,0.01,5597.97
2024-01-02T04:47:00,0.7762,0.2238,0.7692,0.7832,0.014,4792.05
2024-01-02T04:48:00,0.7754,0.2246,0.7694,0.7815,0.0121,4160.48
2024-01-02T04:49:00,0.7768,0.2232,0.7735,0.7801,0.0066,4295.76
2024-01-02T04:50:00,0.7737,0.2263,0.7659,0.7816,0.0157,5254.07
2024-01-02T04:51:00,0.7733,0.2267,0.7697,0.7769,0.0072,4743.2
2024-01-02T04:52:00,0.7755,0.2245,0.7687,0.7822,0.0136,4836.93
2024-01-02T04:53:00,0.7688,0.2312,0.7622,0.7755,0.0133,4795.86
2024-01-02T04:54:00,0.7672,0.2328,0.7641,0.7703,0.0061,2951.06
2024-01-02T04:55:00,0.7679,0.2321,0.7594,0.7765,0.0171,4684.73
2024-01-02T04:56:00,0.7681,0.2319,0.7592,0.777,0.0178,4217.38
2024-01-02T04:57:00,0.7665,0.2335,0.7586,0.7744,0.0158,4443.81
2024-01-02T04:58:00,0.7672,0.2328,0.7614,0.7729,0.0115,6412.48
2024-01-02T04:59:00,0.7625,0.2375,0.7542,0.7708,0.0166,3170.91
2024-01-02T05:00:00,0.762,0.238,0.7529,0.7711,0.0183,3315.34
2024-01-02T05:01:00,0.7586,0.2414,0.7566,0.7606,0.004,5614.49
2024-01-02T05:02:00,0.7556,0.2444,0.7473,0.764,0.0167,5878.76
2024-01-02T05:03:00,0.759,0.241,0.7508,0.7671,0.0163,4266.78
2024-01-02T05:04:00,0.7548,0.2452,0.748,0.7617,0.0137,3713.3
2024-01-02T05:05:00,0.7519,0.2481,0.7424,0.7614,0.0189,5083.43
2024-01-02T05:06:00,0.7545,0.2455,0.7506,0.7585,0.008,3166.52
2024-01-02T05:07:00,0.7531,0.2469,0.7506,0.7555,0.005,5340.84
2024-01-02T05:08:00,0.7484,0.2516,0.7451,0.7518,0.0067,4675.96
2024-01-02T05:09:00,0.7461,0.2539,0.7385,0.7537,0.0151,3589.03
2024-01-02T05:10:00,0.7471,0.2529,0.7446,0.7497,0.005,6274.83
2024-01-02T05:11:00,0.7454,0.2546,0.7401,0.7507,0.0107,7085.26
2024-01-02T05:12:00,0.7414,0.2586,0.7385,0.7443,0.0057,6642.05
2024-01-02T05:13:00,0.7419,0.2581,0.7364,0.7473,0.0109,3164.98
2024-01-02T05:14:00,0.7384,0.2616,0.7353,0.7416,0.0063,4272.57
2024-01-02T05:15:00,0.7386,0.2614,0.7334,0.7438,0.0104,4709.6
2024-01-02T05:16:00,0.7354,0.2646,0.7282,0.7426,0.0144,3913.99
2024-01-02T05:17:00,0.7326,0.2674,0.7297,0.7355,0.0058,7076.68
2024-01-02T05:18:00,0.7322,0.2678,0.7254,0.7391,0.0137,3388.21
2024-01-02T05:19:00,0.7293,0.2707,0.72,0.7386,0.0186,6558.08
2024-01-02T05:20:00,0.7302,0.2698,0.723,0.7374,0.0143,4004.65
2024-01-02T05:21:00,0.7273,0.2727,0.7253,0.7293,0.004,7050.39
2024-01-02T05:22:00,0.7242,0.2758,0.7173,0.7311,0.0139,4276.36
2024-01-02T05:23:00,0.7226,0.2774,0.7185,0.7268,0.0083,5524.64
2024-01-02T05:24:00,0.7211,0.2789,0.715,0.7271,0.0121,6775.18
2024-01-02T05:25:00,0.7211,0.2789,0.7163,0.7259,0.0096,5740.08
2024-01-02T05:26:00,0.7187,0.2813,0.7142,0.7232,0.0091,3869.33
2024-01-02T05:27:00,0.7171,0.2829,0.7074,0.7267,0.0193,6244.79
2024-01-02T05:28:00,0.7146,0.2854,0.7084,0.7207,0.0123,4697.73
2024-01-02T05:29:00,0.7131,0.2869,0.7082,0.718,0.0097,7221.08
2024-01-02T05:30:00,0.7135,0.2865,0.704,0.7229,0.0189,6357.91
2024-01-02T05:31:00,0.7092,0.2908,0.7059,0.7126,0.0067,5504.1
2024-01-02T05:32:00,0.7092,0.2908,0.7049,0.7135,0.0086,7186.34
2024-01-02T05:33:00,0.7094,0.2906,0.6994,0.7194,0.0199,6135.28
2024-01-02T05:34:00,0.7079,0.2921,0.7024,0.7134,0.0109,6110.41
2024-01-02T05:35:00,0.7064,0.2936,0.702,0.7108,0.0088,5241.57
2024-01-02T05:36:00,0.7041,0.2959,0.6957,0.7125,0.0168,5375.91
2024-01-02T05:37:00,0.7011,0.2989,0.6919,0.7104,0.0185,6648.46
2024-01-02T05:38:00,0.6967,0.3033,0.6934,0.7,0.0066,6025.77
2024-01-02T05:39:00,0.6953,0.3047,0.6889,0.7017,0.0129,7730.0
2024-01-02T05:40:00,0.6935,0.3065,0.6884,0.6986,0.0102,8247.01
2024-01-02T05:41:00,0.6944,0.3056,0.6915,0.6973,0.0058,7118.79
2024-01-02T05:42:00,0.6937,0.3063,0.685,0.7025,0.0176,4016.08
2024-01-02T05:43:00,0.6945,0.3055,0.6919,0.697,0.005,4400.13
2024-01-02T05:44:00,0.6891,0.3109,0.6805,0.6978,0.0173,7776.43
2024-01-02T05:45:00,0.6883,0.3117,0.6846,0.6921,0.0076,7555.3
2024-01-02T05:46:00,0.6878,0.3122,0.6789,0.6967,0.0177,8142.73
2024-01-02T05:47:00,0.6903,0.3097,0.6809,0.6996,0.0187,6753.7
2024-01-02T05:48:00,0.6867,0.3133,0.6783,0.6951,0.0168,3648.49
2024-01-02T05:49:00,0.6833,0.3167,0.6766,0.6901,0.0135,7798.96
2024-01-02T05:50:00,0.6823,0.3177,0.6781,0.6865,0.0084,3862.89
2024-01-02T05:51:00,0.682,0.318,0.6759,0.6881,0.0123,3979.57
2024-01-02T05:52:00,0.6818,0.3182,0.6765,0.6871,0.0106,5485.19
2024-01-02T05:53:00,0.6776,0.3224,0.6747,0.6805,0.0058,7359.15
2024-01-02T05:54:00,0.672,0.328,0.6674,0.6766,0.0092,5485.49
2024-01-02T05:55:00,0.6716,0.3284,0.6688,0.6745,0.0058,7042.24
2024-01-02T05:56:00,0.6714,0.3286,0.669,0.6737,0.0048,6630.0
2024-01-02T05:57:00,0.6683,0.3317,0.6588,0.6778,0.019,6611.64
2024-01-02T05:58:00,0.667,0.333,0.6596,0.6745,0.0149,6271.38
2024-01-02T05:59:00,0.6671,0.3329,0.6603,0.674,0.0137,7474.2
2024-01-02T06:00:00,0.6652,0.3348,0.663,0.6674,0.0044,4717.97
2024-01-02T06:01:00,0.6625,0.3375,0.6563,0.6688,0.0125,8192.53
2024-01-02T06:02:00,0.6632,0.3368,0.6565,0.6698,0.0133,5834.35
2024-01-02T06:03:00,0.6607,0.3393,0.6553,0.666,0.0107,7030.58
2024-01-02T06:04:00,0.66,0.34,0.6521,0.6679,0.0158,5403.32
2024-01-02T06:05:00,0.6601,0.3399,0.656,0.6642,0.0082,3891.07
2024-01-02T06:06:00,0.6582,0.3418,0.649,0.6674,0.0185,4702.49
2024-01-02T06:07:00,0.6574,0.3426,0.6512,0.6635,0.0123,8771.25
2024-01-02T06:08:00,0.6512,0.3488,0.643,0.6594,0.0164,7991.16
2024-01-02T06:09:00,0.6498,0.3502,0.6455,0.6541,0.0086,5551.64
2024-01-02T06:10:00,0.649,0.351,0.643,0.655,0.012,8171.18
2024-01-02T06:11:00,0.6468,0.3532,0.6368,0.6568,0.02,7213.72
2024-01-02T06:12:00,0.6475,0.3525,0.6388,0.6562,0.0174,6185.56
2024-01-02T06:13:00,0.645,0.355,0.6401,0.6498,0.0097,9296.41
2024-01-02T06:14:00,0.6414,0.3586,0.635,0.6479,0.0129,5043.02
2024-01-02T06:15:00,0.6416,0.3584,0.6338,0.6495,0.0158,7676.18
2024-01-02T06:16:00,0.6423,0.3577,0.6374,0.6473,0.0099,7850.64
2024-01-02T06:17:00,0.6394,0.3606,0.6296,0.6492,0.0196,6518.73
2024-01-02T06:18:00,0.6365,0.3635,0.6262,0.6469,0.0208,4303.53
2024-01-02T06:19:00,0.6338,0.3662,0.6279,0.6398,0.0119,6619.22
2024-01-02T06:20:00,0.636,0.364,0.6321,0.64,0.0078,5094.94
2024-01-02T06:21:00,0.6331,0.3669,0.6283,0.6379,0.0096,5949.08
2024-01-02T06:22:00,0.6317,0.3683,0.6257,0.6376,0.012,8541.91
2024-01-02T06:23:00,0.6291,0.3709,0.6253,0.6329,0.0077,7569.47
2024-01-02T06:24:00,0.6275,0.3725,0.6234,0.6317,0.0082,8719.69
2024-01-02T06:25:00,0.6267,0.3733,0.6164,0.637,0.0206,9250.28
2024-01-02T06:26:00,0.6261,0.3739,0.6235,0.6287,0.0053,5323.03
2024-01-02T06:27:00,0.627,0.373,0.617,0.6371,0.0201,4753.14
2024-01-02T06:28:00,0.6245,0.3755,0.6209,0.6282,0.0073,4223.14
2024-01-02T06:29:00,0.6228,0.3772,0.6124,0.6332,0.0208,5335.69
2024-01-02T06:30:00,0.6191,0.3809,0.6126,0.6256,0.013,7219.7
2024-01-02T06:31:00,0.6178,0.3822,0.6116,0.624,0.0124,5338.69
2024-01-02T06:32:00,0.6155,0.3845,0.6066,0.6244,0.0178,7695.07
2024-01-02T06:33:00,0.617,0.383,0.6099,0.6241,0.0142,5873.86
2024-01-02T06:34:00,0.6131,0.3869,0.6035,0.6227,0.0192,7398.02
2024-01-02T06:35:00,0.6085,0.3915,0.6025,0.6146,0.012,9688.14
2024-01-02T06:36:00,0.6085,0.3915,0.5976,0.6194,0.0218,7453.72
2024-01-02T06:37:00,0.6051,0.3949,0.5954,0.6147,0.0193,5572.81
2024-01-02T06:38:00,0.6042,0.3958,0.5958,0.6125,0.0167,4968.66
2024-01-02T06:39:00,0.6033,0.3967,0.594,0.6127,0.0187,5055.7
2024-01-02T06:40:00,0.5993,0.4007,0.5934,0.6053,0.012,5202.35
2024-01-02T06:41:00,0.5995,0.4005,0.5887,0.6102,0.0215,6690.05
2024-01-02T06:42:00,0.5971,0.4029,0.5943,0.5999,0.0056,6583.3
2024-01-02T06:43:00,0.5942,0.4058,0.5843,0.604,0.0198,10241.57
2024-01-02T06:44:00,0.5938,0.4062,0.5884,0.5993,0.0108,9163.25
2024-01-02T06:45:00,0.5883,0.4117,0.5771,0.5995,0.0224,9478.11
2024-01-02T06:46:00,0.5908,0.4092,0.5851,0.5966,0.0115,9720.93
2024-01-02T06:47:00,0.5883,0.4117,0.5819,0.5948,0.0129,8378.85
2024-01-02T06:48:00,0.5832,0.4168,0.5806,0.5858,0.0051,9614.75
2024-01-02T06:49:00,0.5825,0.4175,0.5724,0.5925,0.0201,10534.57
2024-01-02T06:50:00,0.5832,0.4168,0.5766,0.5898,0.0132,8806.29
2024-01-02T06:51:00,0.5833,0.4167,0.5796,0.587,0.0073,5698.94
2024-01-02T06:52:00,0.5805,0.4195,0.5773,0.5837,0.0065,7148.99
2024-01-02T06:53:00,0.5824,0.4176,0.576,0.5888,0.0128,5322.6
2024-01-02T06:54:00,0.5756,0.4244,0.5689,0.5823,0.0134,5990.52
2024-01-02T06:55:00,0.5782,0.4218,0.5723,0.5841,0.0118,5097.89
2024-01-02T06:56:00,0.5778,0.4222,0.5678,0.5879,0.0201,8344.29
2024-01-02T06:57:00,0.577,0.423,0.5736,0.5804,0.0067,8010.24
2024-01-02T06:58:00,0.5773,0.4227,0.5722,0.5824,0.0102,7208.11
2024-01-02T06:59:00,0.573,0.427,0.5632,0.5827,0.0196,8758.09
2024-01-02T07:00:00,0.568,0.432,0.5607,0.5754,0.0148,5855.93
2024-01-02T07:01:00,0.5669,0.4331,0.5553,0.5786,0.0233,6424.55
2024-01-02T07:02:00,0.5661,0.4339,0.5622,0.5699,0.0077,8461.86
2024-01-02T07:03:00,0.5642,0.4358,0.558,0.5705,0.0124,5421.27
2024-01-02T07:04:00,0.5643,0.4357,0.5562,0.5724,0.0162,6410.18
2024-01-02T07:05:00,0.5605,0.4395,0.5541,0.5669,0.0129,9334.07
2024-01-02T07:06:00,0.5607,0.4393,0.5553,0.5661,0.0108,10973.47
2024-01-02T07:07:00,0.5588,0.4412,0.5498,0.5678,0.018,9002.37
2024-01-02T07:08:00,0.558,0.442,0.5477,0.5683,0.0206,8638.53
2024-01-02T07:09:00,0.5546,0.4454,0.5496,0.5597,0.01,10242.79
2024-01-02T07:10:00,0.5564,0.4436,0.549,0.5639,0.015,10987.7
2024-01-02T07:11:00,0.5533,0.4467,0.5465,0.56,0.0135,5281.19
2024-01-02T07:12:00,0.5538,0.4462,0.5496,0.558,0.0085,8170.1
2024-01-02T07:13:00,0.5529,0.4471,0.5481,0.5577,0.0096,10093.28
2024-01-02T07:14:00,0.5504,0.4496,0.5445,0.5563,0.0118,10117.86
2024-01-02T07:15:00,0.5508,0.4492,0.5401,0.5615,0.0214,6857.41
2024-01-02T07:16:00,0.55,0.45,0.5414,0.5585,0.0171,9839.58
2024-01-02T07:17:00,0.5487,0.4513,0.5462,0.5512,0.005,6423.12
2024-01-02T07:18:00,0.5423,0.4577,0.5379,0.5467,0.0089,10948.2
2024-01-02T07:19:00,0.5404,0.4596,0.5308,0.55,0.0192,7187.75
2024-01-02T07:20:00,0.5423,0.4577,0.5387,0.5459,0.0072,6216.24
2024-01-02T07:21:00,0.5361,0.4639,0.5248,0.5475,0.0228,6664.22
2024-01-02T07:22:00,0.5335,0.4665,0.5266,0.5404,0.0138,11640.1
2024-01-02T07:23:00,0.5319,0.4681,0.523,0.5407,0.0177,8622.31
2024-01-02T07:24:00,0.5319,0.4681,0.5244,0.5394,0.015,10305.49
2024-01-02T07:25:00,0.5282,0.4718,0.5243,0.5322,0.0079,6437.64
2024-01-02T07:26:00,0.5295,0.4705,0.5234,0.5357,0.0123,10905.58
2024-01-02T07:27:00,0.5281,0.4719,0.5191,0.537,0.0179,11000.48
2024-01-02T07:28:00,0.5274,0.4726,0.5211,0.5337,0.0126,7059.63
2024-01-02T07:29:00,0.5238,0.4762,0.5162,0.5313,0.0151,10701.41
2024-01-02T07:30:00,0.526,0.474,0.5235,0.5285,0.005,7981.11
2024-01-02T07:31:00,0.5212,0.4788,0.5167,0.5256,0.009,10082.0
2024-01-02T07:32:00,0.5177,0.4823,0.5089,0.5265,0.0176,10362.95
2024-01-02T07:33:00,0.5208,0.4792,0.5158,0.5258,0.01,8501.13
2024-01-02T07:34:00,0.5188,0.4812,0.5075,0.5301,0.0226,9951.06
2024-01-02T07:35:00,0.521,0.479,0.5121,0.53,0.0179,7889.49
2024-01-02T07:36:00,0.5161,0.4839,0.5047,0.5275,0.0228,10179.06
2024-01-02T07:37:00,0.5151,0.4849,0.5078,0.5224,0.0145,5728.03
2024-01-02T07:38:00,0.5149,0.4851,0.5104,0.5193,0.0089,8092.72
2024-01-02T07:39:00,0.513,0.487,0.5086,0.5174,0.0088,5782.46
2024-01-02T07:40:00,0.5069,0.4931,0.4946,0.5192,0.0246,5561.76
2024-01-02T07:41:00,0.5048,0.4952,0.502,0.5076,0.0056,10945.28
2024-01-02T07:42:00,0.5034,0.4966,0.4977,0.5091,0.0113,10540.77
2024-01-02T07:43:00,0.5026,0.4974,0.4946,0.5106,0.016,10490.63
2024-01-02T07:44:00,0.5004,0.4996,0.493,0.5078,0.0148,6648.52
2024-01-02T07:45:00,0.4984,0.5016,0.4935,0.5033,0.0098,11438.32
2024-01-02T07:46:00,0.496,0.504,0.4859,0.5061,0.0201,11647.37
2024-01-02T07:47:00,0.4978,0.5022,0.4858,0.5098,0.0241,8976.73
2024-01-02T07:48:00,0.4963,0.5037,0.4917,0.5008,0.0091,10686.1
2024-01-02T07:49:00,0.4932,0.5068,0.4862,0.5001,0.014,8772.49
2024-01-02T07:50:00,0.4939,0.5061,0.4838,0.504,0.0202,5711.54
2024-01-02T07:51:00,0.4872,0.5128,0.4838,0.4905,0.0067,10393.95
2024-01-02T07:52:00,0.4905,0.5095,0.4826,0.4985,0.0159,12337.06
2024-01-02T07:53:00,0.4852,0.5148,0.476,0.4945,0.0185,7136.16
2024-01-02T07:54:00,0.4868,0.5132,0.478,0.4955,0.0175,6751.93
2024-01-02T07:55:00,0.4801,0.5199,0.4697,0.4906,0.021,6070.35
2024-01-02T07:56:00,0.4813,0.5187,0.4754,0.4873,0.0119,8757.98
2024-01-02T07:57:00,0.4783,0.5217,0.4736,0.4829,0.0094,8380.17
2024-01-02T07:58:00,0.4808,0.5192,0.4719,0.4897,0.0179,9261.41
2024-01-02T07:59:00,0.4778,0.5222,0.4675,0.4882,0.0207,10303.95
2024-01-02T08:00:00,0.4812,0.5188,0.4699,0.4925,0.0226,6539.29
2024-01-02T08:01:00,0.4758,0.5242,0.4727,0.4789,0.0062,6967.6
2024-01-02T08:02:00,0.472,0.528,0.4673,0.4768,0.0096,11612.91
2024-01-02T08:03:00,0.4711,0.5289,0.4674,0.4748,0.0074,5786.78
2024-01-02T08:04:00,0.4716,0.5284,0.4679,0.4752,0.0072,7321.1
2024-01-02T08:05:00,0.4706,0.5294,0.4607,0.4805,0.0198,11641.6
2024-01-02T08:06:00,0.4731,0.5269,0.4642,0.4821,0.0179,7400.25
2024-01-02T08:07:00,0.4742,0.5258,0.4685,0.4798,0.0114,5605.99
2024-01-02T08:08:00,0.4757,0.5243,0.4663,0.4851,0.0188,9216.82
2024-01-02T08:09:00,0.4753,0.5247,0.4634,0.4872,0.0238,7043.8
2024-01-02T08:10:00,0.4736,0.5264,0.4621,0.4851,0.023,10744.8
2024-01-02T08:11:00,0.4741,0.5259,0.4669,0.4813,0.0144,5797.23
2024-01-02T08:12:00,0.4765,0.5235,0.4686,0.4843,0.0157,8438.56
2024-01-02T08:13:00,0.4787,0.5213,0.4722,0.4851,0.0129,11085.68
2024-01-02T08:14:00,0.474,0.526,0.4644,0.4836,0.0191,10962.16
2024-01-02T08:15:00,0.4772,0.5228,0.4708,0.4836,0.0128,11066.37
2024-01-02T08:16:00,0.4749,0.5251,0.4628,0.487,0.0241,8705.98
2024-01-02T08:17:00,0.4766,0.5234,0.4679,0.4853,0.0174,10698.14
2024-01-02T08:18:00,0.4726,0.5274,0.4621,0.4831,0.0211,8865.72
2024-01-02T08:19:00,0.4754,0.5246,0.4689,0.482,0.013,10353.52
2024-01-02T08:20:00,0.4789,0.5211,0.4749,0.4829,0.0081,6964.82
2024-01-02T08:21:00,0.4764,0.5236,0.4666,0.4861,0.0196,8771.91
2024-01-02T08:22:00,0.4735,0.5265,0.4638,0.4831,0.0193,6335.9
2024-01-02T08:23:00,0.4731,0.5269,0.4628,0.4835,0.0208,7850.09
2024-01-02T08:24:00,0.4707,0.5293,0.4631,0.4783,0.0152,9749.13
2024-01-02T08:25:00,0.4742,0.5258,0.464,0.4844,0.0204,10683.17
2024-01-02T08:26:00,0.4755,0.5245,0.4659,0.485,0.019,7225.3
2024-01-02T08:27:00,0.4767,0.5233,0.4697,0.4837,0.0139,9721.05
2024-01-02T08:28:00,0.4752,0.5248,0.4653,0.4851,0.0198,11266.48
2024-01-02T08:29:00,0.4748,0.5252,0.4707,0.4789,0.0082,10541.98
2024-01-02T08:30:00,0.4755,0.5245,0.4676,0.4835,0.016,10552.9
2024-01-02T08:31:00,0.4737,0.5263,0.4664,0.4811,0.0148,11283.5
2024-01-02T08:32:00,0.4779,0.5221,0.4677,0.488,0.0202,7546.36
2024-01-02T08:33:00,0.4745,0.5255,0.4691,0.48,0.0109,11528.64
2024-01-02T08:34:00,0.4741,0.5259,0.4716,0.4767,0.005,11581.98
2024-01-02T08:35:00,0.4767,0.5233,0.4652,0.4882,0.023,10541.79
2024-01-02T08:36:00,0.4725,0.5275,0.4627,0.4822,0.0195,6426.49
2024-01-02T08:37:00,0.4722,0.5278,0.4622,0.4821,0.0199,7539.04
2024-01-02T08:38:00,0.4715,0.5285,0.4676,0.4753,0.0077,9346.14
2024-01-02T08:39:00,0.4706,0.5294,0.4614,0.4798,0.0184,8523.19
2024-01-02T08:40:00,0.4743,0.5257,0.4623,0.4862,0.0239,5441.99
2024-01-02T08:41:00,0.4734,0.5266,0.4625,0.4842,0.0217,11231.7
2024-01-02T08:42:00,0.4767,0.5233,0.4733,0.4802,0.0069,9660.39
2024-01-02T08:43:00,0.4749,0.5251,0.4666,0.4832,0.0166,9528.92
2024-01-02T08:44:00,0.4786,0.5214,0.4736,0.4836,0.01,10828.09
2024-01-02T08:45:00,0.478,0.522,0.4708,0.4852,0.0144,8466.52
2024-01-02T08:46:00,0.4754,0.5246,0.4691,0.4816,0.0126,7412.66
2024-01-02T08:47:00,0.4818,0.5182,0.4705,0.493,0.0225,10728.16
2024-01-02T08:48:00,0.4735,0.5265,0.4637,0.4833,0.0195,7563.46
2024-01-02T08:49:00,0.4754,0.5246,0.4702,0.4805,0.0102,10078.44
2024-01-02T08:50:00,0.4766,0.5234,0.4709,0.4824,0.0115,6436.79
2024-01-02T08:51:00,0.4777,0.5223,0.4667,0.4887,0.022,10772.59
2024-01-02T08:52:00,0.4769,0.5231,0.472,0.4819,0.0099,8960.87
2024-01-02T08:53:00,0.4774,0.5226,0.466,0.4889,0.0229,7094.06
2024-01-02T08:54:00,0.4783,0.5217,0.4695,0.4871,0.0176,7436.35
2024-01-02T08:55:00,0.4739,0.5261,0.4709,0.4769,0.006,11242.06
2024-01-02T08:56:00,0.4763,0.5237,0.4655,0.4871,0.0217,11972.01
2024-01-02T08:57:00,0.4756,0.5244,0.4701,0.4811,0.011,5385.19
2024-01-02T08:58:00,0.4763,0.5237,0.4681,0.4845,0.0164,11668.69
2024-01-02T08:59:00,0.4732,0.5268,0.4657,0.4807,0.015,8639.91
2024-01-02T09:00:00,0.4673,0.5327,0.4634,0.4711,0.0077,10524.13
2024-01-02T09:01:00,0.4721,0.5279,0.4678,0.4765,0.0087,5211.89
2024-01-02T09:02:00,0.4728,0.5272,0.4649,0.4807,0.0158,8334.86
2024-01-02T09:03:00,0.4735,0.5265,0.4679,0.479,0.0111,10602.82
2024-01-02T09:04:00,0.4691,0.5309,0.4594,0.4787,0.0193,5172.92
2024-01-02T09:05:00,0.4741,0.5259,0.4673,0.4809,0.0136,7491.53
2024-01-02T09:06:00,0.4773,0.5227,0.4736,0.4811,0.0074,10683.37
2024-01-02T09:07:00,0.4741,0.5259,0.4643,0.484,0.0198,7289.77
2024-01-02T09:08:00,0.4732,0.5268,0.4639,0.4825,0.0186,6633.22
2024-01-02T09:09:00,0.4714,0.5286,0.4631,0.4798,0.0167,10713.29
2024-01-02T09:10:00,0.4711,0.5289,0.4599,0.4823,0.0224,9114.85
2024-01-02T09:11:00,0.4741,0.5259,0.4716,0.4765,0.005,6756.24
2024-01-02T09:12:00,0.4715,0.5285,0.4623,0.4806,0.0183,9998.01
2024-01-02T09:13:00,0.4779,0.5221,0.471,0.4847,0.0137,5222.66
2024-01-02T09:14:00,0.4737,0.5263,0.4664,0.4809,0.0145,5594.55
2024-01-02T09:15:00,0.4761,0.5239,0.4665,0.4857,0.0192,6876.59
2024-01-02T09:16:00,0.4765,0.5235,0.4655,0.4876,0.022,5183.34
2024-01-02T09:17:00,0.4713,0.5287,0.4685,0.4741,0.0057,11258.98
2024-01-02T09:18:00,0.4689,0.5311,0.4582,0.4796,0.0214,11777.03
2024-01-02T09:19:00,0.4716,0.5284,0.4691,0.4741,0.005,11024.54
2024-01-02T09:20:00,0.4737,0.5263,0.4653,0.4821,0.0168,9138.6
2024-01-02T09:21:00,0.4751,0.5249,0.4715,0.4786,0.0071,7391.56
2024-01-02T09:22:00,0.4743,0.5257,0.4631,0.4855,0.0224,7760.63
2024-01-02T09:23:00,0.4769,0.5231,0.4712,0.4826,0.0114,9701.92
2024-01-02T09:24:00,0.4787,0.5213,0.4698,0.4877,0.0179,9338.13
2024-01-02T09:25:00,0.4776,0.5224,0.4654,0.4898,0.0244,7904.98
2024-01-02T09:26:00,0.4735,0.5265,0.4696,0.4775,0.0079,11564.1
2024-01-02T09:27:00,0.4718,0.5282,0.4607,0.4828,0.0221,7144.58
2024-01-02T09:28:00,0.4722,0.5278,0.4603,0.4841,0.0238,7498.46
2024-01-02T09:29:00,0.472,0.528,0.4624,0.4816,0.0192,8877.28
2024-01-02T09:30:00,0.4685,0.5315,0.4598,0.4772,0.0174,9358.81
2024-01-02T09:31:00,0.4752,0.5248,0.4701,0.4804,0.0103,8938.45
2024-01-02T09:32:00,0.4726,0.5274,0.4668,0.4783,0.0115,7047.89
2024-01-02T09:33:00,0.476,0.524,0.4659,0.4862,0.0203,8765.43
2024-01-02T09:34:00,0.4726,0.5274,0.461,0.4841,0.0231,11257.02
2024-01-02T09:35:00,0.4807,0.5193,0.4752,0.4862,0.0109,9857.4
2024-01-02T09:36:00,0.4778,0.5222,0.4695,0.4862,0.0167,10779.24
2024-01-02T09:37:00,0.4787,0.5213,0.4678,0.4897,0.0219,5447.54
2024-01-02T09:38:00,0.4748,0.5252,0.4716,0.4779,0.0063,7570.26
2024-01-02T09:39:00,0.475,0.525,0.465,0.4851,0.0201,9927.63
2024-01-02T09:40:00,0.4753,0.5247,0.4636,0.487,0.0234,8523.88
2024-01-02T09:41:00,0.4759,0.5241,0.4733,0.4784,0.0051,11398.11
2024-01-02T09:42:00,0.4735,0.5265,0.4706,0.4765,0.0059,10331.13
2024-01-02T09:43:00,0.4741,0.5259,0.4634,0.4848,0.0213,8050.42
2024-01-02T09:44:00,0.4755,0.5245,0.465,0.486,0.021,6152.97
2024-01-02T09:45:00,0.4736,0.5264,0.4699,0.4772,0.0073,8395.35
2024-01-02T09:46:00,0.4723,0.5277,0.4659,0.4787,0.0128,11475.99
2024-01-02T09:47:00,0.4743,0.5257,0.471,0.4775,0.0065,8820.06
2024-01-02T09:48:00,0.4699,0.5301,0.458,0.4818,0.0239,11622.16
2024-01-02T09:49:00,0.474,0.526,0.4676,0.4805,0.0129,11973.67
2024-01-02T09:50:00,0.4753,0.5247,0.4631,0.4874,0.0243,9813.01
2024-01-02T09:51:00,0.4756,0.5244,0.467,0.4842,0.0172,7911.76
2024-01-02T09:52:00,0.4763,0.5237,0.4666,0.486,0.0194,11994.1
2024-01-02T09:53:00,0.4716,0.5284,0.4647,0.4785,0.0138,7903.65
2024-01-02T09:54:00,0.4704,0.5296,0.4652,0.4755,0.0104,6552.05
2024-01-02T09:55:00,0.4736,0.5264,0.4614,0.4857,0.0243,9027.67
2024-01-02T09:56:00,0.4687,0.5313,0.4597,0.4777,0.0181,11776.61
2024-01-02T09:57:00,0.474,0.526,0.4654,0.4826,0.0172,9433.78
2024-01-02T09:58:00,0.4799,0.5201,0.4692,0.4906,0.0215,5896.73
2024-01-02T09:59:00,0.475,0.525,0.4681,0.482,0.0139,7843.78
2024-01-02T10:00:00,0.4744,0.5256,0.4666,0.4822,0.0156,8133.96
2024-01-02T10:01:00,0.4763,0.5237,0.4646,0.4881,0.0235,10141.9
2024-01-02T10:02:00,0.4747,0.5253,0.4697,0.4796,0.01,7206.16
2024-01-02T10:03:00,0.4743,0.5257,0.4652,0.4834,0.0182,6287.2
2024-01-02T10:04:00,0.4753,0.5247,0.4712,0.4793,0.0081,11197.63
2024-01-02T10:05:00,0.4728,0.5272,0.4634,0.4821,0.0187,8305.32
2024-01-02T10:06:00,0.4716,0.5284,0.4672,0.476,0.0088,7483.0
2024-01-02T10:07:00,0.4726,0.5274,0.4608,0.4843,0.0235,10941.85
2024-01-02T10:08:00,0.4748,0.5252,0.464,0.4856,0.0215,7505.12
2024-01-02T10:09:00,0.4702,0.5298,0.4648,0.4756,0.0107,5301.63
2024-01-02T10:10:00,0.473,0.527,0.4629,0.4831,0.0202,6355.85
2024-01-02T10:11:00,0.4706,0.5294,0.465,0.4761,0.0111,9537.11
2024-01-02T10:12:00,0.4703,0.5297,0.463,0.4775,0.0145,10501.98
2024-01-02T10:13:00,0.4721,0.5279,0.4644,0.4797,0.0152,8183.56
2024-01-02T10:14:00,0.4721,0.5279,0.4655,0.4787,0.0132,6169.58
2024-01-02T10:15:00,0.4699,0.5301,0.4607,0.4791,0.0184,7645.91
2024-01-02T10:16:00,0.472,0.528,0.4665,0.4775,0.011,9172.01
2024-01-02T10:17:00,0.4741,0.5259,0.47,0.4783,0.0083,8163.66
2024-01-02T10:18:00,0.4717,0.5283,0.464,0.4794,0.0155,7048.13
2024-01-02T10:19:00,0.4739,0.5261,0.466,0.4818,0.0157,6488.84
2024-01-02T10:20:00,0.4732,0.5268,0.4675,0.4789,0.0114,8785.55
2024-01-02T10:21:00,0.4731,0.5269,0.4676,0.4787,0.0112,11550.48
2024-01-02T10:22:00,0.4771,0.5229,0.4731,0.4811,0.0079,9284.31
2024-01-02T10:23:00,0.4721,0.5279,0.4675,0.4767,0.0093,5588.3
2024-01-02T10:24:00,0.4747,0.5253,0.4649,0.4845,0.0196,6237.76
2024-01-02T10:25:00,0.4737,0.5263,0.4634,0.484,0.0206,11708.46
2024-01-02T10:26:00,0.4734,0.5266,0.4671,0.4797,0.0126,5273.95
2024-01-02T10:27:00,0.4756,0.5244,0.4679,0.4833,0.0154,8764.88
2024-01-02T10:28:00,0.4745,0.5255,0.4628,0.4863,0.0235,5306.38
2024-01-02T10:29:00,0.4772,0.5228,0.4679,0.4865,0.0186,9573.97
2024-01-02T10:30:00,0.4733,0.5267,0.4623,0.4844,0.0221,8448.18
2024-01-02T10:31:00,0.4668,0.5332,0.4603,0.4732,0.0128,9212.97
2024-01-02T10:32:00,0.4694,0.5306,0.4622,0.4765,0.0143,11909.08
2024-01-02T10:33:00,0.4693,0.5307,0.4589,0.4797,0.0209,7138.73
2024-01-02T10:34:00,0.4708,0.5292,0.4616,0.4801,0.0185,11266.1
2024-01-02T10:35:00,0.476,0.524,0.4688,0.4832,0.0144,8468.84
2024-01-02T10:36:00,0.4722,0.5278,0.4694,0.4749,0.0055,8821.42
2024-01-02T10:37:00,0.4713,0.5287,0.4637,0.4788,0.0151,6583.49
2024-01-02T10:38:00,0.4733,0.5267,0.4626,0.484,0.0214,7010.74
2024-01-02T10:39:00,0.4748,0.5252,0.4721,0.4776,0.0055,6400.32
2024-01-02T10:40:00,0.4732,0.5268,0.4653,0.4812,0.0159,5781.66
2024-01-02T10:41:00,0.4741,0.5259,0.4655,0.4827,0.0172,7392.21
2024-01-02T10:42:00,0.4716,0.5284,0.4646,0.4785,0.0138,8600.86
2024-01-02T10:43:00,0.4686,0.5314,0.4638,0.4734,0.0096,8492.73
2024-01-02T10:44:00,0.4735,0.5265,0.4668,0.4801,0.0133,11277.99
2024-01-02T10:45:00,0.4721,0.5279,0.4608,0.4834,0.0226,6080.57
2024-01-02T10:46:00,0.4734,0.5266,0.4615,0.4853,0.0238,8768.94
2024-01-02T10:47:00,0.4723,0.5277,0.4626,0.4819,0.0193,8969.67
2024-01-02T10:48:00,0.4748,0.5252,0.4691,0.4805,0.0113,6257.46
2024-01-02T10:49:00,0.4769,0.5231,0.4666,0.4873,0.0207,6574.71
2024-01-02T10:50:00,0.4731,0.5269,0.4641,0.4822,0.0182,7101.16
2024-01-02T10:51:00,0.4763,0.5237,0.4681,0.4844,0.0164,11343.13
2024-01-02T10:52:00,0.4735,0.5265,0.4707,0.4762,0.0055,11977.16
2024-01-02T10:53:00,0.4746,0.5254,0.464,0.4852,0.0212,9775.68
2024-01-02T10:54:00,0.4734,0.5266,0.4679,0.479,0.0111,10135.98
2024-01-02T10:55:00,0.4701,0.5299,0.463,0.4771,0.0141,11031.38
2024-01-02T10:56:00,0.4747,0.5253,0.4632,0.4861,0.0229,10829.55
2024-01-02T10:57:00,0.4712,0.5288,0.4641,0.4784,0.0143,8023.7
2024-01-02T10:58:00,0.4758,0.5242,0.4665,0.4851,0.0186,10282.57
2024-01-02T10:59:00,0.4757,0.5243,0.4712,0.4801,0.0089,8074.65
2024-01-02T11:00:00,0.4711,0.5289,0.4683,0.4739,0.0056,8767.95
2024-01-02T11:01:00,0.47,0.53,0.4586,0.4813,0.0227,6938.3
2024-01-02T11:02:00,0.472,0.528,0.4645,0.4795,0.015,9504.65
2024-01-02T11:03:00,0.4711,0.5289,0.4613,0.4809,0.0196,8775.86
2024-01-02T11:04:00,0.4717,0.5283,0.4687,0.4746,0.0059,11544.95
2024-01-02T11:05:00,0.4715,0.5285,0.4667,0.4764,0.0097,8441.75
2024-01-02T11:06:00,0.4738,0.5262,0.4685,0.4791,0.0107,8822.66
2024-01-02T11:07:00,0.4722,0.5278,0.4694,0.475,0.0056,6378.78
2024-01-02T11:08:00,0.472,0.528,0.4605,0.4835,0.023,6442.69
2024-01-02T11:09:00,0.4756,0.5244,0.4697,0.4815,0.0118,9996.22
2024-01-02T11:10:00,0.4752,0.5248,0.4671,0.4834,0.0163,6100.44
2024-01-02T11:11:00,0.4749,0.5251,0.4646,0.4852,0.0205,9243.18
2024-01-02T11:12:00,0.4731,0.5269,0.4659,0.4803,0.0144,8739.81
2024-01-02T11:13:00,0.4759,0.5241,0.4667,0.4851,0.0184,6448.5
2024-01-02T11:14:00,0.4733,0.5267,0.4645,0.482,0.0175,7324.13
2024-01-02T11:15:00,0.4739,0.5261,0.4623,0.4854,0.0232,10127.11
2024-01-02T11:16:00,0.4708,0.5292,0.4677,0.4738,0.0061,10263.83
2024-01-02T11:17:00,0.4732,0.5268,0.4695,0.4769,0.0074,9946.25
2024-01-02T11:18:00,0.4722,0.5278,0.4605,0.4838,0.0233,11503.04
2024-01-02T11:19:00,0.473,0.527,0.4662,0.4798,0.0136,8321.5
2024-01-02T11:20:00,0.477,0.523,0.4744,0.4797,0.0054,12056.23
2024-01-02T11:21:00,0.4738,0.5262,0.467,0.4806,0.0137,5398.46
2024-01-02T11:22:00,0.4692,0.5308,0.4596,0.4788,0.0192,5568.69
2024-01-02T11:23:00,0.4667,0.5333,0.4559,0.4775,0.0217,7087.09
2024-01-02T11:24:00,0.47,0.53,0.4636,0.4765,0.013,10275.53
2024-01-02T11:25:00,0.4733,0.5267,0.4629,0.4838,0.021,11394.13
2024-01-02T11:26:00,0.4708,0.5292,0.4598,0.4818,0.022,6449.47
2024-01-02T11:27:00,0.4716,0.5284,0.4616,0.4815,0.0199,7516.39
2024-01-02T11:28:00,0.4754,0.5246,0.4699,0.4809,0.011,6811.78
2024-01-02T11:29:00,0.4694,0.5306,0.4597,0.4791,0.0195,9178.16
2024-01-02T11:30:00,0.4745,0.5255,0.4717,0.4773,0.0056,5567.4
2024-01-02T11:31:00,0.4714,0.5286,0.4623,0.4805,0.0181,8976.41
2024-01-02T11:32:00,0.4762,0.5238,0.4696,0.4827,0.0131,8391.28
2024-01-02T11:33:00,0.4741,0.5259,0.4649,0.4833,0.0184,7519.07
2024-01-02T11:34:00,0.4761,0.5239,0.4665,0.4857,0.0192,9265.78
2024-01-02T11:35:00,0.4751,0.5249,0.4716,0.4786,0.007,9145.65
2024-01-02T11:36:00,0.4765,0.5235,0.4735,0.4795,0.006,7073.34
2024-01-02T11:37:00,0.4797,0.5203,0.4766,0.4828,0.0063,10231.95
2024-01-02T11:38:00,0.4801,0.5199,0.4749,0.4853,0.0105,5692.24
2024-01-02T11:39:00,0.481,0.519,0.4709,0.4911,0.0202,5997.85
2024-01-02T11:40:00,0.4763,0.5237,0.4676,0.4851,0.0175,11441.73
2024-01-02T11:41:00,0.4761,0.5239,0.4694,0.4828,0.0134,10994.1
2024-01-02T11:42:00,0.4772,0.5228,0.4702,0.4842,0.0139,6107.45
2024-01-02T11:43:00,0.4794,0.5206,0.4699,0.4888,0.0189,9082.13
2024-01-02T11:44:00,0.4761,0.5239,0.4658,0.4865,0.0206,9089.37
2024-01-02T11:45:00,0.4747,0.5253,0.4654,0.484,0.0187,7513.02
2024-01-02T11:46:00,0.4771,0.5229,0.4658,0.4885,0.0227,6361.92
2024-01-02T11:47:00,0.4784,0.5216,0.4676,0.4893,0.0218,11409.46
2024-01-02T11:48:00,0.4809,0.5191,0.4704,0.4915,0.0212,11935.14
2024-01-02T11:49:00,0.4815,0.5185,0.478,0.4849,0.0069,7357.48
2024-01-02T11:50:00,0.4828,0.5172,0.4767,0.4889,0.0122,6838.81
2024-01-02T11:51:00,0.4843,0.5157,0.4776,0.491,0.0134,8277.84
2024-01-02T11:52:00,0.4884,0.5116,0.4817,0.4951,0.0134,10951.91
2024-01-02T11:53:00,0.4891,0.5109,0.4772,0.501,0.0238,8349.97
2024-01-02T11:54:00,0.4933,0.5067,0.4872,0.4995,0.0123,6498.88
2024-01-02T11:55:00,0.4962,0.5038,0.4903,0.502,0.0117,12010.09
2024-01-02T11:56:00,0.4953,0.5047,0.4868,0.5037,0.0169,6150.95
2024-01-02T11:57:00,0.4974,0.5026,0.4878,0.507,0.0192,7159.5
2024-01-02T11:58:00,0.4995,0.5005,0.4938,0.5051,0.0113,11134.59
2024-01-02T11:59:00,0.5013,0.4987,0.4903,0.5124,0.0221,6503.38
2024-01-02T12:00:00,0.503,0.497,0.4982,0.5078,0.0096,10257.31
2024-01-02T12:01:00,0.5054,0.4946,0.4994,0.5113,0.0119,8672.44
2024-01-02T12:02:00,0.5063,0.4937,0.5036,0.509,0.0054,8555.37
2024-01-02T12:03:00,0.5097,0.4903,0.4995,0.5198,0.0203,9860.33
2024-01-02T12:04:00,0.5107,0.4893,0.5074,0.5139,0.0065,6658.25
2024-01-02T12:05:00,0.5137,0.4863,0.509,0.5184,0.0095,9798.37
2024-01-02T12:06:00,0.5175,0.4825,0.507,0.5281,0.0211,11603.22
2024-01-02T12:07:00,0.5176,0.4824,0.5093,0.5259,0.0166,11797.41
2024-01-02T12:08:00,0.5147,0.4853,0.5083,0.521,0.0127,9469.93
2024-01-02T12:09:00,0.5216,0.4784,0.5105,0.5327,0.0222,6862.84
2024-01-02T12:10:00,0.5239,0.4761,0.5178,0.5301,0.0123,6442.61
2024-01-02T12:11:00,0.5282,0.4718,0.5248,0.5315,0.0068,6117.39
2024-01-02T12:12:00,0.5319,0.4681,0.5288,0.535,0.0062,7178.57
2024-01-02T12:13:00,0.5361,0.4639,0.5268,0.5454,0.0186,10280.64
2024-01-02T12:14:00,0.5344,0.4656,0.5282,0.5407,0.0125,5918.44
2024-01-02T12:15:00,0.5394,0.4606,0.5356,0.5433,0.0077,10576.34
2024-01-02T12:16:00,0.5384,0.4616,0.5305,0.5464,0.016,6160.4
2024-01-02T12:17:00,0.5384,0.4616,0.5293,0.5475,0.0181,11530.87
2024-01-02T12:18:00,0.54,0.46,0.5342,0.5457,0.0115,6486.28
2024-01-02T12:19:00,0.5414,0.4586,0.5383,0.5445,0.0063,8272.97
2024-01-02T12:20:00,0.5448,0.4552,0.538,0.5515,0.0135,6330.74
2024-01-02T12:21:00,0.5465,0.4535,0.5415,0.5515,0.0099,7398.76
2024-01-02T12:22:00,0.5476,0.4524,0.5436,0.5515,0.0079,10929.71
2024-01-02T12:23:00,0.5501,0.4499,0.5385,0.5617,0.0232,8147.52
2024-01-02T12:24:00,0.5532,0.4468,0.5421,0.5643,0.0222,6643.04
2024-01-02T12:25:00,0.5559,0.4441,0.5499,0.5618,0.0119,5556.06
2024-01-02T12:26:00,0.5583,0.4417,0.5488,0.5678,0.019,6603.39
2024-01-02T12:27:00,0.5549,0.4451,0.55,0.5597,0.0097,7852.75
2024-01-02T12:28:00,0.5583,0.4417,0.5535,0.563,0.0095,5558.51
2024-01-02T12:29:00,0.5599,0.4401,0.5506,0.5692,0.0186,10210.69
2024-01-02T12:30:00,0.5614,0.4386,0.5588,0.5639,0.0051,7591.92
2024-01-02T12:31:00,0.5653,0.4347,0.5552,0.5754,0.0202,9801.98
2024-01-02T12:32:00,0.5657,0.4343,0.5591,0.5723,0.0131,7355.2
2024-01-02T12:33:00,0.5678,0.4322,0.5615,0.574,0.0125,7591.37
2024-01-02T12:34:00,0.5676,0.4324,0.5646,0.5706,0.006,10525.08
2024-01-02T12:35:00,0.5717,0.4283,0.5604,0.5829,0.0225,10104.42
2024-01-02T12:36:00,0.5746,0.4254,0.5691,0.58,0.0108,8176.41
2024-01-02T12:37:00,0.5756,0.4244,0.5679,0.5832,0.0154,7676.13
2024-01-02T12:38:00,0.5784,0.4216,0.5729,0.5839,0.011,5782.27
2024-01-02T12:39:00,0.5769,0.4231,0.5654,0.5885,0.0231,9610.33
2024-01-02T12:40:00,0.5775,0.4225,0.5748,0.5802,0.0055,6712.88
2024-01-02T12:41:00,0.5845,0.4155,0.5732,0.5959,0.0227,8200.15
2024-01-02T12:42:00,0.5823,0.4177,0.5733,0.5914,0.0181,5699.69
2024-01-02T12:43:00,0.5865,0.4135,0.5773,0.5957,0.0184,6281.9
2024-01-02T12:44:00,0.5889,0.4111,0.5812,0.5965,0.0153,7089.01
2024-01-02T12:45:00,0.5902,0.4098,0.5874,0.5931,0.0057,7330.62
2024-01-02T12:46:00,0.594,0.406,0.5903,0.5976,0.0073,4934.21
2024-01-02T12:47:00,0.5948,0.4052,0.592,0.5976,0.0055,5388.88
2024-01-02T12:48:00,0.5943,0.4057,0.5865,0.602,0.0155,9109.8
2024-01-02T12:49:00,0.5966,0.4034,0.589,0.6043,0.0153,4686.28
2024-01-02T12:50:00,0.6018,0.3982,0.594,0.6096,0.0156,4690.72
2024-01-02T12:51:00,0.6047,0.3953,0.6022,0.6072,0.0051,7785.92
2024-01-02T12:52:00,0.6062,0.3938,0.5968,0.6156,0.0188,5012.04
2024-01-02T12:53:00,0.6095,0.3905,0.6042,0.6148,0.0107,6803.07
2024-01-02T12:54:00,0.61,0.39,0.6066,0.6133,0.0067,8740.29
2024-01-02T12:55:00,0.61,0.39,0.605,0.615,0.01,6525.28
2024-01-02T12:56:00,0.611,0.389,0.6019,0.6202,0.0182,5447.37
2024-01-02T12:57:00,0.6144,0.3856,0.6046,0.6242,0.0195,8694.33
2024-01-02T12:58:00,0.618,0.382,0.6077,0.6283,0.0205,8826.96
2024-01-02T12:59:00,0.6183,0.3817,0.6154,0.6212,0.0058,7994.3
2024-01-02T13:00:00,0.6233,0.3767,0.6203,0.6263,0.006,7607.05
2024-01-02T13:01:00,0.6207,0.3793,0.6126,0.6289,0.0162,5912.45
2024-01-02T13:02:00,0.6244,0.3756,0.6213,0.6274,0.0062,8208.04
2024-01-02T13:03:00,0.6288,0.3712,0.6253,0.6323,0.007,6650.6
2024-01-02T13:04:00,0.628,0.372,0.6187,0.6373,0.0186,8048.9
2024-01-02T13:05:00,0.6297,0.3703,0.6246,0.6347,0.0101,6881.49
2024-01-02T13:06:00,0.6297,0.3703,0.625,0.6344,0.0095,5442.34
2024-01-02T13:07:00,0.6341,0.3659,0.6247,0.6435,0.0188,7289.39
2024-01-02T13:08:00,0.6379,0.3621,0.6343,0.6415,0.0071,6275.18
2024-01-02T13:09:00,0.6361,0.3639,0.6272,0.6451,0.0179,4405.51
2024-01-02T13:10:00,0.8137,0.1863,0.8072,0.8203,0.0131,2448.69
2024-01-02T13:11:00,0.8243,0.1757,0.8209,0.8278,0.0069,4763.7
2024-01-02T13:12:00,0.8277,0.1723,0.8209,0.8345,0.0136,4521.86
2024-01-02T13:13:00,0.8336,0.1664,0.8314,0.8357,0.0042,2969.73
2024-01-02T13:14:00,0.8396,0.1604,0.8326,0.8466,0.014,2646.69
2024-01-02T13:15:00,0.8414,0.1586,0.8331,0.8496,0.0165,4758.82
2024-01-02T13:16:00,0.8441,0.1559,0.8392,0.8491,0.0099,2143.68
2024-01-02T13:17:00,0.8485,0.1515,0.8439,0.8532,0.0094,3619.64
2024-01-02T13:18:00,0.8522,0.1478,0.8445,0.8599,0.0154,4329.63
2024-01-02T13:19:00,0.8561,0.1439,0.8491,0.8631,0.014,4489.78
2024-01-02T13:20:00,0.8559,0.1441,0.8499,0.8618,0.0119,4369.13
2024-01-02T13:21:00,0.8583,0.1417,0.8533,0.8634,0.0102,4080.47
2024-01-02T13:22:00,0.8579,0.1421,0.8515,0.8643,0.0128,3239.66
2024-01-02T13:23:00,0.8631,0.1369,0.8565,0.8697,0.0132,3181.26
2024-01-02T13:24:00,0.8632,0.1368,0.8583,0.8681,0.0097,2319.88
2024-01-02T13:25:00,0.8669,0.1331,0.8586,0.8751,0.0165,2685.66
2024-01-02T13:26:00,0.8673,0.1327,0.8647,0.8698,0.0051,2051.81
2024-01-02T13:27:00,0.8677,0.1323,0.8625,0.8729,0.0103,2438.92
2024-01-02T13:28:00,0.87,0.13,0.8677,0.8723,0.0046,3247.51
2024-01-02T13:29:00,0.8753,0.1247,0.8697,0.8809,0.0112,3448.56
2024-01-02T13:30:00,0.8751,0.1249,0.8713,0.8789,0.0076,2498.59
2024-01-02T13:31:00,0.8775,0.1225,0.8742,0.8809,0.0067,2612.39
2024-01-02T13:32:00,0.88,0.12,0.8735,0.8865,0.0129,3350.81
2024-01-02T13:33:00,0.8821,0.1179,0.8766,0.8876,0.0109,3635.73
2024-01-02T13:34:00,0.8861,0.1139,0.8784,0.8939,0.0155,3601.71
2024-01-02T13:35:00,0.8883,0.1117,0.8842,0.8923,0.0082,2527.76
2024-01-02T13:36:00,0.8899,0.1101,0.8844,0.8955,0.0112,1678.33
2024-01-02T13:37:00,0.8909,0.1091,0.888,0.8938,0.0058,3125.18
2024-01-02T13:38:00,0.8924,0.1076,0.8883,0.8965,0.0082,2569.22
2024-01-02T13:39:00,0.8942,0.1058,0.8915,0.8969,0.0054,2742.5
2024-01-02T13:40:00,0.8938,0.1062,0.8921,0.8955,0.0034,2175.28
2024-01-02T13:41:00,0.8964,0.1036,0.889,0.9039,0.015,2713.58
2024-01-02T13:42:00,0.8999,0.1001,0.894,0.9059,0.012,1703.29
2024-01-02T13:43:00,0.9005,0.0995,0.8936,0.9073,0.0137,2950.18
2024-01-02T13:44:00,0.9016,0.0984,0.895,0.9081,0.0131,1614.57
2024-01-02T13:45:00,0.906,0.094,0.9017,0.9104,0.0087,3081.57
2024-01-02T13:46:00,0.9087,0.0913,0.9018,0.9156,0.0138,1617.01
2024-01-02T13:47:00,0.9053,0.0947,0.903,0.9077,0.0047,1547.21
2024-01-02T13:48:00,0.9089,0.0911,0.9013,0.9165,0.0152,3332.69
2024-01-02T13:49:00,0.915,0.085,0.91,0.9199,0.0099,2548.72
2024-01-02T13:50:00,0.9156,0.0844,0.9096,0.9217,0.0122,2283.71
2024-01-02T13:51:00,0.9172,0.0828,0.9101,0.9243,0.0143,1525.37
2024-01-02T13:52:00,0.9218,0.0782,0.9152,0.9284,0.0133,2782.18
2024-01-02T13:53:00,0.9194,0.0806,0.9124,0.9263,0.0139,1997.19
2024-01-02T13:54:00,0.9224,0.0776,0.9153,0.9294,0.014,2538.44
2024-01-02T13:55:00,0.9248,0.0752,0.9184,0.9312,0.0129,2063.22
2024-01-02T13:56:00,0.9289,0.0711,0.9269,0.9309,0.004,1801.99
2024-01-02T13:57:00,0.9268,0.0732,0.9203,0.9334,0.0131,1842.36
2024-01-02T13:58:00,0.9307,0.0693,0.9275,0.934,0.0064,2761.2
2024-01-02T13:59:00,0.9342,0.0658,0.9316,0.9367,0.0051,1453.43
2024-01-02T14:00:00,0.9346,0.0654,0.929,0.9402,0.0112,2398.72
2024-01-02T14:01:00,0.9368,0.0632,0.9295,0.944,0.0145,2103.9
2024-01-02T14:02:00,0.9374,0.0626,0.9347,0.94,0.0053,1292.27
2024-01-02T14:03:00,0.9386,0.0614,0.9348,0.9423,0.0075,1419.64
2024-01-02T14:04:00,0.9385,0.0615,0.9344,0.9426,0.0082,1202.69
2024-01-02T14:05:00,0.9439,0.0561,0.9393,0.9486,0.0092,1679.96
2024-01-02T14:06:00,0.9432,0.0568,0.9375,0.9489,0.0114,1921.6
2024-01-02T14:07:00,0.945,0.055,0.9389,0.9511,0.0122,2601.37
2024-01-02T14:08:00,0.9465,0.0535,0.9439,0.9492,0.0054,2305.55
2024-01-02T14:09:00,0.9467,0.0533,0.9452,0.9482,0.003,1909.2
2024-01-02T14:10:00,0.9518,0.0482,0.9459,0.9577,0.0119,1495.84
2024-01-02T14:11:00,0.9518,0.0482,0.9454,0.9581,0.0128,1715.95
2024-01-02T14:12:00,0.9472,0.0528,0.9441,0.9503,0.0062,2100.72
2024-01-02T14:13:00,0.9528,0.0472,0.9482,0.9574,0.0092,1941.47
2024-01-02T14:14:00,0.9486,0.0514,0.9419,0.9554,0.0134,1457.0
2024-01-02T14:15:00,0.9471,0.0529,0.9397,0.9546,0.0149,2025.56
2024-01-02T14:16:00,0.9482,0.0518,0.9417,0.9547,0.013,1829.87
2024-01-02T14:17:00,0.9468,0.0532,0.9448,0.9488,0.004,2054.44
2024-01-02T14:18:00,0.9508,0.0492,0.9453,0.9562,0.0109,2429.02
2024-01-02T14:19:00,0.9544,0.0456,0.9513,0.9575,0.0063,1156.35
2024-01-02T14:20:00,0.951,0.049,0.946,0.9559,0.0099,2329.81
2024-01-02T14:21:00,0.9508,0.0492,0.9435,0.9581,0.0146,2001.85
2024-01-02T14:22:00,0.9486,0.0514,0.9424,0.9549,0.0125,1196.73
2024-01-02T14:23:00,0.9461,0.0539,0.9417,0.9505,0.0088,2268.2
2024-01-02T14:24:00,0.9473,0.0527,0.9407,0.9539,0.0133,1129.06
2024-01-02T14:25:00,0.9493,0.0507,0.9473,0.9512,0.0039,1573.23
2024-01-02T14:26:00,0.9484,0.0516,0.9432,0.9536,0.0104,1411.62
2024-01-02T14:27:00,0.9497,0.0503,0.9425,0.9568,0.0142,2041.64
2024-01-02T14:28:00,0.9467,0.0533,0.9441,0.9494,0.0053,1551.55
2024-01-02T14:29:00,0.9505,0.0495,0.9486,0.9524,0.0038,1316.79
2024-01-02T14:30:00,0.947,0.053,0.9398,0.9542,0.0144,1926.04
2024-01-02T14:31:00,0.9496,0.0504,0.9431,0.9562,0.0131,1968.69
2024-01-02T14:32:00,0.9462,0.0538,0.9418,0.9505,0.0087,1226.8
2024-01-02T14:33:00,0.9481,0.0519,0.946,0.9503,0.0042,2281.16
2024-01-02T14:34:00,0.9426,0.0574,0.9381,0.9471,0.0091,1523.1
2024-01-02T14:35:00,0.9487,0.0513,0.9453,0.9522,0.0069,2334.84
2024-01-02T14:36:00,0.9506,0.0494,0.9468,0.9545,0.0077,2181.48
2024-01-02T14:37:00,0.9516,0.0484,0.9484,0.9548,0.0064,1348.72
2024-01-02T14:38:00,0.948,0.052,0.9425,0.9536,0.0111,2556.07
2024-01-02T14:39:00,0.9485,0.0515,0.9426,0.9545,0.0118,1863.74
2024-01-02T14:40:00,0.9503,0.0497,0.9432,0.9574,0.0142,1141.11
2024-01-02T14:41:00,0.9498,0.0502,0.9439,0.9556,0.0117,1395.66
2024-01-02T14:42:00,0.9511,0.0489,0.9482,0.954,0.0058,1448.75
2024-01-02T14:43:00,0.9496,0.0504,0.9422,0.9571,0.0148,1428.74
2024-01-02T14:44:00,0.955,0.045,0.9506,0.9595,0.0089,2334.88
2024-01-02T14:45:00,0.9526,0.0474,0.9471,0.958,0.0109,1133.73
2024-01-02T14:46:00,0.9527,0.0473,0.9481,0.9572,0.0091,1967.3
2024-01-02T14:47:00,0.948,0.052,0.9437,0.9523,0.0086,1373.49
2024-01-02T14:48:00,0.9472,0.0528,0.9438,0.9505,0.0067,2170.44
2024-01-02T14:49:00,0.9501,0.0499,0.9451,0.9552,0.0102,1394.35
2024-01-02T14:50:00,0.9478,0.0522,0.945,0.9506,0.0056,1663.97
2024-01-02T14:51:00,0.9485,0.0515,0.9458,0.9511,0.0052,2495.49
2024-01-02T14:52:00,0.9466,0.0534,0.9445,0.9487,0.0041,2525.66
2024-01-02T14:53:00,0.949,0.051,0.9434,0.9546,0.0112,1364.79
2024-01-02T14:54:00,0.9493,0.0507,0.9462,0.9524,0.0062,2476.51
2024-01-02T14:55:00,0.948,0.052,0.9461,0.9498,0.0037,1914.32
2024-01-02T14:56:00,0.945,0.055,0.9391,0.9509,0.0118,1887.35
2024-01-02T14:57:00,0.9446,0.0554,0.9385,0.9507,0.0122,2494.34
2024-01-02T14:58:00,0.9484,0.0516,0.9433,0.9536,0.0102,1577.43
2024-01-02T14:59:00,0.9449,0.0551,0.941,0.9487,0.0077,2154.14
2024-01-02T15:00:00,0.9475,0.0525,0.944,0.951,0.007,1409.63
2024-01-02T15:01:00,0.9504,0.0496,0.9464,0.9543,0.0079,1998.2
2024-01-02T15:02:00,0.9472,0.0528,0.9416,0.9528,0.0113,1244.01
2024-01-02T15:03:00,0.9489,0.0511,0.9458,0.9521,0.0064,1938.4
2024-01-02T15:04:00,0.9477,0.0523,0.9422,0.9532,0.011,2036.79
2024-01-02T15:05:00,0.9453,0.0547,0.9399,0.9506,0.0107,1710.11
2024-01-02T15:06:00,0.9453,0.0547,0.9425,0.948,0.0055,1326.77
2024-01-02T15:07:00,0.9475,0.0525,0.9424,0.9525,0.0101,1917.72
2024-01-02T15:08:00,0.9486,0.0514,0.9412,0.9561,0.0149,1358.04
2024-01-02T15:09:00,0.9469,0.0531,0.9425,0.9513,0.0089,2449.4
2024-01-02T15:10:00,0.945,0.055,0.94,0.9499,0.0098,1964.0
2024-01-02T15:11:00,0.945,0.055,0.9406,0.9494,0.0088,1663.52
2024-01-02T15:12:00,0.9479,0.0521,0.9443,0.9515,0.0072,1349.8
2024-01-02T15:13:00,0.9487,0.0513,0.9448,0.9525,0.0076,2393.4
2024-01-02T15:14:00,0.945,0.055,0.9423,0.9477,0.0053,2046.32
2024-01-02T15:15:00,0.9484,0.0516,0.9435,0.9533,0.0098,2012.97
2024-01-02T15:16:00,0.9511,0.0489,0.9454,0.9568,0.0114,1367.79
2024-01-02T15:17:00,0.9493,0.0507,0.9477,0.9509,0.0032,1768.47
2024-01-02T15:18:00,0.9454,0.0546,0.9432,0.9477,0.0045,2260.4
2024-01-02T15:19:00,0.9433,0.0567,0.938,0.9486,0.0106,1620.12
2024-01-02T15:20:00,0.946,0.054,0.943,0.949,0.006,1881.26
2024-01-02T15:21:00,0.947,0.053,0.9397,0.9543,0.0146,2187.57
2024-01-02T15:22:00,0.9459,0.0541,0.9441,0.9478,0.0037,1310.21
2024-01-02T15:23:00,0.9448,0.0552,0.9389,0.9508,0.0119,1205.39
2024-01-02T15:24:00,0.9521,0.0479,0.9491,0.9551,0.006,1196.2
2024-01-02T15:25:00,0.9516,0.0484,0.9484,0.9547,0.0063,2049.85
2024-01-02T15:26:00,0.9524,0.0476,0.9485,0.9563,0.0078,2299.97
2024-01-02T15:27:00,0.9521,0.0479,0.946,0.9583,0.0124,1692.81
2024-01-02T15:28:00,0.9511,0.0489,0.9468,0.9553,0.0086,1362.32
2024-01-02T15:29:00,0.9518,0.0482,0.9498,0.9539,0.0042,1936.03
2024-01-02T15:30:00,0.9503,0.0497,0.9446,0.956,0.0114,1576.84
2024-01-02T15:31:00,0.9486,0.0514,0.9424,0.9548,0.0124,1245.67
2024-01-02T15:32:00,0.9506,0.0494,0.945,0.9562,0.0112,1249.44
2024-01-02T15:33:00,0.9483,0.0517,0.9454,0.9511,0.0057,2017.34
2024-01-02T15:34:00,0.9493,0.0507,0.9425,0.956,0.0136,1243.5
2024-01-02T15:35:00,0.9494,0.0506,0.9464,0.9524,0.006,1497.0
2024-01-02T15:36:00,0.9482,0.0518,0.945,0.9514,0.0063,1792.15
2024-01-02T15:37:00,0.9539,0.0461,0.9486,0.9593,0.0107,2303.31
2024-01-02T15:38:00,0.951,0.049,0.9463,0.9557,0.0095,1670.56
2024-01-02T15:39:00,0.952,0.048,0.9469,0.9571,0.0102,2296.34
2024-01-02T15:40:00,0.9494,0.0506,0.9452,0.9535,0.0083,1851.82
2024-01-02T15:41:00,0.9453,0.0547,0.9402,0.9503,0.0102,2523.29
2024-01-02T15:42:00,0.9511,0.0489,0.9488,0.9533,0.0045,1475.97
2024-01-02T15:43:00,0.9495,0.0505,0.9462,0.9528,0.0067,2483.55
2024-01-02T15:44:00,0.9473,0.0527,0.9448,0.9499,0.005,1236.71
2024-01-02T15:45:00,0.9483,0.0517,0.9442,0.9525,0.0083,1308.45
2024-01-02T15:46:00,0.9498,0.0502,0.9441,0.9554,0.0113,2422.36
2024-01-02T15:47:00,0.9453,0.0547,0.9411,0.9494,0.0083,1178.03
2024-01-02T15:48:00,0.9454,0.0546,0.9425,0.9483,0.0058,2384.87
2024-01-02T15:49:00,0.9489,0.0511,0.9421,0.9557,0.0136,1396.01
2024-01-02T15:50:00,0.9544,0.0456,0.947,0.9618,0.0148,2347.46
2024-01-02T15:51:00,0.9481,0.0519,0.9434,0.9528,0.0094,2337.75
2024-01-02T15:52:00,0.9459,0.0541,0.9425,0.9492,0.0067,2587.02
2024-01-02T15:53:00,0.9524,0.0476,0.9466,0.9582,0.0116,2410.22
2024-01-02T15:54:00,0.9473,0.0527,0.9426,0.9519,0.0093,1413.22
2024-01-02T15:55:00,0.9459,0.0541,0.9417,0.9502,0.0085,1641.86
2024-01-02T15:56:00,0.9471,0.0529,0.9425,0.9518,0.0092,1679.0
2024-01-02T15:57:00,0.9465,0.0535,0.9419,0.951,0.0091,1424.97
2024-01-02T15:58:00,0.9482,0.0518,0.9416,0.9548,0.0132,2138.25
2024-01-02T15:59:00,0.948,0.052,0.9436,0.9524,0.0089,1745.3
2024-01-02T16:00:00,0.9458,0.0542,0.9391,0.9524,0.0133,1955.81
2024-01-02T16:01:00,0.9408,0.0592,0.9334,0.9481,0.0146,2154.73
2024-01-02T16:02:00,0.935,0.065,0.9321,0.9378,0.0056,1907.46
2024-01-02T16:03:00,0.9317,0.0683,0.9282,0.9353,0.0071,1869.35
2024-01-02T16:04:00,0.9248,0.0752,0.9226,0.927,0.0044,2552.07
2024-01-02T16:05:00,0.9197,0.0803,0.917,0.9225,0.0056,1874.85
2024-01-02T16:06:00,0.9132,0.0868,0.9066,0.9198,0.0133,2249.63
2024-01-02T16:07:00,0.9065,0.0935,0.8987,0.9144,0.0157,3123.29
2024-01-02T16:08:00,0.906,0.094,0.8999,0.9122,0.0123,1576.08
2024-01-02T16:09:00,0.892,0.108,0.8859,0.8982,0.0123,1805.7
2024-01-02T16:10:00,0.8857,0.1143,0.878,0.8934,0.0155,3536.7
2024-01-02T16:11:00,0.8809,0.1191,0.8771,0.8847,0.0076,2995.49
2024-01-02T16:12:00,0.8738,0.1262,0.8658,0.8817,0.0159,3976.48
2024-01-02T16:13:00,0.8723,0.1277,0.8679,0.8766,0.0086,2371.54
2024-01-02T16:14:00,0.8676,0.1324,0.8611,0.874,0.0129,2994.32
2024-01-02T16:15:00,0.8562,0.1438,0.8501,0.8623,0.0122,3470.6
2024-01-02T16:16:00,0.8523,0.1477,0.8448,0.8598,0.0149,4400.04
2024-01-02T16:17:00,0.8473,0.1527,0.8389,0.8556,0.0167,4427.58
2024-01-02T16:18:00,0.8388,0.1612,0.8367,0.841,0.0043,4636.64
2024-01-02T16:19:00,0.8337,0.1663,0.8276,0.8397,0.0121,2960.0
2024-01-02T16:20:00,0.8252,0.1748,0.8172,0.8333,0.0161,3489.58
2024-01-02T16:21:00,0.8197,0.1803,0.8118,0.8275,0.0156,4269.89
2024-01-02T16:22:00,0.8152,0.1848,0.8071,0.8233,0.0162,3655.24
2024-01-02T16:23:00,0.8091,0.1909,0.8057,0.8126,0.0069,5463.08
2024-01-02T16:24:00,0.7945,0.2055,0.7892,0.7999,0.0106,5123.31
2024-01-02T16:25:00,0.7954,0.2046,0.792,0.7989,0.0069,5235.83
2024-01-02T16:26:00,0.7865,0.2135,0.7827,0.7903,0.0076,5167.34
2024-01-02T16:27:00,0.7824,0.2176,0.7739,0.7909,0.0169,5343.01
2024-01-02T16:28:00,0.7808,0.2192,0.7775,0.784,0.0065,5520.31
2024-01-02T16:29:00,0.7743,0.2257,0.7652,0.7835,0.0183,2917.09
2024-01-02T16:30:00,0.7658,0.2342,0.7594,0.7722,0.0128,2970.88
2024-01-02T16:31:00,0.7569,0.2431,0.7519,0.7618,0.01,4159.49
2024-01-02T16:32:00,0.7529,0.2471,0.7503,0.7555,0.0053,5471.82
2024-01-02T16:33:00,0.7481,0.2519,0.7459,0.7503,0.0044,4612.15
2024-01-02T16:34:00,0.7435,0.2565,0.7388,0.7482,0.0094,5787.83
2024-01-02T16:35:00,0.7389,0.2611,0.7352,0.7426,0.0074,6175.86
2024-01-02T16:36:00,0.7282,0.2718,0.7239,0.7325,0.0086,7136.77
2024-01-02T16:37:00,0.7259,0.2741,0.7163,0.7354,0.0191,5569.87
2024-01-02T16:38:00,0.7243,0.2757,0.7203,0.7283,0.0079,5873.19
2024-01-02T16:39:00,0.7182,0.2818,0.7091,0.7274,0.0183,4008.89
2024-01-02T16:40:00,0.7118,0.2882,0.7054,0.7181,0.0127,3945.81
2024-01-02T16:41:00,0.7042,0.2958,0.6958,0.7125,0.0166,5341.74
2024-01-02T16:42:00,0.6991,0.3009,0.6919,0.7063,0.0143,8114.99
2024-01-02T16:43:00,0.6947,0.3053,0.6856,0.7037,0.0181,6085.06
2024-01-02T16:44:00,0.6904,0.3096,0.6854,0.6955,0.0101,6775.02
2024-01-02T16:45:00,0.6828,0.3172,0.6807,0.6849,0.0042,8172.06
2024-01-02T16:46:00,0.6812,0.3188,0.6772,0.6853,0.0081,8218.18
2024-01-02T16:47:00,0.6778,0.3222,0.6696,0.6859,0.0164,4096.4
2024-01-02T16:48:00,0.6723,0.3277,0.6669,0.6776,0.0107,5496.79
2024-01-02T16:49:00,0.6647,0.3353,0.6566,0.6729,0.0163,4422.24
2024-01-02T16:50:00,0.6603,0.3397,0.6528,0.6677,0.0148,3900.51
2024-01-02T16:51:00,0.6523,0.3477,0.6492,0.6554,0.0062,4043.37
2024-01-02T16:52:00,0.6379,0.3621,0.6327,0.6432,0.0104,6182.3
2024-01-02T16:53:00,0.6358,0.3642,0.6256,0.6461,0.0205,8720.21
2024-01-02T16:54:00,0.6257,0.3743,0.6153,0.6361,0.0208,4569.69
2024-01-02T16:55:00,0.6215,0.3785,0.6181,0.6249,0.0068,5871.55
2024-01-02T16:56:00,0.6112,0.3888,0.6009,0.6215,0.0206,5915.89
2024-01-02T16:57:00,0.6032,0.3968,0.5976,0.6088,0.0111,5898.04
2024-01-02T16:58:00,0.5974,0.4026,0.5882,0.6065,0.0183,8786.9
2024-01-02T16:59:00,0.5909,0.4091,0.5835,0.5982,0.0147,6993.75
2024-01-02T17:00:00,0.5783,0.4217,0.571,0.5857,0.0148,7617.47
2024-01-02T17:01:00,0.5701,0.4299,0.5621,0.5781,0.016,7171.94
2024-01-02T17:02:00,0.5625,0.4375,0.556,0.569,0.013,9573.62
2024-01-02T17:03:00,0.555,0.445,0.5449,0.5651,0.0202,7953.52
2024-01-02T17:04:00,0.5491,0.4509,0.539,0.5593,0.0203,6115.07
2024-01-02T17:05:00,0.5392,0.4608,0.5337,0.5446,0.011,11447.92
2024-01-02T17:06:00,0.5332,0.4668,0.5278,0.5386,0.0108,8401.85
2024-01-02T17:07:00,0.53,0.47,0.52,0.5399,0.0199,7779.11
2024-01-02T17:08:00,0.5207,0.4793,0.5139,0.5275,0.0136,5623.41
2024-01-02T17:09:00,0.5125,0.4875,0.5014,0.5236,0.0221,7779.94
2024-01-02T17:10:00,0.5082,0.4918,0.5004,0.516,0.0156,9727.19
2024-01-02T17:11:00,0.5009,0.4991,0.4932,0.5087,0.0155,10382.52
2024-01-02T17:12:00,0.4925,0.5075,0.4888,0.4963,0.0074,9960.15
2024-01-02T17:13:00,0.4891,0.5109,0.4853,0.4929,0.0076,9603.1
2024-01-02T17:14:00,0.4793,0.5207,0.471,0.4876,0.0166,6180.68
2024-01-02T17:15:00,0.4731,0.5269,0.4675,0.4787,0.0113,11423.42
2024-01-02T17:16:00,0.464,0.536,0.4603,0.4677,0.0074,7491.72
2024-01-02T17:17:00,0.4562,0.5438,0.4457,0.4668,0.0211,6760.22
2024-01-02T17:18:00,0.4521,0.5479,0.443,0.4612,0.0182,8120.08
2024-01-02T17:19:00,0.4487,0.5513,0.4406,0.4568,0.0162,6268.29
2024-01-02T17:20:00,0.4345,0.5655,0.4257,0.4432,0.0175,7351.25
2024-01-02T17:21:00,0.4318,0.5682,0.4221,0.4416,0.0195,5671.63
2024-01-02T17:22:00,0.4251,0.5749,0.4179,0.4324,0.0144,7901.46
2024-01-02T17:23:00,0.4185,0.5815,0.4142,0.4227,0.0084,10107.52
2024-01-02T17:24:00,0.4141,0.5859,0.4077,0.4204,0.0127,7750.81
2024-01-02T17:25:00,0.4028,0.5972,0.3985,0.4071,0.0085,9433.88
2024-01-02T17:26:00,0.3996,0.6004,0.3962,0.403,0.0067,7039.63
2024-01-02T17:27:00,0.3941,0.6059,0.3856,0.4026,0.017,9598.61
2024-01-02T17:28:00,0.388,0.612,0.3837,0.3922,0.0085,4840.55
2024-01-02T17:29:00,0.3801,0.6199,0.3775,0.3827,0.0052,9613.63
2024-01-02T17:30:00,0.3752,0.6248,0.3714,0.3791,0.0077,5040.98
2024-01-02T17:31:00,0.3702,0.6298,0.3669,0.3736,0.0067,4468.0
2024-01-02T17:32:00,0.3591,0.6409,0.3512,0.3671,0.016,8981.83
2024-01-02T17:33:00,0.3539,0.6461,0.3478,0.36,0.0122,9265.76
2024-01-02T17:34:00,0.347,0.653,0.3363,0.3577,0.0214,3938.73
2024-01-02T17:35:00,0.3445,0.6555,0.3362,0.3528,0.0167,6513.28
2024-01-02T17:36:00,0.3379,0.6621,0.3301,0.3457,0.0156,8779.95
2024-01-02T17:37:00,0.3318,0.6682,0.3255,0.3381,0.0126,7781.54
2024-01-02T17:38:00,0.3247,0.6753,0.3183,0.3311,0.0129,7159.5
2024-01-02T17:39:00,0.3212,0.6788,0.3151,0.3272,0.0122,5786.97
2024-01-02T17:40:00,0.3139,0.6861,0.3098,0.3179,0.0081,5246.44
2024-01-02T17:41:00,0.3053,0.6947,0.2986,0.312,0.0134,3939.42
2024-01-02T17:42:00,0.3001,0.6999,0.297,0.3033,0.0063,7248.66
2024-01-02T17:43:00,0.2968,0.7032,0.29,0.3035,0.0135,7677.55
2024-01-02T17:44:00,0.2928,0.7072,0.2875,0.2982,0.0108,7437.63
2024-01-02T17:45:00,0.2878,0.7122,0.2807,0.2949,0.0142,3838.84
2024-01-02T17:46:00,0.2832,0.7168,0.2803,0.2861,0.0058,6240.25
2024-01-02T17:47:00,0.2768,0.7232,0.2719,0.2818,0.0099,5127.67
2024-01-02T17:48:00,0.2744,0.7256,0.2705,0.2783,0.0079,6843.61
2024-01-02T17:49:00,0.2678,0.7322,0.2594,0.2761,0.0166,3551.21
2024-01-02T17:50:00,0.2649,0.7351,0.2613,0.2686,0.0073,4547.8
2024-01-02T17:51:00,0.2583,0.7417,0.2543,0.2623,0.008,6652.58
2024-01-02T17:52:00,0.2519,0.7481,0.2445,0.2593,0.0148,5002.95
2024-01-02T17:53:00,0.2492,0.7508,0.24,0.2583,0.0183,6662.92
2024-01-02T17:54:00,0.2403,0.7597,0.2354,0.2452,0.0098,5694.72
2024-01-02T17:55:00,0.2368,0.7632,0.2316,0.2421,0.0106,3383.84
2024-01-02T17:56:00,0.2292,0.7708,0.2209,0.2375,0.0166,6304.4
2024-01-02T17:57:00,0.2289,0.7711,0.2246,0.2333,0.0087,2813.99
2024-01-02T17:58:00,0.2234,0.7766,0.216,0.2309,0.0149,5557.2
2024-01-02T17:59:00,0.2177,0.7823,0.2129,0.2224,0.0096,4624.96
2024-01-02T18:00:00,0.2146,0.7854,0.2071,0.2221,0.015,5531.16
2024-01-02T18:01:00,0.2109,0.7891,0.2028,0.2189,0.0161,3303.24
2024-01-02T18:02:00,0.2046,0.7954,0.2006,0.2086,0.008,5775.49
2024-01-02T18:03:00,0.2003,0.7997,0.1983,0.2024,0.0041,4954.32
2024-01-02T18:04:00,0.1954,0.8046,0.1906,0.2003,0.0097,4101.24
2024-01-02T18:05:00,0.1911,0.8089,0.1881,0.1941,0.006,5261.85
2024-01-02T18:06:00,0.1875,0.8125,0.1794,0.1956,0.0162,2950.9
2024-01-02T18:07:00,0.1773,0.8227,0.1736,0.181,0.0073,3986.89
2024-01-02T18:08:00,0.1755,0.8245,0.1678,0.1832,0.0154,3948.34
2024-01-02T18:09:00,0.1689,0.8311,0.1628,0.1751,0.0123,4077.37
2024-01-02T18:10:00,0.1662,0.8338,0.1602,0.1722,0.0119,3067.79
2024-01-02T18:11:00,0.1669,0.8331,0.1609,0.173,0.0121,2695.84
2024-01-02T18:12:00,0.1644,0.8356,0.1582,0.1706,0.0125,2749.07
2024-01-02T18:13:00,0.1605,0.8395,0.1558,0.1651,0.0094,2513.14
2024-01-02T18:14:00,0.15,0.85,0.1444,0.1555,0.0111,3423.09
2024-01-02T18:15:00,0.1469,0.8531,0.1392,0.1545,0.0153,4366.53
2024-01-02T18:16:00,0.1432,0.8568,0.1394,0.147,0.0076,2075.6
2024-01-02T18:17:00,0.1393,0.8607,0.1314,0.1471,0.0156,2847.41
2024-01-02T18:18:00,0.1317,0.8683,0.1291,0.1344,0.0053,2100.5
2024-01-02T18:19:00,0.1311,0.8689,0.1259,0.1362,0.0103,4309.47
2024-01-02T18:20:00,0.1252,0.8748,0.1178,0.1325,0.0147,4102.55
2024-01-02T18:21:00,0.1179,0.8821,0.1158,0.12,0.0042,2578.85
2024-01-02T18:22:00,0.1179,0.8821,0.1119,0.1239,0.012,2537.3
2024-01-02T18:23:00,0.1111,0.8889,0.1048,0.1174,0.0126,2317.13
2024-01-02T18:24:00,0.1133,0.8867,0.1109,0.1156,0.0047,3171.22
2024-01-02T18:25:00,0.1069,0.8931,0.1023,0.1115,0.0092,3224.16
2024-01-02T18:26:00,0.1021,0.8979,0.0977,0.1064,0.0086,2888.46
2024-01-02T18:27:00,0.0958,0.9042,0.0903,0.1012,0.0109,2450.49
2024-01-02T18:28:00,0.094,0.906,0.0916,0.0963,0.0046,2531.57
2024-01-02T18:29:00,0.0893,0.9107,0.0877,0.0909,0.0032,1770.54
2024-01-02T18:30:00,0.0827,0.9173,0.079,0.0864,0.0074,3015.62
2024-01-02T18:31:00,0.0812,0.9188,0.0777,0.0847,0.007,2049.01
2024-01-02T18:32:00,0.0773,0.9227,0.0705,0.0841,0.0137,2690.04
2024-01-02T18:33:00,0.0726,0.9274,0.0673,0.0779,0.0106,2076.45
2024-01-02T18:34:00,0.0725,0.9275,0.0654,0.0796,0.0142,1398.91
2024-01-02T18:35:00,0.0701,0.9299,0.0678,0.0724,0.0046,2582.66
2024-01-02T18:36:00,0.0666,0.9334,0.0599,0.0733,0.0134,2209.98
2024-01-02T18:37:00,0.0619,0.9381,0.0565,0.0672,0.0108,1524.23
2024-01-02T18:38:00,0.0583,0.9417,0.0561,0.0605,0.0043,2597.73
2024-01-02T18:39:00,0.0568,0.9432,0.0537,0.0599,0.0063,2545.14
2024-01-02T18:40:00,0.0521,0.9479,0.0465,0.0578,0.0113,1702.98
2024-01-02T18:41:00,0.0515,0.9485,0.0445,0.0585,0.0139,2351.65
2024-01-02T18:42:00,0.0515,0.9485,0.0482,0.0549,0.0067,1189.71
2024-01-02T18:43:00,0.05,0.95,0.0451,0.055,0.0099,2284.83
2024-01-02T18:44:00,0.0526,0.9474,0.047,0.0582,0.0111,2197.51
2024-01-02T18:45:00,0.0514,0.9486,0.0488,0.054,0.0052,2481.87
2024-01-02T18:46:00,0.0522,0.9478,0.0457,0.0588,0.0131,2515.56
2024-01-02T18:47:00,0.0547,0.9453,0.0481,0.0613,0.0132,2566.14
2024-01-02T18:48:00,0.0551,0.9449,0.0513,0.059,0.0077,1538.28
2024-01-02T18:49:00,0.0515,0.9485,0.049,0.054,0.0051,1941.39
2024-01-02T18:50:00,0.0519,0.9481,0.0476,0.0563,0.0087,2362.9
2024-01-02T18:51:00,0.0515,0.9485,0.0451,0.058,0.0129,2522.44
2024-01-02T18:52:00,0.0508,0.9492,0.044,0.0576,0.0136,2285.43
2024-01-02T18:53:00,0.0483,0.9517,0.0461,0.0506,0.0046,2346.74
2024-01-02T18:54:00,0.051,0.949,0.0453,0.0567,0.0114,2410.34
2024-01-02T18:55:00,0.0545,0.9455,0.0483,0.0606,0.0124,1522.37
2024-01-02T18:56:00,0.0531,0.9469,0.046,0.0602,0.0142,1589.86
2024-01-02T18:57:00,0.0524,0.9476,0.0501,0.0547,0.0045,2445.59
2024-01-02T18:58:00,0.0561,0.9439,0.0518,0.0604,0.0086,1327.06
2024-01-02T18:59:00,0.0534,0.9466,0.0491,0.0577,0.0086,1944.85
2024-01-02T19:00:00,0.0487,0.9513,0.0439,0.0534,0.0095,2029.73
2024-01-02T19:01:00,0.0509,0.9491,0.0437,0.0581,0.0143,1851.36
2024-01-02T19:02:00,0.0449,0.9551,0.0383,0.0515,0.0131,1884.4
2024-01-02T19:03:00,0.0468,0.9532,0.0408,0.0527,0.0119,1731.97
2024-01-02T19:04:00,0.0486,0.9514,0.0456,0.0516,0.006,1291.97
2024-01-02T19:05:00,0.0496,0.9504,0.048,0.0512,0.0031,2038.8
2024-01-02T19:06:00,0.0472,0.9528,0.04,0.0544,0.0144,1541.26
2024-01-02T19:07:00,0.0482,0.9518,0.0445,0.052,0.0075,1610.81
2024-01-02T19:08:00,0.0493,0.9507,0.0423,0.0563,0.014,1272.71
2024-01-02T19:09:00,0.0525,0.9475,0.0483,0.0567,0.0083,2451.83
2024-01-02T19:10:00,0.0487,0.9513,0.0418,0.0556,0.0138,1516.44
2024-01-02T19:11:00,0.0522,0.9478,0.0463,0.0581,0.0118,2213.56
2024-01-02T19:12:00,0.0496,0.9504,0.0478,0.0515,0.0036,2347.43
2024-01-02T19:13:00,0.0522,0.9478,0.0459,0.0585,0.0126,1228.73
2024-01-02T19:14:00,0.0518,0.9482,0.0454,0.0582,0.0128,2384.99
2024-01-02T19:15:00,0.0479,0.9521,0.0414,0.0545,0.0132,2219.38
2024-01-02T19:16:00,0.0489,0.9511,0.042,0.0558,0.0138,1765.19
2024-01-02T19:17:00,0.0522,0.9478,0.0498,0.0545,0.0047,1801.15
2024-01-02T19:18:00,0.0516,0.9484,0.0496,0.0536,0.004,2360.2
2024-01-02T19:19:00,0.0463,0.9537,0.0402,0.0525,0.0122,2405.49
2024-01-02T19:20:00,0.0475,0.9525,0.0414,0.0536,0.0122,1761.68
2024-01-02T19:21:00,0.0483,0.9517,0.0446,0.0521,0.0075,1347.83
2024-01-02T19:22:00,0.0503,0.9497,0.0468,0.0539,0.0071,1709.94
2024-01-02T19:23:00,0.0509,0.9491,0.0483,0.0536,0.0053,2498.8
2024-01-02T19:24:00,0.0492,0.9508,0.0447,0.0536,0.0089,2054.59
2024-01-02T19:25:00,0.0508,0.9492,0.0492,0.0523,0.0031,1876.69
2024-01-02T19:26:00,0.0499,0.9501,0.0432,0.0567,0.0135,2473.81
2024-01-02T19:27:00,0.048,0.952,0.0427,0.0532,0.0105,1127.66
2024-01-02T19:28:00,0.0457,0.9543,0.0425,0.049,0.0065,1600.61
2024-01-02T19:29:00,0.0467,0.9533,0.0442,0.0491,0.0049,2440.36
2024-01-02T19:30:00,0.0471,0.9529,0.0407,0.0535,0.0128,1646.86
2024-01-02T19:31:00,0.0522,0.9478,0.0496,0.0549,0.0053,1944.74
2024-01-02T19:32:00,0.05,0.95,0.0479,0.052,0.004,1750.43
2024-01-02T19:33:00,0.0493,0.9507,0.0464,0.0523,0.006,1204.77
2024-01-02T19:34:00,0.0483,0.9517,0.044,0.0527,0.0087,1977.72
2024-01-02T19:35:00,0.0473,0.9527,0.0414,0.0532,0.0118,1197.94
2024-01-02T19:36:00,0.0495,0.9505,0.0462,0.0529,0.0067,1112.0
2024-01-02T19:37:00,0.0521,0.9479,0.0473,0.0568,0.0095,1872.99
2024-01-02T19:38:00,0.0503,0.9497,0.0442,0.0565,0.0123,2274.22
2024-01-02T19:39:00,0.0485,0.9515,0.0423,0.0547,0.0124,2026.7
2024-01-02T19:40:00,0.0488,0.9512,0.0437,0.0539,0.0101,2193.7
2024-01-02T19:41:00,0.0503,0.9497,0.0446,0.0559,0.0113,1763.37
2024-01-02T19:42:00,0.0511,0.9489,0.0459,0.0562,0.0103,1425.51
2024-01-02T19:43:00,0.0506,0.9494,0.0477,0.0536,0.0059,1245.5
2024-01-02T19:44:00,0.0531,0.9469,0.047,0.0591,0.0121,2155.66
2024-01-02T19:45:00,0.0554,0.9446,0.0496,0.0612,0.0116,2041.28
2024-01-02T19:46:00,0.0522,0.9478,0.0497,0.0546,0.0049,1328.07
2024-01-02T19:47:00,0.0496,0.9504,0.0451,0.0541,0.009,1482.99
2024-01-02T19:48:00,0.0513,0.9487,0.0477,0.0549,0.0072,2147.0
2024-01-02T19:49:00,0.0476,0.9524,0.0438,0.0514,0.0076,1810.34
2024-01-02T19:50:00,0.0464,0.9536,0.0413,0.0514,0.0101,1618.1
2024-01-02T19:51:00,0.0501,0.9499,0.0427,0.0574,0.0147,1519.62
2024-01-02T19:52:00,0.0497,0.9503,0.0464,0.0531,0.0067,1180.87
2024-01-02T19:53:00,0.0488,0.9512,0.0425,0.0551,0.0125,1664.37
2024-01-02T19:54:00,0.0513,0.9487,0.0499,0.0528,0.003,1532.75
2024-01-02T19:55:00,0.0496,0.9504,0.0479,0.0513,0.0034,1210.77
2024-01-02T19:56:00,0.0519,0.9481,0.0501,0.0536,0.0035,2531.67
2024-01-02T19:57:00,0.0513,0.9487,0.0493,0.0532,0.0039,1872.31
2024-01-02T19:58:00,0.049,0.951,0.0467,0.0512,0.0045,1148.21
2024-01-02T19:59:00,0.0523,0.9477,0.0476,0.057,0.0094,2552.11
2024-01-02T20:00:00,0.0512,0.9488,0.0456,0.0567,0.0112,2085.8
2024-01-02T20:01:00,0.0499,0.9501,0.0451,0.0546,0.0095,1214.92
2024-01-02T20:02:00,0.0495,0.9505,0.0465,0.0525,0.006,2075.05
2024-01-02T20:03:00,0.0516,0.9484,0.0457,0.0575,0.0117,1318.81
2024-01-02T20:04:00,0.0491,0.9509,0.0447,0.0535,0.0088,1858.09
2024-01-02T20:05:00,0.0503,0.9497,0.0472,0.0535,0.0063,2315.8
2024-01-02T20:06:00,0.0487,0.9513,0.0465,0.0508,0.0042,1628.28
2024-01-02T20:07:00,0.0541,0.9459,0.0504,0.0578,0.0074,2524.56
2024-01-02T20:08:00,0.0533,0.9467,0.0491,0.0575,0.0084,1707.39
2024-01-02T20:09:00,0.0534,0.9466,0.047,0.0598,0.0129,1921.08
2024-01-02T20:10:00,0.0545,0.9455,0.053,0.0561,0.0031,1903.3
2024-01-02T20:11:00,0.054,0.946,0.0482,0.0598,0.0116,2437.31
2024-01-02T20:12:00,0.0544,0.9456,0.052,0.0568,0.0048,1435.71
2024-01-02T20:13:00,0.0557,0.9443,0.0496,0.0619,0.0123,1750.3
2024-01-02T20:14:00,0.0484,0.9516,0.0419,0.055,0.0131,1417.03
2024-01-02T20:15:00,0.0452,0.9548,0.0387,0.0517,0.013,1838.88
2024-01-02T20:16:00,0.0483,0.9517,0.0457,0.0508,0.0051,2366.21
2024-01-02T20:17:00,0.0483,0.9517,0.0438,0.0527,0.0089,2182.27
2024-01-02T20:18:00,0.0482,0.9518,0.0429,0.0535,0.0106,2154.12
2024-01-02T20:19:00,0.0502,0.9498,0.0432,0.0572,0.014,1974.07
2024-01-02T20:20:00,0.0507,0.9493,0.044,0.0575,0.0135,2492.63
2024-01-02T20:21:00,0.0524,0.9476,0.0475,0.0572,0.0097,2237.35
2024-01-02T20:22:00,0.0538,0.9462,0.0493,0.0584,0.0091,2070.56
2024-01-02T20:23:00,0.0536,0.9464,0.0509,0.0563,0.0055,1122.16
2024-01-02T20:24:00,0.0529,0.9471,0.0509,0.055,0.0042,1549.06
2024-01-02T20:25:00,0.0526,0.9474,0.0475,0.0576,0.0101,1364.1
2024-01-02T20:26:00,0.0526,0.9474,0.0462,0.059,0.0128,1407.52
2024-01-02T20:27:00,0.0486,0.9514,0.044,0.0531,0.0091,2409.72
2024-01-02T20:28:00,0.0466,0.9534,0.0444,0.0487,0.0042,2379.95
2024-01-02T20:29:00,0.0488,0.9512,0.0456,0.052,0.0064,1678.55
2024-01-02T20:30:00,0.0515,0.9485,0.048,0.0549,0.0068,2180.75
2024-01-02T20:31:00,0.0475,0.9525,0.0418,0.0533,0.0115,1194.35
2024-01-02T20:32:00,0.0495,0.9505,0.0424,0.0567,0.0143,1344.19
2024-01-02T20:33:00,0.0522,0.9478,0.0469,0.0575,0.0106,1750.41
2024-01-02T20:34:00,0.0514,0.9486,0.0487,0.0542,0.0055,2525.06
2024-01-02T20:35:00,0.0506,0.9494,0.0434,0.0578,0.0145,2393.02
2024-01-02T20:36:00,0.0523,0.9477,0.0466,0.0581,0.0116,2255.04
2024-01-02T20:37:00,0.0521,0.9479,0.0483,0.056,0.0078,1846.59
2024-01-02T20:38:00,0.0503,0.9497,0.0454,0.0552,0.0098,1778.59
2024-01-02T20:39:00,0.0489,0.9511,0.0441,0.0537,0.0096,2013.02
2024-01-02T20:40:00,0.0492,0.9508,0.0458,0.0525,0.0066,2134.58
2024-01-02T20:41:00,0.051,0.949,0.0463,0.0556,0.0093,1471.87
2024-01-02T20:42:00,0.0483,0.9517,0.0435,0.053,0.0095,1654.75
2024-01-02T20:43:00,0.0477,0.9523,0.0421,0.0534,0.0113,2447.92
2024-01-02T20:44:00,0.0487,0.9513,0.0457,0.0517,0.0061,2431.01
2024-01-02T20:45:00,0.05,0.95,0.0477,0.0522,0.0045,1378.53
2024-01-02T20:46:00,0.0467,0.9533,0.0396,0.0537,0.0141,1647.1
2024-01-02T20:47:00,0.0484,0.9516,0.0425,0.0543,0.0119,1152.33
2024-01-02T20:48:00,0.0453,0.9547,0.0413,0.0493,0.008,1668.61
2024-01-02T20:49:00,0.047,0.953,0.0445,0.0495,0.005,2411.14
2024-01-02T20:50:00,0.0501,0.9499,0.0449,0.0552,0.0103,1719.66
2024-01-02T20:51:00,0.0485,0.9515,0.0424,0.0546,0.0122,2041.07
2024-01-02T20:52:00,0.05,0.95,0.0452,0.0549,0.0097,1258.75
2024-01-02T20:53:00,0.051,0.949,0.0473,0.0548,0.0075,1974.82
2024-01-02T20:54:00,0.0511,0.9489,0.0484,0.0537,0.0053,2068.68
2024-01-02T20:55:00,0.0503,0.9497,0.0461,0.0545,0.0084,1590.22
2024-01-02T20:56:00,0.0489,0.9511,0.042,0.0558,0.0138,1634.7
2024-01-02T20:57:00,0.0474,0.9526,0.0442,0.0506,0.0064,1993.83
2024-01-02T20:58:00,0.0478,0.9522,0.044,0.0517,0.0077,1559.16
2024-01-02T20:59:00,0.0499,0.9501,0.0459,0.0539,0.0081,1605.19
2024-01-02T21:00:00,0.0513,0.9487,0.0482,0.0545,0.0063,1470.55
2024-01-02T21:01:00,0.0509,0.9491,0.0448,0.0571,0.0123,2373.13
2024-01-02T21:02:00,0.0516,0.9484,0.0497,0.0535,0.0038,1318.62
2024-01-02T21:03:00,0.0458,0.9542,0.0433,0.0484,0.0051,1355.73
2024-01-02T21:04:00,0.0469,0.9531,0.0442,0.0497,0.0055,1105.43
2024-01-02T21:05:00,0.0509,0.9491,0.0447,0.0571,0.0124,1118.39
2024-01-02T21:06:00,0.0458,0.9542,0.0391,0.0525,0.0134,1188.57
2024-01-02T21:07:00,0.0468,0.9532,0.0421,0.0515,0.0094,2154.41
2024-01-02T21:08:00,0.0489,0.9511,0.0437,0.0542,0.0105,1880.13
2024-01-02T21:09:00,0.048,0.952,0.0418,0.0541,0.0123,2283.54
2024-01-02T21:10:00,0.0504,0.9496,0.0451,0.0558,0.0106,1124.82
2024-01-02T21:11:00,0.0514,0.9486,0.0495,0.0533,0.0038,1748.21
2024-01-02T21:12:00,0.0466,0.9534,0.044,0.0492,0.0051,1400.04
2024-01-02T21:13:00,0.0478,0.9522,0.0407,0.0549,0.0141,1309.46
2024-01-02T21:14:00,0.0488,0.9512,0.0423,0.0554,0.0131,1231.91
2024-01-02T21:15:00,0.0508,0.9492,0.0449,0.0567,0.0118,1733.2
2024-01-02T21:16:00,0.0505,0.9495,0.0485,0.0525,0.004,1158.11
2024-01-02T21:17:00,0.0499,0.9501,0.0453,0.0544,0.0092,1162.56
2024-01-02T21:18:00,0.0483,0.9517,0.0443,0.0524,0.008,2461.0
2024-01-02T21:19:00,0.0494,0.9506,0.0431,0.0557,0.0126,1484.28
2024-01-02T21:20:00,0.0488,0.9512,0.0433,0.0542,0.011,2164.09
2024-01-02T21:21:00,0.0524,0.9476,0.045,0.0598,0.0148,1245.0
2024-01-02T21:22:00,0.054,0.946,0.0507,0.0573,0.0066,2226.98
2024-01-02T21:23:00,0.0501,0.9499,0.0445,0.0558,0.0113,2055.22
2024-01-02T21:24:00,0.0491,0.9509,0.0446,0.0536,0.0091,1198.95
2024-01-02T21:25:00,0.0519,0.9481,0.0473,0.0565,0.0092,1351.6
2024-01-02T21:26:00,0.0553,0.9447,0.0535,0.0572,0.0037,2240.0
2024-01-02T21:27:00,0.0481,0.9519,0.0449,0.0514,0.0065,1791.03
2024-01-02T21:28:00,0.0458,0.9542,0.0405,0.0511,0.0106,2354.25
2024-01-02T21:29:00,0.0503,0.9497,0.0457,0.0549,0.0092,1194.04
2024-01-02T21:30:00,0.0488,0.9512,0.0472,0.0505,0.0033,2001.26
2024-01-02T21:31:00,0.0484,0.9516,0.0425,0.0542,0.0117,1471.97
2024-01-02T21:32:00,0.0528,0.9472,0.0495,0.0561,0.0066,2237.41
2024-01-02T21:33:00,0.0544,0.9456,0.0474,0.0614,0.014,1741.57
2024-01-02T21:34:00,0.0558,0.9442,0.0508,0.0608,0.01,1242.66
2024-01-02T21:35:00,0.0499,0.9501,0.047,0.0528,0.0058,1693.62
2024-01-02T21:36:00,0.0546,0.9454,0.0521,0.0572,0.0051,1716.44
2024-01-02T21:37:00,0.0548,0.9452,0.051,0.0587,0.0076,1847.93
2024-01-02T21:38:00,0.0513,0.9487,0.0445,0.058,0.0135,2513.6
2024-01-02T21:39:00,0.0535,0.9465,0.0481,0.0588,0.0107,1394.4
2024-01-02T21:40:00,0.0532,0.9468,0.0513,0.0551,0.0038,1385.0
2024-01-02T21:41:00,0.0507,0.9493,0.0492,0.0522,0.003,1118.37
2024-01-02T21:42:00,0.0535,0.9465,0.0468,0.0602,0.0134,1470.24
2024-01-02T21:43:00,0.0504,0.9496,0.0433,0.0575,0.0143,2013.82
2024-01-02T21:44:00,0.0481,0.9519,0.0458,0.0504,0.0046,2015.68
2024-01-02T21:45:00,0.0488,0.9512,0.0472,0.0504,0.0032,1109.1
2024-01-02T21:46:00,0.0504,0.9496,0.0439,0.057,0.0132,1743.67
2024-01-02T21:47:00,0.0463,0.9537,0.0416,0.0511,0.0094,1309.7
2024-01-02T21:48:00,0.0519,0.9481,0.0477,0.0562,0.0086,2191.98
2024-01-02T21:49:00,0.0477,0.9523,0.0431,0.0523,0.0091,2457.73
2024-01-02T21:50:00,0.0468,0.9532,0.0449,0.0488,0.0039,2127.96
2024-01-02T21:51:00,0.0519,0.9481,0.0457,0.0581,0.0124,2431.14
2024-01-02T21:52:00,0.0489,0.9511,0.043,0.0549,0.0119,1826.26
2024-01-02T21:53:00,0.0455,0.9545,0.0406,0.0504,0.0098,1789.54
2024-01-02T21:54:00,0.0499,0.9501,0.0461,0.0537,0.0076,2417.3
2024-01-02T21:55:00,0.0477,0.9523,0.0423,0.053,0.0107,2302.83
2024-01-02T21:56:00,0.0477,0.9523,0.0452,0.0502,0.0051,1581.14
2024-01-02T21:57:00,0.0481,0.9519,0.0448,0.0514,0.0066,1353.73
2024-01-02T21:58:00,0.0529,0.9471,0.0499,0.0559,0.0059,1424.64
2024-01-02T21:59:00,0.0523,0.9477,0.0474,0.0572,0.0098,1974.72
2024-01-02T22:00:00,0.0504,0.9496,0.0454,0.0555,0.0102,1180.85
2024-01-02T22:01:00,0.0529,0.9471,0.0501,0.0558,0.0057,1385.1
2024-01-02T22:02:00,0.0534,0.9466,0.0513,0.0556,0.0043,1632.74
2024-01-02T22:03:00,0.054,0.946,0.0485,0.0594,0.0109,2027.32
2024-01-02T22:04:00,0.0517,0.9483,0.048,0.0554,0.0074,2188.32
2024-01-02T22:05:00,0.0507,0.9493,0.0438,0.0575,0.0137,2499.0
2024-01-02T22:06:00,0.0509,0.9491,0.0493,0.0525,0.0032,1632.79
2024-01-02T22:07:00,0.0513,0.9487,0.0488,0.0538,0.005,1337.69
2024-01-02T22:08:00,0.0506,0.9494,0.0476,0.0536,0.006,2096.12
2024-01-02T22:09:00,0.051,0.949,0.0436,0.0584,0.0148,1189.23
2024-01-02T22:10:00,0.054,0.946,0.0484,0.0595,0.0112,2215.69
2024-01-02T22:11:00,0.0547,0.9453,0.0474,0.0621,0.0147,1279.47
2024-01-02T22:12:00,0.0538,0.9462,0.0514,0.0562,0.0047,2561.58
2024-01-02T22:13:00,0.0492,0.9508,0.0462,0.0522,0.0061,1601.88
2024-01-02T22:14:00,0.0518,0.9482,0.0454,0.0582,0.0128,1737.86
2024-01-02T22:15:00,0.0523,0.9477,0.0489,0.0558,0.0069,2049.05
2024-01-02T22:16:00,0.0524,0.9476,0.0472,0.0577,0.0105,1953.82
2024-01-02T22:17:00,0.0526,0.9474,0.0452,0.06,0.0148,2484.31
2024-01-02T22:18:00,0.0503,0.9497,0.0453,0.0553,0.01,2181.89
2024-01-02T22:19:00,0.0489,0.9511,0.0463,0.0515,0.0051,1712.7
2024-01-02T22:20:00,0.0533,0.9467,0.0515,0.0551,0.0035,2401.86
2024-01-02T22:21:00,0.0548,0.9452,0.0525,0.0571,0.0046,1342.18
2024-01-02T22:22:00,0.0525,0.9475,0.0494,0.0556,0.0062,1451.47
2024-01-02T22:23:00,0.0511,0.9489,0.0456,0.0565,0.0109,2033.7
2024-01-02T22:24:00,0.051,0.949,0.0461,0.0559,0.0098,1146.21
2024-01-02T22:25:00,0.0519,0.9481,0.0455,0.0583,0.0128,2444.32
2024-01-02T22:26:00,0.0465,0.9535,0.0418,0.0511,0.0093,1292.97
2024-01-02T22:27:00,0.0517,0.9483,0.0469,0.0565,0.0096,1314.22
2024-01-02T22:28:00,0.0497,0.9503,0.0474,0.052,0.0046,1386.57
2024-01-02T22:29:00,0.05,0.95,0.0456,0.0543,0.0087,1177.41
2024-01-02T22:30:00,0.0492,0.9508,0.0465,0.0518,0.0053,1861.39
2024-01-02T22:31:00,0.0528,0.9472,0.051,0.0546,0.0036,2129.25
2024-01-02T22:32:00,0.0507,0.9493,0.044,0.0574,0.0134,2226.33
2024-01-02T22:33:00,0.0489,0.9511,0.0473,0.0504,0.0031,1706.48
2024-01-02T22:34:00,0.05,0.95,0.0479,0.0521,0.0042,1488.54
2024-01-02T22:35:00,0.0506,0.9494,0.0454,0.0557,0.0103,2315.6
2024-01-02T22:36:00,0.0481,0.9519,0.0459,0.0504,0.0045,2466.99
2024-01-02T22:37:00,0.0466,0.9534,0.0434,0.0498,0.0064,1731.33
2024-01-02T22:38:00,0.0453,0.9547,0.0438,0.0469,0.0031,1906.32
2024-01-02T22:39:00,0.0445,0.9555,0.0405,0.0486,0.0081,2211.49
2024-01-02T22:40:00,0.0484,0.9516,0.0418,0.0551,0.0133,1507.5
2024-01-02T22:41:00,0.046,0.954,0.0405,0.0514,0.0109,1515.3
2024-01-02T22:42:00,0.0472,0.9528,0.0408,0.0537,0.013,1772.96
2024-01-02T22:43:00,0.05,0.95,0.0471,0.053,0.006,1314.31
2024-01-02T22:44:00,0.0492,0.9508,0.0467,0.0517,0.005,1370.26
2024-01-02T22:45:00,0.0508,0.9492,0.0467,0.055,0.0083,2089.61
2024-01-02T22:46:00,0.0501,0.9499,0.0481,0.0521,0.004,2003.73
2024-01-02T22:47:00,0.0525,0.9475,0.0454,0.0596,0.0142,2361.24
2024-01-02T22:48:00,0.0488,0.9512,0.0464,0.0513,0.005,1197.01
2024-01-02T22:49:00,0.0513,0.9487,0.0485,0.0542,0.0057,1572.5
2024-01-02T22:50:00,0.0517,0.9483,0.0478,0.0556,0.0078,1666.64
2024-01-02T22:51:00,0.0523,0.9477,0.0498,0.0549,0.0052,1277.28
2024-01-02T22:52:00,0.0511,0.9489,0.0452,0.057,0.0118,1752.87
2024-01-02T22:53:00,0.0532,0.9468,0.0495,0.0568,0.0073,1505.87
2024-01-02T22:54:00,0.049,0.951,0.0457,0.0523,0.0067,2387.9
2024-01-02T22:55:00,0.0521,0.9479,0.0501,0.054,0.004,2100.41
2024-01-02T22:56:00,0.0505,0.9495,0.0462,0.0547,0.0086,1508.37
2024-01-02T22:57:00,0.0493,0.9507,0.0433,0.0554,0.0122,1731.03
2024-01-02T22:58:00,0.0509,0.9491,0.0435,0.0583,0.0149,1861.84
2024-01-02T22:59:00,0.0529,0.9471,0.0474,0.0584,0.011,1702.36
2024-01-02T23:00:00,0.0505,0.9495,0.0486,0.0524,0.0038,2361.66
2024-01-02T23:01:00,0.0493,0.9507,0.0471,0.0515,0.0044,1677.46
2024-01-02T23:02:00,0.0535,0.9465,0.0471,0.06,0.0129,2354.41
2024-01-02T23:03:00,0.0504,0.9496,0.0463,0.0544,0.0081,2105.04
2024-01-02T23:04:00,0.0475,0.9525,0.0415,0.0535,0.0119,1064.63
2024-01-02T23:05:00,0.0503,0.9497,0.0442,0.0564,0.0122,1387.86
2024-01-02T23:06:00,0.0495,0.9505,0.0476,0.0514,0.0037,1496.12
2024-01-02T23:07:00,0.0514,0.9486,0.048,0.0547,0.0068,2548.08
2024-01-02T23:08:00,0.0526,0.9474,0.0501,0.0552,0.0051,1939.05
2024-01-02T23:09:00,0.0508,0.9492,0.045,0.0567,0.0117,2388.5
2024-01-02T23:10:00,0.0516,0.9484,0.0489,0.0543,0.0054,1852.65
2024-01-02T23:11:00,0.0522,0.9478,0.0496,0.0548,0.0052,2087.9
2024-01-02T23:12:00,0.0496,0.9504,0.0423,0.0569,0.0146,1879.89
2024-01-02T23:13:00,0.0505,0.9495,0.0453,0.0557,0.0104,2466.56
2024-01-02T23:14:00,0.0475,0.9525,0.0446,0.0504,0.0058,1574.96
2024-01-02T23:15:00,0.0475,0.9525,0.0436,0.0513,0.0077,1566.06
2024-01-02T23:16:00,0.0511,0.9489,0.0463,0.0559,0.0096,1969.1
2024-01-02T23:17:00,0.0524,0.9476,0.0461,0.0588,0.0128,1468.41
2024-01-02T23:18:00,0.0497,0.9503,0.0454,0.054,0.0086,2379.61
2024-01-02T23:19:00,0.0481,0.9519,0.0426,0.0537,0.0111,1477.66
2024-01-02T23:20:00,0.0492,0.9508,0.0461,0.0523,0.0062,1900.66
2024-01-02T23:21:00,0.0532,0.9468,0.0496,0.0568,0.0071,2449.88
2024-01-02T23:22:00,0.0515,0.9485,0.0472,0.0557,0.0085,2500.52
2024-01-02T23:23:00,0.0531,0.9469,0.0465,0.0596,0.0131,2394.02
2024-01-02T23:24:00,0.0517,0.9483,0.0461,0.0573,0.0111,2151.11
2024-01-02T23:25:00,0.0489,0.9511,0.0441,0.0537,0.0096,1250.91
2024-01-02T23:26:00,0.0512,0.9488,0.0442,0.0582,0.014,2340.35
2024-01-02T23:27:00,0.0512,0.9488,0.0456,0.0569,0.0113,2458.01
2024-01-02T23:28:00,0.0437,0.9563,0.0379,0.0495,0.0116,2136.24
2024-01-02T23:29:00,0.0521,0.9479,0.0476,0.0566,0.009,1610.33
2024-01-02T23:30:00,0.0513,0.9487,0.0479,0.0548,0.0069,1341.56
2024-01-02T23:31:00,0.0535,0.9465,0.0473,0.0596,0.0122,1244.86
2024-01-02T23:32:00,0.048,0.952,0.0423,0.0537,0.0114,1256.73
2024-01-02T23:33:00,0.0509,0.9491,0.0478,0.054,0.0062,1332.77
2024-01-02T23:34:00,0.0514,0.9486,0.0472,0.0555,0.0083,2109.81
2024-01-02T23:35:00,0.0496,0.9504,0.0447,0.0545,0.0098,1782.94
2024-01-02T23:36:00,0.0507,0.9493,0.0464,0.055,0.0086,1100.37
2024-01-02T23:37:00,0.0538,0.9462,0.0468,0.0609,0.014,2256.7
2024-01-02T23:38:00,0.0502,0.9498,0.0442,0.0562,0.012,1726.32
2024-01-02T23:39:00,0.0493,0.9507,0.0434,0.0552,0.0119,1547.91
2024-01-02T23:40:00,0.0502,0.9498,0.0452,0.0552,0.01,2183.67
2024-01-02T23:41:00,0.052,0.948,0.0455,0.0584,0.0129,2138.86
2024-01-02T23:42:00,0.048,0.952,0.0454,0.0506,0.0053,1651.97
2024-01-02T23:43:00,0.0517,0.9483,0.0497,0.0538,0.0041,1844.09
2024-01-02T23:44:00,0.0534,0.9466,0.0508,0.0561,0.0053,1354.02
2024-01-02T23:45:00,0.0502,0.9498,0.0456,0.0548,0.0092,1356.54
2024-01-02T23:46:00,0.0523,0.9477,0.0493,0.0552,0.0059,1678.51
2024-01-02T23:47:00,0.0547,0.9453,0.0522,0.0572,0.005,1920.07
2024-01-02T23:48:00,0.0526,0.9474,0.0459,0.0593,0.0134,1314.2
2024-01-02T23:49:00,0.0509,0.9491,0.0451,0.0567,0.0116,1162.69
2024-01-02T23:50:00,0.0503,0.9497,0.0428,0.0577,0.0149,2252.34
2024-01-02T23:51:00,0.0515,0.9485,0.0485,0.0545,0.006,2443.69
2024-01-02T23:52:00,0.0515,0.9485,0.05,0.0531,0.0032,2063.56
2024-01-02T23:53:00,0.0496,0.9504,0.0442,0.055,0.0109,2177.83
2024-01-02T23:54:00,0.0491,0.9509,0.0421,0.0561,0.014,1637.78
2024-01-02T23:55:00,0.0509,0.9491,0.0488,0.0529,0.0041,1767.78
2024-01-02T23:56:00,0.0477,0.9523,0.0432,0.0522,0.009,1390.11
2024-01-02T23:57:00,0.0492,0.9508,0.0422,0.0562,0.014,2026.77
2024-01-02T23:58:00,0.0508,0.9492,0.0446,0.0571,0.0125,1597.45
2024-01-02T23:59:00,0.0507,0.9493,0.047,0.0545,0.0075,1806.35
2024-01-03T00:00:00,0.0537,0.9463,0.048,0.0594,0.0115,2149.24
2024-01-03T00:01:00,0.0537,0.9463,0.0469,0.0604,0.0135,2339.6
2024-01-03T00:02:00,0.0522,0.9478,0.0468,0.0577,0.011,1896.8
2024-01-03T00:03:00,0.0527,0.9473,0.0502,0.0553,0.005,1972.45
2024-01-03T00:04:00,0.0477,0.9523,0.041,0.0544,0.0135,1183.86
2024-01-03T00:05:00,0.0482,0.9518,0.0456,0.0508,0.0052,1514.52
2024-01-03T00:06:00,0.0489,0.9511,0.0443,0.0534,0.009,1197.69
2024-01-03T00:07:00,0.0483,0.9517,0.0451,0.0516,0.0065,2411.59
2024-01-03T00:08:00,0.0496,0.9504,0.0433,0.0558,0.0126,1742.8
2024-01-03T00:09:00,0.0502,0.9498,0.0487,0.0518,0.003,1208.91
2024-01-03T00:10:00,0.0515,0.9485,0.0484,0.0547,0.0063,1821.54
2024-01-03T00:11:00,0.052,0.948,0.0473,0.0567,0.0094,2121.08
2024-01-03T00:12:00,0.051,0.949,0.0494,0.0526,0.0032,1121.89
2024-01-03T00:13:00,0.0526,0.9474,0.049,0.0561,0.007,1156.27
2024-01-03T00:14:00,0.0517,0.9483,0.0501,0.0533,0.0031,1981.33
2024-01-03T00:15:00,0.0507,0.9493,0.0453,0.0562,0.011,1252.44
2024-01-03T00:16:00,0.0465,0.9535,0.0429,0.0501,0.0071,2098.57
2024-01-03T00:17:00,0.0513,0.9487,0.0445,0.0581,0.0136,1550.85
2024-01-03T00:18:00,0.0511,0.9489,0.0482,0.0541,0.0059,1294.7
2024-01-03T00:19:00,0.0515,0.9485,0.0462,0.0569,0.0107,1982.94
2024-01-03T00:20:00,0.0504,0.9496,0.0464,0.0544,0.008,1859.47
2024-01-03T00:21:00,0.0483,0.9517,0.0427,0.0539,0.0112,1739.95
2024-01-03T00:22:00,0.0509,0.9491,0.0489,0.0528,0.0039,1390.48
2024-01-03T00:23:00,0.0511,0.9489,0.0442,0.0579,0.0137,1691.1
2024-01-03T00:24:00,0.0487,0.9513,0.0423,0.055,0.0127,1575.8
2024-01-03T00:25:00,0.0481,0.9519,0.0458,0.0504,0.0047,2025.29
2024-01-03T00:26:00,0.0464,0.9536,0.0412,0.0515,0.0103,1314.94
2024-01-03T00:27:00,0.0449,0.9551,0.0425,0.0473,0.0048,2095.01
2024-01-03T00:28:00,0.046,0.954,0.0391,0.0528,0.0137,1768.97
2024-01-03T00:29:00,0.1514,0.8486,0.1434,0.1594,0.016,2106.46
2024-01-03T00:30:00,0.1556,0.8444,0.1478,0.1634,0.0155,3945.06
2024-01-03T00:31:00,0.1588,0.8412,0.1541,0.1636,0.0095,3973.98
2024-01-03T00:32:00,0.1585,0.8415,0.1528,0.1642,0.0113,4383.74
2024-01-03T00:33:00,0.1578,0.8422,0.1534,0.1621,0.0087,4454.96
2024-01-03T00:34:00,0.156,0.844,0.148,0.164,0.016,2861.15
2024-01-03T00:35:00,0.156,0.844,0.1535,0.1585,0.005,2226.46
2024-01-03T00:36:00,0.1574,0.8426,0.1499,0.1649,0.015,3353.51
2024-01-03T00:37:00,0.1546,0.8454,0.1479,0.1612,0.0133,4198.44
2024-01-03T00:38:00,0.1555,0.8445,0.1473,0.1637,0.0164,3519.78
2024-01-03T00:39:00,0.1516,0.8484,0.1468,0.1564,0.0096,4588.8
2024-01-03T00:40:00,0.1514,0.8486,0.1456,0.1573,0.0117,4626.06
2024-01-03T00:41:00,0.1519,0.8481,0.1493,0.1545,0.0052,3265.2
2024-01-03T00:42:00,0.144,0.856,0.137,0.1511,0.0141,3586.19
2024-01-03T00:43:00,0.1465,0.8535,0.1385,0.1544,0.0158,2782.85
2024-01-03T00:44:00,0.1456,0.8544,0.1397,0.1516,0.0119,2033.4
2024-01-03T00:45:00,0.145,0.855,0.1433,0.1468,0.0035,2012.59
2024-01-03T00:46:00,0.1398,0.8602,0.1356,0.144,0.0084,2002.15
2024-01-03T00:47:00,0.1421,0.8579,0.1384,0.1457,0.0073,2401.07
2024-01-03T00:48:00,0.138,0.862,0.1335,0.1425,0.0091,3127.7
2024-01-03T00:49:00,0.1359,0.8641,0.1339,0.138,0.004,3161.79
2024-01-03T00:50:00,0.1367,0.8633,0.135,0.1383,0.0034,3077.36
2024-01-03T00:51:00,0.132,0.868,0.127,0.137,0.01,3160.25
2024-01-03T00:52:00,0.1307,0.8693,0.129,0.1325,0.0035,2836.86
2024-01-03T00:53:00,0.1269,0.8731,0.1202,0.1336,0.0134,3805.49
2024-01-03T00:54:00,0.1253,0.8747,0.12,0.1305,0.0105,2370.73
2024-01-03T00:55:00,0.1247,0.8753,0.122,0.1274,0.0054,3977.05
2024-01-03T00:56:00,0.1239,0.8761,0.1174,0.1304,0.013,2264.61
2024-01-03T00:57:00,0.1243,0.8757,0.1184,0.1302,0.0117,1925.47
2024-01-03T00:58:00,0.1206,0.8794,0.1155,0.1258,0.0104,2023.57
2024-01-03T00:59:00,0.1186,0.8814,0.1155,0.1217,0.0062,2274.24
2024-01-03T01:00:00,0.1191,0.8809,0.1112,0.127,0.0158,3560.84
2024-01-03T01:01:00,0.114,0.886,0.1073,0.1207,0.0135,2901.87
2024-01-03T01:02:00,0.1142,0.8858,0.1097,0.1187,0.009,3822.58
2024-01-03T01:03:00,0.1116,0.8884,0.1063,0.1169,0.0105,3848.38
2024-01-03T01:04:00,0.1081,0.8919,0.1004,0.1159,0.0155,3372.77
2024-01-03T01:05:00,0.1118,0.8882,0.1078,0.1157,0.0078,3720.54
2024-01-03T01:06:00,0.1097,0.8903,0.1069,0.1125,0.0056,2849.91
2024-01-03T01:07:00,0.1037,0.8963,0.0962,0.1111,0.0149,2476.6
2024-01-03T01:08:00,0.1037,0.8963,0.0998,0.1075,0.0077,1795.97
2024-01-03T01:09:00,0.0988,0.9012,0.0926,0.1051,0.0125,1933.03
2024-01-03T01:10:00,0.0994,0.9006,0.093,0.1058,0.0128,2923.13
2024-01-03T01:11:00,0.0969,0.9031,0.0945,0.0992,0.0048,2071.76
2024-01-03T01:12:00,0.0986,0.9014,0.091,0.1062,0.0153,1897.91
2024-01-03T01:13:00,0.0975,0.9025,0.0955,0.0995,0.004,1635.53
2024-01-03T01:14:00,0.0979,0.9021,0.0915,0.1042,0.0127,1990.36
2024-01-03T01:15:00,0.0929,0.9071,0.0859,0.0999,0.0141,2503.33
2024-01-03T01:16:00,0.0917,0.9083,0.0885,0.0949,0.0064,2324.43
2024-01-03T01:17:00,0.09,0.91,0.0856,0.0945,0.0089,1993.5
2024-01-03T01:18:00,0.0871,0.9129,0.0803,0.0938,0.0134,2056.91
2024-01-03T01:19:00,0.0866,0.9134,0.0838,0.0894,0.0056,3147.41
2024-01-03T01:20:00,0.0861,0.9139,0.0795,0.0926,0.0131,3104.59
2024-01-03T01:21:00,0.0855,0.9145,0.0778,0.0933,0.0155,1618.32
2024-01-03T01:22:00,0.0851,0.9149,0.0806,0.0897,0.0091,2831.37
2024-01-03T01:23:00,0.0824,0.9176,0.0775,0.0874,0.0099,2969.78
2024-01-03T01:24:00,0.0812,0.9188,0.0747,0.0878,0.013,2317.5
2024-01-03T01:25:00,0.0826,0.9174,0.0781,0.0872,0.0091,2524.76
2024-01-03T01:26:00,0.0814,0.9186,0.0749,0.088,0.0132,2422.11
2024-01-03T01:27:00,0.0783,0.9217,0.0739,0.0827,0.0088,2680.34
2024-01-03T01:28:00,0.0758,0.9242,0.0693,0.0824,0.0131,1477.01
2024-01-03T01:29:00,0.075,0.925,0.0675,0.0826,0.0151,2313.32
2024-01-03T01:30:00,0.0697,0.9303,0.0659,0.0736,0.0077,2288.27
2024-01-03T01:31:00,0.0752,0.9248,0.0682,0.0822,0.014,2652.47
2024-01-03T01:32:00,0.0662,0.9338,0.0613,0.0711,0.0097,1903.84
2024-01-03T01:33:00,0.0689,0.9311,0.0661,0.0716,0.0055,1746.64
2024-01-03T01:34:00,0.068,0.932,0.0652,0.0709,0.0058,2239.31
2024-01-03T01:35:00,0.0696,0.9304,0.0625,0.0767,0.0141,2895.24
2024-01-03T01:36:00,0.0661,0.9339,0.0638,0.0685,0.0047,1945.85
2024-01-03T01:37:00,0.0628,0.9372,0.0594,0.0661,0.0068,1919.67
2024-01-03T01:38:00,0.066,0.934,0.0606,0.0714,0.0108,2352.88
2024-01-03T01:39:00,0.0633,0.9367,0.0569,0.0698,0.0129,1289.65
2024-01-03T01:40:00,0.0608,0.9392,0.0541,0.0675,0.0134,1191.69
2024-01-03T01:41:00,0.0623,0.9377,0.0558,0.0688,0.013,1283.02
2024-01-03T01:42:00,0.0604,0.9396,0.0544,0.0664,0.012,1793.23
2024-01-03T01:43:00,0.0602,0.9398,0.0542,0.0663,0.0121,2377.29
2024-01-03T01:44:00,0.0567,0.9433,0.0503,0.0632,0.0129,2106.59
2024-01-03T01:45:00,0.0514,0.9486,0.0495,0.0532,0.0037,1619.28
2024-01-03T01:46:00,0.0542,0.9458,0.0488,0.0596,0.0107,1435.25
2024-01-03T01:47:00,0.0528,0.9472,0.0468,0.0587,0.0119,2465.53
2024-01-03T01:48:00,0.0529,0.9471,0.0467,0.0591,0.0124,1741.1
2024-01-03T01:49:00,0.0542,0.9458,0.048,0.0605,0.0125,2590.51
2024-01-03T01:50:00,0.0516,0.9484,0.049,0.0542,0.0052,1095.57
2024-01-03T01:51:00,0.0541,0.9459,0.0491,0.0591,0.01,1843.56
2024-01-03T01:52:00,0.0536,0.9464,0.0466,0.0606,0.014,2035.78
2024-01-03T01:53:00,0.0499,0.9501,0.0472,0.0525,0.0053,2013.19
2024-01-03T01:54:00,0.047,0.953,0.0436,0.0504,0.0068,1757.61
2024-01-03T01:55:00,0.0462,0.9538,0.0437,0.0487,0.0051,1961.68
2024-01-03T01:56:00,0.0445,0.9555,0.0391,0.0498,0.0107,1242.44
2024-01-03T01:57:00,0.0445,0.9555,0.0407,0.0484,0.0077,1516.13
2024-01-03T01:58:00,0.047,0.953,0.0406,0.0534,0.0128,2192.99
2024-01-03T01:59:00,0.0502,0.9498,0.0434,0.057,0.0137,2079.71
