timestamp,yes_price,no_price,best_bid,best_ask,spread,volume_24h
2024-01-01T00:00:00,0.5514,0.4486,0.5413,0.5614,0.0201,7477.12
2024-01-01T00:01:00,0.5502,0.4498,0.5389,0.5615,0.0225,9112.79
2024-01-01T00:02:00,0.5523,0.4477,0.544,0.5606,0.0166,10108.35
2024-01-01T00:03:00,0.5517,0.4483,0.5482,0.5552,0.007,8382.36
2024-01-01T00:04:00,0.5492,0.4508,0.5419,0.5565,0.0146,6016.77
2024-01-01T00:05:00,0.5502,0.4498,0.5468,0.5536,0.0068,7656.44
2024-01-01T00:06:00,0.5508,0.4492,0.5393,0.5624,0.0231,7281.29
2024-01-01T00:07:00,0.5505,0.4495,0.5465,0.5545,0.008,7863.74
2024-01-01T00:08:00,0.5502,0.4498,0.5427,0.5576,0.0149,6344.61
2024-01-01T00:09:00,0.55,0.45,0.5435,0.5565,0.013,5581.37
2024-01-01T00:10:00,0.5505,0.4495,0.5452,0.5558,0.0106,7788.71
2024-01-01T00:11:00,0.5539,0.4461,0.5499,0.5578,0.0079,10955.42
2024-01-01T00:12:00,0.5505,0.4495,0.5396,0.5614,0.0218,11122.92
2024-01-01T00:13:00,0.5513,0.4487,0.5442,0.5583,0.0141,9876.92
2024-01-01T00:14:00,0.5514,0.4486,0.5416,0.5612,0.0196,10003.56
2024-01-01T00:15:00,0.552,0.448,0.5427,0.5614,0.0187,8665.44
2024-01-01T00:16:00,0.5542,0.4458,0.5514,0.557,0.0056,9246.3
2024-01-01T00:17:00,0.5525,0.4475,0.542,0.563,0.0209,6090.19
2024-01-01T00:18:00,0.5511,0.4489,0.5399,0.5622,0.0224,11054.68
2024-01-01T00:19:00,0.5504,0.4496,0.5426,0.5582,0.0156,10379.73
2024-01-01T00:20:00,0.5517,0.4483,0.5469,0.5564,0.0095,5324.65
2024-01-01T00:21:00,0.5497,0.4503,0.5404,0.559,0.0186,5831.45
2024-01-01T00:22:00,0.5481,0.4519,0.5408,0.5554,0.0147,10914.38
2024-01-01T00:23:00,0.547,0.453,0.5393,0.5548,0.0156,10583.51
2024-01-01T00:24:00,0.5431,0.4569,0.5337,0.5525,0.0188,6123.43
2024-01-01T00:25:00,0.5475,0.4525,0.5416,0.5534,0.0118,10820.95
2024-01-01T00:26:00,0.5435,0.4565,0.5317,0.5553,0.0236,6188.48
2024-01-01T00:27:00,0.5449,0.4551,0.5377,0.5521,0.0144,10907.0
2024-01-01T00:28:00,0.5448,0.4552,0.5356,0.5539,0.0183,11278.94
2024-01-01T00:29:00,0.5489,0.4511,0.5391,0.5587,0.0196,5014.01
2024-01-01T00:30:00,0.5489,0.4511,0.5393,0.5586,0.0193,9484.71
2024-01-01T00:31:00,0.5542,0.4458,0.5427,0.5657,0.023,6136.34
2024-01-01T00:32:00,0.5493,0.4507,0.5389,0.5596,0.0207,8486.75
2024-01-01T00:33:00,0.5513,0.4487,0.5444,0.5582,0.0138,7980.81
2024-01-01T00:34:00,0.552,0.448,0.5488,0.5553,0.0065,7490.76
2024-01-01T00:35:00,0.5505,0.4495,0.5389,0.562,0.0231,7174.39
2024-01-01T00:36:00,0.5479,0.4521,0.5439,0.5519,0.008,5480.48
2024-01-01T00:37:00,0.5502,0.4498,0.5477,0.5528,0.0051,6967.13
2024-01-01T00:38:00,0.5503,0.4497,0.5445,0.5562,0.0117,6751.78
2024-01-01T00:39:00,0.5505,0.4495,0.545,0.5559,0.0109,7713.85
2024-01-01T00:40:00,0.5483,0.4517,0.5456,0.551,0.0054,11429.58
2024-01-01T00:41:00,0.5463,0.4537,0.5369,0.5557,0.0188,6165.56
2024-01-01T00:42:00,0.5463,0.4537,0.5348,0.5579,0.0231,6900.9
2024-01-01T00:43:00,0.551,0.449,0.548,0.554,0.0059,7710.2
2024-01-01T00:44:00,0.5506,0.4494,0.5437,0.5575,0.0138,6494.73
2024-01-01T00:45:00,0.5529,0.4471,0.545,0.5608,0.0158,8288.5
2024-01-01T00:46:00,0.5495,0.4505,0.541,0.558,0.017,8546.05
2024-01-01T00:47:00,0.5522,0.4478,0.5497,0.5547,0.005,5174.01
2024-01-01T00:48:00,0.5449,0.4551,0.5378,0.552,0.0142,7045.4
2024-01-01T00:49:00,0.5491,0.4509,0.5394,0.5588,0.0194,8897.36
2024-01-01T00:50:00,0.5511,0.4489,0.5404,0.5619,0.0214,8993.32
2024-01-01T00:51:00,0.5513,0.4487,0.5482,0.5544,0.0062,9526.56
2024-01-01T00:52:00,0.5484,0.4516,0.5373,0.5596,0.0223,6121.39
2024-01-01T00:53:00,0.5529,0.4471,0.5502,0.5556,0.0054,6031.13
2024-01-01T00:54:00,0.5535,0.4465,0.5452,0.5618,0.0166,8163.49
2024-01-01T00:55:00,0.5535,0.4465,0.5488,0.5582,0.0094,8692.96
2024-01-01T00:56:00,0.5502,0.4498,0.5409,0.5596,0.0186,8454.85
2024-01-01T00:57:00,0.5469,0.4531,0.5423,0.5515,0.0092,11056.01
2024-01-01T00:58:00,0.5488,0.4512,0.5402,0.5575,0.0172,9572.24
2024-01-01T00:59:00,0.5541,0.4459,0.5445,0.5637,0.0193,9021.01
2024-01-01T01:00:00,0.5519,0.4481,0.5457,0.5582,0.0126,9189.16
2024-01-01T01:01:00,0.5513,0.4487,0.5434,0.5592,0.0158,7236.05
2024-01-01T01:02:00,0.5491,0.4509,0.5437,0.5546,0.011,10045.84
2024-01-01T01:03:00,0.5484,0.4516,0.5449,0.552,0.0071,10673.52
2024-01-01T01:04:00,0.5496,0.4504,0.5445,0.5548,0.0104,5305.93
2024-01-01T01:05:00,0.5474,0.4526,0.5439,0.551,0.0071,11218.92
2024-01-01T01:06:00,0.5502,0.4498,0.5391,0.5613,0.0222,9447.5
2024-01-01T01:07:00,0.5497,0.4503,0.539,0.5604,0.0214,7485.78
2024-01-01T01:08:00,0.5523,0.4477,0.5409,0.5638,0.0229,10794.51
2024-01-01T01:09:00,0.5533,0.4467,0.5424,0.5641,0.0217,9251.48
2024-01-01T01:10:00,0.5499,0.4501,0.5466,0.5533,0.0067,8349.0
2024-01-01T01:11:00,0.5503,0.4497,0.5458,0.5547,0.009,8553.69
2024-01-01T01:12:00,0.5508,0.4492,0.539,0.5627,0.0237,8141.08
2024-01-01T01:13:00,0.5457,0.4543,0.5345,0.5568,0.0223,10285.57
2024-01-01T01:14:00,0.5495,0.4505,0.5379,0.5611,0.0231,9179.22
2024-01-01T01:15:00,0.548,0.452,0.5433,0.5528,0.0095,9952.54
2024-01-01T01:16:00,0.5488,0.4512,0.5383,0.5592,0.0209,10163.6
2024-01-01T01:17:00,0.5499,0.4501,0.5438,0.5561,0.0123,8476.3
2024-01-01T01:18:00,0.5515,0.4485,0.5451,0.5579,0.0128,8110.11
2024-01-01T01:19:00,0.5493,0.4507,0.5444,0.5542,0.0099,8185.19
2024-01-01T01:20:00,0.5504,0.4496,0.5425,0.5583,0.0158,5432.21
2024-01-01T01:21:00,0.551,0.449,0.5468,0.5552,0.0084,8735.54
2024-01-01T01:22:00,0.5497,0.4503,0.5452,0.5542,0.009,9436.66
2024-01-01T01:23:00,0.5515,0.4485,0.5426,0.5605,0.0179,7708.06
2024-01-01T01:24:00,0.554,0.446,0.5449,0.5631,0.0182,10782.18
2024-01-01T01:25:00,0.5502,0.4498,0.5419,0.5586,0.0168,6357.48
2024-01-01T01:26:00,0.5508,0.4492,0.543,0.5585,0.0155,6914.52
2024-01-01T01:27:00,0.5483,0.4517,0.541,0.5556,0.0145,10495.76
2024-01-01T01:28:00,0.5519,0.4481,0.5426,0.5613,0.0187,6102.29
2024-01-01T01:29:00,0.5524,0.4476,0.545,0.5599,0.0149,7538.52
2024-01-01T01:30:00,0.5502,0.4498,0.5449,0.5556,0.0107,8527.09
2024-01-01T01:31:00,0.551,0.449,0.5462,0.5557,0.0096,11057.91
2024-01-01T01:32:00,0.5538,0.4462,0.5505,0.5572,0.0067,5791.68
2024-01-01T01:33:00,0.5506,0.4494,0.5452,0.556,0.0108,9013.72
2024-01-01T01:34:00,0.5531,0.4469,0.5471,0.559,0.0119,9237.65
2024-01-01T01:35:00,0.5526,0.4474,0.5442,0.5609,0.0167,10835.32
2024-01-01T01:36:00,0.5537,0.4463,0.5513,0.5561,0.0048,8676.54
2024-01-01T01:37:00,0.5504,0.4496,0.5473,0.5536,0.0063,6142.4
2024-01-01T01:38:00,0.5511,0.4489,0.5407,0.5614,0.0207,5628.2
2024-01-01T01:39:00,0.5489,0.4511,0.5399,0.558,0.0181,9522.72
2024-01-01T01:40:00,0.5446,0.4554,0.5326,0.5566,0.024,5409.53
2024-01-01T01:41:00,0.5513,0.4487,0.5417,0.5609,0.0192,7860.86
2024-01-01T01:42:00,0.551,0.449,0.5459,0.5561,0.0102,10915.73
2024-01-01T01:43:00,0.5513,0.4487,0.5454,0.5572,0.0118,5323.11
2024-01-01T01:44:00,0.5528,0.4472,0.5466,0.559,0.0123,7122.89
2024-01-01T01:45:00,0.551,0.449,0.5463,0.5557,0.0095,6091.23
2024-01-01T01:46:00,0.554,0.446,0.5501,0.5579,0.0078,10881.25
2024-01-01T01:47:00,0.5546,0.4454,0.5428,0.5665,0.0237,8829.71
2024-01-01T01:48:00,0.5544,0.4456,0.5496,0.5591,0.0095,6804.37
2024-01-01T01:49:00,0.5523,0.4477,0.5484,0.5562,0.0078,8921.86
2024-01-01T01:50:00,0.5527,0.4473,0.5496,0.5557,0.0061,7823.92
2024-01-01T01:51:00,0.5504,0.4496,0.5479,0.5528,0.0049,8632.6
2024-01-01T01:52:00,0.5465,0.4535,0.5351,0.5578,0.0228,11257.98
2024-01-01T01:53:00,0.5467,0.4533,0.5393,0.5541,0.0148,6330.29
2024-01-01T01:54:00,0.5495,0.4505,0.5408,0.5582,0.0174,5652.59
2024-01-01T01:55:00,0.5495,0.4505,0.5415,0.5575,0.016,5912.19
2024-01-01T01:56:00,0.551,0.449,0.5453,0.5568,0.0115,8800.16
2024-01-01T01:57:00,0.5512,0.4488,0.5439,0.5585,0.0146,5489.92
2024-01-01T01:58:00,0.5492,0.4508,0.5443,0.5542,0.0098,5340.74
2024-01-01T01:59:00,0.5519,0.4481,0.5405,0.5633,0.0228,8824.85
2024-01-01T02:00:00,0.5501,0.4499,0.5455,0.5547,0.0092,8512.89
2024-01-01T02:01:00,0.5487,0.4513,0.5442,0.5531,0.0089,8532.64
2024-01-01T02:02:00,0.5494,0.4506,0.5447,0.5542,0.0096,6062.53
2024-01-01T02:03:00,0.5475,0.4525,0.5393,0.5556,0.0163,8077.47
2024-01-01T02:04:00,0.5466,0.4534,0.535,0.5583,0.0234,7630.85
2024-01-01T02:05:00,0.5464,0.4536,0.5397,0.5532,0.0134,10731.51
2024-01-01T02:06:00,0.5511,0.4489,0.5466,0.5555,0.0089,10074.61
2024-01-01T02:07:00,0.5514,0.4486,0.5419,0.5609,0.0191,8115.3
2024-01-01T02:08:00,0.5492,0.4508,0.5423,0.5561,0.0139,10157.54
2024-01-01T02:09:00,0.5494,0.4506,0.5399,0.5589,0.0189,10846.15
2024-01-01T02:10:00,0.5489,0.4511,0.5434,0.5545,0.0111,5987.59
2024-01-01T02:11:00,0.5531,0.4469,0.5451,0.561,0.0159,5036.44
2024-01-01T02:12:00,0.5548,0.4452,0.5479,0.5617,0.0138,7986.09
2024-01-01T02:13:00,0.5524,0.4476,0.5442,0.5606,0.0164,5807.77
2024-01-01T02:14:00,0.5513,0.4487,0.5488,0.5538,0.005,9834.25
2024-01-01T02:15:00,0.5529,0.4471,0.5502,0.5555,0.0053,10483.4
2024-01-01T02:16:00,0.5483,0.4517,0.5428,0.5537,0.0109,7827.76
2024-01-01T02:17:00,0.5473,0.4527,0.5388,0.5559,0.0171,5983.61
2024-01-01T02:18:00,0.5504,0.4496,0.5431,0.5577,0.0146,10173.56
2024-01-01T02:19:00,0.5529,0.4471,0.5411,0.5647,0.0236,11122.89
2024-01-01T02:20:00,0.55,0.45,0.5411,0.559,0.0179,8814.35
2024-01-01T02:21:00,0.5518,0.4482,0.5493,0.5542,0.005,5918.75
2024-01-01T02:22:00,0.5507,0.4493,0.5449,0.5565,0.0117,9622.72
2024-01-01T02:23:00,0.5499,0.4501,0.5391,0.5608,0.0217,6205.7
2024-01-01T02:24:00,0.5509,0.4491,0.5406,0.5612,0.0206,7678.73
2024-01-01T02:25:00,0.55,0.45,0.5443,0.5556,0.0114,9819.9
2024-01-01T02:26:00,0.551,0.449,0.5399,0.562,0.0222,6030.23
2024-01-01T02:27:00,0.5513,0.4487,0.5424,0.5602,0.0178,5304.42
2024-01-01T02:28:00,0.5484,0.4516,0.5384,0.5584,0.02,11048.11
2024-01-01T02:29:00,0.5485,0.4515,0.5432,0.5539,0.0107,7528.86
2024-01-01T02:30:00,0.5488,0.4512,0.538,0.5596,0.0216,5943.29
2024-01-01T02:31:00,0.5459,0.4541,0.5346,0.5573,0.0226,8993.14
2024-01-01T02:32:00,0.5494,0.4506,0.5414,0.5574,0.016,10988.55
2024-01-01T02:33:00,0.5497,0.4503,0.5391,0.5604,0.0213,6488.07
2024-01-01T02:34:00,0.5532,0.4468,0.547,0.5594,0.0124,10794.78
2024-01-01T02:35:00,0.5496,0.4504,0.5433,0.556,0.0127,10502.23
2024-01-01T02:36:00,0.5468,0.4532,0.5434,0.5502,0.0068,7220.17
2024-01-01T02:37:00,0.5457,0.4543,0.5359,0.5554,0.0195,9626.74
2024-01-01T02:38:00,0.5457,0.4543,0.5427,0.5488,0.0061,6488.05
2024-01-01T02:39:00,0.546,0.454,0.5392,0.5527,0.0136,7542.9
2024-01-01T02:40:00,0.5447,0.4553,0.5379,0.5515,0.0136,9292.13
2024-01-01T02:41:00,0.5519,0.4481,0.5411,0.5627,0.0216,6458.87
2024-01-01T02:42:00,0.5503,0.4497,0.5416,0.559,0.0174,5537.24
2024-01-01T02:43:00,0.5498,0.4502,0.5409,0.5586,0.0177,8509.1
2024-01-01T02:44:00,0.5495,0.4505,0.5464,0.5525,0.0061,11236.33
2024-01-01T02:45:00,0.5518,0.4482,0.5452,0.5584,0.0132,10255.7
2024-01-01T02:46:00,0.5487,0.4513,0.5454,0.552,0.0065,11093.36
2024-01-01T02:47:00,0.5475,0.4525,0.5405,0.5544,0.0139,9051.13
2024-01-01T02:48:00,0.5441,0.4559,0.5337,0.5546,0.0208,8105.66
2024-01-01T02:49:00,0.5471,0.4529,0.5359,0.5583,0.0224,9432.43
2024-01-01T02:50:00,0.5517,0.4483,0.5461,0.5574,0.0113,9636.45
2024-01-01T02:51:00,0.5543,0.4457,0.5494,0.5591,0.0097,4961.28
2024-01-01T02:52:00,0.5517,0.4483,0.5441,0.5593,0.0153,5756.92
2024-01-01T02:53:00,0.5526,0.4474,0.5487,0.5564,0.0077,5013.75
2024-01-01T02:54:00,0.5487,0.4513,0.5417,0.5557,0.014,8312.35
2024-01-01T02:55:00,0.5461,0.4539,0.536,0.5561,0.0201,8338.54
2024-01-01T02:56:00,0.5471,0.4529,0.544,0.5503,0.0063,11262.02
2024-01-01T02:57:00,0.5504,0.4496,0.5394,0.5614,0.022,11193.24
2024-01-01T02:58:00,0.5506,0.4494,0.5415,0.5597,0.0182,9963.4
2024-01-01T02:59:00,0.5441,0.4559,0.5342,0.554,0.0199,6152.47
2024-01-01T03:00:00,0.5494,0.4506,0.5462,0.5526,0.0064,11380.5
2024-01-01T03:01:00,0.5493,0.4507,0.5464,0.5522,0.0059,10522.34
2024-01-01T03:02:00,0.5526,0.4474,0.5443,0.5609,0.0166,7829.95
2024-01-01T03:03:00,0.5521,0.4479,0.5428,0.5614,0.0186,7326.64
2024-01-01T03:04:00,0.5518,0.4482,0.5457,0.5579,0.0122,11226.54
2024-01-01T03:05:00,0.5488,0.4512,0.5409,0.5568,0.0159,5468.36
2024-01-01T03:06:00,0.5501,0.4499,0.5415,0.5588,0.0173,11360.15
2024-01-01T03:07:00,0.5481,0.4519,0.5402,0.5559,0.0157,11456.79
2024-01-01T03:08:00,0.5475,0.4525,0.5403,0.5547,0.0143,6092.22
2024-01-01T03:09:00,0.5466,0.4534,0.5347,0.5584,0.0238,5909.34
2024-01-01T03:10:00,0.5475,0.4525,0.541,0.5541,0.0132,11487.92
2024-01-01T03:11:00,0.5489,0.4511,0.5394,0.5585,0.0191,8280.29
2024-01-01T03:12:00,0.5531,0.4469,0.5437,0.5626,0.0189,7546.07
2024-01-01T03:13:00,0.5516,0.4484,0.5476,0.5556,0.008,8611.34
2024-01-01T03:14:00,0.5499,0.4501,0.5414,0.5583,0.0169,8228.17
2024-01-01T03:15:00,0.5515,0.4485,0.5467,0.5563,0.0096,8575.87
2024-01-01T03:16:00,0.5506,0.4494,0.5397,0.5615,0.0218,11120.03
2024-01-01T03:17:00,0.5497,0.4503,0.5423,0.5571,0.0148,7098.89
2024-01-01T03:18:00,0.5513,0.4487,0.5478,0.5547,0.0068,10402.36
2024-01-01T03:19:00,0.55,0.45,0.5458,0.5541,0.0083,6388.7
2024-01-01T03:20:00,0.5466,0.4534,0.5378,0.5554,0.0176,8847.01
2024-01-01T03:21:00,0.5495,0.4505,0.545,0.5539,0.009,10748.76
2024-01-01T03:22:00,0.5461,0.4539,0.5416,0.5506,0.0091,6640.2
2024-01-01T03:23:00,0.5485,0.4515,0.5449,0.5521,0.0071,10607.47
2024-01-01T03:24:00,0.5481,0.4519,0.545,0.5512,0.0062,9130.55
2024-01-01T03:25:00,0.5515,0.4485,0.5475,0.5556,0.0082,5968.12
2024-01-01T03:26:00,0.5476,0.4524,0.5394,0.5557,0.0163,9063.61
2024-01-01T03:27:00,0.5509,0.4491,0.5395,0.5622,0.0227,7156.11
2024-01-01T03:28:00,0.5482,0.4518,0.5364,0.56,0.0236,10748.66
2024-01-01T03:29:00,0.5498,0.4502,0.5409,0.5588,0.0179,5932.66
2024-01-01T03:30:00,0.5494,0.4506,0.5467,0.5521,0.0055,6158.94
2024-01-01T03:31:00,0.546,0.454,0.5405,0.5516,0.0111,8759.8
2024-01-01T03:32:00,0.5433,0.4567,0.5398,0.5468,0.007,10980.11
2024-01-01T03:33:00,0.5441,0.4559,0.5345,0.5537,0.0192,10128.76
2024-01-01T03:34:00,0.543,0.457,0.5324,0.5536,0.0212,7077.35
2024-01-01T03:35:00,0.5472,0.4528,0.5436,0.5508,0.0072,5182.98
2024-01-01T03:36:00,0.5489,0.4511,0.539,0.5589,0.0199,6533.97
2024-01-01T03:37:00,0.5512,0.4488,0.5443,0.5581,0.0138,5089.01
2024-01-01T03:38:00,0.5469,0.4531,0.5361,0.5576,0.0215,7183.8
2024-01-01T03:39:00,0.5519,0.4481,0.5488,0.5549,0.0061,9756.0
2024-01-01T03:40:00,0.5502,0.4498,0.5459,0.5544,0.0086,10474.5
2024-01-01T03:41:00,0.544,0.456,0.5395,0.5484,0.0089,10232.35
2024-01-01T03:42:00,0.5496,0.4504,0.5433,0.5558,0.0125,10974.67
2024-01-01T03:43:00,0.5519,0.4481,0.5458,0.558,0.0123,9878.07
2024-01-01T03:44:00,0.5505,0.4495,0.5454,0.5556,0.0103,9271.59
2024-01-01T03:45:00,0.5534,0.4466,0.5504,0.5563,0.0059,6597.75
2024-01-01T03:46:00,0.552,0.448,0.5486,0.5553,0.0067,6291.18
2024-01-01T03:47:00,0.5508,0.4492,0.5403,0.5613,0.021,8450.25
2024-01-01T03:48:00,0.5479,0.4521,0.5434,0.5524,0.009,8740.6
2024-01-01T03:49:00,0.5461,0.4539,0.5375,0.5547,0.0172,5594.75
2024-01-01T03:50:00,0.5443,0.4557,0.5353,0.5534,0.018,9695.78
2024-01-01T03:51:00,0.55,0.45,0.5388,0.5612,0.0224,10528.44
2024-01-01T03:52:00,0.5499,0.4501,0.5392,0.5606,0.0214,10895.85
2024-01-01T03:53:00,0.547,0.453,0.5419,0.5522,0.0104,6393.98
2024-01-01T03:54:00,0.5507,0.4493,0.5474,0.5539,0.0065,8798.99
2024-01-01T03:55:00,0.5474,0.4526,0.5446,0.5502,0.0056,7201.9
2024-01-01T03:56:00,0.5491,0.4509,0.5392,0.5589,0.0197,4971.55
2024-01-01T03:57:00,0.549,0.451,0.5419,0.5561,0.0142,6542.85
2024-01-01T03:58:00,0.5465,0.4535,0.5432,0.5498,0.0067,9687.81
2024-01-01T03:59:00,0.5492,0.4508,0.5392,0.5592,0.0201,7527.07
2024-01-01T04:00:00,0.5486,0.4514,0.5394,0.5579,0.0185,7776.91
2024-01-01T04:01:00,0.5512,0.4488,0.5405,0.5619,0.0214,8894.67
2024-01-01T04:02:00,0.5518,0.4482,0.5425,0.561,0.0185,5287.62
2024-01-01T04:03:00,0.5477,0.4523,0.5394,0.5559,0.0166,8742.21
2024-01-01T04:04:00,0.5498,0.4502,0.5426,0.5571,0.0146,10713.12
2024-01-01T04:05:00,0.5511,0.4489,0.5443,0.5578,0.0135,9219.11
2024-01-01T04:06:00,0.5488,0.4512,0.5459,0.5517,0.0058,7695.61
2024-01-01T04:07:00,0.5513,0.4487,0.5471,0.5555,0.0084,6568.74
2024-01-01T04:08:00,0.5527,0.4473,0.5435,0.5619,0.0184,10692.37
2024-01-01T04:09:00,0.5531,0.4469,0.5428,0.5634,0.0206,8610.21
2024-01-01T04:10:00,0.5542,0.4458,0.5491,0.5594,0.0103,7385.62
2024-01-01T04:11:00,0.5499,0.4501,0.5456,0.5543,0.0087,7607.6
2024-01-01T04:12:00,0.554,0.446,0.549,0.559,0.01,6282.8
2024-01-01T04:13:00,0.5539,0.4461,0.5478,0.56,0.0123,6165.76
2024-01-01T04:14:00,0.5505,0.4495,0.5409,0.5601,0.0191,6382.87
2024-01-01T04:15:00,0.5506,0.4494,0.5431,0.5581,0.015,10714.88
2024-01-01T04:16:00,0.5563,0.4437,0.547,0.5656,0.0186,7820.32
2024-01-01T04:17:00,0.5493,0.4507,0.5405,0.558,0.0176,5759.44
2024-01-01T04:18:00,0.5505,0.4495,0.5422,0.5588,0.0166,10401.59
2024-01-01T04:19:00,0.5493,0.4507,0.5403,0.5584,0.0181,9379.67
2024-01-01T04:20:00,0.5493,0.4507,0.5396,0.5589,0.0193,5218.83
2024-01-01T04:21:00,0.5499,0.4501,0.5429,0.5569,0.0139,10369.58
2024-01-01T04:22:00,0.5495,0.4505,0.5399,0.5591,0.0193,6798.25
2024-01-01T04:23:00,0.5461,0.4539,0.5403,0.5518,0.0115,6810.81
2024-01-01T04:24:00,0.5464,0.4536,0.537,0.5559,0.0189,5723.36
2024-01-01T04:25:00,0.5472,0.4528,0.5375,0.5568,0.0193,6956.84
2024-01-01T04:26:00,0.5488,0.4512,0.5444,0.5533,0.0089,7714.43
2024-01-01T04:27:00,0.5493,0.4507,0.5404,0.5581,0.0177,5606.26
2024-01-01T04:28:00,0.549,0.451,0.5418,0.5562,0.0145,9937.59
2024-01-01T04:29:00,0.549,0.451,0.5446,0.5535,0.0089,8323.96
2024-01-01T04:30:00,0.5509,0.4491,0.5468,0.555,0.0082,9456.32
2024-01-01T04:31:00,0.5496,0.4504,0.5434,0.5558,0.0123,10511.4
2024-01-01T04:32:00,0.5525,0.4475,0.5418,0.5631,0.0213,5100.94
2024-01-01T04:33:00,0.5501,0.4499,0.5438,0.5565,0.0126,7718.07
2024-01-01T04:34:00,0.5493,0.4507,0.5433,0.5554,0.0121,5846.01
2024-01-01T04:35:00,0.5478,0.4522,0.5388,0.5568,0.018,10042.46
2024-01-01T04:36:00,0.5501,0.4499,0.54,0.5601,0.0201,9714.07
2024-01-01T04:37:00,0.5519,0.4481,0.5448,0.5591,0.0143,10151.94
2024-01-01T04:38:00,0.5506,0.4494,0.5409,0.5602,0.0193,8969.99
2024-01-01T04:39:00,0.5563,0.4437,0.5532,0.5594,0.0062,4872.23
2024-01-01T04:40:00,0.555,0.445,0.5433,0.5667,0.0234,6586.78
2024-01-01T04:41:00,0.5532,0.4468,0.5474,0.5591,0.0117,9069.77
2024-01-01T04:42:00,0.5499,0.4501,0.5385,0.5613,0.0229,5840.25
2024-01-01T04:43:00,0.548,0.452,0.5405,0.5555,0.015,7550.6
2024-01-01T04:44:00,0.5543,0.4457,0.5464,0.5622,0.0159,8219.16
2024-01-01T04:45:00,0.5531,0.4469,0.5416,0.5646,0.023,8659.9
2024-01-01T04:46:00,0.5509,0.4491,0.5484,0.5534,0.005,11110.37
2024-01-01T04:47:00,0.5535,0.4465,0.5445,0.5625,0.0179,4946.13
2024-01-01T04:48:00,0.5507,0.4493,0.5467,0.5547,0.008,7787.76
2024-01-01T04:49:00,0.5503,0.4497,0.5432,0.5574,0.0142,9421.4
2024-01-01T04:50:00,0.5519,0.4481,0.5417,0.562,0.0203,10859.89
2024-01-01T04:51:00,0.5512,0.4488,0.5474,0.555,0.0076,11259.88
2024-01-01T04:52:00,0.5509,0.4491,0.5457,0.5561,0.0104,6218.08
2024-01-01T04:53:00,0.5505,0.4495,0.5444,0.5567,0.0122,6873.67
2024-01-01T04:54:00,0.5494,0.4506,0.5394,0.5594,0.02,11341.43
2024-01-01T04:55:00,0.5536,0.4464,0.545,0.5622,0.0172,7737.32
2024-01-01T04:56:00,0.5494,0.4506,0.5457,0.5531,0.0074,5532.08
2024-01-01T04:57:00,0.5509,0.4491,0.5438,0.5579,0.0141,10197.46
2024-01-01T04:58:00,0.5515,0.4485,0.5471,0.5558,0.0087,5496.87
2024-01-01T04:59:00,0.5481,0.4519,0.5363,0.5598,0.0235,10369.91
2024-01-01T05:00:00,0.5504,0.4496,0.5467,0.5542,0.0075,6856.88
2024-01-01T05:01:00,0.5472,0.4528,0.5361,0.5583,0.0222,7767.14
2024-01-01T05:02:00,0.5469,0.4531,0.5384,0.5555,0.0171,7847.36
2024-01-01T05:03:00,0.5456,0.4544,0.5385,0.5528,0.0143,8604.05
2024-01-01T05:04:00,0.5462,0.4538,0.5416,0.5509,0.0093,7482.67
2024-01-01T05:05:00,0.5461,0.4539,0.5356,0.5567,0.0212,7825.89
2024-01-01T05:06:00,0.549,0.451,0.5398,0.5582,0.0184,7270.28
2024-01-01T05:07:00,0.5491,0.4509,0.5435,0.5547,0.0112,11314.45
2024-01-01T05:08:00,0.5486,0.4514,0.5403,0.5569,0.0166,10026.96
2024-01-01T05:09:00,0.552,0.448,0.5496,0.5544,0.0049,7046.04
2024-01-01T05:10:00,0.5544,0.4456,0.545,0.5638,0.0187,7779.74
2024-01-01T05:11:00,0.5461,0.4539,0.539,0.5533,0.0143,9039.4
2024-01-01T05:12:00,0.5476,0.4524,0.5402,0.555,0.0147,5417.91
2024-01-01T05:13:00,0.547,0.453,0.5397,0.5542,0.0144,10263.18
2024-01-01T05:14:00,0.5425,0.4575,0.5348,0.5502,0.0153,9952.56
2024-01-01T05:15:00,0.5455,0.4545,0.5337,0.5573,0.0236,8793.05
2024-01-01T05:16:00,0.5511,0.4489,0.5468,0.5554,0.0085,9073.55
2024-01-01T05:17:00,0.5504,0.4496,0.5421,0.5587,0.0166,5830.53
2024-01-01T05:18:00,0.5526,0.4474,0.5414,0.5637,0.0222,10553.76
2024-01-01T05:19:00,0.5472,0.4528,0.5359,0.5586,0.0228,8609.66
2024-01-01T05:20:00,0.549,0.451,0.546,0.5519,0.0058,11298.01
2024-01-01T05:21:00,0.5476,0.4524,0.5416,0.5535,0.0119,9847.83
2024-01-01T05:22:00,0.551,0.449,0.548,0.5539,0.0059,5157.79
2024-01-01T05:23:00,0.5529,0.4471,0.5501,0.5556,0.0055,5614.13
2024-01-01T05:24:00,0.5537,0.4463,0.5427,0.5647,0.022,5775.23
2024-01-01T05:25:00,0.5552,0.4448,0.5453,0.565,0.0197,7176.55
2024-01-01T05:26:00,0.552,0.448,0.5484,0.5555,0.0071,8602.83
2024-01-01T05:27:00,0.5588,0.4412,0.556,0.5617,0.0057,9589.56
2024-01-01T05:28:00,0.5595,0.4405,0.5563,0.5626,0.0063,10950.37
2024-01-01T05:29:00,0.5626,0.4374,0.5533,0.5718,0.0185,8723.97
2024-01-01T05:30:00,0.5634,0.4366,0.5548,0.572,0.0172,4963.65
2024-01-01T05:31:00,0.5696,0.4304,0.559,0.5801,0.0211,7353.0
2024-01-01T05:32:00,0.5696,0.4304,0.5635,0.5756,0.0121,10667.99
2024-01-01T05:33:00,0.5718,0.4282,0.5684,0.5751,0.0067,7374.97
2024-01-01T05:34:00,0.5686,0.4314,0.5605,0.5767,0.0162,7828.53
2024-01-01T05:35:00,0.5703,0.4297,0.5678,0.5728,0.005,8473.57
2024-01-01T05:36:00,0.5773,0.4227,0.5698,0.5848,0.015,9887.79
2024-01-01T05:37:00,0.5758,0.4242,0.5649,0.5867,0.0217,4700.56
2024-01-01T05:38:00,0.5798,0.4202,0.576,0.5836,0.0076,7165.74
2024-01-01T05:39:00,0.5812,0.4188,0.576,0.5864,0.0104,9034.85
2024-01-01T05:40:00,0.5866,0.4134,0.5761,0.5972,0.0211,5012.08
2024-01-01T05:41:00,0.5874,0.4126,0.5781,0.5967,0.0187,8065.45
2024-01-01T05:42:00,0.5875,0.4125,0.5778,0.5972,0.0194,4814.37
2024-01-01T05:43:00,0.5904,0.4096,0.5875,0.5933,0.0058,5434.51
2024-01-01T05:44:00,0.5925,0.4075,0.5857,0.5993,0.0137,4816.1
2024-01-01T05:45:00,0.5912,0.4088,0.5867,0.5957,0.009,4849.52
2024-01-01T05:46:00,0.5946,0.4054,0.5859,0.6033,0.0174,9306.95
2024-01-01T05:47:00,0.5973,0.4027,0.5934,0.6012,0.0077,5316.51
2024-01-01T05:48:00,0.6039,0.3961,0.5958,0.6121,0.0163,10226.12
2024-01-01T05:49:00,0.6065,0.3935,0.6033,0.6096,0.0063,9907.31
2024-01-01T05:50:00,0.6087,0.3913,0.5984,0.6189,0.0205,9528.58
2024-01-01T05:51:00,0.6083,0.3917,0.6006,0.616,0.0154,6212.06
2024-01-01T05:52:00,0.6098,0.3902,0.6028,0.6169,0.014,7199.34
2024-01-01T05:53:00,0.6111,0.3889,0.602,0.6202,0.0182,6686.07
2024-01-01T05:54:00,0.6137,0.3863,0.6096,0.6178,0.0082,9111.34
2024-01-01T05:55:00,0.6163,0.3837,0.6099,0.6227,0.0128,9396.59
2024-01-01T05:56:00,0.6153,0.3847,0.607,0.6236,0.0165,9311.94
2024-01-01T05:57:00,0.6183,0.3817,0.6145,0.6221,0.0075,7217.19
2024-01-01T05:58:00,0.6214,0.3786,0.6183,0.6245,0.0061,8075.98
2024-01-01T05:59:00,0.6238,0.3762,0.6156,0.632,0.0164,7756.26
2024-01-01T06:00:00,0.6233,0.3767,0.6165,0.6302,0.0137,9730.09
2024-01-01T06:01:00,0.6277,0.3723,0.6174,0.6379,0.0205,8164.1
2024-01-01T06:02:00,0.6299,0.3701,0.6265,0.6332,0.0067,8441.65
2024-01-01T06:03:00,0.6283,0.3717,0.6218,0.6349,0.0132,6746.69
2024-01-01T06:04:00,0.6315,0.3685,0.6269,0.6361,0.0092,5854.25
2024-01-01T06:05:00,0.6334,0.3666,0.6225,0.6442,0.0216,7294.83
2024-01-01T06:06:00,0.6381,0.3619,0.6327,0.6435,0.0108,6787.69
2024-01-01T06:07:00,0.6386,0.3614,0.6345,0.6428,0.0083,4069.48
2024-01-01T06:08:00,0.6406,0.3594,0.6343,0.6469,0.0126,7881.84
2024-01-01T06:09:00,0.639,0.361,0.6324,0.6457,0.0134,6267.35
2024-01-01T06:10:00,0.6452,0.3548,0.6391,0.6513,0.0122,8018.19
2024-01-01T06:11:00,0.6476,0.3524,0.6442,0.6509,0.0067,4242.91
2024-01-01T06:12:00,0.6474,0.3526,0.6399,0.6549,0.0149,8238.1
2024-01-01T06:13:00,0.651,0.349,0.6412,0.6608,0.0196,4844.58
2024-01-01T06:14:00,0.6532,0.3468,0.6501,0.6562,0.006,7154.35
2024-01-01T06:15:00,0.6532,0.3468,0.6478,0.6587,0.011,4261.91
2024-01-01T06:16:00,0.6605,0.3395,0.6564,0.6646,0.0082,5597.02
2024-01-01T06:17:00,0.661,0.339,0.6537,0.6683,0.0146,8909.63
2024-01-01T06:18:00,0.6616,0.3384,0.659,0.6642,0.0052,7601.87
2024-01-01T06:19:00,0.6623,0.3377,0.6517,0.6729,0.0212,7412.07
2024-01-01T06:20:00,0.6702,0.3298,0.6662,0.6742,0.0079,6456.79
2024-01-01T06:21:00,0.6682,0.3318,0.6586,0.6779,0.0193,6540.15
2024-01-01T06:22:00,0.6711,0.3289,0.6643,0.6779,0.0136,5156.19
2024-01-01T06:23:00,0.672,0.328,0.6667,0.6773,0.0106,5357.54
2024-01-01T06:24:00,0.6726,0.3274,0.6675,0.6777,0.0103,6855.13
2024-01-01T06:25:00,0.6773,0.3227,0.6677,0.6868,0.0191,7563.71
2024-01-01T06:26:00,0.6774,0.3226,0.6678,0.687,0.0192,5164.09
2024-01-01T06:27:00,0.6775,0.3225,0.6744,0.6805,0.0061,7255.4
2024-01-01T06:28:00,0.6831,0.3169,0.6737,0.6926,0.0189,7412.89
2024-01-01T06:29:00,0.6836,0.3164,0.676,0.6912,0.0152,8149.86
2024-01-01T06:30:00,0.6846,0.3154,0.6812,0.6879,0.0066,6800.03
2024-01-01T06:31:00,0.6869,0.3131,0.6812,0.6926,0.0113,5904.25
2024-01-01T06:32:00,0.6888,0.3112,0.6811,0.6966,0.0156,5813.17
2024-01-01T06:33:00,0.6926,0.3074,0.6894,0.6957,0.0062,7333.92
2024-01-01T06:34:00,0.6947,0.3053,0.6866,0.7028,0.0162,5098.78
2024-01-01T06:35:00,0.691,0.309,0.687,0.6951,0.0081,5349.93
2024-01-01T06:36:00,0.6964,0.3036,0.6941,0.6987,0.0046,4709.62
2024-01-01T06:37:00,0.7017,0.2983,0.6932,0.7103,0.017,5088.72
2024-01-01T06:38:00,0.701,0.299,0.6926,0.7093,0.0167,7618.51
2024-01-01T06:39:00,0.7006,0.2994,0.6984,0.7028,0.0044,8097.36
2024-01-01T06:40:00,0.7008,0.2992,0.698,0.7036,0.0056,7264.28
2024-01-01T06:41:00,0.7033,0.2967,0.6987,0.7079,0.0092,6685.86
2024-01-01T06:42:00,0.7109,0.2891,0.703,0.7188,0.0158,7558.01
2024-01-01T06:43:00,0.7071,0.2929,0.7033,0.711,0.0077,5618.11
2024-01-01T06:44:00,0.7103,0.2897,0.7047,0.7159,0.0111,6216.85
2024-01-01T06:45:00,0.7108,0.2892,0.7023,0.7194,0.0171,4398.59
2024-01-01T06:46:00,0.7137,0.2863,0.7064,0.7209,0.0145,5516.79
2024-01-01T06:47:00,0.7149,0.2851,0.7059,0.724,0.0181,7530.55
2024-01-01T06:48:00,0.7195,0.2805,0.7116,0.7274,0.0158,6294.97
2024-01-01T06:49:00,0.7221,0.2779,0.7179,0.7263,0.0083,5490.0
2024-01-01T06:50:00,0.7243,0.2757,0.716,0.7327,0.0167,5152.39
2024-01-01T06:51:00,0.7252,0.2748,0.7191,0.7313,0.0122,4734.76
2024-01-01T06:52:00,0.5919,0.4081,0.5861,0.5978,0.0116,6462.82
2024-01-01T06:53:00,0.5854,0.4146,0.5814,0.5893,0.0079,5291.7
2024-01-01T06:54:00,0.586,0.414,0.575,0.5971,0.0221,8224.8
2024-01-01T06:55:00,0.5845,0.4155,0.5814,0.5875,0.0062,5209.17
2024-01-01T06:56:00,0.583,0.417,0.5799,0.5862,0.0062,5014.58
2024-01-01T06:57:00,0.5835,0.4165,0.5742,0.5928,0.0187,4811.62
2024-01-01T06:58:00,0.5847,0.4153,0.5762,0.5932,0.0171,5641.35
2024-01-01T06:59:00,0.5841,0.4159,0.576,0.5922,0.0161,5294.43
2024-01-01T07:00:00,0.5867,0.4133,0.5767,0.5966,0.0199,10392.73
2024-01-01T07:01:00,0.5917,0.4083,0.5814,0.602,0.0206,7734.95
2024-01-01T07:02:00,0.5911,0.4089,0.5829,0.5993,0.0164,9548.29
2024-01-01T07:03:00,0.594,0.406,0.5849,0.603,0.018,7328.65
2024-01-01T07:04:00,0.5944,0.4056,0.5918,0.5969,0.0051,6636.47
2024-01-01T07:05:00,0.5975,0.4025,0.5888,0.6062,0.0174,9068.61
2024-01-01T07:06:00,0.5969,0.4031,0.5875,0.6063,0.0188,10380.45
2024-01-01T07:07:00,0.6028,0.3972,0.5939,0.6117,0.0178,9710.03
2024-01-01T07:08:00,0.6038,0.3962,0.5944,0.6132,0.0187,6132.52
2024-01-01T07:09:00,0.6081,0.3919,0.5986,0.6176,0.019,4634.18
2024-01-01T07:10:00,0.6057,0.3943,0.6006,0.6108,0.0102,6918.39
2024-01-01T07:11:00,0.6078,0.3922,0.6038,0.6118,0.008,6175.84
2024-01-01T07:12:00,0.6086,0.3914,0.6036,0.6137,0.0101,4610.3
2024-01-01T07:13:00,0.6102,0.3898,0.6016,0.6189,0.0173,6143.22
2024-01-01T07:14:00,0.6129,0.3871,0.6034,0.6224,0.019,5348.67
2024-01-01T07:15:00,0.6175,0.3825,0.6146,0.6204,0.0057,7353.8
2024-01-01T07:16:00,0.6151,0.3849,0.6092,0.6209,0.0117,8418.99
2024-01-01T07:17:00,0.6207,0.3793,0.6148,0.6266,0.0118,5654.54
2024-01-01T07:18:00,0.6254,0.3746,0.6184,0.6324,0.0139,9250.29
2024-01-01T07:19:00,0.6234,0.3766,0.6192,0.6277,0.0085,6992.6
2024-01-01T07:20:00,0.6281,0.3719,0.6222,0.6339,0.0117,6961.99
2024-01-01T07:21:00,0.6291,0.3709,0.6246,0.6337,0.0091,5398.93
2024-01-01T07:22:00,0.6314,0.3686,0.6274,0.6353,0.0078,6375.27
2024-01-01T07:23:00,0.6321,0.3679,0.6269,0.6374,0.0105,9150.85
2024-01-01T07:24:00,0.6312,0.3688,0.6265,0.636,0.0095,9072.94
2024-01-01T07:25:00,0.6344,0.3656,0.6271,0.6417,0.0146,8483.95
2024-01-01T07:26:00,0.6402,0.3598,0.6306,0.6498,0.0192,4314.49
2024-01-01T07:27:00,0.6439,0.3561,0.6392,0.6486,0.0094,6282.1
2024-01-01T07:28:00,0.6436,0.3564,0.6337,0.6534,0.0197,8336.04
2024-01-01T07:29:00,0.6461,0.3539,0.6413,0.6509,0.0096,7732.5
2024-01-01T07:30:00,0.6472,0.3528,0.6371,0.6574,0.0203,7297.06
2024-01-01T07:31:00,0.6515,0.3485,0.6431,0.6598,0.0167,7961.53
2024-01-01T07:32:00,0.6461,0.3539,0.6357,0.6565,0.0208,4844.6
2024-01-01T07:33:00,0.6542,0.3458,0.6451,0.6633,0.0181,6132.68
2024-01-01T07:34:00,0.6547,0.3453,0.6467,0.6628,0.0161,8047.53
2024-01-01T07:35:00,0.6588,0.3412,0.6515,0.6662,0.0148,5424.29
2024-01-01T07:36:00,0.6584,0.3416,0.6517,0.665,0.0133,5081.88
2024-01-01T07:37:00,0.6599,0.3401,0.6571,0.6627,0.0056,4698.37
2024-01-01T07:38:00,0.6606,0.3394,0.6509,0.6702,0.0194,7437.19
2024-01-01T07:39:00,0.6626,0.3374,0.6569,0.6682,0.0112,4349.42
2024-01-01T07:40:00,0.6651,0.3349,0.6566,0.6735,0.0169,5445.9
2024-01-01T07:41:00,0.6684,0.3316,0.6585,0.6783,0.0197,6197.84
2024-01-01T07:42:00,0.6748,0.3252,0.6701,0.6795,0.0093,6077.91
2024-01-01T07:43:00,0.6748,0.3252,0.6671,0.6824,0.0154,7879.63
2024-01-01T07:44:00,0.6748,0.3252,0.6656,0.6839,0.0183,6648.76
2024-01-01T07:45:00,0.6801,0.3199,0.6715,0.6887,0.0172,7770.72
2024-01-01T07:46:00,0.6778,0.3222,0.6741,0.6816,0.0075,7171.61
2024-01-01T07:47:00,0.6844,0.3156,0.6777,0.6911,0.0134,4622.06
2024-01-01T07:48:00,0.6828,0.3172,0.6748,0.6908,0.016,8264.34
2024-01-01T07:49:00,0.6822,0.3178,0.6774,0.687,0.0097,6892.59
2024-01-01T07:50:00,0.6871,0.3129,0.6837,0.6905,0.0068,4353.53
2024-01-01T07:51:00,0.6884,0.3116,0.684,0.6928,0.0088,6741.31
2024-01-01T07:52:00,0.6933,0.3067,0.6878,0.6988,0.011,4413.66
2024-01-01T07:53:00,0.692,0.308,0.6897,0.6943,0.0046,4861.22
2024-01-01T07:54:00,0.6939,0.3061,0.6882,0.6996,0.0114,3895.77
2024-01-01T07:55:00,0.6994,0.3006,0.6921,0.7067,0.0146,4155.32
2024-01-01T07:56:00,0.6982,0.3018,0.6931,0.7033,0.0102,4376.53
2024-01-01T07:57:00,0.6981,0.3019,0.6937,0.7026,0.0089,4460.3
2024-01-01T07:58:00,0.7012,0.2988,0.698,0.7043,0.0063,3994.87
2024-01-01T07:59:00,0.7026,0.2974,0.6941,0.711,0.017,5964.27
2024-01-01T08:00:00,0.7046,0.2954,0.6994,0.7098,0.0104,3921.25
2024-01-01T08:01:00,0.7059,0.2941,0.7031,0.7086,0.0056,6584.85
2024-01-01T08:02:00,0.7105,0.2895,0.7036,0.7174,0.0138,4119.91
2024-01-01T08:03:00,0.7117,0.2883,0.7065,0.7169,0.0104,6780.63
2024-01-01T08:04:00,0.7129,0.2871,0.7049,0.7209,0.016,6874.64
2024-01-01T08:05:00,0.7165,0.2835,0.7073,0.7258,0.0185,6981.57
2024-01-01T08:06:00,0.7174,0.2826,0.7122,0.7226,0.0104,6068.66
2024-01-01T08:07:00,0.7207,0.2793,0.7142,0.7273,0.0131,7413.15
2024-01-01T08:08:00,0.7182,0.2818,0.7122,0.7243,0.0121,4509.92
2024-01-01T08:09:00,0.7235,0.2765,0.7155,0.7314,0.0159,5934.35
2024-01-01T08:10:00,0.7275,0.2725,0.719,0.7359,0.0169,6253.68
2024-01-01T08:11:00,0.7278,0.2722,0.7211,0.7345,0.0134,6300.91
2024-01-01T08:12:00,0.7305,0.2695,0.7241,0.7369,0.0128,7135.4
2024-01-01T08:13:00,0.7317,0.2683,0.7232,0.7402,0.017,6427.62
2024-01-01T08:14:00,0.7339,0.2661,0.7317,0.7362,0.0046,6740.88
2024-01-01T08:15:00,0.7358,0.2642,0.7331,0.7385,0.0055,6155.88
2024-01-01T08:16:00,0.7363,0.2637,0.7341,0.7385,0.0045,3814.91
2024-01-01T08:17:00,0.7379,0.2621,0.7287,0.747,0.0183,4907.37
2024-01-01T08:18:00,0.7415,0.2585,0.7364,0.7466,0.0102,4723.47
2024-01-01T08:19:00,0.7443,0.2557,0.7397,0.749,0.0093,3157.26
2024-01-01T08:20:00,0.7456,0.2544,0.7402,0.751,0.0108,5552.48
2024-01-01T08:21:00,0.7495,0.2505,0.7423,0.7568,0.0145,6504.64
2024-01-01T08:22:00,0.7544,0.2456,0.7477,0.7612,0.0135,3583.02
2024-01-01T08:23:00,0.7558,0.2442,0.752,0.7596,0.0076,2956.45
2024-01-01T08:24:00,0.7576,0.2424,0.7491,0.7661,0.017,5056.6
2024-01-01T08:25:00,0.7604,0.2396,0.7528,0.768,0.0151,3495.41
2024-01-01T08:26:00,0.7614,0.2386,0.7523,0.7705,0.0182,4496.88
2024-01-01T08:27:00,0.7642,0.2358,0.7558,0.7726,0.0167,6195.82
2024-01-01T08:28:00,0.7623,0.2377,0.7528,0.7718,0.019,3066.22
2024-01-01T08:29:00,0.7641,0.2359,0.7612,0.7669,0.0056,3000.19
2024-01-01T08:30:00,0.7658,0.2342,0.7578,0.7738,0.0159,5399.3
2024-01-01T08:31:00,0.7691,0.2309,0.7627,0.7756,0.0128,3566.32
2024-01-01T08:32:00,0.7711,0.2289,0.7636,0.7786,0.015,4856.37
2024-01-01T08:33:00,0.772,0.228,0.7646,0.7793,0.0148,3968.56
2024-01-01T08:34:00,0.7728,0.2272,0.7641,0.7816,0.0175,5341.04
2024-01-01T08:35:00,0.7739,0.2261,0.7697,0.7782,0.0086,3396.13
2024-01-01T08:36:00,0.7791,0.2209,0.7757,0.7824,0.0067,6154.02
2024-01-01T08:37:00,0.7781,0.2219,0.7739,0.7823,0.0084,4696.97
2024-01-01T08:38:00,0.7831,0.2169,0.774,0.7922,0.0183,6096.36
2024-01-01T08:39:00,0.7834,0.2166,0.7789,0.7878,0.0089,4624.43
2024-01-01T08:40:00,0.7848,0.2152,0.7759,0.7938,0.0179,4650.9
2024-01-01T08:41:00,0.7852,0.2148,0.7763,0.7941,0.0178,6126.47
2024-01-01T08:42:00,0.7904,0.2096,0.7849,0.796,0.0111,5462.65
2024-01-01T08:43:00,0.7861,0.2139,0.7794,0.7928,0.0134,2872.23
2024-01-01T08:44:00,0.7911,0.2089,0.789,0.7932,0.0042,2810.15
2024-01-01T08:45:00,0.7933,0.2067,0.7909,0.7958,0.0049,5626.37
2024-01-01T08:46:00,0.7984,0.2016,0.7943,0.8024,0.008,4727.92
2024-01-01T08:47:00,0.798,0.202,0.7895,0.8066,0.017,3071.32
2024-01-01T08:48:00,0.7992,0.2008,0.7922,0.8063,0.0141,3108.57
2024-01-01T08:49:00,0.804,0.196,0.7977,0.8104,0.0127,4328.44
2024-01-01T08:50:00,0.8086,0.1914,0.8053,0.8119,0.0066,4419.67
2024-01-01T08:51:00,0.8083,0.1917,0.8045,0.8121,0.0076,2692.15
2024-01-01T08:52:00,0.8108,0.1892,0.8031,0.8186,0.0155,4643.08
2024-01-01T08:53:00,0.8134,0.1866,0.8059,0.8208,0.0148,4873.0
2024-01-01T08:54:00,0.8148,0.1852,0.8098,0.8199,0.0102,4645.98
2024-01-01T08:55:00,0.8203,0.1797,0.8115,0.8291,0.0176,3486.87
2024-01-01T08:56:00,0.8216,0.1784,0.8129,0.8303,0.0174,5365.64
2024-01-01T08:57:00,0.8194,0.1806,0.8126,0.8263,0.0137,4449.29
2024-01-01T08:58:00,0.8252,0.1748,0.8219,0.8284,0.0065,4079.36
2024-01-01T08:59:00,0.8264,0.1736,0.8239,0.829,0.0051,4036.33
2024-01-01T09:00:00,0.827,0.173,0.8193,0.8347,0.0154,3360.69
2024-01-01T09:01:00,0.8289,0.1711,0.8251,0.8327,0.0076,2956.98
2024-01-01T09:02:00,0.8301,0.1699,0.8249,0.8353,0.0104,4253.67
2024-01-01T09:03:00,0.8313,0.1687,0.8254,0.8371,0.0117,4570.13
2024-01-01T09:04:00,0.8357,0.1643,0.8333,0.8382,0.0049,2456.42
2024-01-01T09:05:00,0.8354,0.1646,0.8333,0.8376,0.0044,2412.06
2024-01-01T09:06:00,0.8386,0.1614,0.8334,0.8438,0.0104,2864.47
2024-01-01T09:07:00,0.8407,0.1593,0.8358,0.8457,0.0098,4087.47
2024-01-01T09:08:00,0.8406,0.1594,0.8376,0.8436,0.006,2306.87
2024-01-01T09:09:00,0.8418,0.1582,0.8338,0.8498,0.016,4842.06
2024-01-01T09:10:00,0.8434,0.1566,0.8404,0.8464,0.006,4015.27
2024-01-01T09:11:00,0.8427,0.1573,0.8377,0.8477,0.01,3031.41
2024-01-01T09:12:00,0.8419,0.1581,0.8371,0.8468,0.0098,2661.03
2024-01-01T09:13:00,0.8458,0.1542,0.843,0.8485,0.0054,2180.11
2024-01-01T09:14:00,0.8475,0.1525,0.8402,0.8547,0.0145,4061.31
2024-01-01T09:15:00,0.8458,0.1542,0.8392,0.8524,0.0131,4662.19
2024-01-01T09:16:00,0.8488,0.1512,0.8435,0.854,0.0105,4568.56
2024-01-01T09:17:00,0.855,0.145,0.8529,0.8572,0.0043,3053.66
2024-01-01T09:18:00,0.8525,0.1475,0.848,0.8571,0.0091,4623.22
2024-01-01T09:19:00,0.8501,0.1499,0.8475,0.8527,0.0051,2286.13
2024-01-01T09:20:00,0.8524,0.1476,0.8463,0.8586,0.0123,4500.53
2024-01-01T09:21:00,0.8555,0.1445,0.8514,0.8596,0.0082,2623.31
2024-01-01T09:22:00,0.8523,0.1477,0.8485,0.856,0.0075,3991.73
2024-01-01T09:23:00,0.8564,0.1436,0.8536,0.8593,0.0057,2275.85
2024-01-01T09:24:00,0.8525,0.1475,0.8505,0.8544,0.0039,4544.47
2024-01-01T09:25:00,0.8563,0.1437,0.8506,0.8621,0.0114,4169.05
2024-01-01T09:26:00,0.8571,0.1429,0.8504,0.8638,0.0134,3105.61
2024-01-01T09:27:00,0.8558,0.1442,0.8492,0.8624,0.0131,4247.38
2024-01-01T09:28:00,0.8574,0.1426,0.8506,0.8641,0.0135,2724.65
2024-01-01T09:29:00,0.8573,0.1427,0.8495,0.865,0.0155,3344.13
2024-01-01T09:30:00,0.8565,0.1435,0.8513,0.8617,0.0104,2857.8
2024-01-01T09:31:00,0.8555,0.1445,0.8489,0.8622,0.0134,4597.13
2024-01-01T09:32:00,0.8547,0.1453,0.8517,0.8576,0.0058,4083.45
2024-01-01T09:33:00,0.8555,0.1445,0.8523,0.8588,0.0065,3851.54
2024-01-01T09:34:00,0.8493,0.1507,0.8436,0.855,0.0114,3874.82
2024-01-01T09:35:00,0.8504,0.1496,0.8468,0.854,0.0072,4621.36
2024-01-01T09:36:00,0.8492,0.1508,0.8473,0.8511,0.0037,3244.58
2024-01-01T09:37:00,0.8474,0.1526,0.8436,0.8511,0.0075,4484.04
2024-01-01T09:38:00,0.8518,0.1482,0.844,0.8596,0.0156,2852.84
2024-01-01T09:39:00,0.8542,0.1458,0.8482,0.8602,0.012,2688.46
2024-01-01T09:40:00,0.8507,0.1493,0.8463,0.8552,0.009,3181.46
2024-01-01T09:41:00,0.8536,0.1464,0.8513,0.856,0.0047,3179.24
2024-01-01T09:42:00,0.8528,0.1472,0.8511,0.8546,0.0035,2417.25
2024-01-01T09:43:00,0.8558,0.1442,0.851,0.8605,0.0095,3996.84
2024-01-01T09:44:00,0.8538,0.1462,0.8478,0.8597,0.0119,2420.79
2024-01-01T09:45:00,0.8566,0.1434,0.8525,0.8606,0.0081,3717.15
2024-01-01T09:46:00,0.8543,0.1457,0.8494,0.8591,0.0098,4205.26
2024-01-01T09:47:00,0.8567,0.1433,0.8508,0.8625,0.0117,3056.0
2024-01-01T09:48:00,0.8536,0.1464,0.8468,0.8604,0.0136,4021.38
2024-01-01T09:49:00,0.8514,0.1486,0.8444,0.8585,0.0141,4528.88
2024-01-01T09:50:00,0.8562,0.1438,0.8535,0.8589,0.0054,3175.88
2024-01-01T09:51:00,0.8571,0.1429,0.849,0.8653,0.0163,2845.23
2024-01-01T09:52:00,0.8574,0.1426,0.8538,0.8611,0.0074,3694.55
2024-01-01T09:53:00,0.8564,0.1436,0.8488,0.8639,0.0151,4434.5
2024-01-01T09:54:00,0.8558,0.1442,0.8478,0.8637,0.0159,2048.23
2024-01-01T09:55:00,0.8558,0.1442,0.85,0.8616,0.0116,2376.2
2024-01-01T09:56:00,0.8567,0.1433,0.8515,0.8618,0.0103,4091.32
2024-01-01T09:57:00,0.8523,0.1477,0.8471,0.8576,0.0105,4255.5
2024-01-01T09:58:00,0.8544,0.1456,0.8487,0.8601,0.0114,2581.35
2024-01-01T09:59:00,0.8563,0.1437,0.8514,0.8612,0.0098,3596.6
2024-01-01T10:00:00,0.8578,0.1422,0.8508,0.8648,0.0141,3851.07
2024-01-01T10:01:00,0.857,0.143,0.8488,0.8652,0.0164,3133.35
2024-01-01T10:02:00,0.8562,0.1438,0.8508,0.8616,0.0108,4363.47
2024-01-01T10:03:00,0.8537,0.1463,0.8479,0.8595,0.0116,3821.11
2024-01-01T10:04:00,0.8561,0.1439,0.8537,0.8586,0.005,4128.83
2024-01-01T10:05:00,0.8537,0.1463,0.8458,0.8617,0.016,3021.06
2024-01-01T10:06:00,0.8524,0.1476,0.8442,0.8605,0.0163,2725.37
2024-01-01T10:07:00,0.8535,0.1465,0.8487,0.8583,0.0096,2681.22
2024-01-01T10:08:00,0.8498,0.1502,0.8477,0.852,0.0043,4042.36
2024-01-01T10:09:00,0.8516,0.1484,0.8441,0.8591,0.015,3020.13
2024-01-01T10:10:00,0.8496,0.1504,0.8444,0.8547,0.0103,3588.52
2024-01-01T10:11:00,0.8541,0.1459,0.8477,0.8604,0.0127,4383.99
2024-01-01T10:12:00,0.8493,0.1507,0.8421,0.8565,0.0144,3525.75
2024-01-01T10:13:00,0.8485,0.1515,0.8403,0.8567,0.0164,3838.69
2024-01-01T10:14:00,0.8517,0.1483,0.8436,0.8599,0.0163,2568.48
2024-01-01T10:15:00,0.8508,0.1492,0.8448,0.8568,0.012,4494.52
2024-01-01T10:16:00,0.8566,0.1434,0.853,0.8603,0.0073,4296.98
2024-01-01T10:17:00,0.8517,0.1483,0.8439,0.8595,0.0156,3481.4
2024-01-01T10:18:00,0.8519,0.1481,0.8484,0.8553,0.0069,3559.79
2024-01-01T10:19:00,0.8563,0.1437,0.8518,0.8607,0.0088,2069.38
2024-01-01T10:20:00,0.8559,0.1441,0.8517,0.8602,0.0085,2329.22
2024-01-01T10:21:00,0.8551,0.1449,0.853,0.8572,0.0043,4101.18
2024-01-01T10:22:00,0.8544,0.1456,0.85,0.8588,0.0088,3016.71
2024-01-01T10:23:00,0.8543,0.1457,0.8482,0.8603,0.0121,2939.87
2024-01-01T10:24:00,0.8538,0.1462,0.8454,0.8623,0.0169,2536.41
2024-01-01T10:25:00,0.8514,0.1486,0.8474,0.8554,0.008,3385.11
2024-01-01T10:26:00,0.8506,0.1494,0.8464,0.8549,0.0086,3686.62
2024-01-01T10:27:00,0.8506,0.1494,0.8486,0.8526,0.004,2784.27
2024-01-01T10:28:00,0.8514,0.1486,0.8497,0.8532,0.0035,2120.43
2024-01-01T10:29:00,0.8488,0.1512,0.8434,0.8543,0.0109,3930.42
2024-01-01T10:30:00,0.8481,0.1519,0.8453,0.8509,0.0056,3873.38
2024-01-01T10:31:00,0.8447,0.1553,0.8382,0.8512,0.013,3970.19
2024-01-01T10:32:00,0.8513,0.1487,0.8467,0.856,0.0092,3758.39
2024-01-01T10:33:00,0.8518,0.1482,0.8479,0.8558,0.0079,3083.57
2024-01-01T10:34:00,0.8539,0.1461,0.8477,0.8601,0.0124,3986.32
2024-01-01T10:35:00,0.8499,0.1501,0.8434,0.8564,0.013,3855.65
2024-01-01T10:36:00,0.8487,0.1513,0.8412,0.8562,0.015,3951.6
2024-01-01T10:37:00,0.8478,0.1522,0.8427,0.853,0.0103,3185.78
2024-01-01T10:38:00,0.8528,0.1472,0.8452,0.8604,0.0151,2526.3
2024-01-01T10:39:00,0.8524,0.1476,0.8466,0.8583,0.0117,3524.12
2024-01-01T10:40:00,0.8539,0.1461,0.8476,0.8602,0.0126,2726.68
2024-01-01T10:41:00,0.8555,0.1445,0.8473,0.8638,0.0165,3477.18
2024-01-01T10:42:00,0.8553,0.1447,0.8485,0.8622,0.0137,2954.72
2024-01-01T10:43:00,0.8509,0.1491,0.8484,0.8535,0.0051,2563.1
2024-01-01T10:44:00,0.8573,0.1427,0.8523,0.8623,0.0101,2230.12
2024-01-01T10:45:00,0.8542,0.1458,0.8467,0.8616,0.0148,4286.09
2024-01-01T10:46:00,0.857,0.143,0.8487,0.8653,0.0166,3118.04
2024-01-01T10:47:00,0.8552,0.1448,0.8496,0.8608,0.0112,4124.51
2024-01-01T10:48:00,0.8537,0.1463,0.8496,0.8577,0.0081,3033.61
2024-01-01T10:49:00,0.8532,0.1468,0.8466,0.8599,0.0133,2875.89
2024-01-01T10:50:00,0.855,0.145,0.8497,0.8603,0.0107,3034.12
2024-01-01T10:51:00,0.8545,0.1455,0.8479,0.861,0.013,2086.2
2024-01-01T10:52:00,0.857,0.143,0.8513,0.8628,0.0114,4160.57
2024-01-01T10:53:00,0.8565,0.1435,0.8518,0.8612,0.0095,4326.85
2024-01-01T10:54:00,0.8531,0.1469,0.8466,0.8595,0.0129,2619.9
2024-01-01T10:55:00,0.8525,0.1475,0.8465,0.8586,0.0121,2561.44
2024-01-01T10:56:00,0.8532,0.1468,0.847,0.8595,0.0125,3769.22
2024-01-01T10:57:00,0.8484,0.1516,0.8403,0.8565,0.0162,2533.58
2024-01-01T10:58:00,0.8512,0.1488,0.8466,0.8559,0.0092,2098.91
2024-01-01T10:59:00,0.855,0.145,0.8511,0.859,0.0079,4561.08
2024-01-01T11:00:00,0.857,0.143,0.8488,0.8652,0.0164,3283.77
2024-01-01T11:01:00,0.8572,0.1428,0.8491,0.8653,0.0162,3072.29
2024-01-01T11:02:00,0.8542,0.1458,0.8486,0.8597,0.0111,3433.67
2024-01-01T11:03:00,0.8572,0.1428,0.8531,0.8613,0.0082,4306.73
2024-01-01T11:04:00,0.8561,0.1439,0.8523,0.86,0.0076,3804.94
2024-01-01T11:05:00,0.8563,0.1437,0.8487,0.8639,0.0153,2040.1
2024-01-01T11:06:00,0.8534,0.1466,0.8468,0.8601,0.0133,4525.95
2024-01-01T11:07:00,0.8564,0.1436,0.85,0.8629,0.0129,3115.09
2024-01-01T11:08:00,0.8527,0.1473,0.847,0.8583,0.0113,4226.0
2024-01-01T11:09:00,0.8505,0.1495,0.8434,0.8576,0.0142,4456.53
2024-01-01T11:10:00,0.8556,0.1444,0.8531,0.858,0.0049,2641.79
2024-01-01T11:11:00,0.8517,0.1483,0.8441,0.8593,0.0152,2312.34
2024-01-01T11:12:00,0.85,0.15,0.8463,0.8537,0.0074,2260.98
2024-01-01T11:13:00,0.8561,0.1439,0.8542,0.8579,0.0037,4288.16
2024-01-01T11:14:00,0.855,0.145,0.8508,0.8592,0.0084,3090.99
2024-01-01T11:15:00,0.8559,0.1441,0.8539,0.8579,0.004,4291.55
2024-01-01T11:16:00,0.852,0.148,0.8498,0.8542,0.0045,4355.83
2024-01-01T11:17:00,0.8496,0.1504,0.843,0.8562,0.0132,2250.56
2024-01-01T11:18:00,0.8531,0.1469,0.8454,0.8607,0.0152,2608.01
2024-01-01T11:19:00,0.8513,0.1487,0.8488,0.8539,0.0051,3106.6
2024-01-01T11:20:00,0.85,0.15,0.8455,0.8546,0.0091,2563.62
2024-01-01T11:21:00,0.8508,0.1492,0.8445,0.8571,0.0126,3430.03
2024-01-01T11:22:00,0.8478,0.1522,0.8439,0.8516,0.0077,4112.16
2024-01-01T11:23:00,0.8496,0.1504,0.8445,0.8546,0.0102,3358.37
2024-01-01T11:24:00,0.848,0.152,0.8409,0.8551,0.0142,2275.7
2024-01-01T11:25:00,0.8487,0.1513,0.8433,0.8542,0.011,3348.89
2024-01-01T11:26:00,0.85,0.15,0.8451,0.8549,0.0097,2273.84
2024-01-01T11:27:00,0.8519,0.1481,0.8487,0.8552,0.0066,2414.71
2024-01-01T11:28:00,0.851,0.149,0.847,0.8549,0.0079,4480.58
2024-01-01T11:29:00,0.8524,0.1476,0.8452,0.8596,0.0144,2577.45
2024-01-01T11:30:00,0.8571,0.1429,0.8548,0.8595,0.0047,2439.3
2024-01-01T11:31:00,0.8547,0.1453,0.848,0.8614,0.0133,2940.05
2024-01-01T11:32:00,0.8491,0.1509,0.8422,0.856,0.0139,2971.62
2024-01-01T11:33:00,0.857,0.143,0.8543,0.8597,0.0055,3879.37
2024-01-01T11:34:00,0.8528,0.1472,0.8451,0.8606,0.0155,3785.25
2024-01-01T11:35:00,0.8544,0.1456,0.8475,0.8613,0.0139,3330.92
2024-01-01T11:36:00,0.8544,0.1456,0.8495,0.8593,0.0098,2591.95
2024-01-01T11:37:00,0.8568,0.1432,0.8487,0.8649,0.0162,3937.4
2024-01-01T11:38:00,0.8533,0.1467,0.845,0.8617,0.0167,3650.33
2024-01-01T11:39:00,0.8545,0.1455,0.8514,0.8575,0.0062,2667.67
2024-01-01T11:40:00,0.8522,0.1478,0.8492,0.8553,0.0061,3477.91
2024-01-01T11:41:00,0.8541,0.1459,0.8517,0.8564,0.0047,2532.5
2024-01-01T11:42:00,0.8553,0.1447,0.848,0.8626,0.0145,3626.32
2024-01-01T11:43:00,0.8554,0.1446,0.8527,0.8581,0.0054,4566.91
2024-01-01T11:44:00,0.8547,0.1453,0.8472,0.8622,0.015,3222.9
2024-01-01T11:45:00,0.8565,0.1435,0.8529,0.86,0.0071,4210.74
2024-01-01T11:46:00,0.8548,0.1452,0.8476,0.8619,0.0143,2150.21
2024-01-01T11:47:00,0.856,0.144,0.8526,0.8595,0.0069,2910.25
2024-01-01T11:48:00,0.8565,0.1435,0.8488,0.8642,0.0154,3171.88
2024-01-01T11:49:00,0.8562,0.1438,0.8485,0.8639,0.0154,2063.15
2024-01-01T11:50:00,0.8545,0.1455,0.8502,0.8589,0.0088,4134.67
2024-01-01T11:51:00,0.8532,0.1468,0.8454,0.8611,0.0157,3083.5
2024-01-01T11:52:00,0.851,0.149,0.843,0.8591,0.0161,2520.47
2024-01-01T11:53:00,0.8528,0.1472,0.8468,0.8587,0.0119,4461.57
2024-01-01T11:54:00,0.858,0.142,0.855,0.8611,0.0061,2645.52
2024-01-01T11:55:00,0.8561,0.1439,0.8526,0.8595,0.0069,2704.36
2024-01-01T11:56:00,0.8549,0.1451,0.8519,0.858,0.006,4032.82
2024-01-01T11:57:00,0.8522,0.1478,0.8447,0.8596,0.0149,2887.79
2024-01-01T11:58:00,0.853,0.147,0.8499,0.8562,0.0063,2150.28
2024-01-01T11:59:00,0.8529,0.1471,0.847,0.8588,0.0118,3957.18
2024-01-01T12:00:00,0.8531,0.1469,0.8472,0.859,0.0118,2677.16
2024-01-01T12:01:00,0.8533,0.1467,0.8483,0.8583,0.01,3702.46
2024-01-01T12:02:00,0.8538,0.1462,0.8458,0.8617,0.0158,4503.83
2024-01-01T12:03:00,0.8552,0.1448,0.8502,0.8602,0.01,2380.33
2024-01-01T12:04:00,0.8529,0.1471,0.849,0.8568,0.0078,3540.39
2024-01-01T12:05:00,0.8525,0.1475,0.8461,0.8588,0.0127,4176.0
2024-01-01T12:06:00,0.849,0.151,0.8428,0.8551,0.0123,4196.47
2024-01-01T12:07:00,0.8523,0.1477,0.8463,0.8582,0.0119,3635.58
2024-01-01T12:08:00,0.85,0.15,0.8445,0.8555,0.0109,3576.98
2024-01-01T12:09:00,0.853,0.147,0.8449,0.8611,0.0162,2094.65
2024-01-01T12:10:00,0.8491,0.1509,0.8443,0.8539,0.0096,2493.79
2024-01-01T12:11:00,0.8544,0.1456,0.8495,0.8593,0.0098,3749.5
2024-01-01T12:12:00,0.8503,0.1497,0.8422,0.8584,0.0162,3668.33
2024-01-01T12:13:00,0.8511,0.1489,0.8456,0.8565,0.0109,3159.74
2024-01-01T12:14:00,0.8503,0.1497,0.8471,0.8536,0.0065,3521.24
2024-01-01T12:15:00,0.8536,0.1464,0.8471,0.8602,0.0131,2199.6
2024-01-01T12:16:00,0.8547,0.1453,0.8464,0.8629,0.0164,4573.71
2024-01-01T12:17:00,0.8522,0.1478,0.8446,0.8598,0.0152,2742.81
2024-01-01T12:18:00,0.8503,0.1497,0.8433,0.8573,0.014,4529.63
2024-01-01T12:19:00,0.8474,0.1526,0.842,0.8529,0.0109,2215.9
2024-01-01T12:20:00,0.8514,0.1486,0.845,0.8578,0.0127,3073.93
2024-01-01T12:21:00,0.8514,0.1486,0.8479,0.8549,0.007,3046.18
2024-01-01T12:22:00,0.8522,0.1478,0.8496,0.8549,0.0053,2134.4
2024-01-01T12:23:00,0.8534,0.1466,0.8475,0.8593,0.0118,3109.9
2024-01-01T12:24:00,0.8517,0.1483,0.8487,0.8547,0.006,4057.59
2024-01-01T12:25:00,0.8507,0.1493,0.8442,0.8572,0.013,2945.07
2024-01-01T12:26:00,0.854,0.146,0.8464,0.8617,0.0153,2824.48
2024-01-01T12:27:00,0.8519,0.1481,0.8451,0.8588,0.0138,2272.37
2024-01-01T12:28:00,0.8506,0.1494,0.8476,0.8536,0.006,3188.62
2024-01-01T12:29:00,0.8531,0.1469,0.8472,0.859,0.0118,3717.04
2024-01-01T12:30:00,0.8507,0.1493,0.8481,0.8533,0.0053,2493.65
2024-01-01T12:31:00,0.8505,0.1495,0.8455,0.8555,0.01,3580.13
2024-01-01T12:32:00,0.8518,0.1482,0.8464,0.8572,0.0108,2535.45
2024-01-01T12:33:00,0.8496,0.1504,0.8475,0.8517,0.0042,3553.86
2024-01-01T12:34:00,0.8515,0.1485,0.8493,0.8538,0.0045,3714.26
2024-01-01T12:35:00,0.855,0.145,0.8469,0.8632,0.0163,4607.16
2024-01-01T12:36:00,0.8531,0.1469,0.8487,0.8575,0.0088,3486.78
2024-01-01T12:37:00,0.8509,0.1491,0.8471,0.8547,0.0075,4241.09
2024-01-01T12:38:00,0.8574,0.1426,0.8509,0.8639,0.013,2630.22
2024-01-01T12:39:00,0.8546,0.1454,0.8473,0.8619,0.0146,3191.35
2024-01-01T12:40:00,0.8572,0.1428,0.8543,0.8602,0.0058,4027.12
2024-01-01T12:41:00,0.8558,0.1442,0.8531,0.8585,0.0054,2613.82
2024-01-01T12:42:00,0.8565,0.1435,0.8518,0.8611,0.0093,2337.95
2024-01-01T12:43:00,0.8535,0.1465,0.8479,0.8592,0.0113,3592.99
2024-01-01T12:44:00,0.8515,0.1485,0.8451,0.8578,0.0128,2526.01
2024-01-01T12:45:00,0.8503,0.1497,0.8475,0.8532,0.0057,2687.66
2024-01-01T12:46:00,0.8493,0.1507,0.8429,0.8557,0.0127,2818.95
2024-01-01T12:47:00,0.8546,0.1454,0.8528,0.8565,0.0037,2922.17
2024-01-01T12:48:00,0.8533,0.1467,0.8496,0.8569,0.0074,2945.54
2024-01-01T12:49:00,0.8543,0.1457,0.8504,0.8582,0.0078,3152.75
2024-01-01T12:50:00,0.8542,0.1458,0.8484,0.8599,0.0115,4049.21
2024-01-01T12:51:00,0.8551,0.1449,0.8495,0.8606,0.0111,3125.92
2024-01-01T12:52:00,0.8546,0.1454,0.8525,0.8567,0.0042,2415.9
2024-01-01T12:53:00,0.8534,0.1466,0.8496,0.8571,0.0075,2840.96
2024-01-01T12:54:00,0.8581,0.1419,0.8533,0.863,0.0097,4407.79
2024-01-01T12:55:00,0.8616,0.1384,0.8592,0.8641,0.0049,4123.99
2024-01-01T12:56:00,0.861,0.139,0.8533,0.8687,0.0155,3538.37
2024-01-01T12:57:00,0.8675,0.1325,0.8593,0.8757,0.0165,3536.85
2024-01-01T12:58:00,0.8659,0.1341,0.8619,0.8698,0.0079,2120.16
2024-01-01T12:59:00,0.8714,0.1286,0.8671,0.8758,0.0088,2314.25
2024-01-01T13:00:00,0.8761,0.1239,0.8693,0.883,0.0137,1928.69
2024-01-01T13:01:00,0.8792,0.1208,0.8727,0.8858,0.0131,3526.72
2024-01-01T13:02:00,0.8806,0.1194,0.8758,0.8854,0.0095,4015.77
2024-01-01T13:03:00,0.885,0.115,0.8787,0.8913,0.0125,2683.52
2024-01-01T13:04:00,0.8881,0.1119,0.8806,0.8955,0.0149,3307.45
2024-01-01T13:05:00,0.8911,0.1089,0.8838,0.8984,0.0147,3710.6
2024-01-01T13:06:00,0.8945,0.1055,0.8889,0.9002,0.0113,2896.21
2024-01-01T13:07:00,0.9009,0.0991,0.898,0.9037,0.0057,2625.13
2024-01-01T13:08:00,0.9033,0.0967,0.8968,0.9097,0.0129,3544.9
2024-01-01T13:09:00,0.9068,0.0932,0.9028,0.9108,0.0079,2190.86
2024-01-01T13:10:00,0.9055,0.0945,0.898,0.913,0.015,1529.69
2024-01-01T13:11:00,0.91,0.09,0.9048,0.9151,0.0103,2057.95
2024-01-01T13:12:00,0.9131,0.0869,0.9065,0.9198,0.0132,3259.74
2024-01-01T13:13:00,0.9207,0.0793,0.915,0.9263,0.0113,2055.43
2024-01-01T13:14:00,0.9211,0.0789,0.915,0.9272,0.0122,1686.98
2024-01-01T13:15:00,0.926,0.074,0.9217,0.9304,0.0087,2716.61
2024-01-01T13:16:00,0.9315,0.0685,0.9251,0.938,0.0129,2906.46
2024-01-01T13:17:00,0.93,0.07,0.9236,0.9364,0.0128,2187.13
2024-01-01T13:18:00,0.9346,0.0654,0.9292,0.9399,0.0107,1663.16
2024-01-01T13:19:00,0.9351,0.0649,0.9278,0.9423,0.0145,2079.76
2024-01-01T13:20:00,0.9409,0.0591,0.9361,0.9458,0.0097,2185.89
2024-01-01T13:21:00,0.9448,0.0552,0.9414,0.9482,0.0069,1134.2
2024-01-01T13:22:00,0.9453,0.0547,0.9401,0.9504,0.0102,1479.62
2024-01-01T13:23:00,0.9457,0.0543,0.9382,0.9532,0.0149,1153.58
2024-01-01T13:24:00,0.948,0.052,0.9425,0.9535,0.011,2301.2
2024-01-01T13:25:00,0.9472,0.0528,0.9405,0.9539,0.0134,2093.98
2024-01-01T13:26:00,0.9495,0.0505,0.9428,0.9563,0.0135,1122.7
2024-01-01T13:27:00,0.9472,0.0528,0.9439,0.9505,0.0067,1449.91
2024-01-01T13:28:00,0.9508,0.0492,0.946,0.9556,0.0095,2071.75
2024-01-01T13:29:00,0.952,0.048,0.9473,0.9567,0.0094,1634.28
2024-01-01T13:30:00,0.9508,0.0492,0.9438,0.9577,0.0139,2091.31
2024-01-01T13:31:00,0.9505,0.0495,0.9478,0.9532,0.0053,2067.14
2024-01-01T13:32:00,0.9508,0.0492,0.9484,0.9531,0.0046,2024.22
2024-01-01T13:33:00,0.9509,0.0491,0.9444,0.9573,0.0129,1603.66
2024-01-01T13:34:00,0.9506,0.0494,0.9439,0.9572,0.0133,2486.95
2024-01-01T13:35:00,0.9513,0.0487,0.9454,0.9573,0.0119,2438.26
2024-01-01T13:36:00,0.9497,0.0503,0.945,0.9543,0.0093,1961.01
2024-01-01T13:37:00,0.9481,0.0519,0.9407,0.9555,0.0148,1924.99
2024-01-01T13:38:00,0.9487,0.0513,0.9437,0.9536,0.0098,2356.02
2024-01-01T13:39:00,0.9508,0.0492,0.946,0.9556,0.0096,1711.32
2024-01-01T13:40:00,0.9489,0.0511,0.9439,0.954,0.0101,2101.12
2024-01-01T13:41:00,0.9474,0.0526,0.9422,0.9527,0.0105,2385.9
2024-01-01T13:42:00,0.9508,0.0492,0.9436,0.9581,0.0145,1099.25
2024-01-01T13:43:00,0.9486,0.0514,0.9443,0.9529,0.0086,1447.08
2024-01-01T13:44:00,0.9522,0.0478,0.9488,0.9556,0.0069,1243.57
2024-01-01T13:45:00,0.9518,0.0482,0.9485,0.955,0.0064,1554.37
2024-01-01T13:46:00,0.9475,0.0525,0.9425,0.9525,0.01,1655.37
2024-01-01T13:47:00,0.9504,0.0496,0.9451,0.9557,0.0105,2045.97
2024-01-01T13:48:00,0.9498,0.0502,0.9427,0.9569,0.0142,1626.23
2024-01-01T13:49:00,0.9506,0.0494,0.9439,0.9573,0.0134,1398.12
2024-01-01T13:50:00,0.9509,0.0491,0.9449,0.9568,0.012,2498.54
2024-01-01T13:51:00,0.9464,0.0536,0.9423,0.9505,0.0082,1667.73
2024-01-01T13:52:00,0.9482,0.0518,0.9424,0.954,0.0115,2302.25
2024-01-01T13:53:00,0.948,0.052,0.9405,0.9554,0.0149,1606.26
2024-01-01T13:54:00,0.9487,0.0513,0.9429,0.9545,0.0116,2389.06
2024-01-01T13:55:00,0.9474,0.0526,0.9415,0.9533,0.0117,1522.65
2024-01-01T13:56:00,0.9492,0.0508,0.9446,0.9539,0.0093,2016.97
2024-01-01T13:57:00,0.9514,0.0486,0.949,0.9537,0.0046,2158.83
2024-01-01T13:58:00,0.9496,0.0504,0.9471,0.952,0.0049,2363.03
2024-01-01T13:59:00,0.9533,0.0467,0.951,0.9555,0.0044,1691.75
2024-01-01T14:00:00,0.9529,0.0471,0.9477,0.9581,0.0104,1481.72
2024-01-01T14:01:00,0.9536,0.0464,0.9484,0.9588,0.0104,1089.67
2024-01-01T14:02:00,0.9517,0.0483,0.9463,0.9571,0.0108,1279.33
2024-01-01T14:03:00,0.9514,0.0486,0.9468,0.9559,0.0091,2408.0
2024-01-01T14:04:00,0.9502,0.0498,0.9475,0.953,0.0055,1658.49
2024-01-01T14:05:00,0.9514,0.0486,0.9489,0.9539,0.005,1108.26
2024-01-01T14:06:00,0.951,0.049,0.947,0.955,0.008,2439.71
2024-01-01T14:07:00,0.9491,0.0509,0.9431,0.9552,0.0121,1538.88
2024-01-01T14:08:00,0.9524,0.0476,0.9471,0.9576,0.0106,1590.04
2024-01-01T14:09:00,0.9498,0.0502,0.9482,0.9514,0.0033,1597.23
2024-01-01T14:10:00,0.9508,0.0492,0.9482,0.9533,0.005,2308.25
2024-01-01T14:11:00,0.9533,0.0467,0.9494,0.9571,0.0077,1793.7
2024-01-01T14:12:00,0.9482,0.0518,0.946,0.9504,0.0044,2288.8
2024-01-01T14:13:00,0.9498,0.0502,0.9425,0.9571,0.0146,1764.38
2024-01-01T14:14:00,0.9496,0.0504,0.944,0.9551,0.0111,1719.22
2024-01-01T14:15:00,0.9487,0.0513,0.9464,0.951,0.0046,2516.74
2024-01-01T14:16:00,0.9488,0.0512,0.9463,0.9513,0.005,1810.03
2024-01-01T14:17:00,0.95,0.05,0.9483,0.9516,0.0033,1437.9
2024-01-01T14:18:00,0.948,0.052,0.9429,0.9531,0.0102,2069.17
2024-01-01T14:19:00,0.9518,0.0482,0.9474,0.9563,0.0089,2013.7
2024-01-01T14:20:00,0.9507,0.0493,0.9462,0.9552,0.009,1720.88
2024-01-01T14:21:00,0.9497,0.0503,0.9453,0.9541,0.0089,1788.23
2024-01-01T14:22:00,0.9503,0.0497,0.9477,0.9529,0.0052,1494.54
2024-01-01T14:23:00,0.9479,0.0521,0.9458,0.9501,0.0044,1572.49
2024-01-01T14:24:00,0.9514,0.0486,0.9484,0.9543,0.0059,1667.65
2024-01-01T14:25:00,0.9508,0.0492,0.9475,0.9542,0.0067,1790.47
2024-01-01T14:26:00,0.9496,0.0504,0.9453,0.954,0.0088,1519.46
2024-01-01T14:27:00,0.9489,0.0511,0.9455,0.9524,0.0069,2495.36
2024-01-01T14:28:00,0.9462,0.0538,0.9389,0.9535,0.0146,1148.35
2024-01-01T14:29:00,0.9498,0.0502,0.9454,0.9542,0.0089,1720.89
2024-01-01T14:30:00,0.9486,0.0514,0.9412,0.956,0.0148,2025.84
2024-01-01T14:31:00,0.9502,0.0498,0.9435,0.957,0.0135,1801.96
2024-01-01T14:32:00,0.9514,0.0486,0.9441,0.9587,0.0146,1119.5
2024-01-01T14:33:00,0.9509,0.0491,0.9458,0.956,0.0102,1440.86
2024-01-01T14:34:00,0.9484,0.0516,0.9428,0.954,0.0112,2209.45
2024-01-01T14:35:00,0.9505,0.0495,0.9473,0.9537,0.0064,2048.59
2024-01-01T14:36:00,0.9475,0.0525,0.9424,0.9527,0.0103,1198.64
2024-01-01T14:37:00,0.9468,0.0532,0.9433,0.9503,0.007,1885.1
2024-01-01T14:38:00,0.9499,0.0501,0.9453,0.9544,0.0091,2173.81
2024-01-01T14:39:00,0.9496,0.0504,0.947,0.9522,0.0052,1529.91
2024-01-01T14:40:00,0.9472,0.0528,0.9409,0.9534,0.0125,1397.63
2024-01-01T14:41:00,0.9527,0.0473,0.9507,0.9547,0.0041,1573.29
2024-01-01T14:42:00,0.9489,0.0511,0.9431,0.9547,0.0117,1427.1
2024-01-01T14:43:00,0.9495,0.0505,0.946,0.9529,0.0069,1987.53
2024-01-01T14:44:00,0.9496,0.0504,0.9446,0.9546,0.01,1776.47
2024-01-01T14:45:00,0.9524,0.0476,0.9468,0.9581,0.0113,1833.25
2024-01-01T14:46:00,0.9509,0.0491,0.9479,0.9538,0.0059,2334.88
2024-01-01T14:47:00,0.9516,0.0484,0.9494,0.9538,0.0044,1681.52
2024-01-01T14:48:00,0.9489,0.0511,0.9436,0.9543,0.0107,1260.89
2024-01-01T14:49:00,0.9499,0.0501,0.9434,0.9564,0.013,2071.4
2024-01-01T14:50:00,0.9475,0.0525,0.9402,0.9549,0.0148,2046.65
2024-01-01T14:51:00,0.9501,0.0499,0.9461,0.954,0.0079,1632.18
2024-01-01T14:52:00,0.9501,0.0499,0.9469,0.9533,0.0064,1590.59
2024-01-01T14:53:00,0.9522,0.0478,0.9481,0.9562,0.0081,1747.41
2024-01-01T14:54:00,0.9506,0.0494,0.9487,0.9525,0.0038,1650.26
2024-01-01T14:55:00,0.9512,0.0488,0.949,0.9535,0.0045,1160.61
2024-01-01T14:56:00,0.9514,0.0486,0.9454,0.9574,0.012,1233.16
2024-01-01T14:57:00,0.9481,0.0519,0.9465,0.9498,0.0033,1673.88
2024-01-01T14:58:00,0.9518,0.0482,0.9469,0.9566,0.0097,1450.23
2024-01-01T14:59:00,0.951,0.049,0.9489,0.9531,0.0042,1398.24
2024-01-01T15:00:00,0.9483,0.0517,0.9463,0.9504,0.004,1421.01
2024-01-01T15:01:00,0.9477,0.0523,0.9444,0.9511,0.0067,2125.52
2024-01-01T15:02:00,0.9489,0.0511,0.9455,0.9523,0.0068,1137.7
2024-01-01T15:03:00,0.9472,0.0528,0.945,0.9494,0.0044,1931.03
2024-01-01T15:04:00,0.9462,0.0538,0.9403,0.9522,0.0119,2602.53
2024-01-01T15:05:00,0.9471,0.0529,0.942,0.9521,0.0101,2229.67
2024-01-01T15:06:00,0.9519,0.0481,0.9487,0.9551,0.0064,1800.83
2024-01-01T15:07:00,0.9508,0.0492,0.9444,0.9571,0.0127,1172.9
2024-01-01T15:08:00,0.9523,0.0477,0.9463,0.9582,0.0119,1364.1
2024-01-01T15:09:00,0.9461,0.0539,0.9399,0.9524,0.0125,1556.98
2024-01-01T15:10:00,0.948,0.052,0.9445,0.9516,0.0072,1390.18
2024-01-01T15:11:00,0.9469,0.0531,0.9442,0.9497,0.0055,1591.12
2024-01-01T15:12:00,0.9495,0.0505,0.9436,0.9555,0.0119,2161.53
2024-01-01T15:13:00,0.951,0.049,0.9464,0.9557,0.0093,1731.18
2024-01-01T15:14:00,0.9515,0.0485,0.9482,0.9548,0.0065,1829.38
2024-01-01T15:15:00,0.9512,0.0488,0.9491,0.9533,0.0042,2414.29
2024-01-01T15:16:00,0.9529,0.0471,0.9491,0.9567,0.0077,2137.39
2024-01-01T15:17:00,0.9517,0.0483,0.9479,0.9555,0.0076,2197.69
2024-01-01T15:18:00,0.9532,0.0468,0.9467,0.9597,0.0129,1777.06
2024-01-01T15:19:00,0.9534,0.0466,0.9461,0.9606,0.0145,1433.41
2024-01-01T15:20:00,0.9571,0.0429,0.9553,0.959,0.0037,1672.94
2024-01-01T15:21:00,0.9564,0.0436,0.9536,0.9593,0.0057,1868.56
2024-01-01T15:22:00,0.9542,0.0458,0.9523,0.956,0.0037,1330.32
2024-01-01T15:23:00,0.9516,0.0484,0.9465,0.9568,0.0103,1783.16
2024-01-01T15:24:00,0.9493,0.0507,0.9451,0.9534,0.0082,2083.7
2024-01-01T15:25:00,0.9518,0.0482,0.9498,0.9539,0.0041,2377.2
2024-01-01T15:26:00,0.9502,0.0498,0.9449,0.9555,0.0106,2113.23
2024-01-01T15:27:00,0.9494,0.0506,0.9449,0.9539,0.009,1347.0
2024-01-01T15:28:00,0.9525,0.0475,0.9505,0.9544,0.0039,1574.88
2024-01-01T15:29:00,0.952,0.048,0.9481,0.9559,0.0078,2311.01
2024-01-01T15:30:00,0.9491,0.0509,0.9456,0.9525,0.0069,2113.34
2024-01-01T15:31:00,0.9471,0.0529,0.9422,0.9519,0.0097,1296.57
2024-01-01T15:32:00,0.9489,0.0511,0.9422,0.9556,0.0134,2445.42
2024-01-01T15:33:00,0.9537,0.0463,0.9492,0.9581,0.0089,1796.19
2024-01-01T15:34:00,0.9549,0.0451,0.9527,0.9571,0.0044,1899.84
2024-01-01T15:35:00,0.9523,0.0477,0.9507,0.954,0.0034,2051.59
2024-01-01T15:36:00,0.9566,0.0434,0.9534,0.9597,0.0063,2088.41
2024-01-01T15:37:00,0.9521,0.0479,0.9452,0.9591,0.0139,2156.9
2024-01-01T15:38:00,0.9528,0.0472,0.9492,0.9564,0.0073,1754.37
2024-01-01T15:39:00,0.9532,0.0468,0.95,0.9565,0.0064,1826.5
2024-01-01T15:40:00,0.9496,0.0504,0.9436,0.9555,0.0119,2142.75
2024-01-01T15:41:00,0.9538,0.0462,0.95,0.9575,0.0075,2098.46
2024-01-01T15:42:00,0.9497,0.0503,0.9435,0.9559,0.0125,1511.15
2024-01-01T15:43:00,0.9503,0.0497,0.9435,0.9572,0.0137,1270.6
2024-01-01T15:44:00,0.9503,0.0497,0.9476,0.953,0.0054,1721.35
2024-01-01T15:45:00,0.9487,0.0513,0.9425,0.9548,0.0123,1936.93
2024-01-01T15:46:00,0.9486,0.0514,0.9423,0.955,0.0127,1589.99
2024-01-01T15:47:00,0.947,0.053,0.9406,0.9534,0.0127,2269.76
2024-01-01T15:48:00,0.9481,0.0519,0.944,0.9522,0.0082,1158.08
2024-01-01T15:49:00,0.9515,0.0485,0.9455,0.9576,0.0121,2442.74
2024-01-01T15:50:00,0.9498,0.0502,0.9433,0.9562,0.013,2173.92
2024-01-01T15:51:00,0.9555,0.0445,0.949,0.962,0.0131,1907.45
2024-01-01T15:52:00,0.9517,0.0483,0.9455,0.958,0.0125,1713.18
2024-01-01T15:53:00,0.9533,0.0467,0.9501,0.9565,0.0064,1558.82
2024-01-01T15:54:00,0.9524,0.0476,0.9471,0.9577,0.0106,2217.37
2024-01-01T15:55:00,0.9512,0.0488,0.9476,0.9548,0.0072,1593.92
2024-01-01T15:56:00,0.9499,0.0501,0.9446,0.9551,0.0105,1939.37
2024-01-01T15:57:00,0.9505,0.0495,0.9467,0.9543,0.0076,1850.53
2024-01-01T15:58:00,0.951,0.049,0.9454,0.9567,0.0113,2292.38
2024-01-01T15:59:00,0.9512,0.0488,0.9445,0.958,0.0135,1761.0
2024-01-01T16:00:00,0.9531,0.0469,0.9477,0.9585,0.0108,1727.32
2024-01-01T16:01:00,0.9545,0.0455,0.9529,0.9561,0.0031,1965.52
2024-01-01T16:02:00,0.9528,0.0472,0.9501,0.9555,0.0053,2304.68
2024-01-01T16:03:00,0.9527,0.0473,0.9503,0.9551,0.0048,1600.11
2024-01-01T16:04:00,0.9534,0.0466,0.9505,0.9563,0.0058,1109.84
2024-01-01T16:05:00,0.9536,0.0464,0.952,0.9553,0.0033,2132.11
2024-01-01T16:06:00,0.9524,0.0476,0.945,0.9597,0.0147,1338.5
2024-01-01T16:07:00,0.9526,0.0474,0.949,0.9561,0.0071,1727.05
2024-01-01T16:08:00,0.9525,0.0475,0.9458,0.9591,0.0133,2329.69
2024-01-01T16:09:00,0.9534,0.0466,0.9464,0.9603,0.0139,1886.83
2024-01-01T16:10:00,0.9499,0.0501,0.9451,0.9546,0.0095,1500.05
2024-01-01T16:11:00,0.9498,0.0502,0.9479,0.9518,0.0039,1578.64
2024-01-01T16:12:00,0.9468,0.0532,0.9438,0.9497,0.0059,1710.14
2024-01-01T16:13:00,0.9482,0.0518,0.9442,0.9522,0.008,1250.52
2024-01-01T16:14:00,0.951,0.049,0.9489,0.953,0.0041,1404.14
2024-01-01T16:15:00,0.9484,0.0516,0.9422,0.9546,0.0125,1381.21
2024-01-01T16:16:00,0.9483,0.0517,0.9435,0.9531,0.0096,2481.58
2024-01-01T16:17:00,0.9495,0.0505,0.9435,0.9555,0.012,1853.54
2024-01-01T16:18:00,0.9528,0.0472,0.9498,0.9558,0.006,2422.21
2024-01-01T16:19:00,0.9532,0.0468,0.95,0.9564,0.0064,2072.62
2024-01-01T16:20:00,0.9499,0.0501,0.9449,0.955,0.0102,1361.85
2024-01-01T16:21:00,0.9499,0.0501,0.9437,0.9562,0.0125,2256.42
2024-01-01T16:22:00,0.9519,0.0481,0.9478,0.956,0.0083,1799.92
2024-01-01T16:23:00,0.9489,0.0511,0.9462,0.9516,0.0054,1617.6
2024-01-01T16:24:00,0.9512,0.0488,0.9456,0.9568,0.0111,1431.58
2024-01-01T16:25:00,0.953,0.047,0.946,0.9601,0.0141,1256.12
2024-01-01T16:26:00,0.9511,0.0489,0.9443,0.9579,0.0135,1629.72
2024-01-01T16:27:00,0.9514,0.0486,0.9451,0.9578,0.0128,1160.58
2024-01-01T16:28:00,0.9505,0.0495,0.9471,0.954,0.007,1281.51
2024-01-01T16:29:00,0.9468,0.0532,0.9443,0.9493,0.0049,2311.19
2024-01-01T16:30:00,0.9487,0.0513,0.9456,0.9517,0.0061,2263.83
2024-01-01T16:31:00,0.9455,0.0545,0.9406,0.9505,0.0099,2129.0
2024-01-01T16:32:00,0.9454,0.0546,0.9412,0.9495,0.0083,2600.16
2024-01-01T16:33:00,0.9449,0.0551,0.9376,0.9522,0.0146,1986.63
2024-01-01T16:34:00,0.9457,0.0543,0.9401,0.9513,0.0112,1969.24
2024-01-01T16:35:00,0.9452,0.0548,0.942,0.9484,0.0064,1357.08
2024-01-01T16:36:00,0.9454,0.0546,0.9431,0.9477,0.0046,2029.34
2024-01-01T16:37:00,0.9485,0.0515,0.9426,0.9545,0.012,1574.88
2024-01-01T16:38:00,0.9507,0.0493,0.9457,0.9556,0.0099,2461.06
2024-01-01T16:39:00,0.9486,0.0514,0.943,0.9542,0.0111,2351.82
2024-01-01T16:40:00,0.9489,0.0511,0.9466,0.9512,0.0046,1101.52
2024-01-01T16:41:00,0.9481,0.0519,0.9461,0.9501,0.0041,1158.7
2024-01-01T16:42:00,0.9503,0.0497,0.9471,0.9535,0.0064,1853.98
2024-01-01T16:43:00,0.9485,0.0515,0.9466,0.9503,0.0038,1695.66
2024-01-01T16:44:00,0.9492,0.0508,0.9462,0.9522,0.006,1426.61
2024-01-01T16:45:00,0.9486,0.0514,0.9467,0.9506,0.004,2359.59
2024-01-01T16:46:00,0.9486,0.0514,0.9448,0.9525,0.0077,1115.34
2024-01-01T16:47:00,0.9507,0.0493,0.9482,0.9532,0.005,1292.15
2024-01-01T16:48:00,0.9495,0.0505,0.9476,0.9514,0.0038,2396.97
2024-01-01T16:49:00,0.9528,0.0472,0.9498,0.9558,0.006,1080.51
2024-01-01T16:50:00,0.9537,0.0463,0.9471,0.9603,0.0132,2414.78
2024-01-01T16:51:00,0.9509,0.0491,0.9435,0.9583,0.0148,2016.03
2024-01-01T16:52:00,0.9502,0.0498,0.9475,0.9529,0.0054,1751.61
2024-01-01T16:53:00,0.9493,0.0507,0.9448,0.9539,0.0091,1203.52
2024-01-01T16:54:00,0.9463,0.0537,0.9419,0.9506,0.0087,1792.18
2024-01-01T16:55:00,0.9475,0.0525,0.943,0.9519,0.0089,1337.58
2024-01-01T16:56:00,0.9502,0.0498,0.9457,0.9548,0.0091,1450.17
2024-01-01T16:57:00,0.9482,0.0518,0.946,0.9504,0.0043,1141.57
2024-01-01T16:58:00,0.9483,0.0517,0.9463,0.9503,0.004,2262.47
2024-01-01T16:59:00,0.9485,0.0515,0.9426,0.9545,0.0119,2393.13
2024-01-01T17:00:00,0.9509,0.0491,0.9438,0.9579,0.014,1887.68
2024-01-01T17:01:00,0.9477,0.0523,0.941,0.9544,0.0135,2570.47
2024-01-01T17:02:00,0.9448,0.0552,0.9409,0.9487,0.0078,1555.23
2024-01-01T17:03:00,0.9435,0.0565,0.9401,0.9469,0.0068,1391.85
2024-01-01T17:04:00,0.9464,0.0536,0.9396,0.9532,0.0136,1254.2
2024-01-01T17:05:00,0.946,0.054,0.9415,0.9505,0.0089,1352.29
2024-01-01T17:06:00,0.9523,0.0477,0.9491,0.9555,0.0064,1589.19
2024-01-01T17:07:00,0.9495,0.0505,0.9458,0.9531,0.0073,2045.46
2024-01-01T17:08:00,0.9533,0.0467,0.9461,0.9604,0.0143,2082.33
2024-01-01T17:09:00,0.9521,0.0479,0.9472,0.957,0.0098,1479.08
2024-01-01T17:10:00,0.9459,0.0541,0.9395,0.9523,0.0128,2063.26
2024-01-01T17:11:00,0.9487,0.0513,0.9417,0.9556,0.0139,2397.3
2024-01-01T17:12:00,0.9462,0.0538,0.9425,0.9499,0.0074,1247.06
2024-01-01T17:13:00,0.9536,0.0464,0.95,0.9573,0.0073,2024.79
2024-01-01T17:14:00,0.9513,0.0487,0.9479,0.9546,0.0067,1747.32
2024-01-01T17:15:00,0.9547,0.0453,0.9492,0.9603,0.0111,2359.23
2024-01-01T17:16:00,0.9517,0.0483,0.9447,0.9588,0.0141,2200.42
2024-01-01T17:17:00,0.9518,0.0482,0.9497,0.9539,0.0042,2050.65
2024-01-01T17:18:00,0.9551,0.0449,0.9485,0.9616,0.0131,2282.94
2024-01-01T17:19:00,0.9539,0.0461,0.949,0.9589,0.0099,2355.98
2024-01-01T17:20:00,0.954,0.046,0.9477,0.9603,0.0126,2165.9
2024-01-01T17:21:00,0.8163,0.1837,0.8138,0.8188,0.005,2671.46
2024-01-01T17:22:00,0.8119,0.1881,0.8047,0.819,0.0143,5210.98
2024-01-01T17:23:00,0.808,0.192,0.8002,0.8159,0.0157,4575.36
2024-01-01T17:24:00,0.805,0.195,0.7962,0.8139,0.0177,4830.29
2024-01-01T17:25:00,0.8007,0.1993,0.7939,0.8075,0.0137,3722.39
2024-01-01T17:26:00,0.7957,0.2043,0.7906,0.8007,0.0101,4289.5
2024-01-01T17:27:00,0.7983,0.2017,0.7955,0.8012,0.0057,3222.75
2024-01-01T17:28:00,0.7959,0.2041,0.7903,0.8016,0.0114,4600.84
2024-01-01T17:29:00,0.7948,0.2052,0.7875,0.8021,0.0146,5044.92
2024-01-01T17:30:00,0.7941,0.2059,0.7882,0.7999,0.0117,3314.01
2024-01-01T17:31:00,0.7973,0.2027,0.7922,0.8024,0.0101,2590.89
2024-01-01T17:32:00,0.7966,0.2034,0.7912,0.8019,0.0107,5832.2
2024-01-01T17:33:00,0.7967,0.2033,0.7945,0.7988,0.0043,5803.75
2024-01-01T17:34:00,0.7986,0.2014,0.7951,0.8021,0.007,5365.77
2024-01-01T17:35:00,0.8008,0.1992,0.7984,0.8033,0.0048,3098.08
2024-01-01T17:36:00,0.797,0.203,0.7895,0.8044,0.0149,4645.61
2024-01-01T17:37:00,0.7967,0.2033,0.7882,0.8051,0.0169,3377.99
2024-01-01T17:38:00,0.796,0.204,0.7936,0.7983,0.0047,3548.91
2024-01-01T17:39:00,0.7948,0.2052,0.7908,0.7988,0.0079,3854.95
2024-01-01T17:40:00,0.7954,0.2046,0.7898,0.801,0.0111,3614.87
2024-01-01T17:41:00,0.7983,0.2017,0.7942,0.8024,0.0081,4604.38
2024-01-01T17:42:00,0.7949,0.2051,0.7885,0.8014,0.0129,2723.84
2024-01-01T17:43:00,0.7963,0.2037,0.7922,0.8005,0.0083,5608.77
2024-01-01T17:44:00,0.7972,0.2028,0.7908,0.8036,0.0129,5224.58
2024-01-01T17:45:00,0.7962,0.2038,0.7896,0.8028,0.0132,2875.18
2024-01-01T17:46:00,0.797,0.203,0.7897,0.8042,0.0144,3490.25
2024-01-01T17:47:00,0.7941,0.2059,0.7902,0.7981,0.0079,4665.73
2024-01-01T17:48:00,0.7954,0.2046,0.7875,0.8033,0.0158,5455.44
2024-01-01T17:49:00,0.7917,0.2083,0.7833,0.8,0.0167,3656.82
2024-01-01T17:50:00,0.7883,0.2117,0.7827,0.794,0.0113,4503.23
2024-01-01T17:51:00,0.7925,0.2075,0.788,0.797,0.009,4254.45
2024-01-01T17:52:00,0.7919,0.2081,0.7881,0.7956,0.0075,4201.97
2024-01-01T17:53:00,0.7974,0.2026,0.7916,0.8032,0.0117,3067.3
2024-01-01T17:54:00,0.7931,0.2069,0.7906,0.7956,0.005,5416.11
2024-01-01T17:55:00,0.7953,0.2047,0.7871,0.8036,0.0166,4631.83
2024-01-01T17:56:00,0.7948,0.2052,0.7862,0.8034,0.0173,3363.07
2024-01-01T17:57:00,0.7943,0.2057,0.7892,0.7994,0.0102,4366.19
2024-01-01T17:58:00,0.7961,0.2039,0.7894,0.8027,0.0132,5066.27
2024-01-01T17:59:00,0.796,0.204,0.794,0.7981,0.0041,4312.49
2024-01-01T18:00:00,0.7919,0.2081,0.7845,0.7993,0.0148,3876.97
2024-01-01T18:01:00,0.7905,0.2095,0.784,0.7971,0.0131,5096.0
2024-01-01T18:02:00,0.795,0.205,0.7892,0.8009,0.0117,3334.72
2024-01-01T18:03:00,0.7986,0.2014,0.7942,0.803,0.0088,4818.49
2024-01-01T18:04:00,0.7998,0.2002,0.7936,0.8061,0.0125,4041.06
2024-01-01T18:05:00,0.7954,0.2046,0.7911,0.7997,0.0086,2927.86
2024-01-01T18:06:00,0.7922,0.2078,0.7883,0.7961,0.0078,5184.34
2024-01-01T18:07:00,0.7928,0.2072,0.7877,0.7979,0.0102,5669.39
2024-01-01T18:08:00,0.7948,0.2052,0.7861,0.8034,0.0174,3128.45
2024-01-01T18:09:00,0.7952,0.2048,0.792,0.7984,0.0065,3077.99
2024-01-01T18:10:00,0.7939,0.2061,0.7867,0.8011,0.0144,4764.39
2024-01-01T18:11:00,0.794,0.206,0.7885,0.7994,0.0109,5267.66
2024-01-01T18:12:00,0.7948,0.2052,0.7916,0.7979,0.0063,3562.67
2024-01-01T18:13:00,0.7998,0.2002,0.7914,0.8083,0.0168,4258.23
2024-01-01T18:14:00,0.7973,0.2027,0.7894,0.8053,0.0159,3631.87
2024-01-01T18:15:00,0.7991,0.2009,0.7941,0.804,0.0099,4953.32
2024-01-01T18:16:00,0.7938,0.2062,0.7899,0.7978,0.0078,4558.35
2024-01-01T18:17:00,0.7936,0.2064,0.7908,0.7964,0.0057,2631.13
2024-01-01T18:18:00,0.7929,0.2071,0.7886,0.7973,0.0087,4097.19
2024-01-01T18:19:00,0.7968,0.2032,0.7929,0.8007,0.0078,2846.27
2024-01-01T18:20:00,0.798,0.202,0.7899,0.8061,0.0162,3821.85
2024-01-01T18:21:00,0.7984,0.2016,0.7923,0.8045,0.0122,4592.15
2024-01-01T18:22:00,0.7966,0.2034,0.7919,0.8012,0.0094,4570.73
2024-01-01T18:23:00,0.7959,0.2041,0.7936,0.7982,0.0045,4907.95
2024-01-01T18:24:00,0.7941,0.2059,0.7861,0.802,0.0159,4614.46
2024-01-01T18:25:00,0.7954,0.2046,0.7873,0.8034,0.0161,5175.81
2024-01-01T18:26:00,0.798,0.202,0.7939,0.8022,0.0082,3942.03
2024-01-01T18:27:00,0.7971,0.2029,0.7897,0.8045,0.0148,4228.78
2024-01-01T18:28:00,0.7931,0.2069,0.7864,0.7998,0.0134,5113.04
2024-01-01T18:29:00,0.7944,0.2056,0.7898,0.7991,0.0093,5406.04
2024-01-01T18:30:00,0.7943,0.2057,0.791,0.7976,0.0067,3236.93
2024-01-01T18:31:00,0.7925,0.2075,0.7841,0.8008,0.0168,4729.35
2024-01-01T18:32:00,0.7938,0.2062,0.7885,0.7991,0.0106,4638.12
2024-01-01T18:33:00,0.7968,0.2032,0.7912,0.8025,0.0113,2975.65
2024-01-01T18:34:00,0.7946,0.2054,0.7908,0.7985,0.0077,4120.92
2024-01-01T18:35:00,0.7933,0.2067,0.7909,0.7957,0.0049,3741.01
2024-01-01T18:36:00,0.7932,0.2068,0.7873,0.799,0.0117,5734.52
2024-01-01T18:37:00,0.7931,0.2069,0.7878,0.7985,0.0107,5769.96
2024-01-01T18:38:00,0.792,0.208,0.7841,0.7998,0.0158,5226.99
2024-01-01T18:39:00,0.7972,0.2028,0.7885,0.8058,0.0174,3301.21
2024-01-01T18:40:00,0.7937,0.2063,0.7893,0.798,0.0087,4829.97
2024-01-01T18:41:00,0.7951,0.2049,0.7873,0.8029,0.0156,5616.74
2024-01-01T18:42:00,0.7952,0.2048,0.789,0.8014,0.0124,2710.94
2024-01-01T18:43:00,0.8003,0.1997,0.7913,0.8092,0.018,3484.11
2024-01-01T18:44:00,0.8,0.2,0.7914,0.8085,0.0171,2612.44
2024-01-01T18:45:00,0.7967,0.2033,0.7943,0.7991,0.0048,4379.26
2024-01-01T18:46:00,0.7982,0.2018,0.7936,0.8028,0.0092,4149.28
2024-01-01T18:47:00,0.7986,0.2014,0.7905,0.8067,0.0162,5843.3
2024-01-01T18:48:00,0.7979,0.2021,0.7918,0.8039,0.0121,4634.96
2024-01-01T18:49:00,0.7968,0.2032,0.7878,0.8058,0.0181,4684.79
2024-01-01T18:50:00,0.7984,0.2016,0.7899,0.8068,0.0168,5906.27
2024-01-01T18:51:00,0.7987,0.2013,0.7939,0.8036,0.0096,4931.94
2024-01-01T18:52:00,0.8003,0.1997,0.7942,0.8063,0.012,2618.58
2024-01-01T18:53:00,0.801,0.199,0.7962,0.8057,0.0094,3871.74
2024-01-01T18:54:00,0.7976,0.2024,0.7894,0.8058,0.0164,3199.27
2024-01-01T18:55:00,0.7988,0.2012,0.7944,0.8033,0.0089,5320.66
2024-01-01T18:56:00,0.7996,0.2004,0.7934,0.8057,0.0123,4614.17
2024-01-01T18:57:00,0.8012,0.1988,0.7971,0.8053,0.0083,2971.1
2024-01-01T18:58:00,0.801,0.199,0.7933,0.8088,0.0155,3751.15
2024-01-01T18:59:00,0.7987,0.2013,0.792,0.8054,0.0135,3779.35
2024-01-01T19:00:00,0.8002,0.1998,0.7925,0.808,0.0155,2987.23
2024-01-01T19:01:00,0.7965,0.2035,0.7891,0.804,0.015,4508.59
2024-01-01T19:02:00,0.7952,0.2048,0.7881,0.8023,0.0142,4200.87
2024-01-01T19:03:00,0.7948,0.2052,0.7883,0.8014,0.0131,4338.69
2024-01-01T19:04:00,0.7967,0.2033,0.7945,0.7989,0.0044,3807.53
2024-01-01T19:05:00,0.797,0.203,0.79,0.804,0.014,5353.85
2024-01-01T19:06:00,0.7951,0.2049,0.7868,0.8034,0.0165,5018.62
2024-01-01T19:07:00,0.7963,0.2037,0.7909,0.8018,0.0109,3209.61
2024-01-01T19:08:00,0.7954,0.2046,0.7931,0.7977,0.0045,4802.27
2024-01-01T19:09:00,0.7969,0.2031,0.7926,0.8011,0.0085,5630.7
2024-01-01T19:10:00,0.7961,0.2039,0.7874,0.8048,0.0173,4497.5
2024-01-01T19:11:00,0.793,0.207,0.7899,0.7961,0.0062,3395.65
2024-01-01T19:12:00,0.7948,0.2052,0.7888,0.8008,0.012,5302.18
2024-01-01T19:13:00,0.7911,0.2089,0.782,0.8001,0.018,3555.49
2024-01-01T19:14:00,0.7948,0.2052,0.792,0.7977,0.0057,3814.48
2024-01-01T19:15:00,0.792,0.208,0.7834,0.8006,0.0172,4203.86
2024-01-01T19:16:00,0.7926,0.2074,0.7844,0.8009,0.0165,2932.35
2024-01-01T19:17:00,0.7934,0.2066,0.7868,0.7999,0.0131,3736.0
2024-01-01T19:18:00,0.7938,0.2062,0.789,0.7986,0.0096,5998.88
2024-01-01T19:19:00,0.7966,0.2034,0.794,0.7992,0.0053,5173.33
2024-01-01T19:20:00,0.7972,0.2028,0.7904,0.804,0.0136,3432.22
2024-01-01T19:21:00,0.7925,0.2075,0.7876,0.7974,0.0097,5308.06
2024-01-01T19:22:00,0.7944,0.2056,0.7922,0.7966,0.0045,5782.3
2024-01-01T19:23:00,0.7941,0.2059,0.7883,0.7999,0.0116,3982.72
2024-01-01T19:24:00,0.7929,0.2071,0.7858,0.8,0.0142,5065.63
2024-01-01T19:25:00,0.7893,0.2107,0.7859,0.7927,0.0068,4987.25
2024-01-01T19:26:00,0.7912,0.2088,0.7887,0.7937,0.005,3118.84
2024-01-01T19:27:00,0.7943,0.2057,0.789,0.7996,0.0106,3751.59
2024-01-01T19:28:00,0.7979,0.2021,0.7914,0.8045,0.0131,2731.02
2024-01-01T19:29:00,0.7953,0.2047,0.7932,0.7974,0.0041,5642.42
2024-01-01T19:30:00,0.7961,0.2039,0.7939,0.7983,0.0043,4411.81
2024-01-01T19:31:00,0.7993,0.2007,0.7939,0.8046,0.0106,5220.45
2024-01-01T19:32:00,0.7934,0.2066,0.7895,0.7973,0.0078,3472.14
2024-01-01T19:33:00,0.7952,0.2048,0.7887,0.8017,0.013,3651.33
2024-01-01T19:34:00,0.7937,0.2063,0.7882,0.7991,0.0109,5594.02
2024-01-01T19:35:00,0.7963,0.2037,0.7894,0.8032,0.0138,4577.89
2024-01-01T19:36:00,0.7976,0.2024,0.7949,0.8003,0.0054,4913.25
2024-01-01T19:37:00,0.7938,0.2062,0.7882,0.7994,0.0111,5337.33
2024-01-01T19:38:00,0.796,0.204,0.7916,0.8004,0.0088,2932.61
2024-01-01T19:39:00,0.7971,0.2029,0.7896,0.8046,0.015,5340.44
2024-01-01T19:40:00,0.7941,0.2059,0.7852,0.8029,0.0177,2825.34
2024-01-01T19:41:00,0.7963,0.2037,0.7882,0.8043,0.0161,2931.93
2024-01-01T19:42:00,0.7977,0.2023,0.79,0.8055,0.0155,3092.68
2024-01-01T19:43:00,0.7949,0.2051,0.7898,0.8,0.0102,3041.71
2024-01-01T19:44:00,0.7945,0.2055,0.7915,0.7976,0.0062,4957.34
2024-01-01T19:45:00,0.7922,0.2078,0.783,0.8014,0.0184,4910.87
2024-01-01T19:46:00,0.7923,0.2077,0.7863,0.7982,0.0119,4973.77
2024-01-01T19:47:00,0.7898,0.2102,0.7846,0.7951,0.0105,4182.15
2024-01-01T19:48:00,0.7923,0.2077,0.7864,0.7981,0.0118,4403.17
2024-01-01T19:49:00,0.7908,0.2092,0.7867,0.7949,0.0081,5247.93
2024-01-01T19:50:00,0.7962,0.2038,0.789,0.8034,0.0145,5687.26
2024-01-01T19:51:00,0.797,0.203,0.7891,0.805,0.016,4762.28
2024-01-01T19:52:00,0.797,0.203,0.7943,0.7997,0.0054,2920.52
2024-01-01T19:53:00,0.7929,0.2071,0.7887,0.7971,0.0083,5436.93
2024-01-01T19:54:00,0.7939,0.2061,0.7876,0.8001,0.0124,4241.17
2024-01-01T19:55:00,0.7963,0.2037,0.794,0.7986,0.0046,4595.16
2024-01-01T19:56:00,0.7969,0.2031,0.7938,0.8,0.0062,5213.64
2024-01-01T19:57:00,0.7952,0.2048,0.7863,0.804,0.0177,4239.94
2024-01-01T19:58:00,0.7934,0.2066,0.7842,0.8026,0.0184,5274.2
2024-01-01T19:59:00,0.7932,0.2068,0.7906,0.7959,0.0052,5490.44
2024-01-01T20:00:00,0.7988,0.2012,0.7948,0.8028,0.0081,4092.67
2024-01-01T20:01:00,0.7968,0.2032,0.7899,0.8037,0.0139,4505.83
2024-01-01T20:02:00,0.7979,0.2021,0.7919,0.8039,0.012,3989.13
2024-01-01T20:03:00,0.7956,0.2044,0.7914,0.7997,0.0084,3296.86
2024-01-01T20:04:00,0.7957,0.2043,0.7912,0.8002,0.009,5765.82
2024-01-01T20:05:00,0.7932,0.2068,0.7852,0.8012,0.016,5582.19
2024-01-01T20:06:00,0.7902,0.2098,0.784,0.7963,0.0122,2982.38
2024-01-01T20:07:00,0.7899,0.2101,0.7841,0.7956,0.0115,3671.09
2024-01-01T20:08:00,0.7863,0.2137,0.7818,0.7908,0.0091,2861.65
2024-01-01T20:09:00,0.7871,0.2129,0.7807,0.7934,0.0127,3003.3
2024-01-01T20:10:00,0.7822,0.2178,0.7783,0.786,0.0077,5232.31
2024-01-01T20:11:00,0.7798,0.2202,0.7771,0.7826,0.0055,2760.83
2024-01-01T20:12:00,0.7777,0.2223,0.7751,0.7804,0.0053,5515.8
2024-01-01T20:13:00,0.7721,0.2279,0.7637,0.7805,0.0168,2961.87
2024-01-01T20:14:00,0.7687,0.2313,0.7659,0.7715,0.0056,5832.8
2024-01-01T20:15:00,0.7667,0.2333,0.7642,0.7692,0.0049,4131.91
2024-01-01T20:16:00,0.7636,0.2364,0.759,0.7682,0.0092,5985.59
2024-01-01T20:17:00,0.7605,0.2395,0.7524,0.7686,0.0162,6475.08
2024-01-01T20:18:00,0.7554,0.2446,0.7524,0.7584,0.006,6820.1
2024-01-01T20:19:00,0.7526,0.2474,0.7462,0.759,0.0128,3471.61
2024-01-01T20:20:00,0.7462,0.2538,0.7412,0.7512,0.01,6905.06
2024-01-01T20:21:00,0.7452,0.2548,0.7429,0.7476,0.0047,5781.79
2024-01-01T20:22:00,0.7417,0.2583,0.7375,0.7459,0.0084,4937.68
2024-01-01T20:23:00,0.7378,0.2622,0.734,0.7415,0.0075,5828.46
2024-01-01T20:24:00,0.7353,0.2647,0.7319,0.7386,0.0067,6351.23
2024-01-01T20:25:00,0.7315,0.2685,0.7226,0.7403,0.0176,4118.1
2024-01-01T20:26:00,0.7287,0.2713,0.7266,0.7307,0.0041,5046.26
2024-01-01T20:27:00,0.7234,0.2766,0.72,0.7267,0.0066,7236.39
2024-01-01T20:28:00,0.7225,0.2775,0.7189,0.726,0.0071,5037.15
2024-01-01T20:29:00,0.7184,0.2816,0.7106,0.7262,0.0156,7014.31
2024-01-01T20:30:00,0.7183,0.2817,0.7107,0.7259,0.0152,3398.66
2024-01-01T20:31:00,0.711,0.289,0.7062,0.7158,0.0096,5647.58
2024-01-01T20:32:00,0.7102,0.2898,0.7016,0.7188,0.0172,3491.0
2024-01-01T20:33:00,0.7056,0.2944,0.6978,0.7134,0.0156,4626.76
2024-01-01T20:34:00,0.7014,0.2986,0.692,0.7108,0.0187,4633.34
2024-01-01T20:35:00,0.6988,0.3012,0.6906,0.7069,0.0163,6503.8
2024-01-01T20:36:00,0.6913,0.3087,0.6853,0.6973,0.012,6767.29
2024-01-01T20:37:00,0.6933,0.3067,0.6899,0.6967,0.0068,3702.64
2024-01-01T20:38:00,0.6892,0.3108,0.6852,0.6932,0.008,7423.61
2024-01-01T20:39:00,0.6846,0.3154,0.6748,0.6945,0.0198,4771.39
2024-01-01T20:40:00,0.6828,0.3172,0.6803,0.6854,0.005,7851.63
2024-01-01T20:41:00,0.6779,0.3221,0.6694,0.6865,0.0171,5392.15
2024-01-01T20:42:00,0.6743,0.3257,0.6676,0.681,0.0135,4597.21
2024-01-01T20:43:00,0.6695,0.3305,0.6604,0.6786,0.0182,5724.36
2024-01-01T20:44:00,0.6701,0.3299,0.6607,0.6796,0.0189,5181.39
2024-01-01T20:45:00,0.6634,0.3366,0.6592,0.6677,0.0085,7613.58
2024-01-01T20:46:00,0.6592,0.3408,0.6541,0.6643,0.0102,8054.24
2024-01-01T20:47:00,0.6515,0.3485,0.6441,0.6589,0.0149,5094.08
2024-01-01T20:48:00,0.6492,0.3508,0.6385,0.6599,0.0214,5491.75
2024-01-01T20:49:00,0.648,0.352,0.6389,0.6571,0.0183,9137.21
2024-01-01T20:50:00,0.6491,0.3509,0.6423,0.6559,0.0136,6222.18
2024-01-01T20:51:00,0.6429,0.3571,0.633,0.6528,0.0197,4355.32
2024-01-01T20:52:00,0.6398,0.3602,0.6332,0.6463,0.0131,4874.39
2024-01-01T20:53:00,0.6362,0.3638,0.6255,0.6469,0.0214,6042.45
2024-01-01T20:54:00,0.6342,0.3658,0.6309,0.6375,0.0067,6030.12
2024-01-01T20:55:00,0.6299,0.3701,0.6257,0.6342,0.0086,6387.08
2024-01-01T20:56:00,0.6252,0.3748,0.6176,0.6327,0.0151,4489.92
2024-01-01T20:57:00,0.6219,0.3781,0.6155,0.6282,0.0128,5672.84
2024-01-01T20:58:00,0.6153,0.3847,0.6116,0.619,0.0074,7403.46
2024-01-01T20:59:00,0.6163,0.3837,0.6059,0.6267,0.0208,8023.05
2024-01-01T21:00:00,0.61,0.39,0.6009,0.6191,0.0183,7379.07
2024-01-01T21:01:00,0.6118,0.3882,0.6047,0.619,0.0143,5793.19
2024-01-01T21:02:00,0.6019,0.3981,0.5908,0.6129,0.0221,9041.21
2024-01-01T21:03:00,0.6029,0.3971,0.6,0.6059,0.006,8871.98
2024-01-01T21:04:00,0.5983,0.4017,0.5904,0.6062,0.0158,7394.12
2024-01-01T21:05:00,0.5961,0.4039,0.5921,0.6001,0.0079,8381.11
2024-01-01T21:06:00,0.5923,0.4077,0.5875,0.597,0.0094,5483.26
2024-01-01T21:07:00,0.5889,0.4111,0.5837,0.5942,0.0105,9114.25
2024-01-01T21:08:00,0.5872,0.4128,0.5772,0.5972,0.02,5538.84
2024-01-01T21:09:00,0.5818,0.4182,0.5746,0.589,0.0144,7453.75
2024-01-01T21:10:00,0.5796,0.4204,0.5727,0.5865,0.0137,6734.65
2024-01-01T21:11:00,0.575,0.425,0.5686,0.5813,0.0128,9544.46
2024-01-01T21:12:00,0.5718,0.4282,0.5657,0.5779,0.0122,10212.15
2024-01-01T21:13:00,0.5672,0.4328,0.5561,0.5783,0.0222,7014.02
2024-01-01T21:14:00,0.5631,0.4369,0.5569,0.5694,0.0125,10868.1
2024-01-01T21:15:00,0.5642,0.4358,0.5544,0.5741,0.0197,6598.94
2024-01-01T21:16:00,0.5574,0.4426,0.5527,0.5622,0.0095,6120.37
2024-01-01T21:17:00,0.5563,0.4437,0.5476,0.5649,0.0172,9962.81
2024-01-01T21:18:00,0.5492,0.4508,0.5459,0.5525,0.0066,10152.77
2024-01-01T21:19:00,0.549,0.451,0.5444,0.5535,0.0091,10597.91
2024-01-01T21:20:00,0.5469,0.4531,0.5352,0.5585,0.0233,7198.28
2024-01-01T21:21:00,0.5454,0.4546,0.5391,0.5517,0.0126,5394.79
2024-01-01T21:22:00,0.5418,0.4582,0.5359,0.5478,0.0119,6968.89
2024-01-01T21:23:00,0.5361,0.4639,0.5314,0.5408,0.0094,10918.65
2024-01-01T21:24:00,0.5325,0.4675,0.5207,0.5443,0.0235,6415.77
2024-01-01T21:25:00,0.5282,0.4718,0.5209,0.5355,0.0146,8861.87
2024-01-01T21:26:00,0.5263,0.4737,0.5162,0.5363,0.0202,6532.28
2024-01-01T21:27:00,0.52,0.48,0.5144,0.5256,0.0113,6181.76
2024-01-01T21:28:00,0.517,0.483,0.5085,0.5254,0.0169,10652.73
2024-01-01T21:29:00,0.5125,0.4875,0.5088,0.5161,0.0073,11304.49
2024-01-01T21:30:00,0.511,0.489,0.5052,0.5169,0.0117,7333.93
2024-01-01T21:31:00,0.5092,0.4908,0.5036,0.5147,0.0111,11653.87
2024-01-01T21:32:00,0.5085,0.4915,0.4994,0.5175,0.018,8096.23
2024-01-01T21:33:00,0.5085,0.4915,0.5043,0.5127,0.0084,12197.84
2024-01-01T21:34:00,0.5089,0.4911,0.4972,0.5205,0.0233,9302.9
2024-01-01T21:35:00,0.5072,0.4928,0.4981,0.5164,0.0183,9662.05
2024-01-01T21:36:00,0.5053,0.4947,0.4985,0.5121,0.0136,11993.41
2024-01-01T21:37:00,0.5063,0.4937,0.4998,0.5129,0.0131,8286.86
2024-01-01T21:38:00,0.5085,0.4915,0.5047,0.5122,0.0074,9107.16
2024-01-01T21:39:00,0.5068,0.4932,0.5001,0.5136,0.0136,9465.78
2024-01-01T21:40:00,0.5026,0.4974,0.4986,0.5065,0.0079,6679.42
2024-01-01T21:41:00,0.5061,0.4939,0.4986,0.5135,0.0149,7242.93
2024-01-01T21:42:00,0.5032,0.4968,0.4971,0.5092,0.0121,9599.65
2024-01-01T21:43:00,0.5066,0.4934,0.5016,0.5115,0.0099,12068.58
2024-01-01T21:44:00,0.5085,0.4915,0.5,0.5169,0.0169,7605.29
2024-01-01T21:45:00,0.5063,0.4937,0.4991,0.5135,0.0144,9748.66
2024-01-01T21:46:00,0.5083,0.4917,0.4991,0.5174,0.0183,9954.5
2024-01-01T21:47:00,0.5077,0.4923,0.5016,0.5139,0.0124,10801.59
2024-01-01T21:48:00,0.5024,0.4976,0.4989,0.506,0.007,12444.14
2024-01-01T21:49:00,0.5065,0.4935,0.5,0.5129,0.0129,6543.02
2024-01-01T21:50:00,0.505,0.495,0.4986,0.5113,0.0127,9336.37
2024-01-01T21:51:00,0.5085,0.4915,0.5012,0.5159,0.0147,9163.05
2024-01-01T21:52:00,0.5071,0.4929,0.4955,0.5186,0.0231,10551.1
2024-01-01T21:53:00,0.5047,0.4953,0.4957,0.5137,0.018,7274.66
2024-01-01T21:54:00,0.5035,0.4965,0.4945,0.5125,0.018,9680.0
2024-01-01T21:55:00,0.5045,0.4955,0.4994,0.5095,0.0101,11863.49
2024-01-01T21:56:00,0.5051,0.4949,0.4936,0.5166,0.023,11359.52
2024-01-01T21:57:00,0.5068,0.4932,0.5041,0.5095,0.0054,6827.52
2024-01-01T21:58:00,0.5048,0.4952,0.4991,0.5105,0.0114,7021.7
2024-01-01T21:59:00,0.5062,0.4938,0.5026,0.5097,0.0071,10471.67
2024-01-01T22:00:00,0.5051,0.4949,0.5015,0.5088,0.0073,9698.18
2024-01-01T22:01:00,0.5075,0.4925,0.4969,0.518,0.0211,9684.35
2024-01-01T22:02:00,0.5112,0.4888,0.5082,0.5142,0.006,10501.03
2024-01-01T22:03:00,0.5127,0.4873,0.5064,0.5189,0.0124,6696.52
2024-01-01T22:04:00,0.5083,0.4917,0.5003,0.5163,0.016,12052.21
2024-01-01T22:05:00,0.5045,0.4955,0.4935,0.5156,0.0221,10561.79
2024-01-01T22:06:00,0.5053,0.4947,0.4976,0.513,0.0154,6782.82
2024-01-01T22:07:00,0.5092,0.4908,0.4997,0.5187,0.019,10115.57
2024-01-01T22:08:00,0.5084,0.4916,0.5029,0.5139,0.011,9723.93
2024-01-01T22:09:00,0.5088,0.4912,0.5043,0.5132,0.0089,6463.1
2024-01-01T22:10:00,0.5072,0.4928,0.4989,0.5155,0.0165,7127.27
2024-01-01T22:11:00,0.5075,0.4925,0.4993,0.5158,0.0165,7706.01
2024-01-01T22:12:00,0.5057,0.4943,0.501,0.5104,0.0095,8457.89
2024-01-01T22:13:00,0.5069,0.4931,0.4948,0.5189,0.0241,6276.23
2024-01-01T22:14:00,0.5054,0.4946,0.4976,0.5132,0.0156,5889.21
2024-01-01T22:15:00,0.5076,0.4924,0.4991,0.5161,0.017,8996.65
2024-01-01T22:16:00,0.5071,0.4929,0.4955,0.5186,0.023,5829.6
2024-01-01T22:17:00,0.5081,0.4919,0.5022,0.5141,0.012,7597.73
2024-01-01T22:18:00,0.5073,0.4927,0.5017,0.5128,0.0112,6399.29
2024-01-01T22:19:00,0.5067,0.4933,0.4945,0.5189,0.0243,8522.5
2024-01-01T22:20:00,0.5053,0.4947,0.494,0.5167,0.0227,6532.07
2024-01-01T22:21:00,0.503,0.497,0.4925,0.5135,0.021,11557.63
2024-01-01T22:22:00,0.5025,0.4975,0.4992,0.5058,0.0066,7760.74
2024-01-01T22:23:00,0.5032,0.4968,0.4953,0.5112,0.0158,7679.21
2024-01-01T22:24:00,0.5054,0.4946,0.4951,0.5157,0.0207,7521.28
2024-01-01T22:25:00,0.5006,0.4994,0.4972,0.504,0.0068,12285.6
2024-01-01T22:26:00,0.5038,0.4962,0.4941,0.5136,0.0196,12077.84
2024-01-01T22:27:00,0.5015,0.4985,0.4917,0.5113,0.0196,7571.65
2024-01-01T22:28:00,0.5041,0.4959,0.4968,0.5115,0.0148,7437.76
2024-01-01T22:29:00,0.5047,0.4953,0.4928,0.5166,0.0238,6445.23
2024-01-01T22:30:00,0.5062,0.4938,0.4972,0.5152,0.018,5973.98
2024-01-01T22:31:00,0.5022,0.4978,0.4985,0.5058,0.0073,6055.46
2024-01-01T22:32:00,0.5057,0.4943,0.4981,0.5132,0.0151,11102.11
2024-01-01T22:33:00,0.5047,0.4953,0.5018,0.5077,0.0059,9692.29
2024-01-01T22:34:00,0.503,0.497,0.4908,0.5153,0.0244,11792.98
2024-01-01T22:35:00,0.5025,0.4975,0.4944,0.5106,0.0162,6784.29
2024-01-01T22:36:00,0.5043,0.4957,0.492,0.5166,0.0246,7863.42
2024-01-01T22:37:00,0.5054,0.4946,0.4988,0.512,0.0132,6211.31
2024-01-01T22:38:00,0.5045,0.4955,0.4974,0.5117,0.0144,8446.91
2024-01-01T22:39:00,0.5061,0.4939,0.4948,0.5175,0.0226,7197.11
2024-01-01T22:40:00,0.5051,0.4949,0.4951,0.5152,0.02,12029.07
2024-01-01T22:41:00,0.5043,0.4957,0.4993,0.5092,0.0099,9101.78
2024-01-01T22:42:00,0.5035,0.4965,0.4922,0.5147,0.0225,12055.8
2024-01-01T22:43:00,0.5024,0.4976,0.491,0.5138,0.0229,8974.25
2024-01-01T22:44:00,0.5072,0.4928,0.4986,0.5157,0.0171,7128.68
2024-01-01T22:45:00,0.5043,0.4957,0.5,0.5087,0.0087,10475.48
2024-01-01T22:46:00,0.5077,0.4923,0.4955,0.5198,0.0243,8330.74
2024-01-01T22:47:00,0.505,0.495,0.4954,0.5147,0.0193,8101.09
2024-01-01T22:48:00,0.5078,0.4922,0.5025,0.5132,0.0107,6730.49
2024-01-01T22:49:00,0.5079,0.4921,0.4967,0.519,0.0223,8898.25
2024-01-01T22:50:00,0.5035,0.4965,0.4972,0.5097,0.0125,5588.18
2024-01-01T22:51:00,0.5062,0.4938,0.4941,0.5184,0.0242,8917.2
2024-01-01T22:52:00,0.5103,0.4897,0.5022,0.5184,0.0162,8262.34
2024-01-01T22:53:00,0.5117,0.4883,0.5067,0.5168,0.0101,11669.71
2024-01-01T22:54:00,0.5051,0.4949,0.5016,0.5085,0.0069,7687.87
2024-01-01T22:55:00,0.5099,0.4901,0.4999,0.52,0.0201,11365.36
2024-01-01T22:56:00,0.5093,0.4907,0.503,0.5157,0.0126,9621.01
2024-01-01T22:57:00,0.5068,0.4932,0.5036,0.5101,0.0064,7702.25
2024-01-01T22:58:00,0.5056,0.4944,0.4938,0.5174,0.0236,7492.42
2024-01-01T22:59:00,0.5052,0.4948,0.5017,0.5087,0.007,8874.07
2024-01-01T23:00:00,0.5047,0.4953,0.4976,0.5117,0.014,9004.76
2024-01-01T23:01:00,0.5053,0.4947,0.4935,0.517,0.0235,6746.65
2024-01-01T23:02:00,0.5033,0.4967,0.4945,0.512,0.0176,6727.69
2024-01-01T23:03:00,0.5057,0.4943,0.5014,0.5099,0.0085,7882.39
2024-01-01T23:04:00,0.505,0.495,0.4937,0.5163,0.0225,7313.1
2024-01-01T23:05:00,0.5085,0.4915,0.4974,0.5196,0.0223,10343.49
2024-01-01T23:06:00,0.5061,0.4939,0.4986,0.5137,0.0151,9720.3
2024-01-01T23:07:00,0.5057,0.4943,0.4935,0.5179,0.0244,7912.54
2024-01-01T23:08:00,0.5051,0.4949,0.4948,0.5153,0.0205,7434.63
2024-01-01T23:09:00,0.5106,0.4894,0.5081,0.5131,0.005,8607.34
2024-01-01T23:10:00,0.5071,0.4929,0.5015,0.5128,0.0113,6569.83
2024-01-01T23:11:00,0.506,0.494,0.4982,0.5139,0.0157,6549.51
2024-01-01T23:12:00,0.5127,0.4873,0.5012,0.5243,0.023,7157.92
2024-01-01T23:13:00,0.5085,0.4915,0.505,0.5119,0.0069,5549.24
2024-01-01T23:14:00,0.5052,0.4948,0.501,0.5094,0.0084,7268.01
2024-01-01T23:15:00,0.5057,0.4943,0.499,0.5123,0.0132,10405.65
2024-01-01T23:16:00,0.5082,0.4918,0.505,0.5115,0.0065,8015.86
2024-01-01T23:17:00,0.506,0.494,0.4944,0.5176,0.0233,5769.72
2024-01-01T23:18:00,0.5081,0.4919,0.5032,0.5131,0.0099,5849.01
2024-01-01T23:19:00,0.5069,0.4931,0.5014,0.5123,0.0109,10158.06
2024-01-01T23:20:00,0.506,0.494,0.5014,0.5105,0.0091,8905.68
2024-01-01T23:21:00,0.5031,0.4969,0.491,0.5152,0.0242,11690.45
2024-01-01T23:22:00,0.5081,0.4919,0.5024,0.5137,0.0112,11585.16
2024-01-01T23:23:00,0.5041,0.4959,0.5012,0.5069,0.0058,8611.68
2024-01-01T23:24:00,0.504,0.496,0.501,0.5069,0.0058,11190.95
2024-01-01T23:25:00,0.5055,0.4945,0.501,0.5099,0.0089,9563.14
2024-01-01T23:26:00,0.5056,0.4944,0.4958,0.5153,0.0195,5590.79
2024-01-01T23:27:00,0.5051,0.4949,0.5,0.5102,0.0102,11874.87
2024-01-01T23:28:00,0.5028,0.4972,0.4937,0.5119,0.0182,7526.27
2024-01-01T23:29:00,0.5062,0.4938,0.4947,0.5178,0.0232,5927.51
2024-01-01T23:30:00,0.5015,0.4985,0.4939,0.5091,0.0152,11002.46
2024-01-01T23:31:00,0.5003,0.4997,0.4959,0.5046,0.0087,7289.7
2024-01-01T23:32:00,0.5008,0.4992,0.4934,0.5081,0.0146,5884.69
2024-01-01T23:33:00,0.503,0.497,0.4915,0.5146,0.0231,7952.75
2024-01-01T23:34:00,0.5036,0.4964,0.4979,0.5092,0.0113,11842.69
2024-01-01T23:35:00,0.5051,0.4949,0.4964,0.5137,0.0172,12344.27
2024-01-01T23:36:00,0.5065,0.4935,0.4948,0.5181,0.0232,9245.19
2024-01-01T23:37:00,0.5071,0.4929,0.4986,0.5156,0.017,8942.28
2024-01-01T23:38:00,0.5065,0.4935,0.4945,0.5186,0.0241,6064.87
2024-01-01T23:39:00,0.5069,0.4931,0.4946,0.5192,0.0246,5764.92
2024-01-01T23:40:00,0.5035,0.4965,0.497,0.51,0.013,6472.77
2024-01-01T23:41:00,0.5074,0.4926,0.5006,0.5142,0.0136,12145.44
2024-01-01T23:42:00,0.5089,0.4911,0.5009,0.517,0.0161,6267.6
2024-01-01T23:43:00,0.5072,0.4928,0.4948,0.5195,0.0248,8674.48
2024-01-01T23:44:00,0.5056,0.4944,0.4937,0.5176,0.0239,8539.79
2024-01-01T23:45:00,0.5046,0.4954,0.5011,0.5082,0.0071,9881.52
2024-01-01T23:46:00,0.5081,0.4919,0.5019,0.5142,0.0123,9604.52
2024-01-01T23:47:00,0.5052,0.4948,0.496,0.5144,0.0184,11305.46
2024-01-01T23:48:00,0.5056,0.4944,0.4986,0.5126,0.014,11909.86
2024-01-01T23:49:00,0.5049,0.4951,0.4944,0.5154,0.0209,8754.52
2024-01-01T23:50:00,0.5011,0.4989,0.4913,0.511,0.0198,6188.4
2024-01-01T23:51:00,0.5094,0.4906,0.5029,0.5159,0.013,7125.76
2024-01-01T23:52:00,0.5074,0.4926,0.4985,0.5162,0.0178,6234.36
2024-01-01T23:53:00,0.5083,0.4917,0.4998,0.5167,0.0169,7751.1
2024-01-01T23:54:00,0.5085,0.4915,0.4989,0.5181,0.0192,9542.66
2024-01-01T23:55:00,0.5058,0.4942,0.4971,0.5146,0.0176,8615.89
2024-01-01T23:56:00,0.5055,0.4945,0.5007,0.5103,0.0096,9308.49
2024-01-01T23:57:00,0.5077,0.4923,0.5028,0.5127,0.0099,7593.35
2024-01-01T23:58:00,0.5097,0.4903,0.5035,0.5159,0.0124,6451.9
2024-01-01T23:59:00,0.5086,0.4914,0.5023,0.5149,0.0126,11775.91
2024-01-02T00:00:00,0.5049,0.4951,0.4927,0.517,0.0243,8236.02
2024-01-02T00:01:00,0.5043,0.4957,0.494,0.5146,0.0207,9632.06
2024-01-02T00:02:00,0.5078,0.4922,0.4978,0.5177,0.0199,8427.07
2024-01-02T00:03:00,0.5053,0.4947,0.4947,0.516,0.0214,9784.45
2024-01-02T00:04:00,0.5041,0.4959,0.5002,0.508,0.0078,5501.89
2024-01-02T00:05:00,0.5043,0.4957,0.4959,0.5126,0.0167,6625.19
2024-01-02T00:06:00,0.5078,0.4922,0.4997,0.5158,0.0162,7861.94
2024-01-02T00:07:00,0.5047,0.4953,0.5007,0.5088,0.0081,10986.08
2024-01-02T00:08:00,0.5061,0.4939,0.5011,0.5112,0.0102,7239.03
2024-01-02T00:09:00,0.5049,0.4951,0.4954,0.5145,0.0191,9779.81
2024-01-02T00:10:00,0.5104,0.4896,0.5031,0.5178,0.0147,10051.23
2024-01-02T00:11:00,0.5114,0.4886,0.5069,0.5159,0.009,9184.2
2024-01-02T00:12:00,0.5051,0.4949,0.4931,0.5171,0.024,5552.66
2024-01-02T00:13:00,0.5091,0.4909,0.5017,0.5164,0.0148,12298.05
2024-01-02T00:14:00,0.5108,0.4892,0.5072,0.5144,0.0072,6628.78
2024-01-02T00:15:00,0.5097,0.4903,0.5069,0.5124,0.0055,8642.46
2024-01-02T00:16:00,0.5083,0.4917,0.4965,0.52,0.0235,11629.94
2024-01-02T00:17:00,0.5068,0.4932,0.5008,0.5128,0.012,7594.08
2024-01-02T00:18:00,0.5082,0.4918,0.4995,0.5169,0.0173,10110.85
2024-01-02T00:19:00,0.5109,0.4891,0.5005,0.5213,0.0208,6857.37
2024-01-02T00:20:00,0.5071,0.4929,0.5029,0.5114,0.0086,8474.39
2024-01-02T00:21:00,0.5053,0.4947,0.4994,0.5112,0.0118,10595.24
2024-01-02T00:22:00,0.5074,0.4926,0.4984,0.5164,0.018,12360.34
2024-01-02T00:23:00,0.5052,0.4948,0.4938,0.5166,0.0227,6690.92
2024-01-02T00:24:00,0.507,0.493,0.504,0.51,0.0059,7800.47
2024-01-02T00:25:00,0.5066,0.4934,0.5037,0.5095,0.0058,9267.92
2024-01-02T00:26:00,0.5056,0.4944,0.4947,0.5164,0.0217,12066.62
2024-01-02T00:27:00,0.5092,0.4908,0.5061,0.5124,0.0063,7916.33
2024-01-02T00:28:00,0.5062,0.4938,0.4944,0.518,0.0236,7583.29
2024-01-02T00:29:00,0.5052,0.4948,0.4982,0.5121,0.0139,7547.28
2024-01-02T00:30:00,0.5055,0.4945,0.494,0.517,0.0229,7768.5
2024-01-02T00:31:00,0.5076,0.4924,0.5043,0.5108,0.0065,5503.28
2024-01-02T00:32:00,0.5026,0.4974,0.4923,0.5129,0.0206,8164.48
2024-01-02T00:33:00,0.5046,0.4954,0.4947,0.5145,0.0198,11574.88
2024-01-02T00:34:00,0.5055,0.4945,0.4979,0.513,0.0151,10628.77
2024-01-02T00:35:00,0.5052,0.4948,0.4996,0.5108,0.0112,12150.44
2024-01-02T00:36:00,0.5042,0.4958,0.4974,0.511,0.0136,6185.84
2024-01-02T00:37:00,0.5064,0.4936,0.4944,0.5183,0.0239,9787.39
2024-01-02T00:38:00,0.5051,0.4949,0.497,0.5131,0.0161,8068.99
2024-01-02T00:39:00,0.5022,0.4978,0.4922,0.5123,0.0201,11314.02
2024-01-02T00:40:00,0.502,0.498,0.4975,0.5065,0.009,12020.51
2024-01-02T00:41:00,0.5006,0.4994,0.497,0.5041,0.0072,6762.48
2024-01-02T00:42:00,0.5049,0.4951,0.495,0.5148,0.0198,10578.28
2024-01-02T00:43:00,0.5044,0.4956,0.4982,0.5106,0.0124,8715.44
2024-01-02T00:44:00,0.5064,0.4936,0.4947,0.5182,0.0235,7909.22
2024-01-02T00:45:00,0.508,0.492,0.4976,0.5184,0.0208,6358.47
2024-01-02T00:46:00,0.5041,0.4959,0.5013,0.5069,0.0056,12452.04
2024-01-02T00:47:00,0.5074,0.4926,0.5013,0.5134,0.012,10689.9
2024-01-02T00:48:00,0.5065,0.4935,0.4963,0.5168,0.0205,5425.12
2024-01-02T00:49:00,0.5092,0.4908,0.4971,0.5212,0.0241,9536.05
2024-01-02T00:50:00,0.5067,0.4933,0.5038,0.5096,0.0058,5713.64
2024-01-02T00:51:00,0.5074,0.4926,0.5041,0.5106,0.0065,8879.42
2024-01-02T00:52:00,0.5065,0.4935,0.4987,0.5143,0.0156,7689.71
2024-01-02T00:53:00,0.5017,0.4983,0.4966,0.5068,0.0102,10571.38
2024-01-02T00:54:00,0.5032,0.4968,0.5001,0.5063,0.0062,9985.93
2024-01-02T00:55:00,0.5027,0.4973,0.4985,0.507,0.0086,7683.33
2024-01-02T00:56:00,0.5053,0.4947,0.5012,0.5094,0.0082,6474.56
2024-01-02T00:57:00,0.5055,0.4945,0.4967,0.5143,0.0176,10469.66
2024-01-02T00:58:00,0.5072,0.4928,0.5024,0.5121,0.0097,10206.48
2024-01-02T00:59:00,0.5068,0.4932,0.4975,0.5162,0.0186,8968.12
2024-01-02T01:00:00,0.5068,0.4932,0.4996,0.514,0.0145,11461.27
2024-01-02T01:01:00,0.5042,0.4958,0.501,0.5075,0.0065,9124.64
2024-01-02T01:02:00,0.5075,0.4925,0.4973,0.5178,0.0205,10346.85
2024-01-02T01:03:00,0.5027,0.4973,0.4978,0.5077,0.0099,8920.81
2024-01-02T01:04:00,0.5059,0.4941,0.4967,0.515,0.0183,5385.35
2024-01-02T01:05:00,0.5043,0.4957,0.4943,0.5144,0.0202,11202.84
2024-01-02T01:06:00,0.507,0.493,0.4992,0.5148,0.0156,12094.98
2024-01-02T01:07:00,0.5033,0.4967,0.4909,0.5157,0.0248,11698.59
2024-01-02T01:08:00,0.5073,0.4927,0.4989,0.5158,0.017,9426.78
2024-01-02T01:09:00,0.5088,0.4912,0.4983,0.5193,0.021,10404.99
2024-01-02T01:10:00,0.5073,0.4927,0.5043,0.5103,0.006,12236.35
2024-01-02T01:11:00,0.5086,0.4914,0.5057,0.5115,0.0058,5996.51
2024-01-02T01:12:00,0.5133,0.4867,0.5015,0.5251,0.0236,5316.71
2024-01-02T01:13:00,0.5161,0.4839,0.5071,0.5251,0.018,11180.08
2024-01-02T01:14:00,0.5152,0.4848,0.5127,0.5177,0.005,9110.47
2024-01-02T01:15:00,0.5207,0.4793,0.5087,0.5328,0.0241,7042.15
2024-01-02T01:16:00,0.5249,0.4751,0.5177,0.5321,0.0144,11396.42
2024-01-02T01:17:00,0.531,0.469,0.5225,0.5395,0.0171,11752.69
2024-01-02T01:18:00,0.5316,0.4684,0.5272,0.5361,0.0088,11399.64
2024-01-02T01:19:00,0.5322,0.4678,0.5211,0.5434,0.0223,8518.23
2024-01-02T01:20:00,0.5375,0.4625,0.5261,0.5489,0.0228,6405.05
2024-01-02T01:21:00,0.543,0.457,0.5352,0.5509,0.0157,9869.82
2024-01-02T01:22:00,0.5459,0.4541,0.5427,0.5491,0.0064,9869.33
2024-01-02T01:23:00,0.5484,0.4516,0.5384,0.5584,0.02,9541.7
2024-01-02T01:24:00,0.5505,0.4495,0.5432,0.5578,0.0146,7664.43
2024-01-02T01:25:00,0.5529,0.4471,0.5418,0.564,0.0222,11042.03
2024-01-02T01:26:00,0.5565,0.4435,0.5485,0.5646,0.0161,6261.12
2024-01-02T01:27:00,0.5573,0.4427,0.5494,0.5652,0.0159,7322.46
2024-01-02T01:28:00,0.5637,0.4363,0.556,0.5715,0.0155,5611.43
2024-01-02T01:29:00,0.562,0.438,0.5559,0.5681,0.0122,7376.79
2024-01-02T01:30:00,0.5687,0.4313,0.5656,0.5718,0.0062,5928.57
2024-01-02T01:31:00,0.5723,0.4277,0.5681,0.5765,0.0085,7044.87
2024-01-02T01:32:00,0.5759,0.4241,0.572,0.5798,0.0078,7791.21
2024-01-02T01:33:00,0.5759,0.4241,0.5736,0.5783,0.0047,10614.79
2024-01-02T01:34:00,0.5811,0.4189,0.5742,0.588,0.0138,5061.15
2024-01-02T01:35:00,0.5878,0.4122,0.5782,0.5974,0.0192,9396.65
2024-01-02T01:36:00,0.5867,0.4133,0.5769,0.5966,0.0197,6217.01
2024-01-02T01:37:00,0.5913,0.4087,0.5855,0.597,0.0115,6486.82
2024-01-02T01:38:00,0.5941,0.4059,0.5916,0.5966,0.005,5924.22
2024-01-02T01:39:00,0.5944,0.4056,0.5912,0.5976,0.0064,10049.2
2024-01-02T01:40:00,0.6017,0.3983,0.5993,0.6041,0.0049,6847.94
2024-01-02T01:41:00,0.6052,0.3948,0.5956,0.6148,0.0192,6542.4
2024-01-02T01:42:00,0.6041,0.3959,0.5969,0.6113,0.0144,8637.6
2024-01-02T01:43:00,0.61,0.39,0.6049,0.6151,0.0102,7691.73
2024-01-02T01:44:00,0.6114,0.3886,0.6064,0.6163,0.0099,8586.37
2024-01-02T01:45:00,0.6201,0.3799,0.609,0.6312,0.0222,8548.32
2024-01-02T01:46:00,0.6214,0.3786,0.6157,0.6271,0.0115,6344.66
2024-01-02T01:47:00,0.6201,0.3799,0.6128,0.6274,0.0145,9552.23
2024-01-02T01:48:00,0.6254,0.3746,0.6221,0.6286,0.0066,6688.93
2024-01-02T01:49:00,0.6308,0.3692,0.6238,0.6379,0.0142,4227.89
2024-01-02T01:50:00,0.631,0.369,0.6215,0.6405,0.0191,7279.81
2024-01-02T01:51:00,0.6373,0.3627,0.6316,0.6429,0.0113,9198.08
2024-01-02T01:52:00,0.6371,0.3629,0.6316,0.6425,0.0109,7403.57
2024-01-02T01:53:00,0.6401,0.3599,0.6323,0.6479,0.0156,4719.76
2024-01-02T01:54:00,0.6435,0.3565,0.6358,0.6512,0.0154,8219.97
2024-01-02T01:55:00,0.6477,0.3523,0.6444,0.6509,0.0066,6048.7
2024-01-02T01:56:00,0.6512,0.3488,0.6407,0.6616,0.0208,9118.8
2024-01-02T01:57:00,0.6545,0.3455,0.646,0.6631,0.0171,6381.61
2024-01-02T01:58:00,0.6618,0.3382,0.6536,0.67,0.0164,4818.66
2024-01-02T01:59:00,0.6625,0.3375,0.6587,0.6663,0.0076,7329.19
2024-01-02T02:00:00,0.6637,0.3363,0.6556,0.6719,0.0163,5798.18
2024-01-02T02:01:00,0.6664,0.3336,0.6583,0.6745,0.0161,7894.87
2024-01-02T02:02:00,0.6712,0.3288,0.6657,0.6766,0.0109,6088.2
2024-01-02T02:03:00,0.6742,0.3258,0.6706,0.6779,0.0073,5832.48
2024-01-02T02:04:00,0.6741,0.3259,0.6717,0.6764,0.0047,8109.02
2024-01-02T02:05:00,0.6761,0.3239,0.6729,0.6794,0.0065,7499.01
2024-01-02T02:06:00,0.6808,0.3192,0.6742,0.6875,0.0133,7029.56
2024-01-02T02:07:00,0.6817,0.3183,0.6714,0.692,0.0206,6909.17
2024-01-02T02:08:00,0.685,0.315,0.6767,0.6934,0.0167,4353.08
2024-01-02T02:09:00,0.6932,0.3068,0.6886,0.6978,0.0092,6595.52
2024-01-02T02:10:00,0.6951,0.3049,0.6868,0.7033,0.0165,7344.91
2024-01-02T02:11:00,0.6963,0.3037,0.6899,0.7027,0.0128,3770.3
2024-01-02T02:12:00,0.7045,0.2955,0.6951,0.714,0.0189,7452.08
2024-01-02T02:13:00,0.7047,0.2953,0.6965,0.713,0.0165,4883.62
2024-01-02T02:14:00,0.7075,0.2925,0.7044,0.7105,0.0061,7064.71
2024-01-02T02:15:00,0.7101,0.2899,0.7013,0.7188,0.0175,5269.91
2024-01-02T02:16:00,0.7132,0.2868,0.7092,0.7172,0.008,4790.16
2024-01-02T02:17:00,0.716,0.284,0.7069,0.7252,0.0182,7569.9
2024-01-02T02:18:00,0.7192,0.2808,0.7097,0.7287,0.0191,4074.5
2024-01-02T02:19:00,0.7218,0.2782,0.7131,0.7305,0.0173,7014.99
2024-01-02T02:20:00,0.7267,0.2733,0.721,0.7325,0.0115,7318.27
2024-01-02T02:21:00,0.7316,0.2684,0.723,0.7402,0.0172,6681.32
2024-01-02T02:22:00,0.7334,0.2666,0.7235,0.7432,0.0197,6226.21
2024-01-02T02:23:00,0.7363,0.2637,0.7294,0.7433,0.0139,7260.27
2024-01-02T02:24:00,0.7391,0.2609,0.7369,0.7412,0.0043,4669.88
2024-01-02T02:25:00,0.7411,0.2589,0.7367,0.7455,0.0087,5072.08
2024-01-02T02:26:00,0.7464,0.2536,0.7414,0.7514,0.01,5429.59
2024-01-02T02:27:00,0.7509,0.2491,0.742,0.7597,0.0176,6491.2
2024-01-02T02:28:00,0.754,0.246,0.7489,0.759,0.0102,4562.06
2024-01-02T02:29:00,0.7499,0.2501,0.7426,0.7571,0.0146,6515.97
2024-01-02T02:30:00,0.7559,0.2441,0.752,0.7599,0.0079,3145.72
2024-01-02T02:31:00,0.7632,0.2368,0.7544,0.772,0.0176,2962.7
2024-01-02T02:32:00,0.7632,0.2368,0.7596,0.7667,0.007,4869.07
2024-01-02T02:33:00,0.7683,0.2317,0.7607,0.7759,0.0152,2901.09
2024-01-02T02:34:00,0.7711,0.2289,0.7628,0.7793,0.0165,4168.15
2024-01-02T02:35:00,0.7709,0.2291,0.7671,0.7747,0.0075,4011.92
2024-01-02T02:36:00,0.776,0.224,0.7716,0.7804,0.0089,5478.08
2024-01-02T02:37:00,0.7801,0.2199,0.7714,0.7887,0.0173,2730.0
2024-01-02T02:38:00,0.7878,0.2122,0.7855,0.79,0.0044,2844.59
2024-01-02T02:39:00,0.7864,0.2136,0.7786,0.7943,0.0157,2915.97
2024-01-02T02:40:00,0.7847,0.2153,0.7781,0.7912,0.013,3383.0
2024-01-02T02:41:00,0.7869,0.2131,0.7827,0.7912,0.0085,4633.13
2024-01-02T02:42:00,0.7863,0.2137,0.782,0.7906,0.0086,6142.53
2024-01-02T02:43:00,0.7827,0.2173,0.7785,0.7868,0.0083,3958.54
2024-01-02T02:44:00,0.7821,0.2179,0.7768,0.7874,0.0106,4120.26
2024-01-02T02:45:00,0.7773,0.2227,0.7681,0.7864,0.0183,3086.38
2024-01-02T02:46:00,0.778,0.222,0.775,0.7811,0.0061,6109.0
2024-01-02T02:47:00,0.7806,0.2194,0.7733,0.7879,0.0146,5604.22
2024-01-02T02:48:00,0.7753,0.2247,0.7693,0.7813,0.012,5929.13
2024-01-02T02:49:00,0.7752,0.2248,0.7723,0.7782,0.0059,4536.38
2024-01-02T02:50:00,0.7746,0.2254,0.7714,0.7778,0.0064,6428.14
2024-01-02T02:51:00,0.7692,0.2308,0.7637,0.7747,0.011,4594.7
2024-01-02T02:52:00,0.7634,0.2366,0.7542,0.7726,0.0184,5160.41
2024-01-02T02:53:00,0.7645,0.2355,0.7599,0.7691,0.0092,5118.95
2024-01-02T02:54:00,0.7595,0.2405,0.7522,0.7669,0.0148,3355.02
2024-01-02T02:55:00,0.7586,0.2414,0.7511,0.7661,0.015,4669.21
2024-01-02T02:56:00,0.7556,0.2444,0.7498,0.7615,0.0117,4603.01
2024-01-02T02:57:00,0.7552,0.2448,0.7493,0.761,0.0117,3881.28
2024-01-02T02:58:00,0.7527,0.2473,0.748,0.7575,0.0095,3220.85
2024-01-02T02:59:00,0.7494,0.2506,0.7458,0.7531,0.0073,3751.92
2024-01-02T03:00:00,0.7468,0.2532,0.7445,0.749,0.0045,6874.83
2024-01-02T03:01:00,0.7439,0.2561,0.7362,0.7517,0.0155,6722.7
2024-01-02T03:02:00,0.7431,0.2569,0.741,0.7451,0.0041,4519.6
2024-01-02T03:03:00,0.7362,0.2638,0.729,0.7434,0.0143,4993.27
2024-01-02T03:04:00,0.7364,0.2636,0.7306,0.7421,0.0115,7232.03
2024-01-02T03:05:00,0.7316,0.2684,0.7226,0.7406,0.018,5758.7
2024-01-02T03:06:00,0.7307,0.2693,0.7271,0.7342,0.007,6164.42
2024-01-02T03:07:00,0.7301,0.2699,0.7208,0.7393,0.0185,4798.04
2024-01-02T03:08:00,0.7244,0.2756,0.7215,0.7274,0.0058,6770.26
2024-01-02T03:09:00,0.725,0.275,0.7175,0.7325,0.015,4539.92
2024-01-02T03:10:00,0.7235,0.2765,0.7193,0.7278,0.0085,5922.85
2024-01-02T03:11:00,0.7227,0.2773,0.7142,0.7312,0.0171,3628.77
2024-01-02T03:12:00,0.7175,0.2825,0.7076,0.7274,0.0197,7145.81
2024-01-02T03:13:00,0.717,0.283,0.7106,0.7235,0.0129,3455.27
2024-01-02T03:14:00,0.7142,0.2858,0.7073,0.7212,0.0139,3769.71
2024-01-02T03:15:00,0.7101,0.2899,0.7065,0.7137,0.0071,5528.58
2024-01-02T03:16:00,0.7079,0.2921,0.698,0.7178,0.0198,4580.46
2024-01-02T03:17:00,0.7087,0.2913,0.7054,0.712,0.0066,6630.86
2024-01-02T03:18:00,0.705,0.295,0.6966,0.7134,0.0168,6331.64
2024-01-02T03:19:00,0.7045,0.2955,0.6958,0.7132,0.0174,3690.48
2024-01-02T03:20:00,0.7004,0.2996,0.6934,0.7074,0.014,5811.06
2024-01-02T03:21:00,0.6976,0.3024,0.6889,0.7063,0.0174,3720.29
2024-01-02T03:22:00,0.6958,0.3042,0.6863,0.7053,0.019,6735.32
2024-01-02T03:23:00,0.693,0.307,0.6851,0.7009,0.0158,5128.18
2024-01-02T03:24:00,0.6907,0.3093,0.6824,0.699,0.0166,3840.42
2024-01-02T03:25:00,0.6898,0.3102,0.6836,0.6961,0.0125,6970.61
2024-01-02T03:26:00,0.6869,0.3131,0.6767,0.697,0.0202,5691.96
2024-01-02T03:27:00,0.6855,0.3145,0.679,0.6919,0.0129,4850.12
2024-01-02T03:28:00,0.6831,0.3169,0.6792,0.687,0.0078,7782.3
2024-01-02T03:29:00,0.6819,0.3181,0.677,0.6867,0.0097,8315.34
2024-01-02T03:30:00,0.6787,0.3213,0.6762,0.6811,0.0049,4347.05
2024-01-02T03:31:00,0.6789,0.3211,0.669,0.6888,0.0198,5232.04
2024-01-02T03:32:00,0.6798,0.3202,0.6767,0.6828,0.0061,6932.65
2024-01-02T03:33:00,0.6764,0.3236,0.6728,0.68,0.0072,8585.59
2024-01-02T03:34:00,0.675,0.325,0.6679,0.6821,0.0142,3749.98
2024-01-02T03:35:00,0.6739,0.3261,0.6668,0.681,0.0141,3778.29
2024-01-02T03:36:00,0.6709,0.3291,0.6664,0.6754,0.009,6282.21
2024-01-02T03:37:00,0.6666,0.3334,0.6565,0.6767,0.0202,4992.15
2024-01-02T03:38:00,0.664,0.336,0.6615,0.6664,0.0049,5086.32
2024-01-02T03:39:00,0.6656,0.3344,0.6569,0.6743,0.0174,6178.65
2024-01-02T03:40:00,0.6642,0.3358,0.6607,0.6677,0.007,8182.07
2024-01-02T03:41:00,0.6599,0.3401,0.6536,0.6661,0.0125,8549.12
2024-01-02T03:42:00,0.6605,0.3395,0.6521,0.6689,0.0167,5513.94
2024-01-02T03:43:00,0.657,0.343,0.648,0.6659,0.0179,8069.35
2024-01-02T03:44:00,0.6561,0.3439,0.6532,0.6589,0.0057,9043.97
2024-01-02T03:45:00,0.6574,0.3426,0.6534,0.6615,0.0081,6762.18
2024-01-02T03:46:00,0.6506,0.3494,0.6473,0.6539,0.0067,6185.07
2024-01-02T03:47:00,0.6431,0.3569,0.6389,0.6473,0.0083,5007.08
2024-01-02T03:48:00,0.6458,0.3542,0.6385,0.653,0.0145,4464.29
2024-01-02T03:49:00,0.64,0.36,0.6367,0.6433,0.0066,4700.77
2024-01-02T03:50:00,0.6375,0.3625,0.6289,0.6461,0.0172,7355.61
2024-01-02T03:51:00,0.6347,0.3653,0.6281,0.6413,0.0132,5316.16
2024-01-02T03:52:00,0.6322,0.3678,0.6229,0.6416,0.0186,4743.26
2024-01-02T03:53:00,0.6268,0.3732,0.6173,0.6363,0.019,6878.29
2024-01-02T03:54:00,0.6226,0.3774,0.6132,0.6321,0.0189,5894.27
2024-01-02T03:55:00,0.6186,0.3814,0.6104,0.6268,0.0164,9786.61
2024-01-02T03:56:00,0.6124,0.3876,0.606,0.6188,0.0128,9682.54
2024-01-02T03:57:00,0.6046,0.3954,0.5951,0.614,0.0189,6481.0
2024-01-02T03:58:00,0.6023,0.3977,0.5991,0.6054,0.0064,7528.38
2024-01-02T03:59:00,0.5996,0.4004,0.595,0.6042,0.0092,5682.85
2024-01-02T04:00:00,0.5943,0.4057,0.5868,0.6017,0.0149,5871.16
2024-01-02T04:01:00,0.5891,0.4109,0.5864,0.5918,0.0054,9413.3
2024-01-02T04:02:00,0.5835,0.4165,0.5732,0.5938,0.0206,5055.52
2024-01-02T04:03:00,0.579,0.421,0.5753,0.5826,0.0074,4850.84
2024-01-02T04:04:00,0.5753,0.4247,0.5649,0.5857,0.0208,6410.05
2024-01-02T04:05:00,0.5694,0.4306,0.5666,0.5721,0.0055,4952.6
2024-01-02T04:06:00,0.5706,0.4294,0.5681,0.5731,0.005,8186.7
2024-01-02T04:07:00,0.5624,0.4376,0.5557,0.5691,0.0134,6956.44
2024-01-02T04:08:00,0.5615,0.4385,0.5528,0.5703,0.0175,6522.36
2024-01-02T04:09:00,0.5556,0.4444,0.5517,0.5595,0.0079,6775.67
2024-01-02T04:10:00,0.5541,0.4459,0.5439,0.5642,0.0203,5766.04
2024-01-02T04:11:00,0.5467,0.4533,0.5353,0.558,0.0227,6089.95
2024-01-02T04:12:00,0.5431,0.4569,0.5403,0.5459,0.0056,6483.03
2024-01-02T04:13:00,0.5411,0.4589,0.5344,0.5478,0.0134,10410.44
2024-01-02T04:14:00,0.5356,0.4644,0.5296,0.5416,0.012,10179.8
2024-01-02T04:15:00,0.5315,0.4685,0.5258,0.5371,0.0113,8148.4
2024-01-02T04:16:00,0.5307,0.4693,0.5192,0.5421,0.0229,8563.57
2024-01-02T04:17:00,0.5241,0.4759,0.5207,0.5275,0.0068,5951.33
2024-01-02T04:18:00,0.5169,0.4831,0.5114,0.5225,0.0111,10032.54
2024-01-02T04:19:00,0.5166,0.4834,0.5051,0.5281,0.0231,10854.06
2024-01-02T04:20:00,0.5118,0.4882,0.5067,0.5169,0.0102,9088.16
2024-01-02T04:21:00,0.5075,0.4925,0.4954,0.5197,0.0243,9329.46
2024-01-02T04:22:00,0.5101,0.4899,0.5007,0.5196,0.0189,9352.41
2024-01-02T04:23:00,0.5059,0.4941,0.4993,0.5125,0.0132,10608.2
2024-01-02T04:24:00,0.5016,0.4984,0.4912,0.512,0.0208,5412.65
2024-01-02T04:25:00,0.4957,0.5043,0.4897,0.5017,0.012,11865.96
2024-01-02T04:26:00,0.4924,0.5076,0.4872,0.4976,0.0104,10728.69
2024-01-02T04:27:00,0.4894,0.5106,0.4772,0.5016,0.0245,8725.72
2024-01-02T04:28:00,0.4848,0.5152,0.4778,0.4918,0.014,8932.15
2024-01-02T04:29:00,0.4842,0.5158,0.4799,0.4884,0.0085,7093.13
2024-01-02T04:30:00,0.4767,0.5233,0.473,0.4804,0.0074,9164.27
2024-01-02T04:31:00,0.4766,0.5234,0.4697,0.4834,0.0138,8113.25
2024-01-02T04:32:00,0.4744,0.5256,0.4683,0.4806,0.0122,7354.69
2024-01-02T04:33:00,0.4693,0.5307,0.4591,0.4795,0.0204,11214.67
2024-01-02T04:34:00,0.469,0.531,0.4583,0.4798,0.0215,8875.51
2024-01-02T04:35:00,0.4661,0.5339,0.4591,0.4731,0.014,10076.82
2024-01-02T04:36:00,0.4624,0.5376,0.4552,0.4696,0.0144,6374.93
2024-01-02T04:37:00,0.458,0.542,0.4514,0.4645,0.0131,6092.08
2024-01-02T04:38:00,0.4558,0.5442,0.4478,0.4638,0.016,8975.69
2024-01-02T04:39:00,0.4504,0.5496,0.4475,0.4534,0.0059,7675.99
2024-01-02T04:40:00,0.4412,0.5588,0.4298,0.4527,0.023,6816.2
2024-01-02T04:41:00,0.4402,0.5598,0.4328,0.4476,0.0148,8742.97
2024-01-02T04:42:00,0.4353,0.5647,0.4281,0.4425,0.0144,4949.93
2024-01-02T04:43:00,0.4329,0.5671,0.4268,0.439,0.0122,10634.62
2024-01-02T04:44:00,0.4294,0.5706,0.4257,0.433,0.0073,4742.4
2024-01-02T04:45:00,0.4275,0.5725,0.4229,0.4321,0.0092,6224.48
2024-01-02T04:46:00,0.4276,0.5724,0.4173,0.438,0.0206,7014.58
2024-01-02T04:47:00,0.4254,0.5746,0.4149,0.436,0.0211,8033.3
2024-01-02T04:48:00,0.4206,0.5794,0.4107,0.4305,0.0198,5487.66
2024-01-02T04:49:00,0.4209,0.5791,0.4147,0.4272,0.0125,6897.64
2024-01-02T04:50:00,0.4148,0.5852,0.4038,0.4258,0.022,8714.79
2024-01-02T04:51:00,0.4137,0.5863,0.4061,0.4212,0.0151,6051.31
2024-01-02T04:52:00,0.4109,0.5891,0.405,0.4168,0.0118,8517.51
2024-01-02T04:53:00,0.4086,0.5914,0.4018,0.4155,0.0136,7460.25
2024-01-02T04:54:00,0.4043,0.5957,0.4009,0.4076,0.0066,4694.9
2024-01-02T04:55:00,0.2779,0.7221,0.2709,0.2849,0.014,4064.95
2024-01-02T04:56:00,0.2715,0.7285,0.2673,0.2757,0.0084,6057.72
2024-01-02T04:57:00,0.2649,0.7351,0.2614,0.2684,0.007,4305.79
2024-01-02T04:58:00,0.2645,0.7355,0.2619,0.267,0.005,5155.82
2024-01-02T04:59:00,0.2593,0.7407,0.257,0.2616,0.0045,4542.89
2024-01-02T05:00:00,0.2589,0.7411,0.2504,0.2673,0.017,4640.7
2024-01-02T05:01:00,0.2578,0.7422,0.2555,0.2601,0.0046,4754.61
2024-01-02T05:02:00,0.2559,0.7441,0.2519,0.2599,0.0079,6730.9
2024-01-02T05:03:00,0.2485,0.7515,0.2413,0.2557,0.0144,4142.2
2024-01-02T05:04:00,0.2434,0.7566,0.2414,0.2454,0.004,4101.79
2024-01-02T05:05:00,0.2429,0.7571,0.2353,0.2505,0.0152,4347.74
2024-01-02T05:06:00,0.2394,0.7606,0.2337,0.2451,0.0115,2955.47
2024-01-02T05:07:00,0.2356,0.7644,0.232,0.2391,0.0071,3923.01
2024-01-02T05:08:00,0.236,0.764,0.2313,0.2406,0.0093,5536.72
2024-01-02T05:09:00,0.2335,0.7665,0.2273,0.2396,0.0123,5508.66
2024-01-02T05:10:00,0.2339,0.7661,0.2299,0.2379,0.008,6585.23
2024-01-02T05:11:00,0.2336,0.7664,0.2269,0.2403,0.0134,5326.83
2024-01-02T05:12:00,0.2279,0.7721,0.2194,0.2365,0.0171,3587.47
2024-01-02T05:13:00,0.2276,0.7724,0.22,0.2351,0.0152,3788.07
2024-01-02T05:14:00,0.2262,0.7738,0.2222,0.2302,0.008,6160.68
2024-01-02T05:15:00,0.2264,0.7736,0.2239,0.229,0.005,3207.93
2024-01-02T05:16:00,0.2239,0.7761,0.2167,0.2311,0.0144,6147.04
2024-01-02T05:17:00,0.2223,0.7777,0.2188,0.2259,0.0071,5340.67
2024-01-02T05:18:00,0.2247,0.7753,0.2179,0.2316,0.0137,5812.35
2024-01-02T05:19:00,0.2258,0.7742,0.2164,0.2351,0.0188,4872.81
2024-01-02T05:20:00,0.2256,0.7744,0.2226,0.2286,0.006,4719.03
2024-01-02T05:21:00,0.2215,0.7785,0.2171,0.2258,0.0087,4254.16
2024-01-02T05:22:00,0.2209,0.7791,0.2179,0.2239,0.0059,4197.69
2024-01-02T05:23:00,0.2198,0.7802,0.2125,0.2271,0.0146,5743.23
2024-01-02T05:24:00,0.2177,0.7823,0.2144,0.2211,0.0067,5227.49
2024-01-02T05:25:00,0.2121,0.7879,0.203,0.2212,0.0183,4385.5
2024-01-02T05:26:00,0.2158,0.7842,0.2074,0.2242,0.0168,4881.42
2024-01-02T05:27:00,0.2104,0.7896,0.2025,0.2184,0.0159,3575.67
2024-01-02T05:28:00,0.2081,0.7919,0.2057,0.2105,0.0049,3792.65
2024-01-02T05:29:00,0.2089,0.7911,0.203,0.2148,0.0119,4913.68
2024-01-02T05:30:00,0.2069,0.7931,0.2002,0.2136,0.0134,3833.68
2024-01-02T05:31:00,0.208,0.792,0.1988,0.2173,0.0184,5520.71
2024-01-02T05:32:00,0.2097,0.7903,0.2029,0.2165,0.0136,4849.82
2024-01-02T05:33:00,0.2041,0.7959,0.1953,0.213,0.0177,4272.53
2024-01-02T05:34:00,0.2039,0.7961,0.1956,0.2123,0.0167,4641.31
2024-01-02T05:35:00,0.2032,0.7968,0.1953,0.211,0.0157,5231.28
2024-01-02T05:36:00,0.2012,0.7988,0.1932,0.2091,0.0159,5034.84
2024-01-02T05:37:00,0.2014,0.7986,0.1991,0.2038,0.0046,5312.91
2024-01-02T05:38:00,0.2042,0.7958,0.2012,0.2072,0.006,4934.62
2024-01-02T05:39:00,0.1983,0.8017,0.1893,0.2074,0.0181,5369.84
2024-01-02T05:40:00,0.1961,0.8039,0.1877,0.2046,0.0169,3731.99
2024-01-02T05:41:00,0.1968,0.8032,0.1889,0.2046,0.0157,4366.54
2024-01-02T05:42:00,0.1902,0.8098,0.1815,0.1989,0.0174,4550.28
2024-01-02T05:43:00,0.1888,0.8112,0.185,0.1925,0.0074,3381.76
2024-01-02T05:44:00,0.1891,0.8109,0.1842,0.194,0.0098,2875.16
2024-01-02T05:45:00,0.1858,0.8142,0.1807,0.1909,0.0102,5243.34
2024-01-02T05:46:00,0.1869,0.8131,0.1802,0.1937,0.0134,4621.44
2024-01-02T05:47:00,0.1886,0.8114,0.1842,0.1931,0.0088,3369.3
2024-01-02T05:48:00,0.1862,0.8138,0.1787,0.1937,0.015,2531.47
2024-01-02T05:49:00,0.1825,0.8175,0.1776,0.1873,0.0098,5472.74
2024-01-02T05:50:00,0.1776,0.8224,0.1694,0.1858,0.0164,5089.89
2024-01-02T05:51:00,0.1788,0.8212,0.1766,0.1809,0.0043,3500.37
2024-01-02T05:52:00,0.1794,0.8206,0.1729,0.1859,0.0131,4284.27
2024-01-02T05:53:00,0.1796,0.8204,0.1737,0.1855,0.0119,4241.87
2024-01-02T05:54:00,0.1789,0.8211,0.1768,0.1811,0.0042,5291.13
2024-01-02T05:55:00,0.18,0.82,0.1776,0.1824,0.0048,3966.08
2024-01-02T05:56:00,0.1802,0.8198,0.1762,0.1842,0.008,4646.53
2024-01-02T05:57:00,0.1787,0.8213,0.1704,0.1871,0.0167,3460.13
2024-01-02T05:58:00,0.1771,0.8229,0.1723,0.1819,0.0096,4333.11
2024-01-02T05:59:00,0.1806,0.8194,0.1777,0.1834,0.0056,3595.24
2024-01-02T06:00:00,0.1744,0.8256,0.1712,0.1776,0.0064,2921.23
2024-01-02T06:01:00,0.1741,0.8259,0.1692,0.1789,0.0097,4297.24
2024-01-02T06:02:00,0.1681,0.8319,0.1603,0.1758,0.0155,2678.94
2024-01-02T06:03:00,0.1718,0.8282,0.1648,0.1787,0.0139,2892.8
2024-01-02T06:04:00,0.1683,0.8317,0.1642,0.1725,0.0084,2679.91
2024-01-02T06:05:00,0.1686,0.8314,0.1654,0.1717,0.0062,3360.62
2024-01-02T06:06:00,0.1706,0.8294,0.1625,0.1786,0.0161,2966.33
2024-01-02T06:07:00,0.1707,0.8293,0.1621,0.1792,0.0171,2588.4
2024-01-02T06:08:00,0.1721,0.8279,0.1653,0.179,0.0137,2895.72
2024-01-02T06:09:00,0.1697,0.8303,0.1644,0.1751,0.0108,4209.41
2024-01-02T06:10:00,0.1676,0.8324,0.1617,0.1736,0.0119,3379.45
2024-01-02T06:11:00,0.1641,0.8359,0.1611,0.1671,0.006,4224.67
2024-01-02T06:12:00,0.1629,0.8371,0.159,0.1669,0.0078,3068.0
2024-01-02T06:13:00,0.165,0.835,0.159,0.1709,0.0118,2232.72
2024-01-02T06:14:00,0.1635,0.8365,0.1556,0.1714,0.0158,3740.89
2024-01-02T06:15:00,0.159,0.841,0.1561,0.1619,0.0058,4633.92
2024-01-02T06:16:00,0.1593,0.8407,0.1574,0.1612,0.0037,3533.1
2024-01-02T06:17:00,0.1558,0.8442,0.1494,0.1622,0.0127,2964.45
2024-01-02T06:18:00,0.1564,0.8436,0.1526,0.1602,0.0076,4759.76
2024-01-02T06:19:00,0.156,0.844,0.154,0.158,0.004,2713.74
2024-01-02T06:20:00,0.1544,0.8456,0.1487,0.16,0.0112,4343.32
2024-01-02T06:21:00,0.1558,0.8442,0.1506,0.161,0.0104,3528.29
2024-01-02T06:22:00,0.1527,0.8473,0.1452,0.1602,0.015,2480.73
2024-01-02T06:23:00,0.1537,0.8463,0.1464,0.161,0.0145,4770.1
2024-01-02T06:24:00,0.148,0.852,0.1458,0.1501,0.0043,3826.2
2024-01-02T06:25:00,0.1457,0.8543,0.1393,0.1522,0.0129,3567.22
2024-01-02T06:26:00,0.1459,0.8541,0.144,0.1478,0.0037,4634.51
2024-01-02T06:27:00,0.1441,0.8559,0.1357,0.1524,0.0167,2020.19
2024-01-02T06:28:00,0.1488,0.8512,0.1453,0.1523,0.007,3411.27
2024-01-02T06:29:00,0.1496,0.8504,0.1429,0.1563,0.0134,3153.04
2024-01-02T06:30:00,0.1491,0.8509,0.1413,0.157,0.0158,3456.78
2024-01-02T06:31:00,0.1486,0.8514,0.1456,0.1515,0.0059,4066.8
2024-01-02T06:32:00,0.1502,0.8498,0.1478,0.1526,0.0048,4588.59
2024-01-02T06:33:00,0.149,0.851,0.1405,0.1575,0.017,4463.97
2024-01-02T06:34:00,0.1473,0.8527,0.1415,0.1532,0.0117,4308.81
2024-01-02T06:35:00,0.1506,0.8494,0.1465,0.1547,0.0082,4393.17
2024-01-02T06:36:00,0.1463,0.8537,0.1446,0.148,0.0034,3865.37
2024-01-02T06:37:00,0.1464,0.8536,0.1441,0.1488,0.0046,3210.85
2024-01-02T06:38:00,0.1453,0.8547,0.1382,0.1523,0.0141,3511.92
2024-01-02T06:39:00,0.1453,0.8547,0.1423,0.1483,0.006,3741.02
2024-01-02T06:40:00,0.1397,0.8603,0.1371,0.1423,0.0053,2279.79
2024-01-02T06:41:00,0.1372,0.8628,0.1313,0.1432,0.0118,2117.55
2024-01-02T06:42:00,0.136,0.864,0.1299,0.1421,0.0121,3622.49
2024-01-02T06:43:00,0.1348,0.8652,0.1292,0.1405,0.0113,2691.01
2024-01-02T06:44:00,0.135,0.865,0.1308,0.1392,0.0084,3362.58
2024-01-02T06:45:00,0.1369,0.8631,0.1286,0.1452,0.0166,2693.76
2024-01-02T06:46:00,0.1331,0.8669,0.1259,0.1402,0.0143,4085.25
2024-01-02T06:47:00,0.1323,0.8677,0.1302,0.1344,0.0041,1937.93
2024-01-02T06:48:00,0.1308,0.8692,0.1233,0.1384,0.0151,3792.53
2024-01-02T06:49:00,0.1305,0.8695,0.1231,0.1379,0.0148,4040.47
2024-01-02T06:50:00,0.1298,0.8702,0.1276,0.132,0.0044,1862.05
2024-01-02T06:51:00,0.1284,0.8716,0.1224,0.1344,0.012,2614.91
2024-01-02T06:52:00,0.1276,0.8724,0.1235,0.1318,0.0083,3161.78
2024-01-02T06:53:00,0.1305,0.8695,0.1229,0.1382,0.0153,2314.79
2024-01-02T06:54:00,0.1264,0.8736,0.1217,0.1311,0.0094,2400.31
2024-01-02T06:55:00,0.1258,0.8742,0.1226,0.129,0.0065,3969.63
2024-01-02T06:56:00,0.1295,0.8705,0.1213,0.1376,0.0163,2544.28
2024-01-02T06:57:00,0.1298,0.8702,0.1243,0.1353,0.011,3553.13
2024-01-02T06:58:00,0.1285,0.8715,0.1229,0.1341,0.0112,2088.82
2024-01-02T06:59:00,0.123,0.877,0.1181,0.1279,0.0098,2251.36
2024-01-02T07:00:00,0.1259,0.8741,0.1184,0.1333,0.0149,3584.52
2024-01-02T07:01:00,0.1267,0.8733,0.1185,0.135,0.0165,2462.47
2024-01-02T07:02:00,0.1266,0.8734,0.1246,0.1286,0.004,1823.64
2024-01-02T07:03:00,0.1249,0.8751,0.1169,0.1328,0.0159,3637.2
2024-01-02T07:04:00,0.1222,0.8778,0.1152,0.1292,0.014,3142.02
2024-01-02T07:05:00,0.1185,0.8815,0.1113,0.1256,0.0143,3499.7
2024-01-02T07:06:00,0.121,0.879,0.1128,0.1292,0.0164,3705.86
2024-01-02T07:07:00,0.1227,0.8773,0.1206,0.1249,0.0043,3882.06
2024-01-02T07:08:00,0.1239,0.8761,0.1193,0.1286,0.0093,2195.32
2024-01-02T07:09:00,0.1239,0.8761,0.1195,0.1282,0.0087,3345.28
2024-01-02T07:10:00,0.1243,0.8757,0.1221,0.1264,0.0043,3706.26
2024-01-02T07:11:00,0.1244,0.8756,0.1199,0.1288,0.0089,2315.83
2024-01-02T07:12:00,0.1188,0.8812,0.1157,0.1219,0.0062,3575.93
2024-01-02T07:13:00,0.1162,0.8838,0.1131,0.1193,0.0062,3832.14
2024-01-02T07:14:00,0.1235,0.8765,0.1213,0.1257,0.0044,3478.39
2024-01-02T07:15:00,0.1213,0.8787,0.1191,0.1235,0.0044,2664.42
2024-01-02T07:16:00,0.1196,0.8804,0.116,0.1232,0.0071,3661.9
2024-01-02T07:17:00,0.121,0.879,0.1167,0.1253,0.0086,2089.26
2024-01-02T07:18:00,0.1202,0.8798,0.114,0.1263,0.0124,2223.4
2024-01-02T07:19:00,0.1222,0.8778,0.1197,0.1248,0.0051,2451.3
2024-01-02T07:20:00,0.1207,0.8793,0.117,0.1244,0.0074,1832.55
2024-01-02T07:21:00,0.1151,0.8849,0.1106,0.1196,0.009,2215.24
2024-01-02T07:22:00,0.1162,0.8838,0.1089,0.1236,0.0147,2743.69
2024-01-02T07:23:00,0.1194,0.8806,0.1127,0.126,0.0133,1779.24
2024-01-02T07:24:00,0.1146,0.8854,0.1125,0.1167,0.0042,2077.4
2024-01-02T07:25:00,0.1121,0.8879,0.109,0.1153,0.0064,2668.42
2024-01-02T07:26:00,0.1121,0.8879,0.1073,0.1169,0.0096,3545.57
2024-01-02T07:27:00,0.1118,0.8882,0.1058,0.1177,0.0119,2096.38
2024-01-02T07:28:00,0.1108,0.8892,0.1053,0.1164,0.011,3609.1
2024-01-02T07:29:00,0.107,0.893,0.1016,0.1123,0.0107,3171.47
2024-01-02T07:30:00,0.1084,0.8916,0.101,0.1158,0.0147,3114.68
2024-01-02T07:31:00,0.1075,0.8925,0.1052,0.1098,0.0045,2316.63
2024-01-02T07:32:00,0.1133,0.8867,0.1085,0.1181,0.0096,3664.83
2024-01-02T07:33:00,0.1089,0.8911,0.1021,0.1157,0.0136,3610.11
2024-01-02T07:34:00,0.1099,0.8901,0.1022,0.1176,0.0153,2393.42
2024-01-02T07:35:00,0.108,0.892,0.1003,0.1158,0.0155,2438.95
2024-01-02T07:36:00,0.1048,0.8952,0.1011,0.1085,0.0074,2427.77
2024-01-02T07:37:00,0.1089,0.8911,0.1043,0.1136,0.0093,1945.51
2024-01-02T07:38:00,0.1068,0.8932,0.1032,0.1104,0.0072,2819.64
2024-01-02T07:39:00,0.1035,0.8965,0.1002,0.1068,0.0066,1654.85
2024-01-02T07:40:00,0.1021,0.8979,0.0961,0.1081,0.012,2685.75
2024-01-02T07:41:00,0.095,0.905,0.0877,0.1024,0.0147,2562.31
2024-01-02T07:42:00,0.0939,0.9061,0.0909,0.097,0.0061,2259.13
2024-01-02T07:43:00,0.095,0.905,0.093,0.0969,0.0039,1868.72
2024-01-02T07:44:00,0.0933,0.9067,0.0887,0.0978,0.0091,1805.75
2024-01-02T07:45:00,0.086,0.914,0.0826,0.0895,0.0068,3256.32
2024-01-02T07:46:00,0.0842,0.9158,0.0772,0.0912,0.014,2049.26
2024-01-02T07:47:00,0.08,0.92,0.074,0.086,0.0121,2505.92
2024-01-02T07:48:00,0.0766,0.9234,0.0706,0.0827,0.0121,1402.83
2024-01-02T07:49:00,0.0708,0.9292,0.0683,0.0733,0.005,1827.09
2024-01-02T07:50:00,0.0673,0.9327,0.0647,0.0698,0.0051,1762.92
2024-01-02T07:51:00,0.0668,0.9332,0.0593,0.0742,0.0149,2868.51
2024-01-02T07:52:00,0.0641,0.9359,0.0612,0.067,0.0058,2184.89
2024-01-02T07:53:00,0.0617,0.9383,0.0543,0.0692,0.0149,1308.63
2024-01-02T07:54:00,0.0529,0.9471,0.0514,0.0544,0.003,2374.0
2024-01-02T07:55:00,0.0555,0.9445,0.0515,0.0596,0.008,1170.56
2024-01-02T07:56:00,0.05,0.95,0.0468,0.0533,0.0065,1880.7
2024-01-02T07:57:00,0.052,0.948,0.05,0.054,0.004,2153.05
2024-01-02T07:58:00,0.0519,0.9481,0.0484,0.0554,0.007,1605.84
2024-01-02T07:59:00,0.0507,0.9493,0.0492,0.0522,0.0031,1542.58
2024-01-02T08:00:00,0.0529,0.9471,0.0473,0.0584,0.0111,2260.59
2024-01-02T08:01:00,0.0529,0.9471,0.0472,0.0587,0.0116,2071.41
2024-01-02T08:02:00,0.0518,0.9482,0.0498,0.0538,0.004,1477.96
2024-01-02T08:03:00,0.0477,0.9523,0.0457,0.0496,0.0039,1349.1
2024-01-02T08:04:00,0.0494,0.9506,0.0428,0.0561,0.0133,1289.71
2024-01-02T08:05:00,0.0478,0.9522,0.0415,0.0542,0.0127,1422.49
2024-01-02T08:06:00,0.0491,0.9509,0.0437,0.0545,0.0108,1850.71
2024-01-02T08:07:00,0.0488,0.9512,0.0419,0.0556,0.0137,1417.71
2024-01-02T08:08:00,0.0448,0.9552,0.0399,0.0498,0.0099,1792.63
2024-01-02T08:09:00,0.0469,0.9531,0.0417,0.052,0.0104,1688.63
2024-01-02T08:10:00,0.0476,0.9524,0.0459,0.0493,0.0034,1189.35
2024-01-02T08:11:00,0.0492,0.9508,0.0454,0.0531,0.0076,1087.55
2024-01-02T08:12:00,0.051,0.949,0.0454,0.0565,0.0112,2286.58
2024-01-02T08:13:00,0.0499,0.9501,0.0437,0.056,0.0123,1120.76
2024-01-02T08:14:00,0.0485,0.9515,0.0466,0.0505,0.0039,2463.02
2024-01-02T08:15:00,0.0499,0.9501,0.0483,0.0516,0.0033,2334.45
2024-01-02T08:16:00,0.0497,0.9503,0.0454,0.054,0.0086,1940.05
2024-01-02T08:17:00,0.0493,0.9507,0.0451,0.0534,0.0083,1099.34
2024-01-02T08:18:00,0.0482,0.9518,0.0463,0.05,0.0038,1962.91
2024-01-02T08:19:00,0.0484,0.9516,0.0459,0.0508,0.0049,2434.92
2024-01-02T08:20:00,0.0547,0.9453,0.0505,0.059,0.0085,2246.62
2024-01-02T08:21:00,0.0523,0.9477,0.0478,0.0568,0.009,1431.04
2024-01-02T08:22:00,0.051,0.949,0.0475,0.0546,0.0071,1412.58
2024-01-02T08:23:00,0.0516,0.9484,0.0443,0.0589,0.0146,1233.41
2024-01-02T08:24:00,0.0529,0.9471,0.0506,0.0552,0.0046,1961.1
2024-01-02T08:25:00,0.0496,0.9504,0.048,0.0512,0.0033,2086.8
2024-01-02T08:26:00,0.0506,0.9494,0.0469,0.0544,0.0075,2484.23
2024-01-02T08:27:00,0.0477,0.9523,0.0439,0.0515,0.0076,2095.29
2024-01-02T08:28:00,0.0508,0.9492,0.0448,0.0567,0.0119,1703.95
2024-01-02T08:29:00,0.0494,0.9506,0.0459,0.0529,0.007,1650.09
2024-01-02T08:30:00,0.0527,0.9473,0.0496,0.0559,0.0063,1654.51
2024-01-02T08:31:00,0.0517,0.9483,0.0477,0.0557,0.008,1885.71
2024-01-02T08:32:00,0.0506,0.9494,0.045,0.0563,0.0113,2130.5
2024-01-02T08:33:00,0.0518,0.9482,0.0476,0.0559,0.0082,1660.76
2024-01-02T08:34:00,0.0521,0.9479,0.0499,0.0543,0.0044,1502.41
2024-01-02T08:35:00,0.0491,0.9509,0.0458,0.0524,0.0065,1860.22
2024-01-02T08:36:00,0.0499,0.9501,0.0438,0.056,0.0122,2459.61
2024-01-02T08:37:00,0.0534,0.9466,0.0514,0.0554,0.004,1391.38
2024-01-02T08:38:00,0.0512,0.9488,0.0485,0.0538,0.0053,2051.18
2024-01-02T08:39:00,0.0487,0.9513,0.0414,0.0561,0.0147,1263.46
2024-01-02T08:40:00,0.0517,0.9483,0.0474,0.0561,0.0087,2110.65
2024-01-02T08:41:00,0.0498,0.9502,0.0468,0.0528,0.006,1175.22
2024-01-02T08:42:00,0.0518,0.9482,0.0478,0.0558,0.0079,1565.11
2024-01-02T08:43:00,0.0522,0.9478,0.0475,0.0569,0.0093,2541.04
2024-01-02T08:44:00,0.0487,0.9513,0.0442,0.0531,0.0089,1633.34
2024-01-02T08:45:00,0.0455,0.9545,0.0434,0.0476,0.0041,1316.19
2024-01-02T08:46:00,0.0489,0.9511,0.0458,0.0521,0.0062,1956.83
2024-01-02T08:47:00,0.049,0.951,0.044,0.0539,0.0099,1483.89
2024-01-02T08:48:00,0.0471,0.9529,0.04,0.0542,0.0143,1068.52
2024-01-02T08:49:00,0.0495,0.9505,0.0458,0.0531,0.0073,1610.89
2024-01-02T08:50:00,0.0503,0.9497,0.0451,0.0556,0.0104,1470.34
2024-01-02T08:51:00,0.0541,0.9459,0.0525,0.0556,0.0031,2189.24
2024-01-02T08:52:00,0.05,0.95,0.048,0.052,0.004,2039.63
2024-01-02T08:53:00,0.051,0.949,0.0439,0.0582,0.0143,1222.41
2024-01-02T08:54:00,0.0504,0.9496,0.0481,0.0526,0.0045,1619.31
2024-01-02T08:55:00,0.0514,0.9486,0.0463,0.0565,0.0102,1772.97
2024-01-02T08:56:00,0.0512,0.9488,0.0438,0.0586,0.0148,1869.01
2024-01-02T08:57:00,0.0482,0.9518,0.0418,0.0547,0.0129,2271.06
2024-01-02T08:58:00,0.0501,0.9499,0.0432,0.057,0.0138,1918.99
2024-01-02T08:59:00,0.0472,0.9528,0.0427,0.0517,0.009,2291.28
2024-01-02T09:00:00,0.0468,0.9532,0.0426,0.051,0.0084,1958.94
2024-01-02T09:01:00,0.0498,0.9502,0.0435,0.056,0.0125,1167.19
2024-01-02T09:02:00,0.0488,0.9512,0.0422,0.0553,0.0131,1510.91
2024-01-02T09:03:00,0.047,0.953,0.0404,0.0537,0.0133,1577.41
2024-01-02T09:04:00,0.0512,0.9488,0.0452,0.0572,0.0121,1511.48
2024-01-02T09:05:00,0.0502,0.9498,0.0471,0.0532,0.0061,2196.51
2024-01-02T09:06:00,0.0485,0.9515,0.0433,0.0537,0.0104,1233.58
2024-01-02T09:07:00,0.0484,0.9516,0.0439,0.0529,0.009,2125.91
2024-01-02T09:08:00,0.051,0.949,0.0441,0.0579,0.0138,1471.9
2024-01-02T09:09:00,0.051,0.949,0.0487,0.0533,0.0046,2309.84
2024-01-02T09:10:00,0.0528,0.9472,0.0494,0.0563,0.0069,2474.8
2024-01-02T09:11:00,0.053,0.947,0.0483,0.0577,0.0094,1680.58
2024-01-02T09:12:00,0.0487,0.9513,0.0462,0.0511,0.0048,1092.7
2024-01-02T09:13:00,0.0536,0.9464,0.0518,0.0554,0.0036,2009.31
2024-01-02T09:14:00,0.0523,0.9477,0.0489,0.0556,0.0068,2012.26
2024-01-02T09:15:00,0.0514,0.9486,0.0474,0.0555,0.008,1255.26
2024-01-02T09:16:00,0.0535,0.9465,0.0509,0.0561,0.0052,2343.26
2024-01-02T09:17:00,0.0543,0.9457,0.0501,0.0585,0.0084,2331.54
2024-01-02T09:18:00,0.051,0.949,0.0471,0.0548,0.0077,2471.09
2024-01-02T09:19:00,0.0519,0.9481,0.0463,0.0574,0.0111,1972.92
