timestamp,yes_price,no_price,best_bid,best_ask,spread,volume_24h
2024-01-01T00:00:00,0.5806,0.4194,0.5766,0.5847,0.0081,9085.65
2024-01-01T00:00:30,0.5821,0.4179,0.5747,0.5896,0.0149,5739.96
2024-01-01T00:01:00,0.5831,0.4169,0.5718,0.5945,0.0227,5597.53
2024-01-01T00:01:30,0.5801,0.4199,0.5712,0.5891,0.0179,8904.48
2024-01-01T00:02:00,0.5792,0.4208,0.5765,0.5819,0.0053,7796.12
2024-01-01T00:02:30,0.5773,0.4227,0.5734,0.5811,0.0078,9350.65
2024-01-01T00:03:00,0.5771,0.4229,0.569,0.5853,0.0163,6721.46
2024-01-01T00:03:30,0.5812,0.4188,0.5726,0.5898,0.0173,5287.72
2024-01-01T00:04:00,0.5825,0.4175,0.5759,0.5892,0.0134,6187.17
2024-01-01T00:04:30,0.5818,0.4182,0.572,0.5917,0.0197,8256.75
2024-01-01T00:05:00,0.5857,0.4143,0.5809,0.5906,0.0097,9701.76
2024-01-01T00:05:30,0.5824,0.4176,0.5795,0.5852,0.0057,10676.78
2024-01-01T00:06:00,0.5774,0.4226,0.5698,0.5851,0.0153,6154.14
2024-01-01T00:06:30,0.5812,0.4188,0.5734,0.589,0.0156,5392.64
2024-01-01T00:07:00,0.5767,0.4233,0.5682,0.5853,0.0171,9095.81
2024-01-01T00:07:30,0.5821,0.4179,0.5708,0.5935,0.0227,7009.22
2024-01-01T00:08:00,0.5852,0.4148,0.5771,0.5933,0.0162,7828.42
2024-01-01T00:08:30,0.5806,0.4194,0.5763,0.5849,0.0086,5341.33
2024-01-01T00:09:00,0.5822,0.4178,0.5788,0.5856,0.0068,9471.53
2024-01-01T00:09:30,0.5811,0.4189,0.57,0.5921,0.0221,8133.55
2024-01-01T00:10:00,0.5781,0.4219,0.5709,0.5854,0.0145,9261.58
2024-01-01T00:10:30,0.5751,0.4249,0.5669,0.5834,0.0165,6964.54
2024-01-01T00:11:00,0.5766,0.4234,0.5732,0.58,0.0069,7644.45
2024-01-01T00:11:30,0.5797,0.4203,0.5724,0.5869,0.0144,9356.72
2024-01-01T00:12:00,0.5783,0.4217,0.5705,0.586,0.0156,10803.76
2024-01-01T00:12:30,0.5815,0.4185,0.5774,0.5855,0.0081,10015.92
2024-01-01T00:13:00,0.581,0.419,0.5784,0.5836,0.0052,8176.74
2024-01-01T00:13:30,0.5813,0.4187,0.5783,0.5843,0.0061,9518.94
2024-01-01T00:14:00,0.5792,0.4208,0.5712,0.5871,0.0159,9597.64
2024-01-01T00:14:30,0.5783,0.4217,0.5698,0.5867,0.0169,6209.16
2024-01-01T00:15:00,0.5793,0.4207,0.5766,0.5819,0.0054,6732.37
2024-01-01T00:15:30,0.5768,0.4232,0.5715,0.5821,0.0106,8030.89
2024-01-01T00:16:00,0.5805,0.4195,0.5756,0.5853,0.0096,8179.33
2024-01-01T00:16:30,0.5767,0.4233,0.5728,0.5807,0.0079,7204.83
2024-01-01T00:17:00,0.5776,0.4224,0.5712,0.5841,0.0129,10203.0
2024-01-01T00:17:30,0.5759,0.4241,0.5672,0.5846,0.0173,8839.63
2024-01-01T00:18:00,0.5748,0.4252,0.5675,0.582,0.0145,6008.55
2024-01-01T00:18:30,0.5751,0.4249,0.565,0.5852,0.0202,4953.26
2024-01-01T00:19:00,0.5769,0.4231,0.5726,0.5811,0.0085,6384.3
2024-01-01T00:19:30,0.578,0.422,0.5694,0.5867,0.0173,5831.07
2024-01-01T00:20:00,0.578,0.422,0.5731,0.5829,0.0097,9138.04
2024-01-01T00:20:30,0.5796,0.4204,0.5683,0.591,0.0228,8915.95
2024-01-01T00:21:00,0.5765,0.4235,0.5707,0.5823,0.0116,8891.05
2024-01-01T00:21:30,0.5788,0.4212,0.5695,0.5882,0.0187,10469.27
2024-01-01T00:22:00,0.5746,0.4254,0.5665,0.5828,0.0164,6415.88
2024-01-01T00:22:30,0.5778,0.4222,0.5701,0.5855,0.0154,7308.72
2024-01-01T00:23:00,0.5795,0.4205,0.5719,0.5872,0.0153,8659.15
2024-01-01T00:23:30,0.5796,0.4204,0.5699,0.5893,0.0194,9520.01
2024-01-01T00:24:00,0.584,0.416,0.5757,0.5924,0.0167,7211.27
2024-01-01T00:24:30,0.583,0.417,0.5744,0.5916,0.0172,8857.01
2024-01-01T00:25:00,0.5822,0.4178,0.5735,0.5909,0.0174,10379.9
2024-01-01T00:25:30,0.5819,0.4181,0.5789,0.5849,0.006,8503.09
2024-01-01T00:26:00,0.5816,0.4184,0.5714,0.5917,0.0202,7937.85
2024-01-01T00:26:30,0.5839,0.4161,0.5729,0.5948,0.0219,7231.37
2024-01-01T00:27:00,0.58,0.42,0.5752,0.5848,0.0096,5617.8
2024-01-01T00:27:30,0.5799,0.4201,0.5743,0.5855,0.0112,6386.32
2024-01-01T00:28:00,0.5766,0.4234,0.5699,0.5834,0.0135,7733.23
2024-01-01T00:28:30,0.5776,0.4224,0.5709,0.5843,0.0134,8564.47
2024-01-01T00:29:00,0.5763,0.4237,0.57,0.5826,0.0126,6994.07
2024-01-01T00:29:30,0.5818,0.4182,0.5708,0.5927,0.0219,6311.3
2024-01-01T00:30:00,0.5818,0.4182,0.5784,0.5852,0.0068,10246.48
2024-01-01T00:30:30,0.5841,0.4159,0.579,0.5893,0.0103,5483.16
2024-01-01T00:31:00,0.5825,0.4175,0.5787,0.5863,0.0076,9376.71
2024-01-01T00:31:30,0.5839,0.4161,0.5757,0.5921,0.0164,9142.39
2024-01-01T00:32:00,0.5827,0.4173,0.5773,0.5882,0.0109,10080.73
2024-01-01T00:32:30,0.5809,0.4191,0.5722,0.5896,0.0174,6204.52
2024-01-01T00:33:00,0.5778,0.4222,0.571,0.5846,0.0136,7493.64
2024-01-01T00:33:30,0.5772,0.4228,0.5726,0.5818,0.0092,7973.92
2024-01-01T00:34:00,0.5784,0.4216,0.5754,0.5813,0.0059,8803.22
2024-01-01T00:34:30,0.5765,0.4235,0.5684,0.5846,0.0163,7637.56
2024-01-01T00:35:00,0.5757,0.4243,0.5681,0.5834,0.0152,5980.05
2024-01-01T00:35:30,0.5768,0.4232,0.5727,0.5809,0.0083,6216.35
2024-01-01T00:36:00,0.5769,0.4231,0.569,0.5849,0.0159,9798.46
2024-01-01T00:36:30,0.5776,0.4224,0.5703,0.585,0.0147,5214.32
2024-01-01T00:37:00,0.5749,0.4251,0.5705,0.5794,0.0089,10048.94
2024-01-01T00:37:30,0.5772,0.4228,0.5669,0.5875,0.0206,10793.87
2024-01-01T00:38:00,0.5771,0.4229,0.5744,0.5798,0.0054,6640.25
2024-01-01T00:38:30,0.5753,0.4247,0.5686,0.5819,0.0132,6689.39
2024-01-01T00:39:00,0.5786,0.4214,0.5742,0.5831,0.0089,9598.64
2024-01-01T00:39:30,0.5797,0.4203,0.5706,0.5887,0.0181,6355.71
2024-01-01T00:40:00,0.5762,0.4238,0.5689,0.5835,0.0146,5179.23
2024-01-01T00:40:30,0.5809,0.4191,0.5745,0.5874,0.0129,9928.8
2024-01-01T00:41:00,0.5756,0.4244,0.5704,0.5809,0.0105,5103.42
2024-01-01T00:41:30,0.5776,0.4224,0.5678,0.5874,0.0196,8720.19
2024-01-01T00:42:00,0.5744,0.4256,0.568,0.5808,0.0127,7927.84
2024-01-01T00:42:30,0.5769,0.4231,0.5673,0.5865,0.0192,8653.64
2024-01-01T00:43:00,0.5793,0.4207,0.5769,0.5817,0.0048,7861.12
2024-01-01T00:43:30,0.5812,0.4188,0.5734,0.589,0.0156,5362.87
2024-01-01T00:44:00,0.5833,0.4167,0.5747,0.5919,0.0172,7233.29
2024-01-01T00:44:30,0.5835,0.4165,0.5721,0.5949,0.0228,10221.51
2024-01-01T00:45:00,0.5831,0.4169,0.5751,0.5912,0.0162,8706.29
2024-01-01T00:45:30,0.5796,0.4204,0.577,0.5823,0.0053,4821.3
2024-01-01T00:46:00,0.5818,0.4182,0.5768,0.5868,0.01,4988.61
2024-01-01T00:46:30,0.5808,0.4192,0.5751,0.5865,0.0115,8469.86
2024-01-01T00:47:00,0.5789,0.4211,0.5732,0.5845,0.0114,6938.35
2024-01-01T00:47:30,0.5785,0.4215,0.5672,0.5898,0.0225,10235.73
2024-01-01T00:48:00,0.5796,0.4204,0.5703,0.589,0.0187,8853.55
2024-01-01T00:48:30,0.5786,0.4214,0.5748,0.5824,0.0076,9421.29
2024-01-01T00:49:00,0.581,0.419,0.5785,0.5836,0.0051,8973.87
2024-01-01T00:49:30,0.5813,0.4187,0.5784,0.5843,0.0059,5662.71
2024-01-01T00:50:00,0.5823,0.4177,0.5744,0.5903,0.0159,9548.85
2024-01-01T00:50:30,0.5827,0.4173,0.5755,0.5899,0.0143,7107.57
2024-01-01T00:51:00,0.5814,0.4186,0.5698,0.5929,0.0231,8414.36
2024-01-01T00:51:30,0.5812,0.4188,0.5784,0.584,0.0056,8842.25
2024-01-01T00:52:00,0.5786,0.4214,0.5708,0.5865,0.0156,8104.53
2024-01-01T00:52:30,0.5786,0.4214,0.5754,0.5819,0.0065,9628.72
2024-01-01T00:53:00,0.5787,0.4213,0.5735,0.5839,0.0104,7029.06
2024-01-01T00:53:30,0.5768,0.4232,0.5711,0.5824,0.0113,8438.48
2024-01-01T00:54:00,0.5802,0.4198,0.5735,0.5869,0.0135,7119.38
2024-01-01T00:54:30,0.5756,0.4244,0.5656,0.5856,0.0199,5727.01
2024-01-01T00:55:00,0.5799,0.4201,0.5741,0.5858,0.0117,7694.34
2024-01-01T00:55:30,0.5829,0.4171,0.5727,0.593,0.0203,9552.17
2024-01-01T00:56:00,0.5769,0.4231,0.5744,0.5794,0.0049,6749.28
2024-01-01T00:56:30,0.5793,0.4207,0.5768,0.5819,0.0052,10734.7
2024-01-01T00:57:00,0.5814,0.4186,0.5707,0.5921,0.0214,8154.38
2024-01-01T00:57:30,0.581,0.419,0.5759,0.5861,0.0102,4637.14
2024-01-01T00:58:00,0.5842,0.4158,0.5797,0.5887,0.009,9006.08
2024-01-01T00:58:30,0.5805,0.4195,0.5708,0.5901,0.0193,5200.57
2024-01-01T00:59:00,0.5807,0.4193,0.5727,0.5888,0.0161,6091.75
2024-01-01T00:59:30,0.5777,0.4223,0.5691,0.5863,0.0172,4852.26
2024-01-01T01:00:00,0.5783,0.4217,0.5677,0.5888,0.0211,10364.06
2024-01-01T01:00:30,0.5739,0.4261,0.5704,0.5774,0.0069,9652.05
2024-01-01T01:01:00,0.5792,0.4208,0.5707,0.5877,0.017,7641.62
2024-01-01T01:01:30,0.5782,0.4218,0.5687,0.5877,0.0191,4966.1
2024-01-01T01:02:00,0.5765,0.4235,0.5684,0.5846,0.0162,5190.69
2024-01-01T01:02:30,0.578,0.422,0.573,0.583,0.01,5211.8
2024-01-01T01:03:00,0.5822,0.4178,0.5742,0.5902,0.0159,9498.44
2024-01-01T01:03:30,0.5815,0.4185,0.5747,0.5883,0.0137,5964.8
2024-01-01T01:04:00,0.5802,0.4198,0.5764,0.5841,0.0076,7961.11
2024-01-01T01:04:30,0.5797,0.4203,0.5713,0.5881,0.0168,5628.51
2024-01-01T01:05:00,0.5836,0.4164,0.5763,0.5908,0.0145,4775.15
2024-01-01T01:05:30,0.5818,0.4182,0.572,0.5916,0.0196,5849.07
2024-01-01T01:06:00,0.5828,0.4172,0.5756,0.59,0.0144,8097.34
2024-01-01T01:06:30,0.5839,0.4161,0.5737,0.5942,0.0204,5087.95
2024-01-01T01:07:00,0.5832,0.4168,0.5804,0.5861,0.0058,4844.62
2024-01-01T01:07:30,0.5815,0.4185,0.5713,0.5917,0.0204,6796.72
2024-01-01T01:08:00,0.5803,0.4197,0.5751,0.5854,0.0103,5491.49
2024-01-01T01:08:30,0.5794,0.4206,0.5686,0.5901,0.0215,10214.48
2024-01-01T01:09:00,0.5777,0.4223,0.5708,0.5846,0.0138,6635.02
2024-01-01T01:09:30,0.5817,0.4183,0.5711,0.5922,0.0211,10704.86
2024-01-01T01:10:00,0.5789,0.4211,0.5707,0.5871,0.0164,8803.56
2024-01-01T01:10:30,0.5796,0.4204,0.5699,0.5892,0.0192,7946.04
2024-01-01T01:11:00,0.5759,0.4241,0.5661,0.5857,0.0196,6273.72
2024-01-01T01:11:30,0.5734,0.4266,0.5685,0.5783,0.0098,8640.41
2024-01-01T01:12:00,0.5742,0.4258,0.5693,0.579,0.0096,7663.42
2024-01-01T01:12:30,0.5757,0.4243,0.5725,0.5789,0.0064,8556.85
2024-01-01T01:13:00,0.5752,0.4248,0.5717,0.5786,0.0069,5030.17
2024-01-01T01:13:30,0.5803,0.4197,0.569,0.5917,0.0227,8637.79
2024-01-01T01:14:00,0.5799,0.4201,0.5684,0.5913,0.0229,7373.26
2024-01-01T01:14:30,0.5789,0.4211,0.5754,0.5823,0.007,5111.92
2024-01-01T01:15:00,0.5769,0.4231,0.5676,0.5863,0.0187,5835.58
2024-01-01T01:15:30,0.5775,0.4225,0.5715,0.5835,0.012,7699.68
2024-01-01T01:16:00,0.5767,0.4233,0.5672,0.5863,0.0191,5296.44
2024-01-01T01:16:30,0.5736,0.4264,0.5643,0.5829,0.0186,5368.37
2024-01-01T01:17:00,0.5742,0.4258,0.5665,0.5819,0.0154,10327.18
2024-01-01T01:17:30,0.5778,0.4222,0.5723,0.5833,0.011,7092.14
2024-01-01T01:18:00,0.5782,0.4218,0.5753,0.5811,0.0058,8319.7
2024-01-01T01:18:30,0.5791,0.4209,0.5679,0.5903,0.0224,6852.29
2024-01-01T01:19:00,0.5766,0.4234,0.5736,0.5795,0.006,7264.7
2024-01-01T01:19:30,0.5789,0.4211,0.5724,0.5854,0.0129,7916.34
2024-01-01T01:20:00,0.5772,0.4228,0.5705,0.5839,0.0134,8765.15
2024-01-01T01:20:30,0.5773,0.4227,0.5733,0.5813,0.008,10017.29
2024-01-01T01:21:00,0.5772,0.4228,0.5661,0.5883,0.0222,5250.18
2024-01-01T01:21:30,0.5787,0.4213,0.5675,0.5899,0.0224,7165.05
2024-01-01T01:22:00,0.5787,0.4213,0.5679,0.5896,0.0217,5985.13
2024-01-01T01:22:30,0.5798,0.4202,0.5707,0.5889,0.0183,9722.79
2024-01-01T01:23:00,0.58,0.42,0.5765,0.5834,0.0068,9363.93
2024-01-01T01:23:30,0.5831,0.4169,0.5727,0.5935,0.0208,8215.89
2024-01-01T01:24:00,0.5797,0.4203,0.5728,0.5865,0.0138,6131.71
2024-01-01T01:24:30,0.5784,0.4216,0.5752,0.5816,0.0063,6903.64
2024-01-01T01:25:00,0.581,0.419,0.5711,0.5909,0.0197,10545.43
2024-01-01T01:25:30,0.5806,0.4194,0.5767,0.5845,0.0078,6080.98
2024-01-01T01:26:00,0.581,0.419,0.57,0.592,0.022,9406.57
2024-01-01T01:26:30,0.5801,0.4199,0.5755,0.5847,0.0092,8354.27
2024-01-01T01:27:00,0.5793,0.4207,0.5699,0.5887,0.0188,8291.08
2024-01-01T01:27:30,0.5778,0.4222,0.567,0.5886,0.0216,4704.78
2024-01-01T01:28:00,0.5783,0.4217,0.5727,0.584,0.0113,9955.29
2024-01-01T01:28:30,0.5793,0.4207,0.5723,0.5862,0.0139,6119.29
2024-01-01T01:29:00,0.5748,0.4252,0.5655,0.5841,0.0186,6662.95
2024-01-01T01:29:30,0.5784,0.4216,0.5736,0.5833,0.0098,5971.9
2024-01-01T01:30:00,0.5779,0.4221,0.5674,0.5884,0.0209,7799.1
2024-01-01T01:30:30,0.5768,0.4232,0.5724,0.5813,0.0089,7292.87
2024-01-01T01:31:00,0.576,0.424,0.568,0.5841,0.0161,5411.78
2024-01-01T01:31:30,0.5777,0.4223,0.5682,0.5872,0.019,10520.48
2024-01-01T01:32:00,0.579,0.421,0.5738,0.5842,0.0104,7661.55
2024-01-01T01:32:30,0.5778,0.4222,0.5709,0.5847,0.0138,8830.09
2024-01-01T01:33:00,0.5804,0.4196,0.575,0.5859,0.0109,5345.09
2024-01-01T01:33:30,0.5808,0.4192,0.5695,0.5921,0.0226,5224.71
2024-01-01T01:34:00,0.5792,0.4208,0.5768,0.5815,0.0047,6663.01
2024-01-01T01:34:30,0.5762,0.4238,0.5728,0.5796,0.0067,4894.19
2024-01-01T01:35:00,0.5777,0.4223,0.571,0.5845,0.0135,8002.89
2024-01-01T01:35:30,0.5799,0.4201,0.5744,0.5854,0.011,5274.14
2024-01-01T01:36:00,0.581,0.419,0.5699,0.592,0.0222,10056.78
2024-01-01T01:36:30,0.5795,0.4205,0.577,0.582,0.005,5614.43
2024-01-01T01:37:00,0.5802,0.4198,0.5736,0.5868,0.0133,7160.53
2024-01-01T01:37:30,0.5812,0.4188,0.5697,0.5927,0.023,9198.28
2024-01-01T01:38:00,0.5824,0.4176,0.5733,0.5914,0.0181,10308.31
2024-01-01T01:38:30,0.5817,0.4183,0.572,0.5914,0.0193,6125.68
2024-01-01T01:39:00,0.5816,0.4184,0.5784,0.5849,0.0065,5972.14
2024-01-01T01:39:30,0.5849,0.4151,0.576,0.5938,0.0179,8255.58
2024-01-01T01:40:00,0.5861,0.4139,0.5781,0.5941,0.016,9059.66
2024-01-01T01:40:30,0.5817,0.4183,0.5712,0.5922,0.021,7534.0
2024-01-01T01:41:00,0.5793,0.4207,0.5733,0.5854,0.0121,10139.73
2024-01-01T01:41:30,0.5756,0.4244,0.5681,0.5831,0.015,9736.54
2024-01-01T01:42:00,0.5715,0.4285,0.5658,0.5772,0.0114,7392.11
2024-01-01T01:42:30,0.5628,0.4372,0.5562,0.5693,0.0131,8464.92
2024-01-01T01:43:00,0.5583,0.4417,0.5523,0.5642,0.0119,7739.88
2024-01-01T01:43:30,0.5524,0.4476,0.5425,0.5624,0.0199,6196.52
2024-01-01T01:44:00,0.5451,0.4549,0.537,0.5532,0.0162,5746.24
2024-01-01T01:44:30,0.541,0.459,0.538,0.5441,0.0061,5892.57
2024-01-01T01:45:00,0.5357,0.4643,0.5325,0.5389,0.0064,9206.69
2024-01-01T01:45:30,0.5315,0.4685,0.5245,0.5386,0.0141,10148.64
2024-01-01T01:46:00,0.5278,0.4722,0.5191,0.5365,0.0175,7988.31
2024-01-01T01:46:30,0.5232,0.4768,0.5192,0.5272,0.0081,8833.7
2024-01-01T01:47:00,0.5149,0.4851,0.5079,0.5219,0.0139,7885.95
2024-01-01T01:47:30,0.5097,0.4903,0.5053,0.5141,0.0087,11775.94
2024-01-01T01:48:00,0.502,0.498,0.4941,0.5099,0.0159,9522.88
2024-01-01T01:48:30,0.495,0.505,0.4867,0.5034,0.0167,12343.23
2024-01-01T01:49:00,0.4893,0.5107,0.4805,0.4982,0.0177,12097.67
2024-01-01T01:49:30,0.4882,0.5118,0.4814,0.4949,0.0135,5949.97
2024-01-01T01:50:00,0.4764,0.5236,0.4709,0.4819,0.011,5696.52
2024-01-01T01:50:30,0.4714,0.5286,0.4609,0.4819,0.0209,11111.89
2024-01-01T01:51:00,0.4634,0.5366,0.4584,0.4683,0.0099,5122.99
2024-01-01T01:51:30,0.4575,0.5425,0.453,0.462,0.009,10147.56
2024-01-01T01:52:00,0.4538,0.5462,0.4482,0.4594,0.0112,10184.28
2024-01-01T01:52:30,0.4481,0.5519,0.4451,0.451,0.0058,9436.87
2024-01-01T01:53:00,0.4427,0.5573,0.4349,0.4504,0.0156,9387.26
2024-01-01T01:53:30,0.4398,0.5602,0.4364,0.4432,0.0068,7525.22
2024-01-01T01:54:00,0.4311,0.5689,0.4227,0.4394,0.0167,6967.6
2024-01-01T01:54:30,0.4246,0.5754,0.4164,0.4328,0.0164,6916.37
2024-01-01T01:55:00,0.4168,0.5832,0.4064,0.4272,0.0208,4937.2
2024-01-01T01:55:30,0.4183,0.5817,0.4138,0.4228,0.009,7783.52
2024-01-01T01:56:00,0.4104,0.5896,0.4025,0.4183,0.0158,9779.59
2024-01-01T01:56:30,0.4004,0.5996,0.3966,0.4042,0.0077,9765.15
2024-01-01T01:57:00,0.3995,0.6005,0.3916,0.4074,0.0157,5866.93
2024-01-01T01:57:30,0.3959,0.6041,0.3935,0.3982,0.0047,6688.48
2024-01-01T01:58:00,0.3899,0.6101,0.3847,0.3952,0.0105,6533.17
2024-01-01T01:58:30,0.3824,0.6176,0.3757,0.3891,0.0134,9704.51
2024-01-01T01:59:00,0.3769,0.6231,0.3704,0.3833,0.013,5433.33
2024-01-01T01:59:30,0.3671,0.6329,0.3635,0.3708,0.0073,5706.9
2024-01-01T02:00:00,0.3603,0.6397,0.3496,0.3709,0.0213,8644.66
2024-01-01T02:00:30,0.355,0.645,0.3522,0.3578,0.0056,8290.45
2024-01-01T02:01:00,0.3493,0.6507,0.3471,0.3516,0.0045,5463.75
2024-01-01T02:01:30,0.3434,0.6566,0.3407,0.3461,0.0054,8153.53
2024-01-01T02:02:00,0.3386,0.6614,0.3363,0.3409,0.0046,8432.88
2024-01-01T02:02:30,0.333,0.667,0.324,0.342,0.0179,8428.96
2024-01-01T02:03:00,0.3271,0.6729,0.3191,0.335,0.0159,6187.24
2024-01-01T02:03:30,0.3219,0.6781,0.3143,0.3295,0.0152,6942.61
2024-01-01T02:04:00,0.3164,0.6836,0.3078,0.3249,0.0171,8209.13
2024-01-01T02:04:30,0.3128,0.6872,0.3069,0.3187,0.0118,3924.83
2024-01-01T02:05:00,0.3063,0.6937,0.3041,0.3085,0.0043,7729.79
2024-01-01T02:05:30,0.3005,0.6995,0.2972,0.3038,0.0066,5388.88
2024-01-01T02:06:00,0.2952,0.7048,0.2905,0.3,0.0094,4512.35
2024-01-01T02:06:30,0.2899,0.7101,0.2869,0.2928,0.0059,7819.55
2024-01-01T02:07:00,0.2848,0.7152,0.2773,0.2923,0.015,6717.9
2024-01-01T02:07:30,0.2767,0.7233,0.2713,0.2821,0.0109,3659.89
2024-01-01T02:08:00,0.2728,0.7272,0.2682,0.2774,0.0092,5139.06
2024-01-01T02:08:30,0.2677,0.7323,0.2653,0.27,0.0047,3477.93
2024-01-01T02:09:00,0.2615,0.7385,0.252,0.2711,0.0192,5919.69
2024-01-01T02:09:30,0.2568,0.7432,0.2534,0.2602,0.0069,6307.75
2024-01-01T02:10:00,0.253,0.747,0.248,0.2581,0.0101,5609.84
2024-01-01T02:10:30,0.2446,0.7554,0.2358,0.2533,0.0175,5154.12
2024-01-01T02:11:00,0.2432,0.7568,0.2398,0.2467,0.0069,3569.22
2024-01-01T02:11:30,0.2363,0.7637,0.2343,0.2384,0.0041,6428.17
2024-01-01T02:12:00,0.2276,0.7724,0.2206,0.2346,0.014,6453.26
2024-01-01T02:12:30,0.2243,0.7757,0.2212,0.2274,0.0063,3175.08
2024-01-01T02:13:00,0.2182,0.7818,0.2097,0.2267,0.017,4476.22
2024-01-01T02:13:30,0.2091,0.7909,0.2039,0.2143,0.0104,4210.94
2024-01-01T02:14:00,0.2035,0.7965,0.2002,0.2069,0.0067,3903.9
2024-01-01T02:14:30,0.1956,0.8044,0.1899,0.2014,0.0115,4409.49
2024-01-01T02:15:00,0.1904,0.8096,0.1881,0.1927,0.0046,5290.24
2024-01-01T02:15:30,0.1873,0.8127,0.1847,0.1899,0.0052,3857.18
2024-01-01T02:16:00,0.179,0.821,0.1769,0.181,0.0041,5309.26
2024-01-01T02:16:30,0.1731,0.8269,0.1687,0.1775,0.0087,4353.77
2024-01-01T02:17:00,0.1646,0.8354,0.1575,0.1717,0.0142,3484.69
2024-01-01T02:17:30,0.1648,0.8352,0.1601,0.1695,0.0094,2382.18
2024-01-01T02:18:00,0.1578,0.8422,0.1525,0.1632,0.0107,2410.66
2024-01-01T02:18:30,0.1494,0.8506,0.1447,0.1542,0.0095,4729.31
2024-01-01T02:19:00,0.1509,0.8491,0.143,0.1589,0.0159,4767.75
2024-01-01T02:19:30,0.1443,0.8557,0.1392,0.1493,0.0101,3659.04
2024-01-01T02:20:00,0.1307,0.8693,0.1277,0.1338,0.0061,4096.4
2024-01-01T02:20:30,0.1312,0.8688,0.1288,0.1335,0.0047,2404.33
2024-01-01T02:21:00,0.1236,0.8764,0.1205,0.1267,0.0062,1978.17
2024-01-01T02:21:30,0.1168,0.8832,0.11,0.1236,0.0136,1775.95
2024-01-01T02:22:00,0.1109,0.8891,0.1059,0.116,0.0101,2909.39
2024-01-01T02:22:30,0.1045,0.8955,0.0984,0.1106,0.0122,3366.75
2024-01-01T02:23:00,0.1016,0.8984,0.0983,0.1048,0.0065,1781.58
2024-01-01T02:23:30,0.0953,0.9047,0.0906,0.1,0.0094,3217.01
2024-01-01T02:24:00,0.0923,0.9077,0.0889,0.0956,0.0067,3425.95
2024-01-01T02:24:30,0.0848,0.9152,0.0816,0.088,0.0064,3260.58
2024-01-01T02:25:00,0.0772,0.9228,0.0726,0.0818,0.0092,3122.27
2024-01-01T02:25:30,0.0703,0.9297,0.0675,0.0731,0.0057,1857.53
2024-01-01T02:26:00,0.0632,0.9368,0.0598,0.0666,0.0068,1478.17
2024-01-01T02:26:30,0.0604,0.9396,0.0548,0.0661,0.0113,2102.58
2024-01-01T02:27:00,0.0569,0.9431,0.0529,0.0609,0.0081,1215.38
2024-01-01T02:27:30,0.058,0.942,0.0521,0.0639,0.0118,2375.66
2024-01-01T02:28:00,0.0538,0.9462,0.0502,0.0574,0.0073,1305.22
2024-01-01T02:28:30,0.0521,0.9479,0.0471,0.0571,0.0101,2260.98
2024-01-01T02:29:00,0.0533,0.9467,0.0497,0.0569,0.0072,1545.27
2024-01-01T02:29:30,0.0542,0.9458,0.0506,0.0578,0.0072,2256.51
2024-01-01T02:30:00,0.0515,0.9485,0.0488,0.0542,0.0054,1913.96
2024-01-01T02:30:30,0.0541,0.9459,0.0524,0.0559,0.0035,2578.27
2024-01-01T02:31:00,0.0527,0.9473,0.0463,0.0591,0.0128,1984.75
2024-01-01T02:31:30,0.052,0.948,0.0486,0.0555,0.0069,1289.48
2024-01-01T02:32:00,0.0513,0.9487,0.0463,0.0564,0.0101,2231.88
2024-01-01T02:32:30,0.0501,0.9499,0.0473,0.053,0.0058,2358.22
2024-01-01T02:33:00,0.0471,0.9529,0.0435,0.0507,0.0072,1964.59
2024-01-01T02:33:30,0.0487,0.9513,0.0421,0.0553,0.0132,1353.74
2024-01-01T02:34:00,0.0498,0.9502,0.046,0.0535,0.0075,1333.46
2024-01-01T02:34:30,0.0536,0.9464,0.0482,0.0591,0.0109,2284.94
2024-01-01T02:35:00,0.0532,0.9468,0.0459,0.0606,0.0147,1624.1
2024-01-01T02:35:30,0.0517,0.9483,0.0495,0.0539,0.0043,1333.6
2024-01-01T02:36:00,0.0499,0.9501,0.0436,0.0563,0.0127,2514.82
2024-01-01T02:36:30,0.0484,0.9516,0.0432,0.0536,0.0103,1290.62
2024-01-01T02:37:00,0.0497,0.9503,0.0443,0.0551,0.0108,2342.63
2024-01-01T02:37:30,0.0495,0.9505,0.0452,0.0538,0.0086,2337.37
2024-01-01T02:38:00,0.0522,0.9478,0.047,0.0573,0.0103,2376.96
2024-01-01T02:38:30,0.0507,0.9493,0.044,0.0575,0.0134,1713.42
2024-01-01T02:39:00,0.0498,0.9502,0.0442,0.0554,0.0113,2011.21
2024-01-01T02:39:30,0.0501,0.9499,0.0455,0.0548,0.0093,2461.12
2024-01-01T02:40:00,0.052,0.948,0.049,0.0549,0.0059,1344.8
2024-01-01T02:40:30,0.0528,0.9472,0.047,0.0586,0.0116,1437.45
2024-01-01T02:41:00,0.0533,0.9467,0.0496,0.0571,0.0075,1584.16
2024-01-01T02:41:30,0.0499,0.9501,0.0441,0.0557,0.0115,1389.0
2024-01-01T02:42:00,0.0492,0.9508,0.0428,0.0556,0.0128,1878.67
2024-01-01T02:42:30,0.0539,0.9461,0.0488,0.059,0.0102,2263.11
2024-01-01T02:43:00,0.0479,0.9521,0.0452,0.0506,0.0054,2356.61
2024-01-01T02:43:30,0.0505,0.9495,0.0489,0.0522,0.0033,1606.96
2024-01-01T02:44:00,0.0493,0.9507,0.0446,0.054,0.0094,2329.7
2024-01-01T02:44:30,0.0484,0.9516,0.0415,0.0553,0.0138,1649.87
2024-01-01T02:45:00,0.0498,0.9502,0.0455,0.0541,0.0085,2114.49
2024-01-01T02:45:30,0.053,0.947,0.0471,0.0588,0.0117,1521.58
2024-01-01T02:46:00,0.0483,0.9517,0.0419,0.0547,0.0129,1208.16
2024-01-01T02:46:30,0.0468,0.9532,0.0425,0.0511,0.0085,1665.29
2024-01-01T02:47:00,0.0478,0.9522,0.0442,0.0514,0.0073,1372.42
2024-01-01T02:47:30,0.0445,0.9555,0.0385,0.0505,0.0121,2310.28
2024-01-01T02:48:00,0.0475,0.9525,0.0405,0.0544,0.0139,2312.46
2024-01-01T02:48:30,0.049,0.951,0.0428,0.0551,0.0123,2212.77
2024-01-01T02:49:00,0.0502,0.9498,0.0476,0.0528,0.0052,1858.49
2024-01-01T02:49:30,0.052,0.948,0.046,0.0581,0.0121,1524.92
2024-01-01T02:50:00,0.0499,0.9501,0.0476,0.0521,0.0045,1857.39
2024-01-01T02:50:30,0.0514,0.9486,0.0479,0.0549,0.0071,1317.79
2024-01-01T02:51:00,0.0535,0.9465,0.0499,0.0571,0.0072,1530.82
2024-01-01T02:51:30,0.0518,0.9482,0.0484,0.0552,0.0068,1560.71
2024-01-01T02:52:00,0.051,0.949,0.0454,0.0566,0.0112,2253.36
2024-01-01T02:52:30,0.0457,0.9543,0.0385,0.0528,0.0143,2004.96
2024-01-01T02:53:00,0.049,0.951,0.044,0.054,0.01,1932.34
2024-01-01T02:53:30,0.0492,0.9508,0.0448,0.0536,0.0088,2275.49
2024-01-01T02:54:00,0.0498,0.9502,0.0458,0.0538,0.008,2220.61
2024-01-01T02:54:30,0.0446,0.9554,0.0425,0.0466,0.0041,1137.33
2024-01-01T02:55:00,0.0504,0.9496,0.043,0.0579,0.0149,1910.53
2024-01-01T02:55:30,0.0482,0.9518,0.0456,0.0507,0.005,1431.07
2024-01-01T02:56:00,0.0504,0.9496,0.0458,0.0549,0.0091,2100.2
2024-01-01T02:56:30,0.0517,0.9483,0.048,0.0553,0.0073,1531.98
2024-01-01T02:57:00,0.0538,0.9462,0.0466,0.0611,0.0145,2019.63
2024-01-01T02:57:30,0.0547,0.9453,0.0474,0.062,0.0147,2091.34
2024-01-01T02:58:00,0.053,0.947,0.047,0.0589,0.0119,1708.72
2024-01-01T02:58:30,0.0522,0.9478,0.0457,0.0586,0.0129,1248.4
2024-01-01T02:59:00,0.0523,0.9477,0.0482,0.0565,0.0083,1867.64
2024-01-01T02:59:30,0.0492,0.9508,0.042,0.0563,0.0143,2161.28
2024-01-01T03:00:00,0.0517,0.9483,0.0447,0.0586,0.0139,2476.65
2024-01-01T03:00:30,0.0502,0.9498,0.0444,0.056,0.0116,1388.2
2024-01-01T03:01:00,0.05,0.95,0.046,0.054,0.008,2231.65
2024-01-01T03:01:30,0.0455,0.9545,0.0439,0.0471,0.0032,1919.72
2024-01-01T03:02:00,0.0515,0.9485,0.049,0.054,0.005,1756.25
2024-01-01T03:02:30,0.0502,0.9498,0.0436,0.0569,0.0133,1176.04
2024-01-01T03:03:00,0.0516,0.9484,0.0458,0.0573,0.0115,2239.18
2024-01-01T03:03:30,0.0506,0.9494,0.0481,0.0531,0.005,1988.01
2024-01-01T03:04:00,0.0497,0.9503,0.046,0.0534,0.0074,2506.2
2024-01-01T03:04:30,0.0496,0.9504,0.0435,0.0557,0.0122,1203.02
2024-01-01T03:05:00,0.0501,0.9499,0.0464,0.0538,0.0074,2061.72
2024-01-01T03:05:30,0.048,0.952,0.0462,0.0497,0.0035,1166.0
2024-01-01T03:06:00,0.0489,0.9511,0.0464,0.0515,0.0051,2287.77
2024-01-01T03:06:30,0.0513,0.9487,0.0482,0.0544,0.0062,1685.12
2024-01-01T03:07:00,0.0506,0.9494,0.0452,0.056,0.0108,1901.26
2024-01-01T03:07:30,0.0452,0.9548,0.0397,0.0508,0.011,1324.45
2024-01-01T03:08:00,0.0494,0.9506,0.0451,0.0538,0.0088,1595.65
2024-01-01T03:08:30,0.0498,0.9502,0.0428,0.0568,0.014,2073.25
2024-01-01T03:09:00,0.0487,0.9513,0.0463,0.0511,0.0048,1585.77
2024-01-01T03:09:30,0.0493,0.9507,0.0451,0.0535,0.0084,2073.42
2024-01-01T03:10:00,0.0461,0.9539,0.04,0.0521,0.0121,2114.14
2024-01-01T03:10:30,0.0462,0.9538,0.0438,0.0487,0.0049,1248.03
2024-01-01T03:11:00,0.0473,0.9527,0.042,0.0526,0.0106,1585.42
2024-01-01T03:11:30,0.0485,0.9515,0.0447,0.0523,0.0076,1104.21
2024-01-01T03:12:00,0.0506,0.9494,0.0466,0.0546,0.0081,2509.23
2024-01-01T03:12:30,0.0488,0.9512,0.0426,0.0551,0.0125,1968.15
2024-01-01T03:13:00,0.0473,0.9527,0.0456,0.049,0.0034,2144.86
2024-01-01T03:13:30,0.0471,0.9529,0.0451,0.0491,0.004,1490.9
2024-01-01T03:14:00,0.0462,0.9538,0.0436,0.0487,0.0052,1854.66
2024-01-01T03:14:30,0.0449,0.9551,0.0424,0.0475,0.0051,1261.39
2024-01-01T03:15:00,0.0465,0.9535,0.0443,0.0487,0.0044,1260.64
2024-01-01T03:15:30,0.0478,0.9522,0.0406,0.055,0.0144,2285.53
2024-01-01T03:16:00,0.0493,0.9507,0.0466,0.052,0.0054,1793.85
2024-01-01T03:16:30,0.0456,0.9544,0.0425,0.0487,0.0062,2199.24
2024-01-01T03:17:00,0.0484,0.9516,0.0434,0.0533,0.0098,1348.23
2024-01-01T03:17:30,0.0462,0.9538,0.0442,0.0482,0.004,1892.42
2024-01-01T03:18:00,0.0426,0.9574,0.0404,0.0448,0.0044,2318.4
2024-01-01T03:18:30,0.045,0.955,0.0429,0.0471,0.0043,1904.47
2024-01-01T03:19:00,0.0478,0.9522,0.0406,0.055,0.0145,1895.16
2024-01-01T03:19:30,0.0471,0.9529,0.0447,0.0494,0.0047,1972.81
2024-01-01T03:20:00,0.048,0.952,0.0457,0.0503,0.0045,2271.71
2024-01-01T03:20:30,0.05,0.95,0.0467,0.0533,0.0066,1881.25
2024-01-01T03:21:00,0.0497,0.9503,0.043,0.0563,0.0133,1320.86
2024-01-01T03:21:30,0.0461,0.9539,0.0439,0.0483,0.0044,1169.56
2024-01-01T03:22:00,0.0498,0.9502,0.0463,0.0533,0.007,1108.84
2024-01-01T03:22:30,0.0484,0.9516,0.0423,0.0545,0.0122,1463.29
2024-01-01T03:23:00,0.0501,0.9499,0.0468,0.0533,0.0065,1386.99
2024-01-01T03:23:30,0.0496,0.9504,0.0462,0.0529,0.0067,1241.86
2024-01-01T03:24:00,0.0493,0.9507,0.0471,0.0516,0.0046,2158.67
2024-01-01T03:24:30,0.0515,0.9485,0.0479,0.055,0.0072,1426.76
2024-01-01T03:25:00,0.0512,0.9488,0.0458,0.0567,0.011,2247.46
2024-01-01T03:25:30,0.053,0.947,0.0512,0.0548,0.0036,1718.05
2024-01-01T03:26:00,0.048,0.952,0.041,0.0551,0.0141,2239.09
2024-01-01T03:26:30,0.0481,0.9519,0.0412,0.0551,0.014,1643.55
2024-01-01T03:27:00,0.048,0.952,0.0415,0.0545,0.013,1883.85
2024-01-01T03:27:30,0.047,0.953,0.0417,0.0523,0.0106,2236.04
2024-01-01T03:28:00,0.0445,0.9555,0.0394,0.0496,0.0102,1226.27
2024-01-01T03:28:30,0.0443,0.9557,0.041,0.0477,0.0067,1381.14
2024-01-01T03:29:00,0.0478,0.9522,0.0433,0.0524,0.0091,1915.47
2024-01-01T03:29:30,0.0482,0.9518,0.0457,0.0506,0.0049,1555.55
2024-01-01T03:30:00,0.0487,0.9513,0.0415,0.0559,0.0144,2308.02
2024-01-01T03:30:30,0.0465,0.9535,0.0442,0.0488,0.0045,1863.62
2024-01-01T03:31:00,0.045,0.955,0.0385,0.0516,0.0131,1730.28
2024-01-01T03:31:30,0.0459,0.9541,0.0385,0.0533,0.0147,2394.64
2024-01-01T03:32:00,0.0492,0.9508,0.0434,0.055,0.0116,2169.93
2024-01-01T03:32:30,0.0464,0.9536,0.0398,0.053,0.0132,2403.76
2024-01-01T03:33:00,0.0482,0.9518,0.0432,0.0533,0.0101,1112.76
2024-01-01T03:33:30,0.0442,0.9558,0.0377,0.0508,0.0131,2262.07
2024-01-01T03:34:00,0.0449,0.9551,0.0392,0.0506,0.0114,1929.71
2024-01-01T03:34:30,0.0445,0.9555,0.0386,0.0505,0.0119,1395.99
2024-01-01T03:35:00,0.04,0.96,0.0371,0.0429,0.0057,2015.81
2024-01-01T03:35:30,0.0479,0.9521,0.043,0.0529,0.0099,2006.41
2024-01-01T03:36:00,0.0486,0.9514,0.0441,0.0532,0.0091,2261.95
2024-01-01T03:36:30,0.0498,0.9502,0.0482,0.0514,0.0032,2287.83
2024-01-01T03:37:00,0.0471,0.9529,0.0421,0.052,0.0099,1174.46
2024-01-01T03:37:30,0.051,0.949,0.0463,0.0558,0.0094,1699.81
2024-01-01T03:38:00,0.0513,0.9487,0.0472,0.0554,0.0082,2379.39
2024-01-01T03:38:30,0.0474,0.9526,0.0425,0.0524,0.0099,1342.2
2024-01-01T03:39:00,0.0503,0.9497,0.0486,0.052,0.0034,2298.62
2024-01-01T03:39:30,0.0504,0.9496,0.0486,0.0522,0.0036,1911.22
2024-01-01T03:40:00,0.0478,0.9522,0.041,0.0546,0.0137,1320.51
2024-01-01T03:40:30,0.053,0.947,0.0498,0.0562,0.0064,2473.83
2024-01-01T03:41:00,0.0535,0.9465,0.0509,0.0561,0.0051,1246.0
2024-01-01T03:41:30,0.0461,0.9539,0.0405,0.0516,0.011,2237.06
2024-01-01T03:42:00,0.0491,0.9509,0.0454,0.0529,0.0075,1443.26
2024-01-01T03:42:30,0.05,0.95,0.0427,0.0573,0.0147,2237.56
2024-01-01T03:43:00,0.0469,0.9531,0.0426,0.0512,0.0086,1119.75
2024-01-01T03:43:30,0.0522,0.9478,0.0471,0.0573,0.0102,2190.67
2024-01-01T03:44:00,0.046,0.954,0.0412,0.0507,0.0095,1334.77
2024-01-01T03:44:30,0.0504,0.9496,0.0444,0.0564,0.0121,2387.72
2024-01-01T03:45:00,0.0499,0.9501,0.0451,0.0547,0.0096,1844.63
2024-01-01T03:45:30,0.0488,0.9512,0.0461,0.0515,0.0054,1508.38
2024-01-01T03:46:00,0.0491,0.9509,0.043,0.0552,0.0121,1138.11
2024-01-01T03:46:30,0.0521,0.9479,0.047,0.0572,0.0102,1759.09
2024-01-01T03:47:00,0.0536,0.9464,0.0504,0.0568,0.0064,1190.4
2024-01-01T03:47:30,0.0533,0.9467,0.051,0.0555,0.0045,1429.01
2024-01-01T03:48:00,0.0539,0.9461,0.0515,0.0564,0.0049,2377.23
2024-01-01T03:48:30,0.0507,0.9493,0.0458,0.0556,0.0098,1132.31
2024-01-01T03:49:00,0.0535,0.9465,0.0504,0.0566,0.0062,1177.84
2024-01-01T03:49:30,0.052,0.948,0.0461,0.0578,0.0117,1718.78
2024-01-01T03:50:00,0.054,0.946,0.0469,0.0612,0.0142,2594.71
2024-01-01T03:50:30,0.0495,0.9505,0.0435,0.0556,0.012,1508.22
2024-01-01T03:51:00,0.0506,0.9494,0.0436,0.0575,0.0139,1422.99
2024-01-01T03:51:30,0.0513,0.9487,0.0463,0.0563,0.0101,2245.21
2024-01-01T03:52:00,0.051,0.949,0.0484,0.0536,0.0052,1145.84
2024-01-01T03:52:30,0.0487,0.9513,0.0459,0.0515,0.0056,1199.2
2024-01-01T03:53:00,0.0488,0.9512,0.0449,0.0527,0.0078,1733.95
2024-01-01T03:53:30,0.0494,0.9506,0.0461,0.0527,0.0066,1207.92
2024-01-01T03:54:00,0.0475,0.9525,0.0447,0.0502,0.0055,1468.48
2024-01-01T03:54:30,0.0525,0.9475,0.0487,0.0564,0.0077,1617.59
2024-01-01T03:55:00,0.0521,0.9479,0.0466,0.0575,0.011,1706.43
2024-01-01T03:55:30,0.0556,0.9444,0.054,0.0573,0.0033,1636.89
2024-01-01T03:56:00,0.051,0.949,0.0467,0.0554,0.0087,2475.51
2024-01-01T03:56:30,0.0533,0.9467,0.05,0.0567,0.0067,1521.08
2024-01-01T03:57:00,0.052,0.948,0.0484,0.0556,0.0072,2430.96
2024-01-01T03:57:30,0.0501,0.9499,0.0457,0.0546,0.0089,1124.93
2024-01-01T03:58:00,0.0496,0.9504,0.0444,0.0547,0.0103,2217.53
2024-01-01T03:58:30,0.0513,0.9487,0.0448,0.0578,0.013,1973.85
2024-01-01T03:59:00,0.0521,0.9479,0.0454,0.0589,0.0135,2368.43
2024-01-01T03:59:30,0.0536,0.9464,0.0504,0.0568,0.0064,1474.75
2024-01-01T04:00:00,0.0505,0.9495,0.0473,0.0536,0.0063,2027.24
2024-01-01T04:00:30,0.0493,0.9507,0.0427,0.056,0.0133,1566.42
2024-01-01T04:01:00,0.0535,0.9465,0.0509,0.0561,0.0052,1883.71
2024-01-01T04:01:30,0.049,0.951,0.0423,0.0556,0.0133,1837.88
2024-01-01T04:02:00,0.0517,0.9483,0.0487,0.0547,0.006,1905.98
2024-01-01T04:02:30,0.0487,0.9513,0.0435,0.0539,0.0104,1700.22
2024-01-01T04:03:00,0.055,0.945,0.0522,0.0577,0.0056,1135.6
2024-01-01T04:03:30,0.0549,0.9451,0.0484,0.0613,0.0128,1962.89
2024-01-01T04:04:00,0.0518,0.9482,0.0497,0.0538,0.0041,1198.54
2024-01-01T04:04:30,0.0537,0.9463,0.0488,0.0587,0.0098,2128.84
2024-01-01T04:05:00,0.0522,0.9478,0.0469,0.0576,0.0107,1861.13
2024-01-01T04:05:30,0.0508,0.9492,0.0446,0.0569,0.0123,1691.43
2024-01-01T04:06:00,0.0489,0.9511,0.0444,0.0534,0.009,1390.45
2024-01-01T04:06:30,0.0476,0.9524,0.0417,0.0534,0.0117,1140.41
2024-01-01T04:07:00,0.0505,0.9495,0.0445,0.0566,0.0122,2165.0
2024-01-01T04:07:30,0.051,0.949,0.0479,0.0541,0.0062,1346.07
2024-01-01T04:08:00,0.0491,0.9509,0.0418,0.0565,0.0147,1189.08
2024-01-01T04:08:30,0.0474,0.9526,0.0442,0.0506,0.0064,2074.14
2024-01-01T04:09:00,0.0488,0.9512,0.0468,0.0508,0.0039,2199.22
2024-01-01T04:09:30,0.0517,0.9483,0.0479,0.0555,0.0075,1722.54
2024-01-01T04:10:00,0.0517,0.9483,0.0459,0.0576,0.0117,2039.48
2024-01-01T04:10:30,0.0489,0.9511,0.0424,0.0554,0.013,2461.81
2024-01-01T04:11:00,0.048,0.952,0.0412,0.0549,0.0137,1938.81
2024-01-01T04:11:30,0.0484,0.9516,0.0447,0.0521,0.0074,2107.55
2024-01-01T04:12:00,0.052,0.948,0.0452,0.0587,0.0135,1575.72
2024-01-01T04:12:30,0.0479,0.9521,0.0455,0.0503,0.0048,1092.38
2024-01-01T04:13:00,0.053,0.947,0.0477,0.0582,0.0105,2111.13
2024-01-01T04:13:30,0.048,0.952,0.0427,0.0534,0.0107,1826.04
2024-01-01T04:14:00,0.0505,0.9495,0.0446,0.0564,0.0118,1448.98
2024-01-01T04:14:30,0.0481,0.9519,0.0459,0.0502,0.0043,2335.11
2024-01-01T04:15:00,0.0507,0.9493,0.0457,0.0556,0.0098,2079.36
2024-01-01T04:15:30,0.0506,0.9494,0.0438,0.0575,0.0136,2529.52
2024-01-01T04:16:00,0.0483,0.9517,0.0463,0.0502,0.0039,1068.91
2024-01-01T04:16:30,0.0468,0.9532,0.0414,0.0522,0.0108,1304.92
2024-01-01T04:17:00,0.0465,0.9535,0.0403,0.0527,0.0124,1995.98
2024-01-01T04:17:30,0.0498,0.9502,0.0463,0.0533,0.007,1455.31
2024-01-01T04:18:00,0.0485,0.9515,0.0422,0.0549,0.0127,1447.15
2024-01-01T04:18:30,0.0503,0.9497,0.0429,0.0577,0.0148,1443.09
2024-01-01T04:19:00,0.0321,0.9679,0.0252,0.039,0.0138,1140.45
2024-01-01T04:19:30,0.0345,0.9655,0.0312,0.0378,0.0065,1304.14
2024-01-01T04:20:00,0.0395,0.9605,0.0353,0.0436,0.0083,1922.11
2024-01-01T04:20:30,0.0421,0.9579,0.0403,0.0438,0.0035,2329.07
2024-01-01T04:21:00,0.0432,0.9568,0.0367,0.0498,0.0131,1214.84
2024-01-01T04:21:30,0.0482,0.9518,0.0421,0.0543,0.0122,2138.64
2024-01-01T04:22:00,0.0467,0.9533,0.0409,0.0525,0.0116,1468.82
2024-01-01T04:22:30,0.0474,0.9526,0.042,0.0528,0.0107,2208.99
2024-01-01T04:23:00,0.0508,0.9492,0.0453,0.0562,0.011,1550.83
2024-01-01T04:23:30,0.0486,0.9514,0.0423,0.0549,0.0126,1299.33
2024-01-01T04:24:00,0.0524,0.9476,0.0496,0.0552,0.0056,2031.71
2024-01-01T04:24:30,0.0471,0.9529,0.0445,0.0497,0.0052,1951.65
2024-01-01T04:25:00,0.0468,0.9532,0.0441,0.0496,0.0055,1607.61
2024-01-01T04:25:30,0.0503,0.9497,0.0448,0.0557,0.0109,1384.65
2024-01-01T04:26:00,0.0495,0.9505,0.0438,0.0552,0.0114,2088.02
2024-01-01T04:26:30,0.0488,0.9512,0.0461,0.0515,0.0054,2226.31
2024-01-01T04:27:00,0.0478,0.9522,0.0429,0.0527,0.0098,2021.92
2024-01-01T04:27:30,0.0497,0.9503,0.0431,0.0563,0.0132,2094.14
2024-01-01T04:28:00,0.0464,0.9536,0.0392,0.0535,0.0142,1851.63
2024-01-01T04:28:30,0.0496,0.9504,0.0476,0.0516,0.004,1439.85
2024-01-01T04:29:00,0.0508,0.9492,0.0454,0.0562,0.0108,1478.59
2024-01-01T04:29:30,0.0482,0.9518,0.0455,0.0509,0.0054,2008.88
2024-01-01T04:30:00,0.0498,0.9502,0.0453,0.0543,0.009,1879.05
2024-01-01T04:30:30,0.0508,0.9492,0.0435,0.058,0.0144,2384.97
2024-01-01T04:31:00,0.0497,0.9503,0.0438,0.0556,0.0118,1804.96
2024-01-01T04:31:30,0.052,0.948,0.0491,0.055,0.0059,1162.6
2024-01-01T04:32:00,0.0528,0.9472,0.0512,0.0545,0.0032,2523.97
2024-01-01T04:32:30,0.0493,0.9507,0.042,0.0567,0.0146,2004.68
2024-01-01T04:33:00,0.0515,0.9485,0.0444,0.0586,0.0142,1213.51
2024-01-01T04:33:30,0.0498,0.9502,0.0428,0.0567,0.0138,1144.49
2024-01-01T04:34:00,0.0533,0.9467,0.0504,0.0562,0.0059,1723.5
2024-01-01T04:34:30,0.055,0.945,0.0533,0.0567,0.0035,2424.02
2024-01-01T04:35:00,0.0475,0.9525,0.0409,0.0541,0.0132,1502.81
2024-01-01T04:35:30,0.0503,0.9497,0.0466,0.0541,0.0075,1184.51
2024-01-01T04:36:00,0.0492,0.9508,0.0434,0.0549,0.0114,2253.99
2024-01-01T04:36:30,0.0511,0.9489,0.0458,0.0563,0.0105,2514.12
2024-01-01T04:37:00,0.0497,0.9503,0.0447,0.0547,0.01,1704.3
2024-01-01T04:37:30,0.0523,0.9477,0.0499,0.0548,0.0049,2022.91
2024-01-01T04:38:00,0.0503,0.9497,0.0441,0.0564,0.0123,1116.52
2024-01-01T04:38:30,0.0479,0.9521,0.045,0.0508,0.0057,1712.03
2024-01-01T04:39:00,0.0501,0.9499,0.0461,0.054,0.0079,1521.73
2024-01-01T04:39:30,0.0494,0.9506,0.0458,0.0531,0.0072,1845.98
2024-01-01T04:40:00,0.0524,0.9476,0.0499,0.055,0.0051,1982.39
2024-01-01T04:40:30,0.0504,0.9496,0.0484,0.0525,0.0041,1283.52
2024-01-01T04:41:00,0.0501,0.9499,0.0434,0.0568,0.0135,2168.26
2024-01-01T04:41:30,0.0514,0.9486,0.0463,0.0565,0.0102,2013.55
2024-01-01T04:42:00,0.0486,0.9514,0.0457,0.0515,0.0058,1937.84
2024-01-01T04:42:30,0.052,0.948,0.0467,0.0573,0.0106,2265.63
2024-01-01T04:43:00,0.0533,0.9467,0.0459,0.0608,0.0148,2151.97
2024-01-01T04:43:30,0.0512,0.9488,0.0445,0.0578,0.0133,1400.69
2024-01-01T04:44:00,0.0495,0.9505,0.047,0.0519,0.0049,1510.22
2024-01-01T04:44:30,0.0528,0.9472,0.0473,0.0583,0.011,2072.42
2024-01-01T04:45:00,0.051,0.949,0.0455,0.0564,0.0109,2343.41
2024-01-01T04:45:30,0.0526,0.9474,0.0483,0.0568,0.0085,1722.09
2024-01-01T04:46:00,0.0496,0.9504,0.0446,0.0546,0.01,2104.78
2024-01-01T04:46:30,0.049,0.951,0.0473,0.0508,0.0034,1656.06
2024-01-01T04:47:00,0.049,0.951,0.0431,0.0549,0.0118,1134.88
2024-01-01T04:47:30,0.0519,0.9481,0.0501,0.0537,0.0036,1693.33
2024-01-01T04:48:00,0.048,0.952,0.0407,0.0553,0.0147,1635.47
2024-01-01T04:48:30,0.0466,0.9534,0.042,0.0512,0.0092,1730.39
2024-01-01T04:49:00,0.0468,0.9532,0.0421,0.0515,0.0094,1321.94
2024-01-01T04:49:30,0.0486,0.9514,0.0453,0.052,0.0066,2111.01
2024-01-01T04:50:00,0.0478,0.9522,0.042,0.0536,0.0116,2087.16
2024-01-01T04:50:30,0.0485,0.9515,0.042,0.0551,0.0131,2197.26
2024-01-01T04:51:00,0.0508,0.9492,0.0487,0.0529,0.0043,1296.24
2024-01-01T04:51:30,0.0507,0.9493,0.0443,0.0572,0.0129,1778.28
2024-01-01T04:52:00,0.0478,0.9522,0.046,0.0497,0.0037,1929.26
2024-01-01T04:52:30,0.0483,0.9517,0.0464,0.0501,0.0037,1856.39
2024-01-01T04:53:00,0.0514,0.9486,0.0466,0.0563,0.0097,1918.41
2024-01-01T04:53:30,0.053,0.947,0.0511,0.055,0.0039,1648.78
2024-01-01T04:54:00,0.0537,0.9463,0.0467,0.0607,0.014,1120.51
2024-01-01T04:54:30,0.0508,0.9492,0.0454,0.0562,0.0109,2422.33
2024-01-01T04:55:00,0.0508,0.9492,0.0458,0.0558,0.0101,2461.57
2024-01-01T04:55:30,0.0489,0.9511,0.0466,0.0511,0.0045,1625.02
2024-01-01T04:56:00,0.0475,0.9525,0.0437,0.0513,0.0075,2374.57
2024-01-01T04:56:30,0.0482,0.9518,0.0465,0.0499,0.0034,1353.79
2024-01-01T04:57:00,0.0486,0.9514,0.0468,0.0504,0.0036,1290.92
2024-01-01T04:57:30,0.0476,0.9524,0.0413,0.054,0.0128,1779.46
2024-01-01T04:58:00,0.0489,0.9511,0.0469,0.0509,0.004,2330.75
2024-01-01T04:58:30,0.0496,0.9504,0.0463,0.0529,0.0066,1880.49
2024-01-01T04:59:00,0.0497,0.9503,0.0451,0.0543,0.0092,1846.42
2024-01-01T04:59:30,0.0481,0.9519,0.0421,0.054,0.0118,2398.45
2024-01-01T05:00:00,0.0509,0.9491,0.0435,0.0584,0.0149,2194.57
2024-01-01T05:00:30,0.0516,0.9484,0.0462,0.0569,0.0107,2188.12
2024-01-01T05:01:00,0.0506,0.9494,0.0484,0.0527,0.0043,1438.1
2024-01-01T05:01:30,0.0505,0.9495,0.0461,0.055,0.0089,1240.15
2024-01-01T05:02:00,0.0507,0.9493,0.0455,0.0558,0.0103,1788.4
2024-01-01T05:02:30,0.0496,0.9504,0.0462,0.053,0.0068,2412.48
2024-01-01T05:03:00,0.0501,0.9499,0.043,0.0572,0.0142,2141.1
2024-01-01T05:03:30,0.0547,0.9453,0.0489,0.0606,0.0117,2566.82
2024-01-01T05:04:00,0.0514,0.9486,0.0487,0.0542,0.0055,1885.82
2024-01-01T05:04:30,0.0484,0.9516,0.0426,0.0543,0.0117,1317.79
2024-01-01T05:05:00,0.0465,0.9535,0.0422,0.0508,0.0085,1299.38
2024-01-01T05:05:30,0.0453,0.9547,0.0407,0.0499,0.0093,1683.2
2024-01-01T05:06:00,0.0488,0.9512,0.0431,0.0546,0.0115,1659.93
2024-01-01T05:06:30,0.0502,0.9498,0.0476,0.0527,0.005,1105.52
2024-01-01T05:07:00,0.053,0.947,0.0492,0.0567,0.0075,1765.37
2024-01-01T05:07:30,0.0538,0.9462,0.0519,0.0558,0.0039,2414.86
2024-01-01T05:08:00,0.0511,0.9489,0.0491,0.0532,0.004,1137.46
2024-01-01T05:08:30,0.0528,0.9472,0.0498,0.0558,0.006,1707.71
2024-01-01T05:09:00,0.0548,0.9452,0.053,0.0566,0.0036,1611.3
2024-01-01T05:09:30,0.0465,0.9535,0.0435,0.0494,0.0059,2297.18
2024-01-01T05:10:00,0.0484,0.9516,0.0449,0.0519,0.007,1115.85
2024-01-01T05:10:30,0.0469,0.9531,0.0404,0.0534,0.013,2112.08
2024-01-01T05:11:00,0.0461,0.9539,0.0393,0.0529,0.0136,1509.51
2024-01-01T05:11:30,0.0459,0.9541,0.0397,0.0521,0.0124,2148.14
2024-01-01T05:12:00,0.0486,0.9514,0.0435,0.0536,0.0101,1116.3
2024-01-01T05:12:30,0.0453,0.9547,0.0386,0.052,0.0134,2371.87
2024-01-01T05:13:00,0.0493,0.9507,0.0453,0.0533,0.0081,1465.59
2024-01-01T05:13:30,0.0502,0.9498,0.0447,0.0557,0.011,1677.86
2024-01-01T05:14:00,0.0498,0.9502,0.0447,0.0549,0.0102,1814.57
2024-01-01T05:14:30,0.045,0.955,0.0433,0.0468,0.0034,1490.93
2024-01-01T05:15:00,0.044,0.956,0.0406,0.0474,0.0068,1298.03
2024-01-01T05:15:30,0.0471,0.9529,0.0445,0.0497,0.0052,1474.42
2024-01-01T05:16:00,0.0475,0.9525,0.042,0.0531,0.0111,1233.26
2024-01-01T05:16:30,0.0486,0.9514,0.0436,0.0536,0.01,2393.14
2024-01-01T05:17:00,0.0485,0.9515,0.0425,0.0545,0.0119,2372.76
2024-01-01T05:17:30,0.0482,0.9518,0.0442,0.0523,0.0081,1927.21
2024-01-01T05:18:00,0.0472,0.9528,0.0446,0.0498,0.0052,1101.78
2024-01-01T05:18:30,0.0511,0.9489,0.0487,0.0534,0.0047,1621.52
2024-01-01T05:19:00,0.0506,0.9494,0.0445,0.0567,0.0122,1780.89
2024-01-01T05:19:30,0.0489,0.9511,0.042,0.0558,0.0137,1635.77
2024-01-01T05:20:00,0.0495,0.9505,0.0446,0.0544,0.0098,1423.09
2024-01-01T05:20:30,0.0462,0.9538,0.0423,0.0501,0.0078,1720.48
2024-01-01T05:21:00,0.044,0.956,0.0415,0.0464,0.005,2120.63
2024-01-01T05:21:30,0.045,0.955,0.0422,0.0479,0.0057,2001.32
2024-01-01T05:22:00,0.0476,0.9524,0.0412,0.054,0.0128,1967.08
2024-01-01T05:22:30,0.0517,0.9483,0.0464,0.057,0.0106,2542.03
2024-01-01T05:23:00,0.05,0.95,0.0467,0.0532,0.0065,2374.34
2024-01-01T05:23:30,0.0517,0.9483,0.0468,0.0566,0.0098,1907.1
2024-01-01T05:24:00,0.0474,0.9526,0.0445,0.0503,0.0059,1457.22
2024-01-01T05:24:30,0.049,0.951,0.0456,0.0524,0.0068,1307.29
2024-01-01T05:25:00,0.053,0.947,0.049,0.0569,0.0079,1641.55
2024-01-01T05:25:30,0.0495,0.9505,0.0424,0.0566,0.0143,1079.88
2024-01-01T05:26:00,0.0524,0.9476,0.0509,0.054,0.0032,1314.91
2024-01-01T05:26:30,0.0496,0.9504,0.0476,0.0516,0.004,1513.92
2024-01-01T05:27:00,0.0512,0.9488,0.0487,0.0537,0.005,1684.57
2024-01-01T05:27:30,0.0533,0.9467,0.0499,0.0568,0.0069,1956.7
2024-01-01T05:28:00,0.0496,0.9504,0.0468,0.0525,0.0058,2177.86
2024-01-01T05:28:30,0.05,0.95,0.0449,0.0552,0.0104,1773.25
2024-01-01T05:29:00,0.0482,0.9518,0.0416,0.0549,0.0133,1556.72
2024-01-01T05:29:30,0.0489,0.9511,0.0429,0.0549,0.012,1472.13
2024-01-01T05:30:00,0.0477,0.9523,0.0428,0.0526,0.0098,2251.02
2024-01-01T05:30:30,0.0443,0.9557,0.0424,0.0462,0.0037,1424.42
2024-01-01T05:31:00,0.0477,0.9523,0.045,0.0505,0.0054,1991.31
2024-01-01T05:31:30,0.0468,0.9532,0.0453,0.0484,0.0031,1812.18
2024-01-01T05:32:00,0.0507,0.9493,0.0465,0.0548,0.0083,2212.58
2024-01-01T05:32:30,0.0486,0.9514,0.0433,0.0539,0.0106,1274.4
2024-01-01T05:33:00,0.0497,0.9503,0.0426,0.0569,0.0142,1977.83
2024-01-01T05:33:30,0.0494,0.9506,0.0447,0.0541,0.0093,1993.13
2024-01-01T05:34:00,0.0512,0.9488,0.0484,0.0541,0.0057,1904.97
2024-01-01T05:34:30,0.0511,0.9489,0.0494,0.0527,0.0033,2050.16
2024-01-01T05:35:00,0.0511,0.9489,0.0483,0.0539,0.0056,2271.72
2024-01-01T05:35:30,0.0515,0.9485,0.0455,0.0576,0.0121,1733.2
2024-01-01T05:36:00,0.0488,0.9512,0.0446,0.053,0.0084,1655.5
2024-01-01T05:36:30,0.0511,0.9489,0.0473,0.0548,0.0075,1102.99
2024-01-01T05:37:00,0.0471,0.9529,0.0406,0.0535,0.0129,1242.62
2024-01-01T05:37:30,0.0492,0.9508,0.0421,0.0563,0.0142,1087.18
2024-01-01T05:38:00,0.0513,0.9487,0.0443,0.0584,0.014,2275.47
2024-01-01T05:38:30,0.0514,0.9486,0.0464,0.0564,0.01,1941.36
2024-01-01T05:39:00,0.0525,0.9475,0.05,0.055,0.005,2171.92
2024-01-01T05:39:30,0.0478,0.9522,0.0463,0.0494,0.0031,2271.02
2024-01-01T05:40:00,0.0511,0.9489,0.049,0.0531,0.0041,2375.61
2024-01-01T05:40:30,0.0523,0.9477,0.0474,0.0571,0.0098,2143.53
2024-01-01T05:41:00,0.0505,0.9495,0.0487,0.0523,0.0037,1147.19
2024-01-01T05:41:30,0.0478,0.9522,0.0427,0.0528,0.0101,2059.42
2024-01-01T05:42:00,0.0451,0.9549,0.0392,0.0511,0.012,2282.61
2024-01-01T05:42:30,0.0473,0.9527,0.0407,0.0539,0.0132,1190.03
2024-01-01T05:43:00,0.0497,0.9503,0.044,0.0554,0.0114,1772.99
2024-01-01T05:43:30,0.0479,0.9521,0.0416,0.0543,0.0128,2279.36
2024-01-01T05:44:00,0.0456,0.9544,0.0404,0.0508,0.0105,2091.82
2024-01-01T05:44:30,0.0514,0.9486,0.0469,0.0559,0.0091,1512.74
2024-01-01T05:45:00,0.0492,0.9508,0.0456,0.0528,0.0073,2042.86
2024-01-01T05:45:30,0.047,0.953,0.0401,0.0538,0.0137,1519.74
2024-01-01T05:46:00,0.0476,0.9524,0.0431,0.0521,0.0089,2044.05
2024-01-01T05:46:30,0.0493,0.9507,0.0462,0.0525,0.0063,1416.65
2024-01-01T05:47:00,0.0496,0.9504,0.0477,0.0514,0.0037,2496.59
2024-01-01T05:47:30,0.0532,0.9468,0.0482,0.0582,0.0099,1540.52
2024-01-01T05:48:00,0.0499,0.9501,0.0484,0.0514,0.003,2255.84
2024-01-01T05:48:30,0.0527,0.9473,0.046,0.0594,0.0134,2013.69
2024-01-01T05:49:00,0.0495,0.9505,0.0451,0.0539,0.0088,1832.21
2024-01-01T05:49:30,0.0512,0.9488,0.0493,0.0531,0.0038,1141.57
2024-01-01T05:50:00,0.0509,0.9491,0.0443,0.0574,0.0131,1362.46
2024-01-01T05:50:30,0.0506,0.9494,0.0433,0.0578,0.0144,2322.33
2024-01-01T05:51:00,0.0512,0.9488,0.0453,0.0572,0.0119,1124.83
2024-01-01T05:51:30,0.0529,0.9471,0.0505,0.0553,0.0047,1921.35
2024-01-01T05:52:00,0.0496,0.9504,0.0471,0.0521,0.005,1272.2
2024-01-01T05:52:30,0.0486,0.9514,0.0429,0.0542,0.0113,2134.15
2024-01-01T05:53:00,0.049,0.951,0.0466,0.0513,0.0046,2026.25
2024-01-01T05:53:30,0.0509,0.9491,0.0468,0.0551,0.0084,2493.38
2024-01-01T05:54:00,0.0506,0.9494,0.048,0.0531,0.0051,2465.48
2024-01-01T05:54:30,0.052,0.948,0.0471,0.0569,0.0099,1690.27
2024-01-01T05:55:00,0.0508,0.9492,0.0486,0.0531,0.0045,1455.47
2024-01-01T05:55:30,0.0497,0.9503,0.0453,0.0541,0.0088,1720.83
2024-01-01T05:56:00,0.0498,0.9502,0.0447,0.0549,0.0102,2477.8
2024-01-01T05:56:30,0.0517,0.9483,0.0499,0.0534,0.0035,2099.76
2024-01-01T05:57:00,0.0497,0.9503,0.0436,0.0558,0.0122,2230.84
2024-01-01T05:57:30,0.052,0.948,0.0501,0.0539,0.0038,2553.39
2024-01-01T05:58:00,0.0521,0.9479,0.0464,0.0577,0.0113,1876.99
2024-01-01T05:58:30,0.0524,0.9476,0.0509,0.054,0.0031,1838.2
2024-01-01T05:59:00,0.0523,0.9477,0.0494,0.0553,0.006,1111.65
2024-01-01T05:59:30,0.0534,0.9466,0.0472,0.0597,0.0125,2447.3
2024-01-01T06:00:00,0.049,0.951,0.0423,0.0557,0.0133,1215.62
2024-01-01T06:00:30,0.049,0.951,0.0424,0.0555,0.0131,2029.89
2024-01-01T06:01:00,0.0489,0.9511,0.0459,0.0519,0.006,1872.14
2024-01-01T06:01:30,0.0461,0.9539,0.0394,0.0527,0.0133,1973.47
2024-01-01T06:02:00,0.0519,0.9481,0.0502,0.0536,0.0034,1398.19
2024-01-01T06:02:30,0.0487,0.9513,0.0456,0.0518,0.0062,1388.4
2024-01-01T06:03:00,0.0489,0.9511,0.0416,0.0561,0.0145,2070.59
2024-01-01T06:03:30,0.0466,0.9534,0.0437,0.0495,0.0058,1141.33
2024-01-01T06:04:00,0.0444,0.9556,0.0371,0.0517,0.0145,1056.01
2024-01-01T06:04:30,0.0514,0.9486,0.048,0.0548,0.0068,2547.27
2024-01-01T06:05:00,0.0475,0.9525,0.0403,0.0547,0.0144,2114.03
2024-01-01T06:05:30,0.0503,0.9497,0.0482,0.0525,0.0042,1770.1
2024-01-01T06:06:00,0.049,0.951,0.0457,0.0522,0.0065,1363.64
2024-01-01T06:06:30,0.0474,0.9526,0.042,0.0529,0.0109,2419.25
2024-01-01T06:07:00,0.0486,0.9514,0.042,0.0551,0.0131,2126.02
2024-01-01T06:07:30,0.0481,0.9519,0.045,0.0512,0.0062,1920.27
2024-01-01T06:08:00,0.0508,0.9492,0.0486,0.0531,0.0044,2188.51
2024-01-01T06:08:30,0.0462,0.9538,0.0395,0.0528,0.0133,1690.64
2024-01-01T06:09:00,0.0515,0.9485,0.0488,0.0541,0.0053,1323.03
2024-01-01T06:09:30,0.0538,0.9462,0.0468,0.0608,0.0141,1174.47
2024-01-01T06:10:00,0.0506,0.9494,0.0458,0.0553,0.0095,1304.86
2024-01-01T06:10:30,0.0506,0.9494,0.0471,0.0541,0.007,1733.97
2024-01-01T06:11:00,0.0509,0.9491,0.0478,0.054,0.0061,2052.33
2024-01-01T06:11:30,0.0508,0.9492,0.0484,0.0532,0.0048,1726.62
2024-01-01T06:12:00,0.0503,0.9497,0.0471,0.0535,0.0065,1481.0
2024-01-01T06:12:30,0.0528,0.9472,0.0467,0.0589,0.0122,1701.39
2024-01-01T06:13:00,0.0544,0.9456,0.0473,0.0614,0.0141,1554.8
2024-01-01T06:13:30,0.053,0.947,0.0469,0.0592,0.0123,2037.4
2024-01-01T06:14:00,0.0518,0.9482,0.0459,0.0576,0.0117,1513.23
2024-01-01T06:14:30,0.0485,0.9515,0.0422,0.0548,0.0126,1812.08
2024-01-01T06:15:00,0.0512,0.9488,0.0441,0.0583,0.0142,1875.4
2024-01-01T06:15:30,0.0515,0.9485,0.047,0.056,0.009,2125.17
2024-01-01T06:16:00,0.0479,0.9521,0.0449,0.0509,0.0061,2013.77
2024-01-01T06:16:30,0.0494,0.9506,0.0451,0.0536,0.0085,1496.73
2024-01-01T06:17:00,0.0494,0.9506,0.0449,0.0539,0.0091,1443.29
2024-01-01T06:17:30,0.0503,0.9497,0.0473,0.0532,0.0059,1121.21
2024-01-01T06:18:00,0.048,0.952,0.0447,0.0513,0.0066,1069.92
2024-01-01T06:18:30,0.0503,0.9497,0.0435,0.057,0.0135,2423.8
2024-01-01T06:19:00,0.0495,0.9505,0.0469,0.0522,0.0053,2371.13
2024-01-01T06:19:30,0.0495,0.9505,0.0436,0.0553,0.0117,1538.05
2024-01-01T06:20:00,0.0518,0.9482,0.0447,0.0589,0.0142,1976.72
2024-01-01T06:20:30,0.053,0.947,0.0504,0.0556,0.0052,1588.69
2024-01-01T06:21:00,0.0499,0.9501,0.0444,0.0554,0.011,1650.7
2024-01-01T06:21:30,0.0508,0.9492,0.0473,0.0542,0.0068,1861.26
2024-01-01T06:22:00,0.0488,0.9512,0.0447,0.0529,0.0082,1136.17
2024-01-01T06:22:30,0.0546,0.9454,0.052,0.0573,0.0053,1741.49
2024-01-01T06:23:00,0.0497,0.9503,0.0463,0.0531,0.0068,2478.84
2024-01-01T06:23:30,0.0571,0.9429,0.05,0.0642,0.0142,1341.65
2024-01-01T06:24:00,0.0512,0.9488,0.0483,0.0541,0.0058,1929.98
2024-01-01T06:24:30,0.0514,0.9486,0.0479,0.0548,0.0069,1437.91
2024-01-01T06:25:00,0.0539,0.9461,0.0491,0.0588,0.0097,2009.34
2024-01-01T06:25:30,0.0505,0.9495,0.0431,0.0579,0.0148,1620.61
2024-01-01T06:26:00,0.0509,0.9491,0.044,0.0577,0.0137,1233.3
2024-01-01T06:26:30,0.0467,0.9533,0.0426,0.0508,0.0082,1615.7
2024-01-01T06:27:00,0.0482,0.9518,0.0432,0.0532,0.01,2271.83
2024-01-01T06:27:30,0.0511,0.9489,0.047,0.0551,0.0081,1918.39
2024-01-01T06:28:00,0.0472,0.9528,0.0422,0.0522,0.01,2092.72
2024-01-01T06:28:30,0.0493,0.9507,0.0419,0.0567,0.0147,2163.73
2024-01-01T06:29:00,0.051,0.949,0.0473,0.0548,0.0074,1473.0
2024-01-01T06:29:30,0.052,0.948,0.0494,0.0546,0.0053,1633.12
2024-01-01T06:30:00,0.0481,0.9519,0.043,0.0531,0.0101,2428.08
2024-01-01T06:30:30,0.0486,0.9514,0.0421,0.0552,0.0131,2209.38
2024-01-01T06:31:00,0.0535,0.9465,0.047,0.0601,0.0132,2550.61
2024-01-01T06:31:30,0.0529,0.9471,0.0494,0.0563,0.0069,1629.97
2024-01-01T06:32:00,0.055,0.945,0.0478,0.0622,0.0144,1679.22
2024-01-01T06:32:30,0.0517,0.9483,0.0469,0.0565,0.0096,1929.8
2024-01-01T06:33:00,0.0513,0.9487,0.0453,0.0572,0.0119,2420.34
2024-01-01T06:33:30,0.0527,0.9473,0.0469,0.0584,0.0116,2037.0
2024-01-01T06:34:00,0.0504,0.9496,0.0485,0.0524,0.0039,2416.51
2024-01-01T06:34:30,0.0508,0.9492,0.049,0.0527,0.0037,1533.58
2024-01-01T06:35:00,0.0495,0.9505,0.0462,0.0528,0.0066,2143.0
2024-01-01T06:35:30,0.0496,0.9504,0.0424,0.0569,0.0145,2286.94
2024-01-01T06:36:00,0.0506,0.9494,0.0489,0.0523,0.0034,1110.48
2024-01-01T06:36:30,0.0516,0.9484,0.0453,0.0579,0.0126,1988.04
2024-01-01T06:37:00,0.0499,0.9501,0.044,0.0558,0.0118,1499.79
2024-01-01T06:37:30,0.0491,0.9509,0.0453,0.0529,0.0076,1877.95
2024-01-01T06:38:00,0.0501,0.9499,0.0439,0.0564,0.0124,1998.05
2024-01-01T06:38:30,0.0478,0.9522,0.0436,0.0521,0.0085,1081.2
2024-01-01T06:39:00,0.0524,0.9476,0.0484,0.0564,0.0081,1641.96
2024-01-01T06:39:30,0.0494,0.9506,0.0461,0.0528,0.0067,2153.24
2024-01-01T06:40:00,0.0475,0.9525,0.0419,0.0532,0.0113,1199.83
2024-01-01T06:40:30,0.0494,0.9506,0.0455,0.0534,0.0079,2396.11
2024-01-01T06:41:00,0.051,0.949,0.047,0.055,0.008,2247.12
2024-01-01T06:41:30,0.0524,0.9476,0.0456,0.0592,0.0136,1713.96
2024-01-01T06:42:00,0.0488,0.9512,0.0427,0.055,0.0123,1258.4
2024-01-01T06:42:30,0.0456,0.9544,0.0436,0.0476,0.004,1554.37
2024-01-01T06:43:00,0.0501,0.9499,0.0435,0.0567,0.0132,1269.74
2024-01-01T06:43:30,0.0486,0.9514,0.0447,0.0525,0.0078,1282.09
2024-01-01T06:44:00,0.0538,0.9462,0.0488,0.0589,0.0101,2325.14
2024-01-01T06:44:30,0.0551,0.9449,0.0521,0.0581,0.006,2490.06
2024-01-01T06:45:00,0.0512,0.9488,0.0461,0.0562,0.0101,2197.13
2024-01-01T06:45:30,0.0533,0.9467,0.05,0.0566,0.0066,2357.7
2024-01-01T06:46:00,0.0496,0.9504,0.0453,0.0539,0.0085,1684.39
2024-01-01T06:46:30,0.0481,0.9519,0.0425,0.0537,0.0111,1933.11
2024-01-01T06:47:00,0.0503,0.9497,0.0454,0.0552,0.0099,1649.64
2024-01-01T06:47:30,0.0494,0.9506,0.0438,0.055,0.0112,2280.76
2024-01-01T06:48:00,0.05,0.95,0.0478,0.0522,0.0044,2003.51
2024-01-01T06:48:30,0.0513,0.9487,0.0496,0.0531,0.0035,1564.59
2024-01-01T06:49:00,0.0513,0.9487,0.0474,0.0552,0.0078,1934.89
2024-01-01T06:49:30,0.0481,0.9519,0.0411,0.0551,0.014,2073.68
2024-01-01T06:50:00,0.0509,0.9491,0.0481,0.0538,0.0057,1228.24
2024-01-01T06:50:30,0.0496,0.9504,0.0427,0.0565,0.0138,1779.78
2024-01-01T06:51:00,0.0508,0.9492,0.0444,0.0572,0.0128,2533.69
2024-01-01T06:51:30,0.0502,0.9498,0.0457,0.0548,0.0091,1360.63
2024-01-01T06:52:00,0.0491,0.9509,0.0434,0.0549,0.0115,1548.34
2024-01-01T06:52:30,0.0527,0.9473,0.0498,0.0557,0.0059,1234.42
2024-01-01T06:53:00,0.0493,0.9507,0.0456,0.053,0.0073,1086.58
2024-01-01T06:53:30,0.0549,0.9451,0.048,0.0618,0.0138,2492.02
2024-01-01T06:54:00,0.0508,0.9492,0.0462,0.0555,0.0094,1411.66
2024-01-01T06:54:30,0.0518,0.9482,0.0459,0.0578,0.0119,2467.27
2024-01-01T06:55:00,0.0533,0.9467,0.0461,0.0606,0.0145,1268.92
2024-01-01T06:55:30,0.053,0.947,0.0492,0.0569,0.0078,1952.5
2024-01-01T06:56:00,0.0513,0.9487,0.0492,0.0534,0.0042,2181.36
2024-01-01T06:56:30,0.0483,0.9517,0.041,0.0556,0.0146,1983.19
2024-01-01T06:57:00,0.0531,0.9469,0.0479,0.0584,0.0104,1993.26
2024-01-01T06:57:30,0.0521,0.9479,0.0503,0.054,0.0037,1668.69
2024-01-01T06:58:00,0.0517,0.9483,0.0487,0.0547,0.006,2037.89
2024-01-01T06:58:30,0.0485,0.9515,0.0429,0.0542,0.0113,1287.49
2024-01-01T06:59:00,0.0541,0.9459,0.0468,0.0613,0.0145,2478.36
2024-01-01T06:59:30,0.0511,0.9489,0.0486,0.0537,0.0051,1522.14
2024-01-01T07:00:00,0.0525,0.9475,0.0475,0.0576,0.0101,1917.83
2024-01-01T07:00:30,0.0521,0.9479,0.0458,0.0584,0.0126,1114.25
2024-01-01T07:01:00,0.0503,0.9497,0.0439,0.0567,0.0128,1600.02
2024-01-01T07:01:30,0.0481,0.9519,0.0409,0.0552,0.0144,1852.64
2024-01-01T07:02:00,0.0492,0.9508,0.0468,0.0516,0.0048,2085.47
2024-01-01T07:02:30,0.0472,0.9528,0.0445,0.0499,0.0054,1618.29
2024-01-01T07:03:00,0.0475,0.9525,0.0453,0.0498,0.0045,1353.14
2024-01-01T07:03:30,0.0514,0.9486,0.0494,0.0535,0.004,1143.91
2024-01-01T07:04:00,0.0493,0.9507,0.0477,0.0509,0.0032,2047.23
2024-01-01T07:04:30,0.0459,0.9541,0.0435,0.0482,0.0047,1845.96
2024-01-01T07:05:00,0.0487,0.9513,0.0465,0.0508,0.0043,1919.18
2024-01-01T07:05:30,0.0478,0.9522,0.0418,0.0537,0.0119,1777.48
2024-01-01T07:06:00,0.0456,0.9544,0.0417,0.0495,0.0078,1687.55
2024-01-01T07:06:30,0.0467,0.9533,0.0429,0.0506,0.0077,2290.26
2024-01-01T07:07:00,0.0482,0.9518,0.0454,0.0509,0.0055,1886.87
2024-01-01T07:07:30,0.048,0.952,0.0462,0.0499,0.0036,2073.13
2024-01-01T07:08:00,0.0519,0.9481,0.0465,0.0572,0.0107,2103.93
2024-01-01T07:08:30,0.0516,0.9484,0.05,0.0533,0.0033,2146.13
2024-01-01T07:09:00,0.054,0.946,0.052,0.0561,0.0041,2534.82
2024-01-01T07:09:30,0.0508,0.9492,0.0468,0.0548,0.008,1125.77
2024-01-01T07:10:00,0.0486,0.9514,0.044,0.0532,0.0092,1169.7
2024-01-01T07:10:30,0.049,0.951,0.0434,0.0547,0.0112,1424.68
2024-01-01T07:11:00,0.0495,0.9505,0.0424,0.0566,0.0141,2267.72
2024-01-01T07:11:30,0.047,0.953,0.0427,0.0514,0.0087,2389.49
2024-01-01T07:12:00,0.0508,0.9492,0.0462,0.0553,0.009,2371.52
2024-01-01T07:12:30,0.0504,0.9496,0.0437,0.057,0.0133,1099.46
2024-01-01T07:13:00,0.0472,0.9528,0.0441,0.0503,0.0062,1272.55
2024-01-01T07:13:30,0.0461,0.9539,0.0427,0.0494,0.0067,1565.32
2024-01-01T07:14:00,0.0505,0.9495,0.0448,0.0562,0.0114,2390.54
2024-01-01T07:14:30,0.0495,0.9505,0.048,0.051,0.003,1915.57
2024-01-01T07:15:00,0.0488,0.9512,0.0416,0.056,0.0144,2201.63
2024-01-01T07:15:30,0.0519,0.9481,0.0497,0.054,0.0043,1938.56
2024-01-01T07:16:00,0.0511,0.9489,0.0484,0.0539,0.0055,1427.05
2024-01-01T07:16:30,0.0486,0.9514,0.0413,0.056,0.0147,1263.58
2024-01-01T07:17:00,0.0505,0.9495,0.0472,0.0537,0.0065,1544.86
2024-01-01T07:17:30,0.0514,0.9486,0.046,0.0568,0.0108,1144.36
2024-01-01T07:18:00,0.048,0.952,0.0453,0.0507,0.0054,1331.49
2024-01-01T07:18:30,0.0487,0.9513,0.0428,0.0546,0.0118,1488.86
2024-01-01T07:19:00,0.0491,0.9509,0.0467,0.0514,0.0047,1460.66
2024-01-01T07:19:30,0.0481,0.9519,0.0457,0.0505,0.0049,1874.49
2024-01-01T07:20:00,0.0532,0.9468,0.0495,0.057,0.0076,1743.0
2024-01-01T07:20:30,0.0504,0.9496,0.0438,0.057,0.0132,1586.04
2024-01-01T07:21:00,0.0523,0.9477,0.0463,0.0583,0.012,1655.78
2024-01-01T07:21:30,0.0533,0.9467,0.0498,0.0568,0.007,1947.38
2024-01-01T07:22:00,0.0474,0.9526,0.0435,0.0512,0.0076,2410.65
2024-01-01T07:22:30,0.049,0.951,0.0463,0.0517,0.0053,1633.57
2024-01-01T07:23:00,0.1608,0.8392,0.1577,0.1638,0.0061,2233.24
2024-01-01T07:23:30,0.1679,0.8321,0.165,0.1708,0.0058,4630.02
2024-01-01T07:24:00,0.1686,0.8314,0.1629,0.1742,0.0113,2709.89
2024-01-01T07:24:30,0.1711,0.8289,0.1647,0.1775,0.0127,4000.44
2024-01-01T07:25:00,0.173,0.827,0.1656,0.1803,0.0147,3647.64
2024-01-01T07:25:30,0.1742,0.8258,0.171,0.1774,0.0064,4707.03
2024-01-01T07:26:00,0.1726,0.8274,0.1701,0.1751,0.0049,4861.49
2024-01-01T07:26:30,0.1714,0.8286,0.163,0.1798,0.0168,4036.56
2024-01-01T07:27:00,0.1685,0.8315,0.1624,0.1746,0.0123,2338.13
2024-01-01T07:27:30,0.1731,0.8269,0.1653,0.1809,0.0157,3412.59
2024-01-01T07:28:00,0.1696,0.8304,0.1646,0.1746,0.01,4354.97
2024-01-01T07:28:30,0.1729,0.8271,0.1709,0.1748,0.0039,3788.15
2024-01-01T07:29:00,0.1711,0.8289,0.1655,0.1768,0.0113,3849.61
2024-01-01T07:29:30,0.1687,0.8313,0.1614,0.1759,0.0146,4250.96
2024-01-01T07:30:00,0.1654,0.8346,0.1586,0.1722,0.0136,3917.17
2024-01-01T07:30:30,0.1667,0.8333,0.1649,0.1685,0.0037,4274.53
2024-01-01T07:31:00,0.162,0.838,0.1565,0.1674,0.0109,2369.43
2024-01-01T07:31:30,0.1629,0.8371,0.1588,0.167,0.0082,2304.69
2024-01-01T07:32:00,0.1614,0.8386,0.1567,0.166,0.0093,4865.31
2024-01-01T07:32:30,0.1594,0.8406,0.1554,0.1634,0.0081,2478.97
2024-01-01T07:33:00,0.1602,0.8398,0.1526,0.1678,0.0153,2327.3
2024-01-01T07:33:30,0.1556,0.8444,0.1488,0.1625,0.0136,3996.94
2024-01-01T07:34:00,0.1578,0.8422,0.1499,0.1657,0.0158,4158.43
2024-01-01T07:34:30,0.1532,0.8468,0.1475,0.159,0.0115,2138.97
2024-01-01T07:35:00,0.153,0.847,0.1453,0.1606,0.0153,3895.74
2024-01-01T07:35:30,0.1532,0.8468,0.1484,0.158,0.0097,2378.0
2024-01-01T07:36:00,0.1477,0.8523,0.1437,0.1517,0.0081,2463.55
2024-01-01T07:36:30,0.1461,0.8539,0.1411,0.1512,0.01,2739.95
2024-01-01T07:37:00,0.1442,0.8558,0.1399,0.1486,0.0086,2266.22
2024-01-01T07:37:30,0.1428,0.8572,0.1411,0.1445,0.0034,4277.37
2024-01-01T07:38:00,0.1426,0.8574,0.139,0.1462,0.0072,4383.79
2024-01-01T07:38:30,0.1419,0.8581,0.1388,0.1451,0.0063,3061.19
2024-01-01T07:39:00,0.1426,0.8574,0.1353,0.1498,0.0145,4308.03
2024-01-01T07:39:30,0.141,0.859,0.1389,0.1431,0.0041,3908.78
2024-01-01T07:40:00,0.1384,0.8616,0.1328,0.144,0.0112,3689.53
2024-01-01T07:40:30,0.1376,0.8624,0.1304,0.1447,0.0143,4035.66
2024-01-01T07:41:00,0.1348,0.8652,0.1299,0.1398,0.0099,4214.04
2024-01-01T07:41:30,0.1362,0.8638,0.1286,0.1438,0.0152,4170.61
2024-01-01T07:42:00,0.1335,0.8665,0.1264,0.1407,0.0143,2927.14
2024-01-01T07:42:30,0.1331,0.8669,0.1295,0.1367,0.0072,4381.42
2024-01-01T07:43:00,0.1296,0.8704,0.1262,0.1331,0.0069,3000.87
2024-01-01T07:43:30,0.1313,0.8687,0.1249,0.1378,0.0128,2946.06
2024-01-01T07:44:00,0.1317,0.8683,0.1284,0.135,0.0065,2045.43
2024-01-01T07:44:30,0.1278,0.8722,0.1239,0.1318,0.0079,2078.57
2024-01-01T07:45:00,0.1261,0.8739,0.1207,0.1315,0.0107,2316.32
2024-01-01T07:45:30,0.1266,0.8734,0.1204,0.1328,0.0124,3058.78
2024-01-01T07:46:00,0.1221,0.8779,0.1152,0.1291,0.014,3941.48
2024-01-01T07:46:30,0.1187,0.8813,0.1152,0.1222,0.0071,1769.36
2024-01-01T07:47:00,0.119,0.881,0.1167,0.1213,0.0046,3419.65
2024-01-01T07:47:30,0.1192,0.8808,0.1173,0.121,0.0037,2840.15
2024-01-01T07:48:00,0.1209,0.8791,0.1192,0.1227,0.0036,2393.8
2024-01-01T07:48:30,0.1183,0.8817,0.1112,0.1254,0.0142,3084.89
2024-01-01T07:49:00,0.1174,0.8826,0.1139,0.1208,0.007,3858.44
2024-01-01T07:49:30,0.1156,0.8844,0.1131,0.1181,0.005,2054.48
2024-01-01T07:50:00,0.1161,0.8839,0.1081,0.1242,0.0161,1999.31
2024-01-01T07:50:30,0.1121,0.8879,0.1065,0.1177,0.0111,2668.9
2024-01-01T07:51:00,0.1102,0.8898,0.1029,0.1175,0.0146,3294.57
2024-01-01T07:51:30,0.1103,0.8897,0.1039,0.1166,0.0127,3512.21
2024-01-01T07:52:00,0.1091,0.8909,0.104,0.1141,0.0101,1700.64
2024-01-01T07:52:30,0.1064,0.8936,0.0996,0.1132,0.0136,3262.53
2024-01-01T07:53:00,0.1045,0.8955,0.1,0.1089,0.0089,2167.24
2024-01-01T07:53:30,0.1034,0.8966,0.1016,0.1052,0.0036,2521.0
2024-01-01T07:54:00,0.1047,0.8953,0.0987,0.1108,0.0121,3510.56
2024-01-01T07:54:30,0.1028,0.8972,0.097,0.1087,0.0117,2256.58
2024-01-01T07:55:00,0.099,0.901,0.0917,0.1064,0.0146,2475.8
2024-01-01T07:55:30,0.1003,0.8997,0.0942,0.1064,0.0122,3630.62
2024-01-01T07:56:00,0.1013,0.8987,0.0972,0.1054,0.0082,2660.2
2024-01-01T07:56:30,0.0981,0.9019,0.0915,0.1047,0.0131,2244.44
2024-01-01T07:57:00,0.0967,0.9033,0.0926,0.1007,0.0081,3184.71
2024-01-01T07:57:30,0.0961,0.9039,0.0944,0.0978,0.0034,1819.62
2024-01-01T07:58:00,0.0938,0.9062,0.0862,0.1014,0.0152,2708.94
2024-01-01T07:58:30,0.0915,0.9085,0.0891,0.0938,0.0047,3382.64
2024-01-01T07:59:00,0.0925,0.9075,0.0869,0.0982,0.0113,2347.78
2024-01-01T07:59:30,0.0917,0.9083,0.09,0.0934,0.0033,2338.8
2024-01-01T08:00:00,0.0891,0.9109,0.0859,0.0923,0.0064,3364.64
2024-01-01T08:00:30,0.0903,0.9097,0.0828,0.0977,0.0149,2378.07
2024-01-01T08:01:00,0.0874,0.9126,0.0817,0.0931,0.0114,2442.19
2024-01-01T08:01:30,0.0841,0.9159,0.0785,0.0896,0.0111,3160.75
2024-01-01T08:02:00,0.0842,0.9158,0.0819,0.0865,0.0046,2043.94
2024-01-01T08:02:30,0.0821,0.9179,0.0797,0.0845,0.0048,3172.48
2024-01-01T08:03:00,0.0816,0.9184,0.0758,0.0875,0.0117,2917.2
2024-01-01T08:03:30,0.0765,0.9235,0.0747,0.0784,0.0037,2427.14
2024-01-01T08:04:00,0.0782,0.9218,0.0711,0.0852,0.0141,2362.74
2024-01-01T08:04:30,0.0798,0.9202,0.075,0.0846,0.0096,2549.96
2024-01-01T08:05:00,0.0757,0.9243,0.0709,0.0804,0.0095,1707.53
2024-01-01T08:05:30,0.0771,0.9229,0.0714,0.0828,0.0114,1830.84
2024-01-01T08:06:00,0.0686,0.9314,0.0633,0.074,0.0107,2327.6
2024-01-01T08:06:30,0.0699,0.9301,0.0668,0.073,0.0062,2715.77
2024-01-01T08:07:00,0.0672,0.9328,0.0629,0.0714,0.0085,2073.47
2024-01-01T08:07:30,0.0684,0.9316,0.0613,0.0754,0.014,1760.09
2024-01-01T08:08:00,0.0674,0.9326,0.0618,0.0731,0.0113,2820.38
2024-01-01T08:08:30,0.0669,0.9331,0.0634,0.0704,0.007,1829.48
2024-01-01T08:09:00,0.064,0.936,0.0575,0.0705,0.0131,2511.57
2024-01-01T08:09:30,0.0673,0.9327,0.0621,0.0725,0.0105,1850.83
2024-01-01T08:10:00,0.0639,0.9361,0.0581,0.0697,0.0116,1597.86
2024-01-01T08:10:30,0.0594,0.9406,0.0548,0.064,0.0093,1619.26
2024-01-01T08:11:00,0.0595,0.9405,0.0544,0.0646,0.0103,1486.54
2024-01-01T08:11:30,0.0587,0.9413,0.0519,0.0655,0.0136,1999.93
2024-01-01T08:12:00,0.0589,0.9411,0.0559,0.0618,0.0059,2502.85
2024-01-01T08:12:30,0.0567,0.9433,0.0528,0.0606,0.0078,1619.06
2024-01-01T08:13:00,0.0571,0.9429,0.0496,0.0646,0.0149,2227.3
2024-01-01T08:13:30,0.0537,0.9463,0.0493,0.0582,0.0089,1969.09
2024-01-01T08:14:00,0.0531,0.9469,0.0506,0.0555,0.0049,1657.35
2024-01-01T08:14:30,0.0531,0.9469,0.0497,0.0566,0.0069,1986.37
2024-01-01T08:15:00,0.0487,0.9513,0.0432,0.0541,0.0108,1319.11
2024-01-01T08:15:30,0.0502,0.9498,0.0467,0.0538,0.0072,1379.35
2024-01-01T08:16:00,0.0502,0.9498,0.0485,0.0519,0.0033,1351.87
2024-01-01T08:16:30,0.051,0.949,0.0445,0.0574,0.0129,1175.26
2024-01-01T08:17:00,0.0504,0.9496,0.0445,0.0563,0.0118,2276.6
2024-01-01T08:17:30,0.0483,0.9517,0.0426,0.0539,0.0113,1273.41
2024-01-01T08:18:00,0.0449,0.9551,0.0431,0.0468,0.0036,1599.37
2024-01-01T08:18:30,0.0481,0.9519,0.0458,0.0504,0.0046,1406.03
2024-01-01T08:19:00,0.0534,0.9466,0.0499,0.057,0.0071,1319.83
2024-01-01T08:19:30,0.0478,0.9522,0.0436,0.0519,0.0084,1584.62
2024-01-01T08:20:00,0.0495,0.9505,0.0446,0.0543,0.0097,1123.14
2024-01-01T08:20:30,0.0474,0.9526,0.045,0.0498,0.0049,2136.42
2024-01-01T08:21:00,0.052,0.948,0.0465,0.0574,0.0109,1988.9
2024-01-01T08:21:30,0.0515,0.9485,0.0495,0.0535,0.004,2382.8
2024-01-01T08:22:00,0.0523,0.9477,0.0467,0.058,0.0113,1117.7
2024-01-01T08:22:30,0.0492,0.9508,0.0439,0.0545,0.0106,2263.2
2024-01-01T08:23:00,0.0497,0.9503,0.0447,0.0547,0.01,1115.85
2024-01-01T08:23:30,0.0505,0.9495,0.0434,0.0576,0.0142,1654.87
2024-01-01T08:24:00,0.0499,0.9501,0.0452,0.0546,0.0095,2001.7
2024-01-01T08:24:30,0.051,0.949,0.045,0.057,0.0119,1688.11
2024-01-01T08:25:00,0.0523,0.9477,0.0491,0.0555,0.0064,1141.17
2024-01-01T08:25:30,0.0507,0.9493,0.0489,0.0524,0.0034,2345.66
2024-01-01T08:26:00,0.0515,0.9485,0.0481,0.055,0.0068,1218.97
2024-01-01T08:26:30,0.048,0.952,0.0408,0.0551,0.0143,2023.84
2024-01-01T08:27:00,0.0515,0.9485,0.0468,0.0562,0.0094,1526.79
2024-01-01T08:27:30,0.0507,0.9493,0.0479,0.0536,0.0057,2009.83
2024-01-01T08:28:00,0.0536,0.9464,0.0488,0.0583,0.0095,1132.23
2024-01-01T08:28:30,0.0508,0.9492,0.0477,0.0539,0.0063,2190.5
2024-01-01T08:29:00,0.0553,0.9447,0.0497,0.0609,0.0112,2373.82
2024-01-01T08:29:30,0.0541,0.9459,0.0473,0.061,0.0137,2415.59
2024-01-01T08:30:00,0.0512,0.9488,0.0479,0.0545,0.0066,1804.86
2024-01-01T08:30:30,0.0533,0.9467,0.0516,0.0551,0.0035,1243.86
2024-01-01T08:31:00,0.0526,0.9474,0.0459,0.0593,0.0133,2474.05
2024-01-01T08:31:30,0.0534,0.9466,0.0507,0.0561,0.0054,1775.95
2024-01-01T08:32:00,0.0611,0.9389,0.0537,0.0685,0.0148,1886.91
2024-01-01T08:32:30,0.055,0.945,0.0491,0.0608,0.0117,1552.85
2024-01-01T08:33:00,0.0519,0.9481,0.0461,0.0577,0.0116,2326.67
2024-01-01T08:33:30,0.0532,0.9468,0.0467,0.0598,0.0132,2417.83
2024-01-01T08:34:00,0.0519,0.9481,0.0497,0.0541,0.0044,2215.41
2024-01-01T08:34:30,0.0538,0.9462,0.0479,0.0596,0.0116,1569.03
2024-01-01T08:35:00,0.0478,0.9522,0.0413,0.0544,0.0131,1072.09
2024-01-01T08:35:30,0.045,0.955,0.0379,0.0522,0.0143,2142.85
2024-01-01T08:36:00,0.0482,0.9518,0.0428,0.0537,0.0109,1866.42
2024-01-01T08:36:30,0.0466,0.9534,0.0395,0.0538,0.0143,2368.58
2024-01-01T08:37:00,0.0472,0.9528,0.0439,0.0506,0.0067,2143.47
2024-01-01T08:37:30,0.0487,0.9513,0.0423,0.055,0.0127,1588.34
2024-01-01T08:38:00,0.0463,0.9537,0.0434,0.0492,0.0058,1313.7
2024-01-01T08:38:30,0.0497,0.9503,0.0459,0.0534,0.0075,1298.86
2024-01-01T08:39:00,0.0483,0.9517,0.0457,0.0509,0.0052,1197.83
2024-01-01T08:39:30,0.0453,0.9547,0.0437,0.0469,0.0032,1136.61
2024-01-01T08:40:00,0.047,0.953,0.0398,0.0543,0.0145,2154.66
2024-01-01T08:40:30,0.051,0.949,0.0448,0.0571,0.0123,1143.42
2024-01-01T08:41:00,0.05,0.95,0.0461,0.0538,0.0077,1198.58
2024-01-01T08:41:30,0.0495,0.9505,0.0445,0.0545,0.0101,1360.05
2024-01-01T08:42:00,0.0504,0.9496,0.0486,0.0523,0.0037,1410.36
2024-01-01T08:42:30,0.0522,0.9478,0.0456,0.0588,0.0133,1723.39
2024-01-01T08:43:00,0.0473,0.9527,0.0432,0.0514,0.0082,2246.01
2024-01-01T08:43:30,0.0463,0.9537,0.0391,0.0536,0.0146,2076.41
2024-01-01T08:44:00,0.0472,0.9528,0.0415,0.0528,0.0113,2071.17
2024-01-01T08:44:30,0.0476,0.9524,0.0403,0.0548,0.0145,1093.5
2024-01-01T08:45:00,0.0506,0.9494,0.0469,0.0544,0.0075,2454.42
2024-01-01T08:45:30,0.0501,0.9499,0.0453,0.0548,0.0094,2405.83
2024-01-01T08:46:00,0.0528,0.9472,0.0471,0.0585,0.0114,1160.85
2024-01-01T08:46:30,0.0502,0.9498,0.0459,0.0544,0.0085,1841.02
2024-01-01T08:47:00,0.0522,0.9478,0.0482,0.0562,0.0079,2103.4
2024-01-01T08:47:30,0.0502,0.9498,0.0434,0.0569,0.0135,2377.16
2024-01-01T08:48:00,0.0526,0.9474,0.0496,0.0555,0.0059,2492.89
2024-01-01T08:48:30,0.0536,0.9464,0.0484,0.0588,0.0104,2016.32
2024-01-01T08:49:00,0.0485,0.9515,0.0447,0.0523,0.0076,1243.65
2024-01-01T08:49:30,0.0498,0.9502,0.0437,0.0558,0.0121,1663.23
2024-01-01T08:50:00,0.0494,0.9506,0.0443,0.0544,0.01,1738.28
2024-01-01T08:50:30,0.0469,0.9531,0.0404,0.0535,0.0131,1727.81
2024-01-01T08:51:00,0.0506,0.9494,0.0471,0.0541,0.007,1466.09
2024-01-01T08:51:30,0.0501,0.9499,0.0472,0.0529,0.0056,1956.94
2024-01-01T08:52:00,0.045,0.955,0.0388,0.0512,0.0125,1514.24
2024-01-01T08:52:30,0.0475,0.9525,0.0453,0.0496,0.0042,1723.31
2024-01-01T08:53:00,0.0498,0.9502,0.0424,0.0571,0.0147,2420.02
2024-01-01T08:53:30,0.05,0.95,0.0436,0.0564,0.0127,1814.16
2024-01-01T08:54:00,0.0486,0.9514,0.0414,0.0559,0.0145,1825.48
2024-01-01T08:54:30,0.0521,0.9479,0.0494,0.0547,0.0053,1263.61
2024-01-01T08:55:00,0.0526,0.9474,0.0457,0.0595,0.0138,1407.49
2024-01-01T08:55:30,0.0536,0.9464,0.0484,0.0589,0.0105,1655.51
2024-01-01T08:56:00,0.0487,0.9513,0.0463,0.0511,0.0048,1594.5
2024-01-01T08:56:30,0.0506,0.9494,0.0463,0.0548,0.0085,1581.49
2024-01-01T08:57:00,0.0518,0.9482,0.0461,0.0575,0.0114,1179.59
2024-01-01T08:57:30,0.0493,0.9507,0.0421,0.0566,0.0145,2248.49
2024-01-01T08:58:00,0.0507,0.9493,0.0476,0.0538,0.0062,2429.01
2024-01-01T08:58:30,0.0489,0.9511,0.0418,0.056,0.0141,1532.9
2024-01-01T08:59:00,0.0529,0.9471,0.0477,0.0582,0.0105,2051.09
2024-01-01T08:59:30,0.0523,0.9477,0.0475,0.057,0.0095,2114.17
2024-01-01T09:00:00,0.0509,0.9491,0.0492,0.0526,0.0034,1883.66
2024-01-01T09:00:30,0.0483,0.9517,0.0437,0.0529,0.0091,1367.33
2024-01-01T09:01:00,0.0513,0.9487,0.0469,0.0558,0.0088,2433.27
2024-01-01T09:01:30,0.0475,0.9525,0.0445,0.0506,0.0061,2238.45
2024-01-01T09:02:00,0.0505,0.9495,0.0484,0.0527,0.0044,2056.86
2024-01-01T09:02:30,0.0496,0.9504,0.0475,0.0518,0.0043,1906.86
2024-01-01T09:03:00,0.0507,0.9493,0.0439,0.0575,0.0136,2020.25
2024-01-01T09:03:30,0.0479,0.9521,0.0433,0.0526,0.0093,1339.57
2024-01-01T09:04:00,0.0524,0.9476,0.0487,0.0562,0.0076,1171.62
2024-01-01T09:04:30,0.0504,0.9496,0.0465,0.0544,0.0079,1903.21
2024-01-01T09:05:00,0.0472,0.9528,0.0451,0.0492,0.004,2453.39
2024-01-01T09:05:30,0.0486,0.9514,0.0414,0.0559,0.0145,1945.08
2024-01-01T09:06:00,0.0524,0.9476,0.049,0.0559,0.007,1171.38
2024-01-01T09:06:30,0.0468,0.9532,0.0448,0.0487,0.004,1180.84
2024-01-01T09:07:00,0.0464,0.9536,0.0395,0.0533,0.0138,1335.83
2024-01-01T09:07:30,0.0469,0.9531,0.041,0.0528,0.0119,1822.06
2024-01-01T09:08:00,0.0454,0.9546,0.0435,0.0472,0.0038,1554.17
2024-01-01T09:08:30,0.0464,0.9536,0.041,0.0518,0.0108,1700.02
2024-01-01T09:09:00,0.0478,0.9522,0.0446,0.0509,0.0063,1227.74
2024-01-01T09:09:30,0.0501,0.9499,0.0483,0.0519,0.0036,1988.37
2024-01-01T09:10:00,0.0464,0.9536,0.0408,0.052,0.0112,2070.28
2024-01-01T09:10:30,0.0474,0.9526,0.0438,0.0511,0.0073,1250.47
2024-01-01T09:11:00,0.0436,0.9564,0.0396,0.0477,0.0082,2109.52
2024-01-01T09:11:30,0.0455,0.9545,0.0422,0.0488,0.0066,2399.75
2024-01-01T09:12:00,0.0439,0.9561,0.0376,0.0503,0.0127,1274.43
2024-01-01T09:12:30,0.0434,0.9566,0.0399,0.0469,0.007,1700.28
2024-01-01T09:13:00,0.0482,0.9518,0.0456,0.0508,0.0053,1362.3
2024-01-01T09:13:30,0.0477,0.9523,0.0415,0.0538,0.0123,1321.56
2024-01-01T09:14:00,0.0459,0.9541,0.039,0.0529,0.014,1869.4
2024-01-01T09:14:30,0.0503,0.9497,0.0449,0.0557,0.0108,2051.92
2024-01-01T09:15:00,0.0495,0.9505,0.0442,0.0549,0.0107,2186.36
2024-01-01T09:15:30,0.0521,0.9479,0.0488,0.0553,0.0065,2506.59
2024-01-01T09:16:00,0.0515,0.9485,0.0487,0.0543,0.0056,2074.09
2024-01-01T09:16:30,0.0531,0.9469,0.0486,0.0575,0.0089,1142.31
2024-01-01T09:17:00,0.0526,0.9474,0.0488,0.0563,0.0076,1393.83
2024-01-01T09:17:30,0.0523,0.9477,0.0482,0.0564,0.0083,2364.49
2024-01-01T09:18:00,0.0533,0.9467,0.0512,0.0554,0.0042,2431.63
2024-01-01T09:18:30,0.0492,0.9508,0.0437,0.0547,0.011,2414.75
2024-01-01T09:19:00,0.0499,0.9501,0.0473,0.0525,0.0052,2012.78
2024-01-01T09:19:30,0.0502,0.9498,0.0478,0.0525,0.0047,1350.99
2024-01-01T09:20:00,0.0519,0.9481,0.0457,0.0582,0.0125,2445.41
2024-01-01T09:20:30,0.0508,0.9492,0.0436,0.058,0.0144,2503.21
2024-01-01T09:21:00,0.0474,0.9526,0.045,0.0497,0.0046,1710.32
2024-01-01T09:21:30,0.0497,0.9503,0.045,0.0545,0.0095,1898.8
2024-01-01T09:22:00,0.0508,0.9492,0.0473,0.0542,0.0069,1969.15
2024-01-01T09:22:30,0.0506,0.9494,0.0485,0.0527,0.0042,1399.86
2024-01-01T09:23:00,0.0471,0.9529,0.0397,0.0544,0.0147,1593.19
2024-01-01T09:23:30,0.0504,0.9496,0.0447,0.0561,0.0115,1303.52
2024-01-01T09:24:00,0.0487,0.9513,0.0459,0.0515,0.0056,1309.96
2024-01-01T09:24:30,0.0465,0.9535,0.0405,0.0526,0.0122,1751.36
2024-01-01T09:25:00,0.0522,0.9478,0.047,0.0574,0.0105,2190.46
2024-01-01T09:25:30,0.0508,0.9492,0.0464,0.0553,0.0089,1764.76
2024-01-01T09:26:00,0.0451,0.9549,0.0394,0.0508,0.0114,2120.06
2024-01-01T09:26:30,0.0497,0.9503,0.0426,0.0568,0.0142,1660.31
2024-01-01T09:27:00,0.05,0.95,0.0437,0.0563,0.0126,2456.66
2024-01-01T09:27:30,0.0498,0.9502,0.0448,0.0548,0.01,1568.08
2024-01-01T09:28:00,0.0464,0.9536,0.0393,0.0536,0.0142,1671.54
2024-01-01T09:28:30,0.0518,0.9482,0.0474,0.0562,0.0089,2249.62
2024-01-01T09:29:00,0.0542,0.9458,0.051,0.0574,0.0063,1283.08
2024-01-01T09:29:30,0.0496,0.9504,0.0456,0.0536,0.008,1840.79
2024-01-01T09:30:00,0.0459,0.9541,0.042,0.0499,0.0079,2137.34
2024-01-01T09:30:30,0.0483,0.9517,0.0417,0.0549,0.0132,1873.54
2024-01-01T09:31:00,0.0494,0.9506,0.0426,0.0562,0.0136,1190.63
2024-01-01T09:31:30,0.0486,0.9514,0.0427,0.0546,0.0119,1145.67
2024-01-01T09:32:00,0.0491,0.9509,0.0447,0.0535,0.0088,2125.72
2024-01-01T09:32:30,0.0509,0.9491,0.0462,0.0556,0.0094,2314.29
2024-01-01T09:33:00,0.0486,0.9514,0.0455,0.0517,0.0062,1335.87
2024-01-01T09:33:30,0.0477,0.9523,0.0449,0.0505,0.0056,2439.73
2024-01-01T09:34:00,0.0464,0.9536,0.0413,0.0514,0.0101,1638.24
2024-01-01T09:34:30,0.049,0.951,0.044,0.054,0.01,1531.45
2024-01-01T09:35:00,0.0459,0.9541,0.043,0.0489,0.0059,1120.12
2024-01-01T09:35:30,0.0439,0.9561,0.0404,0.0473,0.007,2362.09
2024-01-01T09:36:00,0.0482,0.9518,0.042,0.0543,0.0123,1399.1
2024-01-01T09:36:30,0.0485,0.9515,0.0424,0.0545,0.0121,2445.49
2024-01-01T09:37:00,0.0475,0.9525,0.0426,0.0524,0.0097,1854.77
2024-01-01T09:37:30,0.0518,0.9482,0.0495,0.0541,0.0045,1545.15
2024-01-01T09:38:00,0.0513,0.9487,0.0476,0.0551,0.0075,1861.33
2024-01-01T09:38:30,0.0458,0.9542,0.0401,0.0515,0.0114,2094.24
2024-01-01T09:39:00,0.0523,0.9477,0.05,0.0546,0.0045,1205.26
2024-01-01T09:39:30,0.0495,0.9505,0.0457,0.0533,0.0076,2318.74
2024-01-01T09:40:00,0.0463,0.9537,0.0403,0.0523,0.012,1630.91
2024-01-01T09:40:30,0.0452,0.9548,0.04,0.0504,0.0104,1175.93
2024-01-01T09:41:00,0.0496,0.9504,0.0433,0.0558,0.0125,1857.62
2024-01-01T09:41:30,0.047,0.953,0.0401,0.0538,0.0138,2405.71
2024-01-01T09:42:00,0.0494,0.9506,0.0459,0.0528,0.0069,1208.91
2024-01-01T09:42:30,0.052,0.948,0.0451,0.0588,0.0137,1478.53
2024-01-01T09:43:00,0.049,0.951,0.043,0.0549,0.0119,1487.34
2024-01-01T09:43:30,0.0542,0.9458,0.0481,0.0603,0.0122,1519.49
2024-01-01T09:44:00,0.0478,0.9522,0.0422,0.0533,0.0111,2018.3
2024-01-01T09:44:30,0.0497,0.9503,0.0456,0.0537,0.0081,2387.64
2024-01-01T09:45:00,0.0494,0.9506,0.0433,0.0554,0.0121,1476.46
2024-01-01T09:45:30,0.0478,0.9522,0.0425,0.0532,0.0108,2264.32
2024-01-01T09:46:00,0.0472,0.9528,0.0443,0.0502,0.0059,1307.17
2024-01-01T09:46:30,0.0539,0.9461,0.0497,0.058,0.0083,2036.58
2024-01-01T09:47:00,0.0533,0.9467,0.0478,0.0589,0.0111,2206.41
2024-01-01T09:47:30,0.0539,0.9461,0.0489,0.0589,0.01,2522.79
2024-01-01T09:48:00,0.0508,0.9492,0.0493,0.0524,0.0031,1473.53
2024-01-01T09:48:30,0.0496,0.9504,0.0474,0.0519,0.0045,2500.11
2024-01-01T09:49:00,0.0494,0.9506,0.042,0.0568,0.0147,2036.73
2024-01-01T09:49:30,0.0505,0.9495,0.0478,0.0531,0.0053,1999.94
2024-01-01T09:50:00,0.0501,0.9499,0.0471,0.0531,0.0059,1635.93
2024-01-01T09:50:30,0.0558,0.9442,0.0525,0.0591,0.0066,2321.76
2024-01-01T09:51:00,0.0549,0.9451,0.0476,0.0622,0.0146,1298.62
2024-01-01T09:51:30,0.0561,0.9439,0.0529,0.0593,0.0064,1422.62
2024-01-01T09:52:00,0.0553,0.9447,0.0484,0.0621,0.0137,2472.04
2024-01-01T09:52:30,0.0542,0.9458,0.05,0.0585,0.0085,1586.26
2024-01-01T09:53:00,0.0498,0.9502,0.0464,0.0532,0.0068,2498.21
2024-01-01T09:53:30,0.0537,0.9463,0.0518,0.0556,0.0038,1350.6
2024-01-01T09:54:00,0.0515,0.9485,0.0484,0.0546,0.0062,1610.37
2024-01-01T09:54:30,0.054,0.946,0.0511,0.0569,0.0058,2276.81
2024-01-01T09:55:00,0.0512,0.9488,0.0494,0.053,0.0036,1824.56
2024-01-01T09:55:30,0.0491,0.9509,0.0418,0.0564,0.0146,1960.53
2024-01-01T09:56:00,0.0481,0.9519,0.0447,0.0514,0.0068,1612.3
2024-01-01T09:56:30,0.0496,0.9504,0.0463,0.0529,0.0065,2415.84
2024-01-01T09:57:00,0.0517,0.9483,0.0493,0.0541,0.0048,2118.53
2024-01-01T09:57:30,0.0502,0.9498,0.0441,0.0562,0.0121,2321.4
2024-01-01T09:58:00,0.0465,0.9535,0.043,0.05,0.007,2286.94
2024-01-01T09:58:30,0.0485,0.9515,0.0462,0.0509,0.0047,1887.24
2024-01-01T09:59:00,0.0447,0.9553,0.0407,0.0487,0.008,2075.94
2024-01-01T09:59:30,0.0438,0.9562,0.0381,0.0494,0.0113,1945.53
2024-01-01T10:00:00,0.0452,0.9548,0.0385,0.0518,0.0132,1925.93
2024-01-01T10:00:30,0.0405,0.9595,0.0386,0.0424,0.0038,1864.62
2024-01-01T10:01:00,0.0491,0.9509,0.0462,0.052,0.0058,1138.76
2024-01-01T10:01:30,0.046,0.954,0.04,0.0519,0.0119,1050.03
2024-01-01T10:02:00,0.0472,0.9528,0.0424,0.052,0.0097,2396.79
2024-01-01T10:02:30,0.0461,0.9539,0.0434,0.0488,0.0054,1579.78
2024-01-01T10:03:00,0.0477,0.9523,0.0458,0.0497,0.0039,1304.02
2024-01-01T10:03:30,0.0483,0.9517,0.0439,0.0526,0.0087,2314.84
2024-01-01T10:04:00,0.0472,0.9528,0.0433,0.0511,0.0078,1089.93
2024-01-01T10:04:30,0.0461,0.9539,0.0388,0.0534,0.0145,1811.33
2024-01-01T10:05:00,0.0513,0.9487,0.0452,0.0573,0.0121,1331.34
2024-01-01T10:05:30,0.0486,0.9514,0.0431,0.0541,0.011,1435.26
2024-01-01T10:06:00,0.0491,0.9509,0.0464,0.0519,0.0055,1502.11
2024-01-01T10:06:30,0.0494,0.9506,0.0472,0.0516,0.0044,1714.98
2024-01-01T10:07:00,0.0517,0.9483,0.0463,0.057,0.0107,1840.43
2024-01-01T10:07:30,0.05,0.95,0.0444,0.0556,0.0111,2170.19
2024-01-01T10:08:00,0.0501,0.9499,0.0462,0.0541,0.008,1995.49
2024-01-01T10:08:30,0.0478,0.9522,0.0424,0.0532,0.0108,2389.42
2024-01-01T10:09:00,0.0456,0.9544,0.0426,0.0486,0.006,1558.01
2024-01-01T10:09:30,0.0463,0.9537,0.0395,0.0531,0.0136,2254.16
2024-01-01T10:10:00,0.0522,0.9478,0.0507,0.0537,0.0031,2113.82
2024-01-01T10:10:30,0.0488,0.9512,0.0456,0.0519,0.0063,2364.49
2024-01-01T10:11:00,0.048,0.952,0.0419,0.0542,0.0123,1864.45
2024-01-01T10:11:30,0.0493,0.9507,0.0431,0.0555,0.0124,1728.03
2024-01-01T10:12:00,0.0484,0.9516,0.0445,0.0522,0.0078,1470.57
2024-01-01T10:12:30,0.0513,0.9487,0.0463,0.0562,0.0099,1374.06
2024-01-01T10:13:00,0.048,0.952,0.0456,0.0505,0.005,1137.03
2024-01-01T10:13:30,0.0446,0.9554,0.042,0.0472,0.0052,2193.38
2024-01-01T10:14:00,0.0454,0.9546,0.0382,0.0525,0.0142,1615.8
2024-01-01T10:14:30,0.0473,0.9527,0.0417,0.0529,0.0112,1477.89
2024-01-01T10:15:00,0.049,0.951,0.0465,0.0515,0.005,2296.38
2024-01-01T10:15:30,0.0522,0.9478,0.0493,0.055,0.0058,1620.96
2024-01-01T10:16:00,0.0489,0.9511,0.0458,0.052,0.0061,2080.86
2024-01-01T10:16:30,0.0486,0.9514,0.0438,0.0533,0.0095,2293.01
2024-01-01T10:17:00,0.0509,0.9491,0.0461,0.0557,0.0096,1375.97
2024-01-01T10:17:30,0.0504,0.9496,0.0468,0.054,0.0072,1991.04
2024-01-01T10:18:00,0.0488,0.9512,0.0458,0.0519,0.0061,1107.87
2024-01-01T10:18:30,0.048,0.952,0.0452,0.0508,0.0056,1093.16
2024-01-01T10:19:00,0.0493,0.9507,0.0443,0.0543,0.01,1278.39
2024-01-01T10:19:30,0.0527,0.9473,0.051,0.0544,0.0033,1371.18
2024-01-01T10:20:00,0.0558,0.9442,0.0516,0.0601,0.0086,1946.03
2024-01-01T10:20:30,0.0533,0.9467,0.0484,0.0582,0.0098,1524.25
2024-01-01T10:21:00,0.0563,0.9437,0.0495,0.063,0.0134,2265.89
2024-01-01T10:21:30,0.053,0.947,0.046,0.06,0.014,2089.78
2024-01-01T10:22:00,0.0589,0.9411,0.0524,0.0653,0.0129,1497.42
2024-01-01T10:22:30,0.0301,0.9699,0.0248,0.0354,0.0107,1711.05
2024-01-01T10:23:00,0.0375,0.9625,0.0346,0.0404,0.0058,1236.8
2024-01-01T10:23:30,0.0442,0.9558,0.0408,0.0475,0.0066,2387.1
2024-01-01T10:24:00,0.0475,0.9525,0.0449,0.0502,0.0053,1327.83
2024-01-01T10:24:30,0.0508,0.9492,0.0466,0.055,0.0084,1632.33
2024-01-01T10:25:00,0.0563,0.9437,0.0501,0.0624,0.0124,2622.53
2024-01-01T10:25:30,0.0624,0.9376,0.0564,0.0683,0.0119,1846.18
2024-01-01T10:26:00,0.0684,0.9316,0.0651,0.0717,0.0066,1639.68
2024-01-01T10:26:30,0.0661,0.9339,0.0635,0.0687,0.0052,1416.05
2024-01-01T10:27:00,0.0725,0.9275,0.0673,0.0778,0.0105,1665.23
2024-01-01T10:27:30,0.0717,0.9283,0.0661,0.0773,0.0112,2437.51
2024-01-01T10:28:00,0.0769,0.9231,0.0745,0.0793,0.0048,2140.45
2024-01-01T10:28:30,0.0802,0.9198,0.0737,0.0867,0.013,2566.37
2024-01-01T10:29:00,0.0845,0.9155,0.0787,0.0904,0.0117,2646.41
2024-01-01T10:29:30,0.0832,0.9168,0.0794,0.0869,0.0075,2704.92
2024-01-01T10:30:00,0.0892,0.9108,0.0866,0.0918,0.0052,2336.87
2024-01-01T10:30:30,0.0907,0.9093,0.0872,0.0941,0.0069,1613.8
2024-01-01T10:31:00,0.0951,0.9049,0.0877,0.1025,0.0148,2203.77
2024-01-01T10:31:30,0.095,0.905,0.0885,0.1016,0.0132,2578.96
2024-01-01T10:32:00,0.1005,0.8995,0.0949,0.106,0.011,2763.12
2024-01-01T10:32:30,0.1073,0.8927,0.1013,0.1133,0.012,1653.33
2024-01-01T10:33:00,0.1059,0.8941,0.0978,0.1139,0.0161,3480.03
2024-01-01T10:33:30,0.1102,0.8898,0.1026,0.1177,0.015,3131.36
2024-01-01T10:34:00,0.1144,0.8856,0.1107,0.1181,0.0074,2100.33
2024-01-01T10:34:30,0.118,0.882,0.1149,0.1211,0.0062,3880.29
2024-01-01T10:35:00,0.1174,0.8826,0.1139,0.1209,0.007,2434.66
2024-01-01T10:35:30,0.1199,0.8801,0.1167,0.1232,0.0064,2569.85
2024-01-01T10:36:00,0.1262,0.8738,0.1202,0.1321,0.0119,4096.24
2024-01-01T10:36:30,0.1234,0.8766,0.1156,0.1311,0.0155,2224.81
2024-01-01T10:37:00,0.1298,0.8702,0.1272,0.1323,0.0051,2911.74
2024-01-01T10:37:30,0.1304,0.8696,0.1269,0.1339,0.007,2965.8
2024-01-01T10:38:00,0.1371,0.8629,0.1311,0.1432,0.0121,3368.36
2024-01-01T10:38:30,0.138,0.862,0.1347,0.1412,0.0065,3078.18
2024-01-01T10:39:00,0.141,0.859,0.1363,0.1457,0.0095,2651.25
2024-01-01T10:39:30,0.1447,0.8553,0.1401,0.1493,0.0092,3880.06
2024-01-01T10:40:00,0.1458,0.8542,0.1394,0.1522,0.0129,4528.39
2024-01-01T10:40:30,0.1487,0.8513,0.1439,0.1535,0.0096,3658.26
2024-01-01T10:41:00,0.1517,0.8483,0.1453,0.1582,0.0129,2351.07
2024-01-01T10:41:30,0.1564,0.8436,0.1493,0.1635,0.0142,3214.76
2024-01-01T10:42:00,0.1587,0.8413,0.1534,0.1641,0.0106,4236.25
2024-01-01T10:42:30,0.1622,0.8378,0.1537,0.1708,0.0171,2747.85
2024-01-01T10:43:00,0.1621,0.8379,0.1583,0.166,0.0078,4484.99
2024-01-01T10:43:30,0.1688,0.8312,0.1628,0.1748,0.0119,4866.9
2024-01-01T10:44:00,0.1691,0.8309,0.1644,0.1737,0.0093,2761.82
2024-01-01T10:44:30,0.1702,0.8298,0.1627,0.1776,0.0149,5132.49
2024-01-01T10:45:00,0.1739,0.8261,0.1712,0.1767,0.0055,4641.76
2024-01-01T10:45:30,0.1804,0.8196,0.1746,0.1861,0.0115,2620.54
2024-01-01T10:46:00,0.1797,0.8203,0.1729,0.1864,0.0135,3092.27
2024-01-01T10:46:30,0.1851,0.8149,0.1776,0.1925,0.0149,3107.79
2024-01-01T10:47:00,0.1885,0.8115,0.1828,0.1942,0.0114,3175.08
2024-01-01T10:47:30,0.1888,0.8112,0.186,0.1917,0.0057,3000.59
2024-01-01T10:48:00,0.1873,0.8127,0.1807,0.194,0.0134,3939.27
2024-01-01T10:48:30,0.193,0.807,0.1894,0.1965,0.0071,4405.41
2024-01-01T10:49:00,0.194,0.806,0.1883,0.1998,0.0115,4133.48
2024-01-01T10:49:30,0.2006,0.7994,0.193,0.2083,0.0153,5621.46
2024-01-01T10:50:00,0.203,0.797,0.2005,0.2054,0.0048,4967.6
2024-01-01T10:50:30,0.2037,0.7963,0.2001,0.2074,0.0073,3758.2
2024-01-01T10:51:00,0.2082,0.7918,0.1991,0.2173,0.0182,3714.39
2024-01-01T10:51:30,0.213,0.787,0.2054,0.2205,0.0151,5315.71
2024-01-01T10:52:00,0.2161,0.7839,0.2076,0.2246,0.017,5409.93
2024-01-01T10:52:30,0.2165,0.7835,0.2081,0.2249,0.0167,3866.96
2024-01-01T10:53:00,0.2202,0.7798,0.2151,0.2253,0.0103,2929.03
2024-01-01T10:53:30,0.2269,0.7731,0.218,0.2358,0.0178,5283.6
2024-01-01T10:54:00,0.2281,0.7719,0.2234,0.2327,0.0093,3135.83
2024-01-01T10:54:30,0.2287,0.7713,0.2249,0.2325,0.0076,3073.75
2024-01-01T10:55:00,0.2317,0.7683,0.2264,0.237,0.0105,6510.3
2024-01-01T10:55:30,0.2323,0.7677,0.2304,0.2342,0.0038,3950.82
2024-01-01T10:56:00,0.2365,0.7635,0.2279,0.245,0.0171,5341.99
2024-01-01T10:56:30,0.2374,0.7626,0.2326,0.2422,0.0095,5141.64
2024-01-01T10:57:00,0.2406,0.7594,0.2328,0.2485,0.0157,5403.11
2024-01-01T10:57:30,0.2447,0.7553,0.2408,0.2487,0.0079,5391.51
2024-01-01T10:58:00,0.2455,0.7545,0.2393,0.2517,0.0123,5886.47
2024-01-01T10:58:30,0.2519,0.7481,0.2461,0.2578,0.0117,4701.14
2024-01-01T10:59:00,0.2508,0.7492,0.2418,0.2597,0.0178,5281.49
2024-01-01T10:59:30,0.2579,0.7421,0.2497,0.2662,0.0165,4783.59
2024-01-01T11:00:00,0.2612,0.7388,0.2566,0.2657,0.0091,4393.78
2024-01-01T11:00:30,0.2626,0.7374,0.2603,0.2649,0.0046,5488.73
2024-01-01T11:01:00,0.2655,0.7345,0.2564,0.2745,0.0182,7066.63
2024-01-01T11:01:30,0.2685,0.7315,0.2603,0.2767,0.0163,5797.45
2024-01-01T11:02:00,0.2736,0.7264,0.2701,0.2771,0.007,4465.86
2024-01-01T11:02:30,0.2719,0.7281,0.2694,0.2744,0.0051,4282.7
2024-01-01T11:03:00,0.2771,0.7229,0.2701,0.284,0.0139,4273.46
2024-01-01T11:03:30,0.2809,0.7191,0.2721,0.2897,0.0176,4866.25
2024-01-01T11:04:00,0.283,0.717,0.2761,0.29,0.0139,6247.56
2024-01-01T11:04:30,0.2844,0.7156,0.28,0.2887,0.0087,7707.28
2024-01-01T11:05:00,0.2883,0.7117,0.2794,0.2973,0.0179,5613.29
2024-01-01T11:05:30,0.2916,0.7084,0.2858,0.2973,0.0115,4273.67
2024-01-01T11:06:00,0.2941,0.7059,0.2895,0.2987,0.0092,4547.67
2024-01-01T11:06:30,0.2982,0.7018,0.2894,0.3071,0.0177,5099.9
2024-01-01T11:07:00,0.3023,0.6977,0.2938,0.3109,0.0171,4086.42
2024-01-01T11:07:30,0.3054,0.6946,0.3018,0.3089,0.0071,5772.08
2024-01-01T11:08:00,0.307,0.693,0.2988,0.3152,0.0164,5223.88
2024-01-01T11:08:30,0.3094,0.6906,0.3043,0.3144,0.0101,7385.92
2024-01-01T11:09:00,0.3143,0.6857,0.3083,0.3203,0.012,4649.95
2024-01-01T11:09:30,0.3162,0.6838,0.3087,0.3237,0.0151,7044.74
2024-01-01T11:10:00,0.3173,0.6827,0.3106,0.3241,0.0135,7574.42
2024-01-01T11:10:30,0.3193,0.6807,0.3158,0.3228,0.0069,5826.85
2024-01-01T11:11:00,0.3212,0.6788,0.3182,0.3242,0.006,6299.88
2024-01-01T11:11:30,0.326,0.674,0.3207,0.3313,0.0106,6627.87
2024-01-01T11:12:00,0.3292,0.6708,0.3243,0.3341,0.0098,5220.88
2024-01-01T11:12:30,0.3312,0.6688,0.3265,0.3359,0.0094,8256.82
2024-01-01T11:13:00,0.3315,0.6685,0.3256,0.3375,0.0119,8419.49
2024-01-01T11:13:30,0.3369,0.6631,0.3311,0.3427,0.0116,7323.98
2024-01-01T11:14:00,0.3424,0.6576,0.3347,0.3501,0.0153,8080.31
2024-01-01T11:14:30,0.3389,0.6611,0.3349,0.3429,0.008,7036.43
2024-01-01T11:15:00,0.3447,0.6553,0.3353,0.3542,0.0189,5404.95
2024-01-01T11:15:30,0.3501,0.6499,0.345,0.3551,0.0101,6067.06
2024-01-01T11:16:00,0.3536,0.6464,0.3483,0.3589,0.0106,8441.04
2024-01-01T11:16:30,0.3563,0.6437,0.3477,0.365,0.0173,7567.08
2024-01-01T11:17:00,0.3538,0.6462,0.3435,0.3641,0.0206,6348.2
2024-01-01T11:17:30,0.3573,0.6427,0.3481,0.3665,0.0185,7592.41
2024-01-01T11:18:00,0.3603,0.6397,0.3545,0.366,0.0115,6089.07
2024-01-01T11:18:30,0.3647,0.6353,0.3602,0.3692,0.009,7713.31
2024-01-01T11:19:00,0.3639,0.6361,0.3574,0.3703,0.0129,9183.16
2024-01-01T11:19:30,0.3699,0.6301,0.3646,0.3752,0.0105,6401.9
2024-01-01T11:20:00,0.3706,0.6294,0.3637,0.3775,0.0138,4421.0
2024-01-01T11:20:30,0.3784,0.6216,0.3752,0.3815,0.0064,6944.38
2024-01-01T11:21:00,0.3791,0.6209,0.3705,0.3878,0.0172,5975.81
2024-01-01T11:21:30,0.3818,0.6182,0.3739,0.3897,0.0158,5267.48
2024-01-01T11:22:00,0.3839,0.6161,0.3793,0.3884,0.0091,8996.85
2024-01-01T11:22:30,0.3872,0.6128,0.3786,0.3959,0.0173,8887.86
2024-01-01T11:23:00,0.3898,0.6102,0.3797,0.3998,0.02,6159.34
2024-01-01T11:23:30,0.3946,0.6054,0.3875,0.4017,0.0142,5528.67
2024-01-01T11:24:00,0.3946,0.6054,0.3878,0.4015,0.0137,5050.7
2024-01-01T11:24:30,0.4032,0.5968,0.3984,0.408,0.0096,7566.03
2024-01-01T11:25:00,0.4031,0.5969,0.4007,0.4055,0.0049,8971.37
2024-01-01T11:25:30,0.4064,0.5936,0.4015,0.4113,0.0098,7504.57
2024-01-01T11:26:00,0.405,0.595,0.3938,0.4161,0.0223,6607.22
2024-01-01T11:26:30,0.4073,0.5927,0.3985,0.4162,0.0177,6004.11
2024-01-01T11:27:00,0.4153,0.5847,0.404,0.4266,0.0226,8329.23
2024-01-01T11:27:30,0.4163,0.5837,0.4139,0.4187,0.0048,9223.62
2024-01-01T11:28:00,0.418,0.582,0.4092,0.4268,0.0176,9739.38
2024-01-01T11:28:30,0.4233,0.5767,0.4157,0.4308,0.015,5315.69
2024-01-01T11:29:00,0.424,0.576,0.4197,0.4283,0.0086,6443.88
2024-01-01T11:29:30,0.4298,0.5702,0.427,0.4326,0.0056,5577.07
2024-01-01T11:30:00,0.435,0.565,0.4264,0.4436,0.0172,4978.57
2024-01-01T11:30:30,0.4349,0.5651,0.4267,0.443,0.0163,5073.65
2024-01-01T11:31:00,0.4346,0.5654,0.4245,0.4447,0.0202,6843.27
2024-01-01T11:31:30,0.4382,0.5618,0.4336,0.4428,0.0093,7558.09
2024-01-01T11:32:00,0.4405,0.5595,0.4337,0.4473,0.0136,7520.46
2024-01-01T11:32:30,0.4429,0.5571,0.432,0.4539,0.0219,8689.87
2024-01-01T11:33:00,0.447,0.553,0.4401,0.454,0.0139,11273.79
2024-01-01T11:33:30,0.4515,0.5485,0.44,0.463,0.023,9532.73
2024-01-01T11:34:00,0.4508,0.5492,0.4422,0.4594,0.0172,7322.68
2024-01-01T11:34:30,0.4572,0.5428,0.4485,0.4659,0.0174,6901.45
2024-01-01T11:35:00,0.4577,0.5423,0.4507,0.4647,0.014,8722.2
2024-01-01T11:35:30,0.4595,0.5405,0.4564,0.4626,0.0063,11224.03
2024-01-01T11:36:00,0.4659,0.5341,0.4588,0.4731,0.0143,9831.78
2024-01-01T11:36:30,0.4698,0.5302,0.4602,0.4795,0.0193,5922.08
2024-01-01T11:37:00,0.4698,0.5302,0.458,0.4816,0.0236,9182.06
2024-01-01T11:37:30,0.4743,0.5257,0.4623,0.4864,0.0241,7198.97
2024-01-01T11:38:00,0.4762,0.5238,0.4734,0.479,0.0056,5925.2
2024-01-01T11:38:30,0.4777,0.5223,0.4676,0.4877,0.0201,8890.84
2024-01-01T11:39:00,0.48,0.52,0.4694,0.4906,0.0212,7108.27
2024-01-01T11:39:30,0.4838,0.5162,0.4768,0.4907,0.0139,7645.89
2024-01-01T11:40:00,0.4844,0.5156,0.4771,0.4917,0.0146,6300.44
2024-01-01T11:40:30,0.4884,0.5116,0.4809,0.4959,0.0151,7392.97
2024-01-01T11:41:00,0.4904,0.5096,0.487,0.4938,0.0068,11640.85
2024-01-01T11:41:30,0.4945,0.5055,0.484,0.505,0.021,8926.66
2024-01-01T11:42:00,0.4986,0.5014,0.4952,0.5019,0.0067,11408.7
2024-01-01T11:42:30,0.5013,0.4987,0.4958,0.5067,0.011,8318.8
2024-01-01T11:43:00,0.502,0.498,0.4995,0.5045,0.005,8804.02
2024-01-01T11:43:30,0.5083,0.4917,0.501,0.5156,0.0145,5578.61
2024-01-01T11:44:00,0.5128,0.4872,0.5093,0.5163,0.007,8575.03
2024-01-01T11:44:30,0.5169,0.4831,0.5055,0.5283,0.0228,11798.21
2024-01-01T11:45:00,0.5185,0.4815,0.5063,0.5308,0.0245,6750.62
2024-01-01T11:45:30,0.5261,0.4739,0.5193,0.5328,0.0135,9535.54
2024-01-01T11:46:00,0.5245,0.4755,0.5161,0.533,0.0169,10690.37
2024-01-01T11:46:30,0.5227,0.4773,0.5168,0.5286,0.0118,11794.59
2024-01-01T11:47:00,0.5278,0.4722,0.523,0.5326,0.0095,6047.66
2024-01-01T11:47:30,0.5271,0.4729,0.5222,0.5321,0.0099,8251.96
2024-01-01T11:48:00,0.5296,0.4704,0.5213,0.5379,0.0166,11003.0
2024-01-01T11:48:30,0.5284,0.4716,0.5251,0.5316,0.0066,5682.64
2024-01-01T11:49:00,0.53,0.47,0.5237,0.5364,0.0127,6152.5
2024-01-01T11:49:30,0.528,0.472,0.5165,0.5394,0.0229,5493.38
2024-01-01T11:50:00,0.5304,0.4696,0.5276,0.5333,0.0057,9457.16
2024-01-01T11:50:30,0.5294,0.4706,0.5186,0.5403,0.0217,9898.77
2024-01-01T11:51:00,0.533,0.467,0.5279,0.5382,0.0104,11272.1
2024-01-01T11:51:30,0.5322,0.4678,0.5243,0.5402,0.0159,11677.26
2024-01-01T11:52:00,0.5286,0.4714,0.5252,0.5321,0.007,11503.34
2024-01-01T11:52:30,0.529,0.471,0.5192,0.5388,0.0195,7297.75
2024-01-01T11:53:00,0.5258,0.4742,0.5164,0.5353,0.0189,7267.83
2024-01-01T11:53:30,0.5269,0.4731,0.5219,0.5319,0.01,10082.99
2024-01-01T11:54:00,0.5252,0.4748,0.5139,0.5364,0.0225,9252.96
2024-01-01T11:54:30,0.525,0.475,0.5187,0.5312,0.0126,11960.69
2024-01-01T11:55:00,0.5275,0.4725,0.5217,0.5333,0.0116,7211.7
2024-01-01T11:55:30,0.5305,0.4695,0.5199,0.5412,0.0214,11635.14
2024-01-01T11:56:00,0.5283,0.4717,0.5198,0.5368,0.017,9688.03
2024-01-01T11:56:30,0.5319,0.4681,0.525,0.5389,0.0139,5499.35
2024-01-01T11:57:00,0.5304,0.4696,0.5199,0.5408,0.021,9287.62
2024-01-01T11:57:30,0.5331,0.4669,0.5254,0.5408,0.0154,11282.99
2024-01-01T11:58:00,0.5292,0.4708,0.5261,0.5323,0.0062,7871.16
2024-01-01T11:58:30,0.5304,0.4696,0.5255,0.5352,0.0097,10878.71
2024-01-01T11:59:00,0.5291,0.4709,0.5177,0.5405,0.0228,5828.72
2024-01-01T11:59:30,0.5295,0.4705,0.5211,0.5379,0.0167,10352.46
2024-01-01T12:00:00,0.5296,0.4704,0.5242,0.5349,0.0107,10028.98
2024-01-01T12:00:30,0.5337,0.4663,0.5257,0.5417,0.016,8276.68
2024-01-01T12:01:00,0.5329,0.4671,0.5248,0.5409,0.0161,5909.64
2024-01-01T12:01:30,0.5314,0.4686,0.5262,0.5367,0.0105,11779.1
2024-01-01T12:02:00,0.5327,0.4673,0.527,0.5385,0.0115,6783.24
2024-01-01T12:02:30,0.5323,0.4677,0.5291,0.5354,0.0063,9012.45
2024-01-01T12:03:00,0.5313,0.4687,0.5201,0.5426,0.0226,11612.94
2024-01-01T12:03:30,0.5303,0.4697,0.525,0.5355,0.0105,5420.71
2024-01-01T12:04:00,0.5378,0.4622,0.5267,0.5489,0.0222,9518.08
2024-01-01T12:04:30,0.5371,0.4629,0.5318,0.5425,0.0108,6078.92
2024-01-01T12:05:00,0.5355,0.4645,0.5262,0.5448,0.0186,6600.69
2024-01-01T12:05:30,0.5317,0.4683,0.5257,0.5377,0.012,10669.86
2024-01-01T12:06:00,0.5312,0.4688,0.5199,0.5424,0.0225,9670.08
2024-01-01T12:06:30,0.5298,0.4702,0.5183,0.5412,0.0229,11734.93
2024-01-01T12:07:00,0.5297,0.4703,0.5186,0.5408,0.0221,8460.41
2024-01-01T12:07:30,0.5294,0.4706,0.5229,0.536,0.0131,10398.09
2024-01-01T12:08:00,0.5319,0.4681,0.5233,0.5405,0.0172,8809.98
2024-01-01T12:08:30,0.5271,0.4729,0.5173,0.537,0.0198,5886.89
2024-01-01T12:09:00,0.5271,0.4729,0.5223,0.5319,0.0096,6997.86
2024-01-01T12:09:30,0.5264,0.4736,0.5175,0.5352,0.0177,5377.74
2024-01-01T12:10:00,0.5269,0.4731,0.522,0.5318,0.0098,11447.33
2024-01-01T12:10:30,0.5265,0.4735,0.5213,0.5318,0.0105,11939.68
2024-01-01T12:11:00,0.5317,0.4683,0.5214,0.542,0.0206,10429.21
2024-01-01T12:11:30,0.5275,0.4725,0.521,0.534,0.0129,7908.25
2024-01-01T12:12:00,0.5289,0.4711,0.5259,0.5318,0.0059,6382.43
2024-01-01T12:12:30,0.534,0.466,0.5268,0.5411,0.0143,6792.95
2024-01-01T12:13:00,0.5343,0.4657,0.5314,0.5373,0.0059,9583.19
2024-01-01T12:13:30,0.5317,0.4683,0.5213,0.5421,0.0208,11534.37
2024-01-01T12:14:00,0.5347,0.4653,0.5295,0.5399,0.0103,8047.04
2024-01-01T12:14:30,0.53,0.47,0.5248,0.5352,0.0105,7067.07
2024-01-01T12:15:00,0.5343,0.4657,0.5271,0.5415,0.0144,6628.93
2024-01-01T12:15:30,0.5344,0.4656,0.5272,0.5416,0.0144,10486.88
2024-01-01T12:16:00,0.53,0.47,0.5239,0.5361,0.0122,8425.04
2024-01-01T12:16:30,0.5289,0.4711,0.518,0.5398,0.0218,6037.1
2024-01-01T12:17:00,0.5322,0.4678,0.527,0.5375,0.0105,5332.9
2024-01-01T12:17:30,0.5291,0.4709,0.5171,0.5412,0.0241,11139.94
2024-01-01T12:18:00,0.5285,0.4715,0.5166,0.5404,0.0238,8925.26
2024-01-01T12:18:30,0.5305,0.4695,0.528,0.5329,0.0049,8628.22
2024-01-01T12:19:00,0.5304,0.4696,0.5265,0.5344,0.0079,5129.93
2024-01-01T12:19:30,0.532,0.468,0.5227,0.5413,0.0187,5578.17
2024-01-01T12:20:00,0.5328,0.4672,0.5288,0.5369,0.008,11758.62
2024-01-01T12:20:30,0.5343,0.4657,0.5229,0.5457,0.0228,8410.09
2024-01-01T12:21:00,0.5357,0.4643,0.5248,0.5466,0.0218,5611.61
2024-01-01T12:21:30,0.536,0.464,0.5276,0.5443,0.0168,9075.57
2024-01-01T12:22:00,0.5314,0.4686,0.5224,0.5403,0.0179,6631.71
2024-01-01T12:22:30,0.5312,0.4688,0.5208,0.5416,0.0208,11728.59
2024-01-01T12:23:00,0.5315,0.4685,0.526,0.537,0.011,9622.41
2024-01-01T12:23:30,0.5316,0.4684,0.5206,0.5427,0.0221,5184.57
2024-01-01T12:24:00,0.5293,0.4707,0.5211,0.5375,0.0164,7417.74
2024-01-01T12:24:30,0.5332,0.4668,0.5243,0.5421,0.0178,10245.54
2024-01-01T12:25:00,0.5363,0.4637,0.5246,0.5481,0.0235,5155.77
2024-01-01T12:25:30,0.5333,0.4667,0.5249,0.5416,0.0167,6349.83
2024-01-01T12:26:00,0.5345,0.4655,0.5229,0.5462,0.0233,8829.94
2024-01-01T12:26:30,0.5309,0.4691,0.5195,0.5424,0.0229,6639.23
2024-01-01T12:27:00,0.5302,0.4698,0.5225,0.5379,0.0154,10027.24
2024-01-01T12:27:30,0.5294,0.4706,0.5266,0.5322,0.0056,8605.6
2024-01-01T12:28:00,0.5314,0.4686,0.5275,0.5353,0.0078,8343.87
2024-01-01T12:28:30,0.5284,0.4716,0.5174,0.5393,0.0218,11314.93
2024-01-01T12:29:00,0.5284,0.4716,0.5186,0.5383,0.0197,6870.49
2024-01-01T12:29:30,0.529,0.471,0.5238,0.5343,0.0105,7382.76
2024-01-01T12:30:00,0.5288,0.4712,0.5261,0.5315,0.0054,10594.11
2024-01-01T12:30:30,0.528,0.472,0.5228,0.5332,0.0103,9180.36
2024-01-01T12:31:00,0.5286,0.4714,0.5185,0.5387,0.0202,6436.39
2024-01-01T12:31:30,0.5305,0.4695,0.5186,0.5424,0.0238,6959.7
2024-01-01T12:32:00,0.5268,0.4732,0.5174,0.5362,0.0187,11314.86
2024-01-01T12:32:30,0.5244,0.4756,0.5178,0.531,0.0132,10028.05
2024-01-01T12:33:00,0.5286,0.4714,0.5171,0.5401,0.023,7801.36
2024-01-01T12:33:30,0.532,0.468,0.5249,0.5391,0.0142,5989.09
2024-01-01T12:34:00,0.5295,0.4705,0.5262,0.5327,0.0065,8713.43
2024-01-01T12:34:30,0.5279,0.4721,0.5208,0.5349,0.0141,9180.79
2024-01-01T12:35:00,0.531,0.469,0.5215,0.5405,0.019,6250.69
2024-01-01T12:35:30,0.5347,0.4653,0.5282,0.5413,0.0131,7879.27
2024-01-01T12:36:00,0.5327,0.4673,0.5279,0.5376,0.0096,11500.12
2024-01-01T12:36:30,0.533,0.467,0.5212,0.5448,0.0236,11462.21
2024-01-01T12:37:00,0.5322,0.4678,0.5265,0.5379,0.0114,10352.18
2024-01-01T12:37:30,0.5334,0.4666,0.5257,0.5411,0.0154,9079.88
2024-01-01T12:38:00,0.5331,0.4669,0.5301,0.5361,0.006,10059.21
2024-01-01T12:38:30,0.528,0.472,0.5224,0.5336,0.0112,7049.5
2024-01-01T12:39:00,0.5307,0.4693,0.525,0.5364,0.0115,9584.87
2024-01-01T12:39:30,0.5337,0.4663,0.5236,0.5438,0.0203,6141.17
2024-01-01T12:40:00,0.5338,0.4662,0.5312,0.5364,0.0053,10990.0
2024-01-01T12:40:30,0.5323,0.4677,0.5297,0.5349,0.0052,7694.66
2024-01-01T12:41:00,0.5278,0.4722,0.5217,0.5338,0.0121,5192.59
2024-01-01T12:41:30,0.529,0.471,0.5221,0.5359,0.0138,9810.66
2024-01-01T12:42:00,0.5278,0.4722,0.517,0.5387,0.0217,10744.72
2024-01-01T12:42:30,0.5267,0.4733,0.5235,0.53,0.0064,5689.69
2024-01-01T12:43:00,0.5327,0.4673,0.5232,0.5422,0.019,5099.58
2024-01-01T12:43:30,0.53,0.47,0.5255,0.5345,0.009,6032.5
2024-01-01T12:44:00,0.5298,0.4702,0.5188,0.5408,0.0221,7716.72
2024-01-01T12:44:30,0.5287,0.4713,0.5172,0.5402,0.0231,7476.2
2024-01-01T12:45:00,0.531,0.469,0.5242,0.5378,0.0136,10184.31
2024-01-01T12:45:30,0.5298,0.4702,0.5257,0.5338,0.0081,8200.95
2024-01-01T12:46:00,0.5331,0.4669,0.5259,0.5404,0.0145,5824.5
2024-01-01T12:46:30,0.5322,0.4678,0.5238,0.5406,0.0168,8233.28
2024-01-01T12:47:00,0.5317,0.4683,0.5249,0.5384,0.0134,11464.39
2024-01-01T12:47:30,0.528,0.472,0.5179,0.5382,0.0203,8947.35
2024-01-01T12:48:00,0.5303,0.4697,0.5206,0.54,0.0194,6731.19
2024-01-01T12:48:30,0.5357,0.4643,0.5277,0.5436,0.0159,8194.74
2024-01-01T12:49:00,0.5325,0.4675,0.5271,0.5379,0.0108,9403.02
2024-01-01T12:49:30,0.5308,0.4692,0.5249,0.5367,0.0118,5266.46
2024-01-01T12:50:00,0.5328,0.4672,0.5262,0.5394,0.0132,10574.37
2024-01-01T12:50:30,0.5345,0.4655,0.5228,0.5463,0.0235,5472.58
2024-01-01T12:51:00,0.5337,0.4663,0.5232,0.5442,0.021,7961.37
2024-01-01T12:51:30,0.5357,0.4643,0.5263,0.5451,0.0188,6187.46
2024-01-01T12:52:00,0.5345,0.4655,0.5281,0.5409,0.0128,9069.24
2024-01-01T12:52:30,0.5347,0.4653,0.5313,0.538,0.0067,7729.0
2024-01-01T12:53:00,0.5345,0.4655,0.5291,0.5398,0.0108,8710.72
2024-01-01T12:53:30,0.5367,0.4633,0.5329,0.5405,0.0075,8133.24
2024-01-01T12:54:00,0.5357,0.4643,0.5289,0.5425,0.0136,10428.5
2024-01-01T12:54:30,0.5361,0.4639,0.5331,0.5391,0.006,7424.63
2024-01-01T12:55:00,0.5335,0.4665,0.5286,0.5383,0.0097,6807.65
2024-01-01T12:55:30,0.5338,0.4662,0.5254,0.5422,0.0169,9917.73
2024-01-01T12:56:00,0.527,0.473,0.5238,0.5302,0.0064,5872.91
2024-01-01T12:56:30,0.5335,0.4665,0.5291,0.538,0.009,5429.07
2024-01-01T12:57:00,0.5318,0.4682,0.5231,0.5406,0.0175,11100.22
2024-01-01T12:57:30,0.5294,0.4706,0.5208,0.538,0.0171,11367.74
2024-01-01T12:58:00,0.5333,0.4667,0.5308,0.5357,0.0049,10775.9
2024-01-01T12:58:30,0.5321,0.4679,0.5221,0.5421,0.0199,8561.88
2024-01-01T12:59:00,0.5307,0.4693,0.5247,0.5368,0.0121,10977.13
2024-01-01T12:59:30,0.5306,0.4694,0.5262,0.5351,0.0089,7858.17
2024-01-01T13:00:00,0.5318,0.4682,0.5203,0.5432,0.0229,8436.47
2024-01-01T13:00:30,0.5306,0.4694,0.5277,0.5335,0.0058,7566.38
2024-01-01T13:01:00,0.5316,0.4684,0.525,0.5381,0.0131,9232.97
2024-01-01T13:01:30,0.5316,0.4684,0.5197,0.5435,0.0238,8056.59
2024-01-01T13:02:00,0.5341,0.4659,0.5259,0.5423,0.0164,7138.98
2024-01-01T13:02:30,0.5346,0.4654,0.529,0.5402,0.0112,11185.07
2024-01-01T13:03:00,0.5306,0.4694,0.5209,0.5403,0.0194,9769.95
2024-01-01T13:03:30,0.5327,0.4673,0.5242,0.5411,0.0168,7031.39
2024-01-01T13:04:00,0.5305,0.4695,0.5184,0.5425,0.0241,5373.47
2024-01-01T13:04:30,0.5293,0.4707,0.5216,0.5369,0.0154,7533.65
2024-01-01T13:05:00,0.5307,0.4693,0.523,0.5383,0.0153,9632.93
2024-01-01T13:05:30,0.535,0.465,0.5315,0.5384,0.0069,10946.82
2024-01-01T13:06:00,0.5269,0.4731,0.5208,0.533,0.0123,7475.4
2024-01-01T13:06:30,0.528,0.472,0.5245,0.5315,0.0069,6176.13
2024-01-01T13:07:00,0.5307,0.4693,0.5242,0.5373,0.013,7047.95
2024-01-01T13:07:30,0.5276,0.4724,0.5193,0.5358,0.0165,6305.56
2024-01-01T13:08:00,0.5303,0.4697,0.5206,0.5401,0.0195,5877.34
2024-01-01T13:08:30,0.5297,0.4703,0.5214,0.538,0.0166,8980.35
2024-01-01T13:09:00,0.5322,0.4678,0.5237,0.5406,0.017,5187.71
2024-01-01T13:09:30,0.5342,0.4658,0.5224,0.546,0.0236,10727.08
2024-01-01T13:10:00,0.5326,0.4674,0.5247,0.5405,0.0158,5611.32
2024-01-01T13:10:30,0.5318,0.4682,0.5198,0.5438,0.0241,5771.34
2024-01-01T13:11:00,0.5313,0.4687,0.5272,0.5355,0.0083,6752.06
2024-01-01T13:11:30,0.5323,0.4677,0.5298,0.5348,0.005,10328.41
2024-01-01T13:12:00,0.5341,0.4659,0.5236,0.5446,0.021,5769.79
2024-01-01T13:12:30,0.5356,0.4644,0.525,0.5461,0.0211,8228.58
2024-01-01T13:13:00,0.5349,0.4651,0.5243,0.5454,0.0211,10469.57
2024-01-01T13:13:30,0.5294,0.4706,0.5228,0.536,0.0133,7862.08
2024-01-01T13:14:00,0.5308,0.4692,0.5263,0.5353,0.0089,11850.85
2024-01-01T13:14:30,0.5234,0.4766,0.5146,0.5323,0.0177,10901.63
2024-01-01T13:15:00,0.5282,0.4718,0.5163,0.54,0.0236,9169.21
2024-01-01T13:15:30,0.5307,0.4693,0.5246,0.5368,0.0123,11124.0
2024-01-01T13:16:00,0.5266,0.4734,0.5146,0.5386,0.024,9384.64
2024-01-01T13:16:30,0.5294,0.4706,0.5194,0.5394,0.02,10911.9
2024-01-01T13:17:00,0.5256,0.4744,0.5159,0.5353,0.0194,8685.83
2024-01-01T13:17:30,0.5286,0.4714,0.5207,0.5366,0.0159,11743.42
2024-01-01T13:18:00,0.5315,0.4685,0.5288,0.5342,0.0053,7498.24
2024-01-01T13:18:30,0.5308,0.4692,0.5213,0.5404,0.0191,7947.9
2024-01-01T13:19:00,0.5327,0.4673,0.5297,0.5358,0.006,9660.79
2024-01-01T13:19:30,0.5329,0.4671,0.5292,0.5365,0.0074,10215.72
2024-01-01T13:20:00,0.5321,0.4679,0.5236,0.5406,0.017,5271.99
2024-01-01T13:20:30,0.5318,0.4682,0.5245,0.539,0.0145,6913.6
2024-01-01T13:21:00,0.5332,0.4668,0.5278,0.5386,0.0108,10479.48
2024-01-01T13:21:30,0.5302,0.4698,0.5189,0.5415,0.0227,7724.93
2024-01-01T13:22:00,0.5321,0.4679,0.5258,0.5384,0.0125,6519.22
2024-01-01T13:22:30,0.5307,0.4693,0.5217,0.5397,0.0181,8569.19
2024-01-01T13:23:00,0.5307,0.4693,0.5226,0.5387,0.0161,5522.67
2024-01-01T13:23:30,0.5347,0.4653,0.5256,0.5438,0.0181,7826.23
2024-01-01T13:24:00,0.5329,0.4671,0.5254,0.5404,0.015,6069.54
2024-01-01T13:24:30,0.533,0.467,0.5302,0.5357,0.0055,10250.73
2024-01-01T13:25:00,0.5303,0.4697,0.5224,0.5383,0.0158,5599.62
2024-01-01T13:25:30,0.5319,0.4681,0.521,0.5427,0.0217,8650.25
2024-01-01T13:26:00,0.5287,0.4713,0.5207,0.5368,0.0161,8971.22
2024-01-01T13:26:30,0.5303,0.4697,0.522,0.5387,0.0167,9681.69
2024-01-01T13:27:00,0.532,0.468,0.5227,0.5413,0.0186,8261.02
2024-01-01T13:27:30,0.5299,0.4701,0.5223,0.5376,0.0153,9286.35
2024-01-01T13:28:00,0.5312,0.4688,0.52,0.5423,0.0223,9040.52
2024-01-01T13:28:30,0.5296,0.4704,0.5248,0.5344,0.0096,11929.18
2024-01-01T13:29:00,0.5318,0.4682,0.5221,0.5414,0.0193,9969.55
2024-01-01T13:29:30,0.5287,0.4713,0.5248,0.5326,0.0078,6757.66
2024-01-01T13:30:00,0.5256,0.4744,0.5167,0.5345,0.0178,11627.51
2024-01-01T13:30:30,0.5288,0.4712,0.5254,0.5321,0.0067,5600.04
2024-01-01T13:31:00,0.5348,0.4652,0.5263,0.5433,0.017,6097.95
2024-01-01T13:31:30,0.5354,0.4646,0.528,0.5427,0.0147,10213.7
2024-01-01T13:32:00,0.534,0.466,0.5308,0.5372,0.0064,6019.65
2024-01-01T13:32:30,0.5295,0.4705,0.5255,0.5335,0.008,9751.21
2024-01-01T13:33:00,0.5323,0.4677,0.5239,0.5407,0.0168,6453.81
2024-01-01T13:33:30,0.5311,0.4689,0.5223,0.54,0.0178,7733.01
2024-01-01T13:34:00,0.528,0.472,0.5256,0.5305,0.0049,11561.5
2024-01-01T13:34:30,0.5285,0.4715,0.5177,0.5393,0.0216,11486.06
2024-01-01T13:35:00,0.5321,0.4679,0.5269,0.5374,0.0105,7702.92
2024-01-01T13:35:30,0.5317,0.4683,0.5258,0.5376,0.0118,5687.6
2024-01-01T13:36:00,0.5302,0.4698,0.5211,0.5392,0.0181,10288.24
2024-01-01T13:36:30,0.5328,0.4672,0.528,0.5376,0.0097,5912.08
2024-01-01T13:37:00,0.528,0.472,0.516,0.54,0.024,6652.71
2024-01-01T13:37:30,0.5323,0.4677,0.5242,0.5404,0.0163,8223.5
2024-01-01T13:38:00,0.5297,0.4703,0.5213,0.538,0.0166,10691.21
2024-01-01T13:38:30,0.531,0.469,0.5189,0.5431,0.0242,6975.45
2024-01-01T13:39:00,0.5312,0.4688,0.5219,0.5404,0.0185,7279.67
2024-01-01T13:39:30,0.5291,0.4709,0.5219,0.5364,0.0145,6359.03
2024-01-01T13:40:00,0.5317,0.4683,0.5202,0.5432,0.023,6221.67
2024-01-01T13:40:30,0.5296,0.4704,0.518,0.5411,0.023,5387.08
2024-01-01T13:41:00,0.5273,0.4727,0.5215,0.5331,0.0116,8833.84
2024-01-01T13:41:30,0.5251,0.4749,0.5136,0.5366,0.023,6826.85
2024-01-01T13:42:00,0.5271,0.4729,0.5197,0.5344,0.0147,10490.67
2024-01-01T13:42:30,0.5265,0.4735,0.5201,0.5329,0.0128,8128.41
2024-01-01T13:43:00,0.5286,0.4714,0.5176,0.5396,0.022,7290.9
2024-01-01T13:43:30,0.527,0.473,0.5188,0.5352,0.0164,8528.11
2024-01-01T13:44:00,0.5287,0.4713,0.5216,0.5359,0.0143,9152.88
2024-01-01T13:44:30,0.5282,0.4718,0.5197,0.5368,0.0172,9818.17
2024-01-01T13:45:00,0.5338,0.4662,0.5268,0.5407,0.014,6198.82
2024-01-01T13:45:30,0.5334,0.4666,0.5267,0.5402,0.0136,5228.82
2024-01-01T13:46:00,0.53,0.47,0.5259,0.5341,0.0082,11302.12
2024-01-01T13:46:30,0.5308,0.4692,0.5221,0.5396,0.0174,8701.86
2024-01-01T13:47:00,0.5301,0.4699,0.5242,0.536,0.0118,5624.49
2024-01-01T13:47:30,0.531,0.469,0.525,0.5369,0.012,8722.17
2024-01-01T13:48:00,0.5329,0.4671,0.5235,0.5424,0.0189,8976.35
2024-01-01T13:48:30,0.5318,0.4682,0.524,0.5396,0.0156,8414.36
2024-01-01T13:49:00,0.5335,0.4665,0.5291,0.538,0.0089,10523.16
2024-01-01T13:49:30,0.5308,0.4692,0.5277,0.534,0.0063,9332.63
2024-01-01T13:50:00,0.5316,0.4684,0.5256,0.5376,0.012,9690.27
2024-01-01T13:50:30,0.5338,0.4662,0.523,0.5447,0.0216,6178.51
2024-01-01T13:51:00,0.5316,0.4684,0.5251,0.5381,0.013,7064.5
2024-01-01T13:51:30,0.5308,0.4692,0.5196,0.5419,0.0224,5294.97
2024-01-01T13:52:00,0.5302,0.4698,0.5222,0.5383,0.0161,11296.37
2024-01-01T13:52:30,0.5286,0.4714,0.5174,0.5397,0.0223,7071.15
2024-01-01T13:53:00,0.5293,0.4707,0.521,0.5377,0.0167,5725.75
2024-01-01T13:53:30,0.5312,0.4688,0.5241,0.5382,0.0141,6134.26
2024-01-01T13:54:00,0.5342,0.4658,0.5241,0.5443,0.0202,9316.62
2024-01-01T13:54:30,0.5312,0.4688,0.5225,0.5399,0.0175,9825.78
2024-01-01T13:55:00,0.533,0.467,0.5219,0.5441,0.0222,9647.72
2024-01-01T13:55:30,0.5325,0.4675,0.5231,0.542,0.019,9428.94
2024-01-01T13:56:00,0.5289,0.4711,0.5186,0.5392,0.0206,9669.52
2024-01-01T13:56:30,0.5293,0.4707,0.5176,0.5409,0.0233,11844.75
2024-01-01T13:57:00,0.5263,0.4737,0.5232,0.5293,0.0061,6164.2
2024-01-01T13:57:30,0.5307,0.4693,0.5189,0.5424,0.0235,10469.94
2024-01-01T13:58:00,0.5246,0.4754,0.5201,0.5292,0.009,6967.55
2024-01-01T13:58:30,0.5216,0.4784,0.5107,0.5325,0.0218,11058.76
2024-01-01T13:59:00,0.5211,0.4789,0.5091,0.5332,0.0241,10706.66
2024-01-01T13:59:30,0.5175,0.4825,0.5055,0.5295,0.024,9540.24
2024-01-01T14:00:00,0.5173,0.4827,0.5124,0.5222,0.0099,10453.86
2024-01-01T14:00:30,0.5155,0.4845,0.5061,0.5248,0.0187,8386.66
2024-01-01T14:01:00,0.5134,0.4866,0.5024,0.5244,0.022,7254.0
2024-01-01T14:01:30,0.5143,0.4857,0.5106,0.5179,0.0074,7835.23
2024-01-01T14:02:00,0.5152,0.4848,0.504,0.5264,0.0224,12060.4
2024-01-01T14:02:30,0.5145,0.4855,0.5069,0.522,0.0151,9502.18
2024-01-01T14:03:00,0.5108,0.4892,0.5,0.5216,0.0216,5366.42
2024-01-01T14:03:30,0.5091,0.4909,0.5025,0.5157,0.0132,6213.37
2024-01-01T14:04:00,0.5067,0.4933,0.5001,0.5134,0.0133,6152.88
2024-01-01T14:04:30,0.5044,0.4956,0.4958,0.513,0.0171,8008.23
2024-01-01T14:05:00,0.5054,0.4946,0.5017,0.5092,0.0075,10862.29
2024-01-01T14:05:30,0.5041,0.4959,0.4932,0.5151,0.0219,9826.34
2024-01-01T14:06:00,0.5002,0.4998,0.4917,0.5087,0.017,8785.87
2024-01-01T14:06:30,0.5006,0.4994,0.4955,0.5056,0.01,9431.27
2024-01-01T14:07:00,0.4995,0.5005,0.4898,0.5091,0.0193,5791.58
2024-01-01T14:07:30,0.498,0.502,0.488,0.508,0.02,8516.7
2024-01-01T14:08:00,0.4919,0.5081,0.4842,0.4997,0.0156,6848.19
2024-01-01T14:08:30,0.4919,0.5081,0.4801,0.5037,0.0236,12339.03
2024-01-01T14:09:00,0.4922,0.5078,0.4876,0.4967,0.0091,6589.84
2024-01-01T14:09:30,0.4845,0.5155,0.473,0.496,0.023,10318.26
2024-01-01T14:10:00,0.4868,0.5132,0.4771,0.4965,0.0194,9703.56
2024-01-01T14:10:30,0.4832,0.5168,0.4719,0.4945,0.0226,10639.59
2024-01-01T14:11:00,0.4812,0.5188,0.478,0.4845,0.0065,6583.34
2024-01-01T14:11:30,0.4827,0.5173,0.4789,0.4865,0.0076,8069.66
2024-01-01T14:12:00,0.4881,0.5119,0.4779,0.4982,0.0203,7781.34
2024-01-01T14:12:30,0.4829,0.5171,0.4735,0.4924,0.0189,11528.0
2024-01-01T14:13:00,0.4801,0.5199,0.4696,0.4905,0.0209,9527.69
2024-01-01T14:13:30,0.4793,0.5207,0.4726,0.486,0.0134,8808.53
2024-01-01T14:14:00,0.4773,0.5227,0.4674,0.4871,0.0197,11843.71
2024-01-01T14:14:30,0.4734,0.5266,0.4648,0.4821,0.0173,9809.71
2024-01-01T14:15:00,0.4733,0.5267,0.4677,0.4788,0.0112,7026.01
2024-01-01T14:15:30,0.4706,0.5294,0.4653,0.4759,0.0106,9186.49
2024-01-01T14:16:00,0.469,0.531,0.4625,0.4755,0.013,10814.57
2024-01-01T14:16:30,0.472,0.528,0.4611,0.483,0.0219,9217.6
2024-01-01T14:17:00,0.4685,0.5315,0.4601,0.477,0.0169,6924.16
2024-01-01T14:17:30,0.4626,0.5374,0.4555,0.4698,0.0142,9086.42
2024-01-01T14:18:00,0.4612,0.5388,0.4585,0.4638,0.0052,7922.93
2024-01-01T14:18:30,0.461,0.539,0.4546,0.4674,0.0128,10001.16
2024-01-01T14:19:00,0.4623,0.5377,0.4527,0.4718,0.019,9942.32
2024-01-01T14:19:30,0.4571,0.5429,0.4535,0.4607,0.0072,11191.77
2024-01-01T14:20:00,0.4562,0.5438,0.4475,0.4649,0.0174,6520.35
2024-01-01T14:20:30,0.4527,0.5473,0.4464,0.4591,0.0127,6746.18
2024-01-01T14:21:00,0.452,0.548,0.4429,0.4611,0.0182,5268.76
2024-01-01T14:21:30,0.4543,0.5457,0.4486,0.46,0.0114,11232.39
2024-01-01T14:22:00,0.451,0.549,0.4402,0.4618,0.0215,11425.64
2024-01-01T14:22:30,0.4525,0.5475,0.4483,0.4567,0.0084,11460.28
2024-01-01T14:23:00,0.451,0.549,0.4427,0.4593,0.0166,5182.06
2024-01-01T14:23:30,0.4489,0.5511,0.4459,0.4519,0.006,10090.6
2024-01-01T14:24:00,0.4501,0.5499,0.4401,0.4602,0.02,8033.59
2024-01-01T14:24:30,0.4491,0.5509,0.4455,0.4527,0.0071,9554.03
2024-01-01T14:25:00,0.4439,0.5561,0.4324,0.4553,0.0229,8069.69
2024-01-01T14:25:30,0.4433,0.5567,0.4359,0.4507,0.0147,10973.78
2024-01-01T14:26:00,0.4411,0.5589,0.4321,0.45,0.0179,4989.68
2024-01-01T14:26:30,0.4388,0.5612,0.4271,0.4505,0.0234,7805.88
2024-01-01T14:27:00,0.4347,0.5653,0.4287,0.4406,0.0119,9424.56
2024-01-01T14:27:30,0.434,0.566,0.4231,0.445,0.0218,5060.57
2024-01-01T14:28:00,0.4303,0.5697,0.4238,0.4369,0.0131,4980.18
2024-01-01T14:28:30,0.4306,0.5694,0.4251,0.4361,0.011,11017.5
2024-01-01T14:29:00,0.4277,0.5723,0.4189,0.4364,0.0175,9053.99
2024-01-01T14:29:30,0.431,0.569,0.4263,0.4357,0.0095,9916.48
2024-01-01T14:30:00,0.4262,0.5738,0.4225,0.43,0.0074,4806.45
2024-01-01T14:30:30,0.4273,0.5727,0.4233,0.4313,0.0081,7067.32
2024-01-01T14:31:00,0.4261,0.5739,0.4219,0.4304,0.0085,7315.15
2024-01-01T14:31:30,0.4243,0.5757,0.4141,0.4345,0.0204,6034.6
2024-01-01T14:32:00,0.4218,0.5782,0.4159,0.4278,0.0119,8536.37
2024-01-01T14:32:30,0.4157,0.5843,0.4072,0.4243,0.0171,6847.84
2024-01-01T14:33:00,0.4188,0.5812,0.4109,0.4267,0.0158,5409.35
2024-01-01T14:33:30,0.4203,0.5797,0.4174,0.4232,0.0058,6716.7
2024-01-01T14:34:00,0.4172,0.5828,0.4072,0.4271,0.0199,10528.06
2024-01-01T14:34:30,0.4147,0.5853,0.4105,0.419,0.0084,6762.6
2024-01-01T14:35:00,0.4148,0.5852,0.4094,0.4202,0.0108,9089.3
2024-01-01T14:35:30,0.4107,0.5893,0.4043,0.4172,0.0129,4982.05
2024-01-01T14:36:00,0.4078,0.5922,0.4044,0.4112,0.0068,5887.23
2024-01-01T14:36:30,0.4074,0.5926,0.3994,0.4155,0.016,10454.57
2024-01-01T14:37:00,0.4033,0.5967,0.3939,0.4126,0.0187,5133.88
2024-01-01T14:37:30,0.4061,0.5939,0.4038,0.4084,0.0046,6968.06
2024-01-01T14:38:00,0.4026,0.5974,0.3958,0.4093,0.0135,4662.79
2024-01-01T14:38:30,0.4031,0.5969,0.3965,0.4097,0.0133,9649.06
2024-01-01T14:39:00,0.4011,0.5989,0.3926,0.4097,0.017,8042.55
2024-01-01T14:39:30,0.4003,0.5997,0.3967,0.4039,0.0072,6267.2
2024-01-01T14:40:00,0.3992,0.6008,0.3946,0.4038,0.0092,6230.57
2024-01-01T14:40:30,0.3943,0.6057,0.3886,0.3999,0.0113,10165.75
2024-01-01T14:41:00,0.3934,0.6066,0.3841,0.4026,0.0185,6609.78
2024-01-01T14:41:30,0.3917,0.6083,0.3851,0.3984,0.0134,5836.51
2024-01-01T14:42:00,0.391,0.609,0.3833,0.3987,0.0155,7749.84
2024-01-01T14:42:30,0.3877,0.6123,0.3792,0.3962,0.017,6716.12
2024-01-01T14:43:00,0.3907,0.6093,0.3863,0.3951,0.0088,5602.93
2024-01-01T14:43:30,0.3893,0.6107,0.386,0.3926,0.0066,5826.32
2024-01-01T14:44:00,0.3851,0.6149,0.3797,0.3905,0.0108,4504.69
2024-01-01T14:44:30,0.3853,0.6147,0.3814,0.3892,0.0077,8460.84
2024-01-01T14:45:00,0.385,0.615,0.3789,0.3911,0.0122,4301.37
2024-01-01T14:45:30,0.3863,0.6137,0.3819,0.3907,0.0088,7127.1
2024-01-01T14:46:00,0.3784,0.6216,0.3678,0.389,0.0212,7665.1
2024-01-01T14:46:30,0.3798,0.6202,0.3759,0.3838,0.0079,5096.05
2024-01-01T14:47:00,0.3758,0.6242,0.3733,0.3783,0.005,8175.97
2024-01-01T14:47:30,0.3774,0.6226,0.3739,0.3809,0.007,7274.93
2024-01-01T14:48:00,0.3747,0.6253,0.3644,0.3851,0.0207,9246.5
2024-01-01T14:48:30,0.3761,0.6239,0.369,0.3832,0.0142,5066.79
2024-01-01T14:49:00,0.3675,0.6325,0.3649,0.3702,0.0053,6966.23
2024-01-01T14:49:30,0.3703,0.6297,0.3612,0.3793,0.018,6322.04
2024-01-01T14:50:00,0.3684,0.6316,0.358,0.3788,0.0207,4802.29
2024-01-01T14:50:30,0.3663,0.6337,0.3562,0.3764,0.0203,4893.41
2024-01-01T14:51:00,0.3616,0.6384,0.3574,0.3658,0.0084,7840.51
2024-01-01T14:51:30,0.3619,0.6381,0.3578,0.3661,0.0082,4976.54
2024-01-01T14:52:00,0.3583,0.6417,0.3511,0.3655,0.0144,8508.69
2024-01-01T14:52:30,0.3601,0.6399,0.3506,0.3696,0.0189,8942.19
2024-01-01T14:53:00,0.3551,0.6449,0.3484,0.3619,0.0135,8703.36
2024-01-01T14:53:30,0.3573,0.6427,0.3531,0.3614,0.0082,6699.72
2024-01-01T14:54:00,0.3568,0.6432,0.3517,0.362,0.0103,8394.68
2024-01-01T14:54:30,0.3529,0.6471,0.3427,0.3631,0.0204,4775.91
2024-01-01T14:55:00,0.3526,0.6474,0.3487,0.3566,0.0079,7070.75
2024-01-01T14:55:30,0.3515,0.6485,0.3432,0.3598,0.0165,8484.65
2024-01-01T14:56:00,0.3526,0.6474,0.3478,0.3574,0.0096,8083.98
2024-01-01T14:56:30,0.3493,0.6507,0.3395,0.3591,0.0195,6275.55
2024-01-01T14:57:00,0.3504,0.6496,0.3435,0.3572,0.0138,6443.19
2024-01-01T14:57:30,0.3463,0.6537,0.3437,0.3489,0.0051,5906.8
2024-01-01T14:58:00,0.3425,0.6575,0.3325,0.3525,0.02,6977.96
2024-01-01T14:58:30,0.3434,0.6566,0.3403,0.3465,0.0062,4153.79
2024-01-01T14:59:00,0.3408,0.6592,0.3375,0.3441,0.0066,8607.66
2024-01-01T14:59:30,0.3364,0.6636,0.3316,0.3411,0.0095,4030.92
2024-01-01T15:00:00,0.337,0.663,0.3267,0.3472,0.0205,4773.7
2024-01-01T15:00:30,0.2378,0.7622,0.2339,0.2417,0.0079,4602.59
2024-01-01T15:01:00,0.2312,0.7688,0.2249,0.2374,0.0126,5008.04
2024-01-01T15:01:30,0.2269,0.7731,0.2228,0.2311,0.0083,5367.05
2024-01-01T15:02:00,0.2213,0.7787,0.2145,0.2281,0.0136,4764.38
2024-01-01T15:02:30,0.2202,0.7798,0.2117,0.2288,0.0171,5882.79
2024-01-01T15:03:00,0.2166,0.7834,0.2086,0.2245,0.0159,4265.39
2024-01-01T15:03:30,0.2125,0.7875,0.21,0.215,0.0051,3071.98
2024-01-01T15:04:00,0.21,0.79,0.2029,0.2171,0.0141,5869.79
2024-01-01T15:04:30,0.2091,0.7909,0.205,0.2131,0.008,5800.49
2024-01-01T15:05:00,0.2122,0.7878,0.2044,0.2199,0.0156,3347.6
2024-01-01T15:05:30,0.2057,0.7943,0.1971,0.2144,0.0174,5394.43
2024-01-01T15:06:00,0.2057,0.7943,0.1987,0.2127,0.0141,5167.03
2024-01-01T15:06:30,0.2041,0.7959,0.1997,0.2085,0.0087,2806.52
2024-01-01T15:07:00,0.2032,0.7968,0.2009,0.2055,0.0046,5672.4
2024-01-01T15:07:30,0.2006,0.7994,0.1957,0.2056,0.0099,4463.31
2024-01-01T15:08:00,0.1967,0.8033,0.1938,0.1996,0.0057,4870.6
2024-01-01T15:08:30,0.1973,0.8027,0.1907,0.204,0.0133,2581.13
2024-01-01T15:09:00,0.1954,0.8046,0.1916,0.1993,0.0077,3882.72
2024-01-01T15:09:30,0.1919,0.8081,0.1854,0.1983,0.0129,2941.23
2024-01-01T15:10:00,0.1931,0.8069,0.1894,0.1968,0.0074,2508.31
2024-01-01T15:10:30,0.1891,0.8109,0.1837,0.1946,0.0109,5119.5
2024-01-01T15:11:00,0.193,0.807,0.191,0.195,0.004,5073.52
2024-01-01T15:11:30,0.1913,0.8087,0.1848,0.1978,0.013,3347.13
2024-01-01T15:12:00,0.1926,0.8074,0.1869,0.1983,0.0114,4519.77
2024-01-01T15:12:30,0.1951,0.8049,0.1871,0.2032,0.0161,3210.69
2024-01-01T15:13:00,0.1949,0.8051,0.1864,0.2035,0.0171,3614.25
2024-01-01T15:13:30,0.1913,0.8087,0.1825,0.2002,0.0176,5247.95
2024-01-01T15:14:00,0.1908,0.8092,0.1843,0.1973,0.013,2509.13
2024-01-01T15:14:30,0.1907,0.8093,0.1823,0.1991,0.0168,2447.29
2024-01-01T15:15:00,0.1932,0.8068,0.1911,0.1952,0.0042,3598.87
2024-01-01T15:15:30,0.1939,0.8061,0.1851,0.2027,0.0176,4525.63
2024-01-01T15:16:00,0.1917,0.8083,0.1885,0.1949,0.0064,4040.66
2024-01-01T15:16:30,0.1966,0.8034,0.1877,0.2055,0.0178,3391.09
2024-01-01T15:17:00,0.1955,0.8045,0.1923,0.1987,0.0064,4608.55
2024-01-01T15:17:30,0.1917,0.8083,0.1886,0.1949,0.0063,3446.77
2024-01-01T15:18:00,0.1914,0.8086,0.1834,0.1995,0.0162,3002.25
2024-01-01T15:18:30,0.191,0.809,0.1857,0.1963,0.0105,3762.94
2024-01-01T15:19:00,0.1903,0.8097,0.1861,0.1945,0.0084,5261.79
2024-01-01T15:19:30,0.1931,0.8069,0.1905,0.1957,0.0051,4218.28
2024-01-01T15:20:00,0.1896,0.8104,0.1846,0.1946,0.01,3043.5
2024-01-01T15:20:30,0.1917,0.8083,0.1851,0.1983,0.0132,5205.78
2024-01-01T15:21:00,0.1987,0.8013,0.1935,0.2039,0.0104,2576.39
2024-01-01T15:21:30,0.1942,0.8058,0.1903,0.1981,0.0079,5008.9
2024-01-01T15:22:00,0.1964,0.8036,0.1938,0.1991,0.0053,4859.09
2024-01-01T15:22:30,0.1964,0.8036,0.1882,0.2046,0.0164,2854.46
2024-01-01T15:23:00,0.1956,0.8044,0.1892,0.202,0.0128,3060.51
2024-01-01T15:23:30,0.1955,0.8045,0.1911,0.2,0.0089,4228.88
2024-01-01T15:24:00,0.196,0.804,0.1873,0.2047,0.0174,4757.08
2024-01-01T15:24:30,0.1947,0.8053,0.1918,0.1975,0.0057,4862.14
2024-01-01T15:25:00,0.193,0.807,0.1855,0.2006,0.0151,3955.09
2024-01-01T15:25:30,0.1928,0.8072,0.1853,0.2003,0.015,4861.8
2024-01-01T15:26:00,0.1941,0.8059,0.1857,0.2024,0.0167,4133.71
2024-01-01T15:26:30,0.1943,0.8057,0.1878,0.2008,0.0131,4625.0
2024-01-01T15:27:00,0.1933,0.8067,0.1886,0.198,0.0094,5720.47
2024-01-01T15:27:30,0.1889,0.8111,0.1807,0.1971,0.0164,4317.94
2024-01-01T15:28:00,0.1915,0.8085,0.1896,0.1935,0.0039,5628.77
2024-01-01T15:28:30,0.1946,0.8054,0.1896,0.1997,0.0102,2518.03
2024-01-01T15:29:00,0.1941,0.8059,0.1911,0.1971,0.0061,3503.4
2024-01-01T15:29:30,0.1935,0.8065,0.1868,0.2001,0.0133,3576.41
2024-01-01T15:30:00,0.1922,0.8078,0.1891,0.1953,0.0062,5045.87
2024-01-01T15:30:30,0.1922,0.8078,0.1859,0.1985,0.0126,2768.3
2024-01-01T15:31:00,0.1936,0.8064,0.1897,0.1974,0.0077,3163.72
2024-01-01T15:31:30,0.1879,0.8121,0.186,0.1897,0.0037,5482.81
2024-01-01T15:32:00,0.1925,0.8075,0.1842,0.2008,0.0165,4643.26
2024-01-01T15:32:30,0.1944,0.8056,0.1875,0.2013,0.0138,3465.87
2024-01-01T15:33:00,0.1916,0.8084,0.1846,0.1985,0.014,2940.28
2024-01-01T15:33:30,0.1926,0.8074,0.1885,0.1968,0.0083,5429.17
2024-01-01T15:34:00,0.1916,0.8084,0.1835,0.1998,0.0163,2777.43
2024-01-01T15:34:30,0.1938,0.8062,0.1907,0.1969,0.0062,3968.37
2024-01-01T15:35:00,0.1942,0.8058,0.1854,0.2029,0.0175,3168.45
2024-01-01T15:35:30,0.1985,0.8015,0.1911,0.2059,0.0147,4655.39
2024-01-01T15:36:00,0.1985,0.8015,0.1933,0.2037,0.0104,3108.47
2024-01-01T15:36:30,0.1959,0.8041,0.1871,0.2047,0.0176,4752.09
2024-01-01T15:37:00,0.1962,0.8038,0.1884,0.204,0.0155,4702.79
2024-01-01T15:37:30,0.196,0.804,0.1896,0.2024,0.0129,3360.63
2024-01-01T15:38:00,0.1955,0.8045,0.1885,0.2026,0.014,4415.19
2024-01-01T15:38:30,0.1941,0.8059,0.1899,0.1983,0.0084,2545.65
2024-01-01T15:39:00,0.1887,0.8113,0.1853,0.1921,0.0068,4034.2
2024-01-01T15:39:30,0.1895,0.8105,0.1821,0.1969,0.0148,4702.7
2024-01-01T15:40:00,0.1931,0.8069,0.1846,0.2017,0.017,4332.95
2024-01-01T15:40:30,0.191,0.809,0.1836,0.1983,0.0146,3660.02
2024-01-01T15:41:00,0.1925,0.8075,0.1841,0.201,0.017,4350.65
2024-01-01T15:41:30,0.1916,0.8084,0.1848,0.1985,0.0136,2996.21
2024-01-01T15:42:00,0.197,0.803,0.1928,0.2011,0.0083,3935.36
2024-01-01T15:42:30,0.1957,0.8043,0.1895,0.2018,0.0124,5553.19
2024-01-01T15:43:00,0.1942,0.8058,0.1858,0.2026,0.0168,4257.79
2024-01-01T15:43:30,0.1949,0.8051,0.1861,0.2037,0.0176,4594.51
2024-01-01T15:44:00,0.194,0.806,0.1865,0.2016,0.015,3181.71
2024-01-01T15:44:30,0.1943,0.8057,0.191,0.1976,0.0065,3008.61
2024-01-01T15:45:00,0.1938,0.8062,0.19,0.1976,0.0076,2935.4
2024-01-01T15:45:30,0.1951,0.8049,0.191,0.1992,0.0083,5075.14
2024-01-01T15:46:00,0.1951,0.8049,0.1879,0.2023,0.0144,2834.28
2024-01-01T15:46:30,0.1894,0.8106,0.1848,0.1941,0.0093,4199.93
2024-01-01T15:47:00,0.1953,0.8047,0.1911,0.1995,0.0084,5437.12
2024-01-01T15:47:30,0.1926,0.8074,0.1848,0.2004,0.0156,5090.26
2024-01-01T15:48:00,0.1911,0.8089,0.1867,0.1954,0.0088,3498.03
2024-01-01T15:48:30,0.1938,0.8062,0.1861,0.2016,0.0155,5331.8
2024-01-01T15:49:00,0.1984,0.8016,0.1946,0.2023,0.0077,4389.64
2024-01-01T15:49:30,0.1942,0.8058,0.1875,0.201,0.0135,4691.92
2024-01-01T15:50:00,0.1929,0.8071,0.1888,0.1971,0.0083,5653.63
2024-01-01T15:50:30,0.1935,0.8065,0.1897,0.1972,0.0074,3072.17
2024-01-01T15:51:00,0.1947,0.8053,0.1877,0.2017,0.014,5324.36
2024-01-01T15:51:30,0.1985,0.8015,0.1925,0.2044,0.0119,3846.3
2024-01-01T15:52:00,0.1967,0.8033,0.1937,0.1997,0.006,4648.63
2024-01-01T15:52:30,0.1924,0.8076,0.1879,0.1968,0.0089,3253.88
2024-01-01T15:53:00,0.1943,0.8057,0.1902,0.1984,0.0082,4189.33
2024-01-01T15:53:30,0.1924,0.8076,0.1901,0.1947,0.0045,3449.26
2024-01-01T15:54:00,0.1915,0.8085,0.1873,0.1957,0.0084,3011.48
2024-01-01T15:54:30,0.1947,0.8053,0.1882,0.2012,0.0129,5145.43
2024-01-01T15:55:00,0.1941,0.8059,0.1869,0.2014,0.0145,5152.47
2024-01-01T15:55:30,0.1954,0.8046,0.1935,0.1974,0.0038,4661.4
2024-01-01T15:56:00,0.1981,0.8019,0.192,0.2043,0.0123,5756.03
2024-01-01T15:56:30,0.1975,0.8025,0.1903,0.2047,0.0144,5213.17
2024-01-01T15:57:00,0.194,0.806,0.1882,0.1997,0.0115,2704.48
2024-01-01T15:57:30,0.1964,0.8036,0.1939,0.1989,0.005,3892.9
2024-01-01T15:58:00,0.193,0.807,0.1846,0.2013,0.0167,4942.27
2024-01-01T15:58:30,0.1941,0.8059,0.1916,0.1966,0.005,3144.07
2024-01-01T15:59:00,0.1896,0.8104,0.1863,0.1929,0.0066,5526.03
2024-01-01T15:59:30,0.1943,0.8057,0.1921,0.1965,0.0044,3543.25
2024-01-01T16:00:00,0.1874,0.8126,0.185,0.1897,0.0047,5506.97
2024-01-01T16:00:30,0.1918,0.8082,0.1898,0.1938,0.004,4001.84
2024-01-01T16:01:00,0.1914,0.8086,0.1858,0.1969,0.0111,4333.28
2024-01-01T16:01:30,0.1893,0.8107,0.183,0.1957,0.0127,4302.6
2024-01-01T16:02:00,0.1917,0.8083,0.187,0.1964,0.0094,3042.42
2024-01-01T16:02:30,0.1919,0.8081,0.183,0.2009,0.0179,5577.39
2024-01-01T16:03:00,0.1947,0.8053,0.1872,0.2023,0.0151,5491.23
2024-01-01T16:03:30,0.195,0.805,0.1921,0.1979,0.0058,5347.43
2024-01-01T16:04:00,0.1954,0.8046,0.1911,0.1998,0.0086,4736.63
2024-01-01T16:04:30,0.1929,0.8071,0.1872,0.1987,0.0115,3590.48
2024-01-01T16:05:00,0.1892,0.8108,0.1814,0.1971,0.0157,5450.53
2024-01-01T16:05:30,0.1913,0.8087,0.1837,0.1988,0.0151,4681.32
2024-01-01T16:06:00,0.1925,0.8075,0.185,0.2,0.015,3410.57
2024-01-01T16:06:30,0.1967,0.8033,0.1911,0.2024,0.0113,2810.13
2024-01-01T16:07:00,0.1961,0.8039,0.1899,0.2022,0.0124,5250.0
2024-01-01T16:07:30,0.1966,0.8034,0.1905,0.2027,0.0122,2954.44
2024-01-01T16:08:00,0.196,0.804,0.1893,0.2028,0.0134,5783.91
2024-01-01T16:08:30,0.1964,0.8036,0.1875,0.2054,0.0179,2731.81
2024-01-01T16:09:00,0.1965,0.8035,0.1915,0.2016,0.0102,4537.86
2024-01-01T16:09:30,0.1966,0.8034,0.1942,0.1991,0.0049,4186.25
2024-01-01T16:10:00,0.1928,0.8072,0.1882,0.1973,0.0091,3819.3
2024-01-01T16:10:30,0.1918,0.8082,0.183,0.2006,0.0176,3006.88
2024-01-01T16:11:00,0.1946,0.8054,0.1915,0.1977,0.0062,4650.5
2024-01-01T16:11:30,0.1917,0.8083,0.1898,0.1936,0.0038,3045.66
2024-01-01T16:12:00,0.1909,0.8091,0.185,0.1968,0.0118,5378.38
2024-01-01T16:12:30,0.1936,0.8064,0.1859,0.2013,0.0154,4586.15
2024-01-01T16:13:00,0.1954,0.8046,0.1932,0.1976,0.0045,3319.62
2024-01-01T16:13:30,0.1919,0.8081,0.1877,0.1962,0.0085,3614.88
2024-01-01T16:14:00,0.1928,0.8072,0.1839,0.2016,0.0177,4221.38
2024-01-01T16:14:30,0.1935,0.8065,0.185,0.202,0.0171,5648.95
2024-01-01T16:15:00,0.196,0.804,0.1894,0.2025,0.0131,2914.03
2024-01-01T16:15:30,0.1903,0.8097,0.1832,0.1975,0.0142,3254.01
2024-01-01T16:16:00,0.1935,0.8065,0.1907,0.1963,0.0056,5447.77
2024-01-01T16:16:30,0.191,0.809,0.1869,0.195,0.008,4811.47
2024-01-01T16:17:00,0.1917,0.8083,0.1856,0.1979,0.0122,5465.2
2024-01-01T16:17:30,0.1916,0.8084,0.188,0.1952,0.0073,3478.4
2024-01-01T16:18:00,0.195,0.805,0.1923,0.1978,0.0054,5415.85
2024-01-01T16:18:30,0.1916,0.8084,0.1837,0.1995,0.0158,2869.91
2024-01-01T16:19:00,0.1905,0.8095,0.1875,0.1934,0.0059,5379.93
2024-01-01T16:19:30,0.1937,0.8063,0.1915,0.196,0.0045,4483.97
2024-01-01T16:20:00,0.1952,0.8048,0.1871,0.2033,0.0163,4550.52
2024-01-01T16:20:30,0.1949,0.8051,0.187,0.2028,0.0158,2783.65
2024-01-01T16:21:00,0.1913,0.8087,0.1876,0.195,0.0074,3863.67
2024-01-01T16:21:30,0.1954,0.8046,0.188,0.2028,0.0148,3976.7
2024-01-01T16:22:00,0.1953,0.8047,0.1879,0.2027,0.0148,5211.79
2024-01-01T16:22:30,0.1951,0.8049,0.1916,0.1986,0.007,4775.56
2024-01-01T16:23:00,0.1956,0.8044,0.1915,0.1997,0.0081,5160.3
2024-01-01T16:23:30,0.191,0.809,0.1841,0.1979,0.0138,5432.5
2024-01-01T16:24:00,0.193,0.807,0.1877,0.1983,0.0106,5107.52
2024-01-01T16:24:30,0.1949,0.8051,0.1917,0.1981,0.0064,5283.24
2024-01-01T16:25:00,0.1922,0.8078,0.1892,0.1951,0.0059,2627.6
2024-01-01T16:25:30,0.1959,0.8041,0.1903,0.2015,0.0112,5682.8
2024-01-01T16:26:00,0.197,0.803,0.1931,0.2008,0.0078,4486.02
2024-01-01T16:26:30,0.1964,0.8036,0.1877,0.2051,0.0173,5251.23
2024-01-01T16:27:00,0.1924,0.8076,0.1835,0.2013,0.0178,2454.59
2024-01-01T16:27:30,0.1914,0.8086,0.1824,0.2004,0.018,3484.04
2024-01-01T16:28:00,0.1917,0.8083,0.1838,0.1996,0.0158,4426.57
2024-01-01T16:28:30,0.1934,0.8066,0.1887,0.1981,0.0094,5187.95
2024-01-01T16:29:00,0.1923,0.8077,0.1883,0.1963,0.008,3531.03
2024-01-01T16:29:30,0.196,0.804,0.1937,0.1983,0.0046,4277.28
2024-01-01T16:30:00,0.1924,0.8076,0.1864,0.1985,0.0121,3973.45
2024-01-01T16:30:30,0.1945,0.8055,0.1876,0.2014,0.0137,5278.42
2024-01-01T16:31:00,0.1918,0.8082,0.1882,0.1955,0.0073,4141.16
2024-01-01T16:31:30,0.1927,0.8073,0.184,0.2014,0.0174,3462.88
2024-01-01T16:32:00,0.1906,0.8094,0.1854,0.1958,0.0104,5445.04
2024-01-01T16:32:30,0.1882,0.8118,0.1808,0.1956,0.0148,5231.27
2024-01-01T16:33:00,0.1922,0.8078,0.1856,0.1987,0.0132,4750.74
2024-01-01T16:33:30,0.1934,0.8066,0.1859,0.2009,0.015,3822.23
2024-01-01T16:34:00,0.192,0.808,0.1837,0.2003,0.0166,5352.48
2024-01-01T16:34:30,0.1901,0.8099,0.1875,0.1928,0.0052,3361.38
2024-01-01T16:35:00,0.193,0.807,0.1902,0.1959,0.0056,2599.37
2024-01-01T16:35:30,0.1941,0.8059,0.1879,0.2004,0.0125,4561.42
2024-01-01T16:36:00,0.1956,0.8044,0.1889,0.2022,0.0133,4039.73
2024-01-01T16:36:30,0.1953,0.8047,0.1878,0.2028,0.015,2949.68
2024-01-01T16:37:00,0.1953,0.8047,0.1871,0.2035,0.0164,4836.16
2024-01-01T16:37:30,0.1916,0.8084,0.1879,0.1953,0.0074,3117.7
2024-01-01T16:38:00,0.1892,0.8108,0.1846,0.1938,0.0092,5053.52
2024-01-01T16:38:30,0.1911,0.8089,0.1854,0.1968,0.0115,2706.36
2024-01-01T16:39:00,0.1933,0.8067,0.1853,0.2014,0.0161,3082.53
2024-01-01T16:39:30,0.1933,0.8067,0.1906,0.196,0.0055,3745.48
2024-01-01T16:40:00,0.1933,0.8067,0.1903,0.1964,0.0062,2625.23
2024-01-01T16:40:30,0.1939,0.8061,0.1878,0.2,0.0122,4998.06
2024-01-01T16:41:00,0.1891,0.8109,0.186,0.1921,0.0062,3030.51
2024-01-01T16:41:30,0.1901,0.8099,0.1844,0.1958,0.0114,3111.58
2024-01-01T16:42:00,0.1926,0.8074,0.1869,0.1982,0.0113,3142.56
2024-01-01T16:42:30,0.1933,0.8067,0.1861,0.2004,0.0142,4070.78
2024-01-01T16:43:00,0.193,0.807,0.1871,0.1988,0.0117,5439.38
2024-01-01T16:43:30,0.1945,0.8055,0.1919,0.1972,0.0053,3975.42
2024-01-01T16:44:00,0.191,0.809,0.1841,0.1979,0.0139,4261.17
2024-01-01T16:44:30,0.1931,0.8069,0.1899,0.1963,0.0064,2808.48
2024-01-01T16:45:00,0.1904,0.8096,0.183,0.1977,0.0146,3122.32
2024-01-01T16:45:30,0.193,0.807,0.188,0.1981,0.01,4103.99
2024-01-01T16:46:00,0.193,0.807,0.1866,0.1994,0.0128,3418.89
2024-01-01T16:46:30,0.1906,0.8094,0.1834,0.1978,0.0144,3054.59
2024-01-01T16:47:00,0.1923,0.8077,0.1869,0.1977,0.0108,4588.2
2024-01-01T16:47:30,0.1918,0.8082,0.1841,0.1996,0.0155,4921.27
2024-01-01T16:48:00,0.1912,0.8088,0.1829,0.1995,0.0166,4262.63
2024-01-01T16:48:30,0.1894,0.8106,0.1838,0.195,0.0112,3138.56
2024-01-01T16:49:00,0.1917,0.8083,0.186,0.1974,0.0114,5168.1
2024-01-01T16:49:30,0.1907,0.8093,0.1856,0.1959,0.0103,5260.73
2024-01-01T16:50:00,0.188,0.812,0.1852,0.1908,0.0056,4744.33
2024-01-01T16:50:30,0.1878,0.8122,0.1797,0.1958,0.016,5489.44
2024-01-01T16:51:00,0.1851,0.8149,0.1819,0.1883,0.0064,3078.22
2024-01-01T16:51:30,0.1853,0.8147,0.1785,0.192,0.0135,3618.23
2024-01-01T16:52:00,0.1851,0.8149,0.1792,0.1911,0.0119,2982.75
2024-01-01T16:52:30,0.1806,0.8194,0.1737,0.1875,0.0138,4834.73
2024-01-01T16:53:00,0.1862,0.8138,0.1793,0.193,0.0136,4810.26
2024-01-01T16:53:30,0.1842,0.8158,0.1812,0.1872,0.006,2427.69
2024-01-01T16:54:00,0.1818,0.8182,0.1775,0.1861,0.0086,4818.12
2024-01-01T16:54:30,0.1806,0.8194,0.1759,0.1852,0.0094,3895.38
2024-01-01T16:55:00,0.1811,0.8189,0.1776,0.1846,0.0071,4302.78
2024-01-01T16:55:30,0.1829,0.8171,0.1759,0.1899,0.014,4201.96
2024-01-01T16:56:00,0.1817,0.8183,0.1764,0.1869,0.0105,3437.11
2024-01-01T16:56:30,0.179,0.821,0.172,0.186,0.0141,4460.04
2024-01-01T16:57:00,0.1778,0.8222,0.1748,0.1809,0.006,2598.92
2024-01-01T16:57:30,0.177,0.823,0.1744,0.1796,0.0052,2522.01
2024-01-01T16:58:00,0.174,0.826,0.1678,0.1803,0.0125,3295.38
2024-01-01T16:58:30,0.1711,0.8289,0.1674,0.1748,0.0074,2709.29
2024-01-01T16:59:00,0.1713,0.8287,0.1654,0.1773,0.012,2535.03
2024-01-01T16:59:30,0.1726,0.8274,0.1651,0.1801,0.0149,2961.69
2024-01-01T17:00:00,0.173,0.827,0.1658,0.1801,0.0142,3942.72
2024-01-01T17:00:30,0.1714,0.8286,0.1629,0.18,0.0171,2376.27
2024-01-01T17:01:00,0.1666,0.8334,0.162,0.1713,0.0093,4259.08
2024-01-01T17:01:30,0.1652,0.8348,0.1632,0.1673,0.0041,3511.57
2024-01-01T17:02:00,0.1673,0.8327,0.1619,0.1726,0.0107,3133.38
2024-01-01T17:02:30,0.1642,0.8358,0.1573,0.171,0.0137,4805.9
2024-01-01T17:03:00,0.1674,0.8326,0.1617,0.1731,0.0113,4960.25
2024-01-01T17:03:30,0.1648,0.8352,0.1626,0.1671,0.0046,2356.17
2024-01-01T17:04:00,0.1652,0.8348,0.1619,0.1686,0.0066,3720.53
2024-01-01T17:04:30,0.1636,0.8364,0.1605,0.1667,0.0061,3098.1
2024-01-01T17:05:00,0.1613,0.8387,0.154,0.1687,0.0148,4180.36
2024-01-01T17:05:30,0.1616,0.8384,0.1559,0.1674,0.0115,2235.03
2024-01-01T17:06:00,0.1596,0.8404,0.1578,0.1614,0.0037,4068.26
2024-01-01T17:06:30,0.1594,0.8406,0.1564,0.1623,0.006,4153.45
2024-01-01T17:07:00,0.1613,0.8387,0.1569,0.1656,0.0087,4357.64
2024-01-01T17:07:30,0.1587,0.8413,0.1534,0.164,0.0106,3264.51
2024-01-01T17:08:00,0.1581,0.8419,0.156,0.1601,0.0041,2171.52
2024-01-01T17:08:30,0.1569,0.8431,0.1502,0.1637,0.0134,2869.17
2024-01-01T17:09:00,0.1538,0.8462,0.1485,0.159,0.0105,2369.71
2024-01-01T17:09:30,0.1536,0.8464,0.1464,0.1607,0.0143,4240.84
2024-01-01T17:10:00,0.1539,0.8461,0.1501,0.1577,0.0076,4375.71
2024-01-01T17:10:30,0.1546,0.8454,0.1499,0.1592,0.0092,3741.64
2024-01-01T17:11:00,0.1508,0.8492,0.1465,0.1551,0.0086,4632.74
2024-01-01T17:11:30,0.1503,0.8497,0.1447,0.1559,0.0112,3887.2
2024-01-01T17:12:00,0.1516,0.8484,0.1457,0.1574,0.0117,4278.36
2024-01-01T17:12:30,0.1508,0.8492,0.1477,0.1539,0.0062,2220.57
2024-01-01T17:13:00,0.1488,0.8512,0.1433,0.1544,0.0111,3201.44
2024-01-01T17:13:30,0.149,0.851,0.1409,0.1571,0.0162,2349.5
2024-01-01T17:14:00,0.149,0.851,0.1472,0.1508,0.0036,2631.36
2024-01-01T17:14:30,0.1468,0.8532,0.1404,0.1532,0.0128,2638.71
2024-01-01T17:15:00,0.1465,0.8535,0.1392,0.1538,0.0146,4675.32
2024-01-01T17:15:30,0.1427,0.8573,0.1351,0.1503,0.0152,3551.71
2024-01-01T17:16:00,0.1429,0.8571,0.1394,0.1464,0.007,4479.68
2024-01-01T17:16:30,0.1439,0.8561,0.1408,0.1469,0.0061,4057.0
2024-01-01T17:17:00,0.1442,0.8558,0.1377,0.1507,0.013,2115.62
2024-01-01T17:17:30,0.1422,0.8578,0.1372,0.1473,0.0101,2334.13
2024-01-01T17:18:00,0.1394,0.8606,0.1316,0.1472,0.0156,2892.0
2024-01-01T17:18:30,0.1412,0.8588,0.1385,0.1439,0.0055,2388.56
2024-01-01T17:19:00,0.1393,0.8607,0.1352,0.1433,0.0081,2483.31
2024-01-01T17:19:30,0.1389,0.8611,0.1358,0.142,0.0062,3049.88
2024-01-01T17:20:00,0.1362,0.8638,0.1327,0.1398,0.007,2925.77
2024-01-01T17:20:30,0.1361,0.8639,0.134,0.1382,0.0042,2373.63
2024-01-01T17:21:00,0.1365,0.8635,0.1313,0.1418,0.0105,4240.39
2024-01-01T17:21:30,0.1348,0.8652,0.1322,0.1374,0.0052,3763.16
2024-01-01T17:22:00,0.1349,0.8651,0.1265,0.1433,0.0167,3494.92
2024-01-01T17:22:30,0.1327,0.8673,0.1287,0.1367,0.0081,2416.16
2024-01-01T17:23:00,0.1331,0.8669,0.1286,0.1376,0.009,2305.01
2024-01-01T17:23:30,0.1355,0.8645,0.1336,0.1374,0.0038,4297.18
2024-01-01T17:24:00,0.1326,0.8674,0.1244,0.1408,0.0164,1877.22
2024-01-01T17:24:30,0.1316,0.8684,0.1286,0.1346,0.006,3098.29
2024-01-01T17:25:00,0.1321,0.8679,0.1279,0.1363,0.0085,3074.54
2024-01-01T17:25:30,0.1303,0.8697,0.1253,0.1354,0.0102,1904.34
2024-01-01T17:26:00,0.1308,0.8692,0.1267,0.1348,0.0081,3825.81
2024-01-01T17:26:30,0.1268,0.8732,0.1209,0.1327,0.0118,3606.78
2024-01-01T17:27:00,0.1249,0.8751,0.1223,0.1275,0.0052,2969.19
2024-01-01T17:27:30,0.1246,0.8754,0.1186,0.1306,0.012,3208.48
2024-01-01T17:28:00,0.1294,0.8706,0.1249,0.1339,0.0091,4176.08
2024-01-01T17:28:30,0.1254,0.8746,0.1194,0.1313,0.0119,2844.44
2024-01-01T17:29:00,0.1222,0.8778,0.116,0.1283,0.0123,2754.19
2024-01-01T17:29:30,0.1235,0.8765,0.1185,0.1284,0.01,3041.39
2024-01-01T17:30:00,0.1242,0.8758,0.1219,0.1265,0.0046,2751.61
2024-01-01T17:30:30,0.1253,0.8747,0.1219,0.1287,0.0068,3373.32
2024-01-01T17:31:00,0.1199,0.8801,0.1121,0.1277,0.0155,1777.59
2024-01-01T17:31:30,0.1203,0.8797,0.1155,0.1252,0.0097,2713.15
2024-01-01T17:32:00,0.1164,0.8836,0.1101,0.1227,0.0126,1888.21
2024-01-01T17:32:30,0.1192,0.8808,0.1146,0.1239,0.0092,2024.67
2024-01-01T17:33:00,0.1184,0.8816,0.1158,0.1211,0.0053,3348.05
2024-01-01T17:33:30,0.1183,0.8817,0.1124,0.1243,0.0119,3215.65
2024-01-01T17:34:00,0.1181,0.8819,0.1128,0.1235,0.0107,3775.5
2024-01-01T17:34:30,0.114,0.886,0.1061,0.1219,0.0158,3672.36
2024-01-01T17:35:00,0.1136,0.8864,0.1069,0.1204,0.0135,3178.18
2024-01-01T17:35:30,0.1124,0.8876,0.1098,0.115,0.0053,2886.1
2024-01-01T17:36:00,0.109,0.891,0.1066,0.1114,0.0048,3083.35
2024-01-01T17:36:30,0.1118,0.8882,0.1076,0.116,0.0084,1726.49
2024-01-01T17:37:00,0.1127,0.8873,0.1094,0.1159,0.0066,2285.39
2024-01-01T17:37:30,0.1108,0.8892,0.1068,0.1149,0.0081,3326.51
2024-01-01T17:38:00,0.108,0.892,0.1029,0.1131,0.0102,3582.52
2024-01-01T17:38:30,0.1097,0.8903,0.108,0.1114,0.0033,1667.85
2024-01-01T17:39:00,0.1066,0.8934,0.0989,0.1144,0.0155,3265.74
2024-01-01T17:39:30,0.1089,0.8911,0.1056,0.1121,0.0064,2142.73
2024-01-01T17:40:00,0.1045,0.8955,0.0997,0.1094,0.0097,2474.87
2024-01-01T17:40:30,0.1071,0.8929,0.1022,0.112,0.0099,2695.65
2024-01-01T17:41:00,0.1046,0.8954,0.1023,0.1069,0.0046,3372.59
2024-01-01T17:41:30,0.1059,0.8941,0.1008,0.1109,0.0101,1837.16
2024-01-01T17:42:00,0.1058,0.8942,0.0988,0.1128,0.0141,3679.95
2024-01-01T17:42:30,0.1004,0.8996,0.0946,0.1063,0.0117,3125.11
2024-01-01T17:43:00,0.1043,0.8957,0.0972,0.1114,0.0142,2222.48
2024-01-01T17:43:30,0.0988,0.9012,0.0949,0.1026,0.0078,2271.79
2024-01-01T17:44:00,0.1019,0.8981,0.0961,0.1077,0.0117,1722.37
2024-01-01T17:44:30,0.0968,0.9032,0.0934,0.1003,0.0069,3409.1
2024-01-01T17:45:00,0.0988,0.9012,0.0933,0.1044,0.0111,3193.25
2024-01-01T17:45:30,0.0996,0.9004,0.0976,0.1016,0.004,2780.34
2024-01-01T17:46:00,0.0999,0.9001,0.0972,0.1027,0.0055,2851.25
2024-01-01T17:46:30,0.0977,0.9023,0.0941,0.1013,0.0072,3030.89
2024-01-01T17:47:00,0.0963,0.9037,0.0912,0.1014,0.0102,3405.27
2024-01-01T17:47:30,0.0973,0.9027,0.0931,0.1015,0.0084,2087.69
2024-01-01T17:48:00,0.0935,0.9065,0.0909,0.0961,0.0052,2200.51
2024-01-01T17:48:30,0.0926,0.9074,0.0882,0.0971,0.0089,2053.76
2024-01-01T17:49:00,0.0892,0.9108,0.0851,0.0932,0.0081,2159.62
2024-01-01T17:49:30,0.0888,0.9112,0.0834,0.0942,0.0109,2785.18
2024-01-01T17:50:00,0.0864,0.9136,0.0846,0.0882,0.0036,3037.03
2024-01-01T17:50:30,0.0861,0.9139,0.0816,0.0907,0.0091,2780.24
2024-01-01T17:51:00,0.0817,0.9183,0.0754,0.0879,0.0125,2572.15
2024-01-01T17:51:30,0.0845,0.9155,0.0815,0.0874,0.0059,1970.95
2024-01-01T17:52:00,0.0854,0.9146,0.0837,0.0871,0.0034,2812.53
2024-01-01T17:52:30,0.0858,0.9142,0.0786,0.093,0.0144,2839.0
2024-01-01T17:53:00,0.0872,0.9128,0.0834,0.091,0.0076,3273.6
2024-01-01T17:53:30,0.0817,0.9183,0.078,0.0855,0.0074,2518.55
2024-01-01T17:54:00,0.0827,0.9173,0.0794,0.086,0.0066,1605.04
2024-01-01T17:54:30,0.0802,0.9198,0.0783,0.0821,0.0037,2678.05
2024-01-01T17:55:00,0.0799,0.9201,0.0728,0.0869,0.014,1868.93
2024-01-01T17:55:30,0.0804,0.9196,0.0756,0.0851,0.0095,1386.32
2024-01-01T17:56:00,0.077,0.923,0.0737,0.0803,0.0066,3124.7
2024-01-01T17:56:30,0.0766,0.9234,0.0715,0.0816,0.0101,1695.29
2024-01-01T17:57:00,0.077,0.923,0.0696,0.0844,0.0147,2951.92
2024-01-01T17:57:30,0.0768,0.9232,0.0717,0.0818,0.01,1457.02
2024-01-01T17:58:00,0.0778,0.9222,0.0712,0.0844,0.0132,2160.8
2024-01-01T17:58:30,0.0767,0.9233,0.07,0.0833,0.0133,1935.87
2024-01-01T17:59:00,0.0774,0.9226,0.0723,0.0825,0.0102,2735.18
2024-01-01T17:59:30,0.0759,0.9241,0.0696,0.0822,0.0125,2434.74
2024-01-01T18:00:00,0.0754,0.9246,0.0736,0.0773,0.0037,1554.8
2024-01-01T18:00:30,0.0694,0.9306,0.0666,0.0723,0.0058,2415.31
2024-01-01T18:01:00,0.0743,0.9257,0.0671,0.0815,0.0144,3041.55
2024-01-01T18:01:30,0.07,0.93,0.0673,0.0726,0.0053,1666.27
2024-01-01T18:02:00,0.069,0.931,0.0614,0.0766,0.0152,1594.97
2024-01-01T18:02:30,0.0706,0.9294,0.0677,0.0735,0.0057,1817.84
2024-01-01T18:03:00,0.0678,0.9322,0.063,0.0725,0.0096,2659.21
2024-01-01T18:03:30,0.0678,0.9322,0.0652,0.0705,0.0053,1340.56
2024-01-01T18:04:00,0.0673,0.9327,0.0629,0.0716,0.0087,1590.28
2024-01-01T18:04:30,0.0699,0.9301,0.0682,0.0716,0.0034,2774.32
2024-01-01T18:05:00,0.067,0.933,0.0643,0.0697,0.0054,2205.04
2024-01-01T18:05:30,0.0617,0.9383,0.059,0.0644,0.0054,2338.94
2024-01-01T18:06:00,0.0631,0.9369,0.0576,0.0685,0.0109,2404.99
2024-01-01T18:06:30,0.0576,0.9424,0.0513,0.0639,0.0126,2543.28
2024-01-01T18:07:00,0.0573,0.9427,0.0535,0.061,0.0076,2594.74
2024-01-01T18:07:30,0.0579,0.9421,0.0554,0.0603,0.0049,2389.82
2024-01-01T18:08:00,0.063,0.937,0.0602,0.0658,0.0056,2478.19
2024-01-01T18:08:30,0.0602,0.9398,0.0575,0.0629,0.0054,1183.38
2024-01-01T18:09:00,0.0603,0.9397,0.0569,0.0636,0.0067,2634.14
2024-01-01T18:09:30,0.0583,0.9417,0.0515,0.0652,0.0137,2588.98
2024-01-01T18:10:00,0.0549,0.9451,0.0476,0.0621,0.0145,1820.19
2024-01-01T18:10:30,0.0549,0.9451,0.0518,0.058,0.0062,2236.06
2024-01-01T18:11:00,0.0584,0.9416,0.0522,0.0646,0.0124,2589.24
2024-01-01T18:11:30,0.0542,0.9458,0.0497,0.0588,0.0091,1545.5
2024-01-01T18:12:00,0.0542,0.9458,0.0491,0.0594,0.0103,2233.49
2024-01-01T18:12:30,0.0546,0.9454,0.052,0.0572,0.0051,2444.0
2024-01-01T18:13:00,0.0519,0.9481,0.0453,0.0584,0.0131,1565.64
2024-01-01T18:13:30,0.0507,0.9493,0.0456,0.0558,0.0103,2491.26
2024-01-01T18:14:00,0.0515,0.9485,0.0461,0.0568,0.0107,2549.35
2024-01-01T18:14:30,0.048,0.952,0.0437,0.0524,0.0086,2409.54
2024-01-01T18:15:00,0.0473,0.9527,0.0449,0.0498,0.0048,1938.43
2024-01-01T18:15:30,0.0498,0.9502,0.0477,0.0519,0.0041,1100.52
2024-01-01T18:16:00,0.0522,0.9478,0.0453,0.0591,0.0137,2242.24
2024-01-01T18:16:30,0.0513,0.9487,0.0443,0.0583,0.014,2528.8
2024-01-01T18:17:00,0.048,0.952,0.0456,0.0503,0.0046,2270.14
2024-01-01T18:17:30,0.0504,0.9496,0.0438,0.0569,0.013,1208.38
2024-01-01T18:18:00,0.0499,0.9501,0.0479,0.052,0.0041,1671.38
2024-01-01T18:18:30,0.0477,0.9523,0.0444,0.0511,0.0067,1320.72
2024-01-01T18:19:00,0.0502,0.9498,0.0448,0.0556,0.0108,1231.87
2024-01-01T18:19:30,0.0484,0.9516,0.0413,0.0554,0.0141,2091.5
2024-01-01T18:20:00,0.0488,0.9512,0.0424,0.0551,0.0127,1629.94
2024-01-01T18:20:30,0.0486,0.9514,0.0448,0.0524,0.0076,2471.83
2024-01-01T18:21:00,0.0532,0.9468,0.0486,0.0578,0.0092,1637.37
2024-01-01T18:21:30,0.05,0.95,0.0453,0.0547,0.0094,1531.23
2024-01-01T18:22:00,0.049,0.951,0.0425,0.0555,0.013,2388.92
2024-01-01T18:22:30,0.0522,0.9478,0.0477,0.0568,0.0091,1841.65
2024-01-01T18:23:00,0.0491,0.9509,0.0469,0.0514,0.0045,2271.37
2024-01-01T18:23:30,0.0484,0.9516,0.0463,0.0504,0.0042,1725.62
2024-01-01T18:24:00,0.0481,0.9519,0.0462,0.05,0.0038,1150.16
2024-01-01T18:24:30,0.0445,0.9555,0.0428,0.0463,0.0036,1223.19
2024-01-01T18:25:00,0.0506,0.9494,0.0484,0.0527,0.0043,1356.55
2024-01-01T18:25:30,0.0492,0.9508,0.0465,0.0518,0.0053,1096.28
2024-01-01T18:26:00,0.0481,0.9519,0.0458,0.0504,0.0046,1989.04
2024-01-01T18:26:30,0.0507,0.9493,0.049,0.0523,0.0033,2076.8
2024-01-01T18:27:00,0.0516,0.9484,0.0471,0.056,0.0089,1651.33
2024-01-01T18:27:30,0.0491,0.9509,0.0462,0.0521,0.0058,1294.64
2024-01-01T18:28:00,0.0489,0.9511,0.0422,0.0555,0.0133,1806.76
2024-01-01T18:28:30,0.0498,0.9502,0.0447,0.055,0.0103,2423.54
2024-01-01T18:29:00,0.0515,0.9485,0.0485,0.0545,0.0059,1317.06
2024-01-01T18:29:30,0.0491,0.9509,0.0451,0.053,0.0079,1448.44
2024-01-01T18:30:00,0.0497,0.9503,0.0477,0.0516,0.0039,1605.5
2024-01-01T18:30:30,0.0524,0.9476,0.0463,0.0585,0.0121,1643.27
2024-01-01T18:31:00,0.0497,0.9503,0.0453,0.0541,0.0088,1803.4
2024-01-01T18:31:30,0.0492,0.9508,0.0442,0.0542,0.01,2437.6
2024-01-01T18:32:00,0.0521,0.9479,0.0449,0.0593,0.0144,2377.84
2024-01-01T18:32:30,0.05,0.95,0.0433,0.0567,0.0135,2292.64
2024-01-01T18:33:00,0.0526,0.9474,0.0465,0.0587,0.0122,2079.36
2024-01-01T18:33:30,0.0516,0.9484,0.0462,0.057,0.0107,1939.13
2024-01-01T18:34:00,0.0524,0.9476,0.0489,0.056,0.0072,1908.55
2024-01-01T18:34:30,0.0541,0.9459,0.0525,0.0558,0.0033,1347.85
2024-01-01T18:35:00,0.0534,0.9466,0.0506,0.0562,0.0057,2427.31
2024-01-01T18:35:30,0.0479,0.9521,0.0408,0.055,0.0142,1211.76
2024-01-01T18:36:00,0.0473,0.9527,0.04,0.0546,0.0145,1200.03
2024-01-01T18:36:30,0.0515,0.9485,0.0443,0.0587,0.0143,1928.33
2024-01-01T18:37:00,0.0506,0.9494,0.0467,0.0546,0.0079,1405.24
2024-01-01T18:37:30,0.0538,0.9462,0.049,0.0585,0.0096,1885.12
2024-01-01T18:38:00,0.052,0.948,0.0455,0.0586,0.0132,1930.24
2024-01-01T18:38:30,0.0517,0.9483,0.05,0.0535,0.0035,2024.81
2024-01-01T18:39:00,0.0526,0.9474,0.0492,0.0559,0.0067,2444.79
2024-01-01T18:39:30,0.0555,0.9445,0.0486,0.0625,0.014,1485.47
2024-01-01T18:40:00,0.0527,0.9473,0.0498,0.0556,0.0058,1756.31
2024-01-01T18:40:30,0.0496,0.9504,0.0435,0.0557,0.0121,2404.09
2024-01-01T18:41:00,0.0504,0.9496,0.0454,0.0553,0.0099,1827.98
2024-01-01T18:41:30,0.0507,0.9493,0.0491,0.0522,0.0031,1349.82
2024-01-01T18:42:00,0.0495,0.9505,0.0459,0.0531,0.0072,2234.44
2024-01-01T18:42:30,0.0478,0.9522,0.0446,0.051,0.0064,1551.73
2024-01-01T18:43:00,0.0517,0.9483,0.0499,0.0535,0.0036,1500.66
2024-01-01T18:43:30,0.0526,0.9474,0.0506,0.0547,0.0042,2564.86
2024-01-01T18:44:00,0.0509,0.9491,0.046,0.0557,0.0098,1961.9
2024-01-01T18:44:30,0.0506,0.9494,0.0468,0.0545,0.0077,2503.28
2024-01-01T18:45:00,0.0514,0.9486,0.0453,0.0574,0.0121,1470.8
2024-01-01T18:45:30,0.0554,0.9446,0.048,0.0627,0.0148,2528.36
2024-01-01T18:46:00,0.0522,0.9478,0.0498,0.0545,0.0047,2011.76
2024-01-01T18:46:30,0.0531,0.9469,0.048,0.0582,0.0103,1490.9
2024-01-01T18:47:00,0.0535,0.9465,0.0468,0.0602,0.0134,2169.86
2024-01-01T18:47:30,0.0547,0.9453,0.051,0.0585,0.0076,1228.59
2024-01-01T18:48:00,0.052,0.948,0.0468,0.0572,0.0104,1599.43
2024-01-01T18:48:30,0.0532,0.9468,0.0478,0.0585,0.0107,2108.92
2024-01-01T18:49:00,0.0514,0.9486,0.0483,0.0545,0.0062,1522.42
2024-01-01T18:49:30,0.0507,0.9493,0.0449,0.0565,0.0116,1106.29
2024-01-01T18:50:00,0.056,0.944,0.0499,0.062,0.0121,1868.17
2024-01-01T18:50:30,0.0524,0.9476,0.0505,0.0542,0.0037,1368.58
2024-01-01T18:51:00,0.0525,0.9475,0.05,0.055,0.005,2132.12
2024-01-01T18:51:30,0.0523,0.9477,0.0505,0.0541,0.0036,2534.41
2024-01-01T18:52:00,0.049,0.951,0.0432,0.0548,0.0117,1981.1
2024-01-01T18:52:30,0.0506,0.9494,0.0479,0.0532,0.0054,1198.63
2024-01-01T18:53:00,0.0525,0.9475,0.0468,0.0582,0.0114,2153.98
2024-01-01T18:53:30,0.0528,0.9472,0.0454,0.0603,0.0149,2218.76
2024-01-01T18:54:00,0.0517,0.9483,0.0495,0.0538,0.0044,1668.01
2024-01-01T18:54:30,0.0515,0.9485,0.0477,0.0552,0.0075,1814.37
2024-01-01T18:55:00,0.0507,0.9493,0.048,0.0535,0.0055,2318.06
2024-01-01T18:55:30,0.0504,0.9496,0.0436,0.0573,0.0138,1717.32
2024-01-01T18:56:00,0.0528,0.9472,0.0506,0.055,0.0044,1247.71
2024-01-01T18:56:30,0.0548,0.9452,0.0479,0.0617,0.0138,1393.91
2024-01-01T18:57:00,0.0577,0.9423,0.0561,0.0592,0.0031,2268.47
2024-01-01T18:57:30,0.0539,0.9461,0.0491,0.0588,0.0097,2098.46
2024-01-01T18:58:00,0.0501,0.9499,0.0481,0.0522,0.0041,2278.84
2024-01-01T18:58:30,0.0547,0.9453,0.0517,0.0577,0.006,1963.04
2024-01-01T18:59:00,0.0509,0.9491,0.0437,0.0581,0.0144,1405.02
2024-01-01T18:59:30,0.0485,0.9515,0.0428,0.0542,0.0113,1131.79
2024-01-01T19:00:00,0.051,0.949,0.0459,0.0561,0.0101,2487.59
2024-01-01T19:00:30,0.0517,0.9483,0.0455,0.0579,0.0124,1503.5
2024-01-01T19:01:00,0.0492,0.9508,0.0471,0.0512,0.0041,2400.9
2024-01-01T19:01:30,0.0472,0.9528,0.0399,0.0545,0.0146,1689.73
2024-01-01T19:02:00,0.0473,0.9527,0.0414,0.0533,0.012,1409.2
2024-01-01T19:02:30,0.0523,0.9477,0.0478,0.0568,0.0089,1831.29
2024-01-01T19:03:00,0.0493,0.9507,0.0444,0.0543,0.0099,1869.49
2024-01-01T19:03:30,0.0483,0.9517,0.0426,0.0541,0.0114,1440.93
2024-01-01T19:04:00,0.0555,0.9445,0.0501,0.0608,0.0107,2552.04
2024-01-01T19:04:30,0.052,0.948,0.0455,0.0586,0.0131,1142.24
2024-01-01T19:05:00,0.0518,0.9482,0.0471,0.0566,0.0095,1889.76
2024-01-01T19:05:30,0.0526,0.9474,0.0502,0.0549,0.0047,2311.87
2024-01-01T19:06:00,0.0518,0.9482,0.0473,0.0563,0.009,1416.29
2024-01-01T19:06:30,0.0505,0.9495,0.0471,0.0539,0.0069,2288.72
2024-01-01T19:07:00,0.0509,0.9491,0.0483,0.0536,0.0053,1381.63
2024-01-01T19:07:30,0.0498,0.9502,0.0426,0.0571,0.0145,2044.91
2024-01-01T19:08:00,0.0481,0.9519,0.0429,0.0534,0.0106,2311.95
2024-01-01T19:08:30,0.0525,0.9475,0.0497,0.0553,0.0056,1580.39
2024-01-01T19:09:00,0.0516,0.9484,0.0442,0.0591,0.0149,1642.74
2024-01-01T19:09:30,0.052,0.948,0.0479,0.056,0.0081,2258.32
2024-01-01T19:10:00,0.0546,0.9454,0.0486,0.0605,0.0119,2148.26
2024-01-01T19:10:30,0.055,0.945,0.0492,0.0609,0.0117,2285.43
2024-01-01T19:11:00,0.0511,0.9489,0.0445,0.0578,0.0133,1532.54
2024-01-01T19:11:30,0.0539,0.9461,0.0469,0.0609,0.014,1640.09
2024-01-01T19:12:00,0.0483,0.9517,0.0427,0.0539,0.0111,2195.87
2024-01-01T19:12:30,0.049,0.951,0.0452,0.0528,0.0076,1192.82
2024-01-01T19:13:00,0.0519,0.9481,0.0503,0.0534,0.0031,2311.48
2024-01-01T19:13:30,0.0449,0.9551,0.04,0.0499,0.0099,2141.84
2024-01-01T19:14:00,0.0466,0.9534,0.0435,0.0497,0.0062,1354.89
2024-01-01T19:14:30,0.046,0.954,0.0435,0.0486,0.0051,1616.78
2024-01-01T19:15:00,0.0494,0.9506,0.0461,0.0526,0.0065,2131.14
2024-01-01T19:15:30,0.0462,0.9538,0.0444,0.0479,0.0035,1175.78
2024-01-01T19:16:00,0.0469,0.9531,0.0453,0.0485,0.0032,2284.74
2024-01-01T19:16:30,0.0498,0.9502,0.0453,0.0542,0.0089,1177.26
2024-01-01T19:17:00,0.0486,0.9514,0.0414,0.0557,0.0142,1580.88
2024-01-01T19:17:30,0.0442,0.9558,0.0417,0.0467,0.005,2092.41
2024-01-01T19:18:00,0.0497,0.9503,0.0437,0.0557,0.0119,2412.42
2024-01-01T19:18:30,0.0455,0.9545,0.039,0.052,0.013,2214.05
2024-01-01T19:19:00,0.0448,0.9552,0.0415,0.0482,0.0068,1454.8
2024-01-01T19:19:30,0.0445,0.9555,0.0384,0.0506,0.0122,1142.74
2024-01-01T19:20:00,0.049,0.951,0.0439,0.054,0.0101,2357.52
2024-01-01T19:20:30,0.0468,0.9532,0.0406,0.053,0.0124,1530.41
2024-01-01T19:21:00,0.0488,0.9512,0.0431,0.0546,0.0115,1299.93
2024-01-01T19:21:30,0.0492,0.9508,0.0432,0.0552,0.0121,2407.87
2024-01-01T19:22:00,0.0301,0.9699,0.0257,0.0345,0.0089,1134.32
2024-01-01T19:22:30,0.0361,0.9639,0.0336,0.0385,0.0049,1488.05
2024-01-01T19:23:00,0.0399,0.9601,0.0343,0.0455,0.0112,1298.34
2024-01-01T19:23:30,0.0421,0.9579,0.0399,0.0442,0.0043,1391.53
2024-01-01T19:24:00,0.0468,0.9532,0.0407,0.0528,0.0121,1735.93
2024-01-01T19:24:30,0.0465,0.9535,0.0441,0.0489,0.0048,1648.19
2024-01-01T19:25:00,0.0476,0.9524,0.046,0.0493,0.0033,2023.31
2024-01-01T19:25:30,0.0488,0.9512,0.0459,0.0517,0.0058,1324.57
2024-01-01T19:26:00,0.0485,0.9515,0.0412,0.0558,0.0146,2167.83
2024-01-01T19:26:30,0.0463,0.9537,0.0416,0.051,0.0094,1876.02
2024-01-01T19:27:00,0.0514,0.9486,0.044,0.0587,0.0147,1327.44
2024-01-01T19:27:30,0.0524,0.9476,0.049,0.0557,0.0067,1919.42
2024-01-01T19:28:00,0.0547,0.9453,0.0503,0.0592,0.0089,2574.71
2024-01-01T19:28:30,0.0493,0.9507,0.0447,0.0539,0.0092,1329.49
2024-01-01T19:29:00,0.0516,0.9484,0.0472,0.0561,0.0089,1142.7
2024-01-01T19:29:30,0.0516,0.9484,0.047,0.0561,0.0091,1422.56
2024-01-01T19:30:00,0.0532,0.9468,0.0488,0.0575,0.0087,1222.05
2024-01-01T19:30:30,0.0531,0.9469,0.0498,0.0565,0.0066,2315.84
2024-01-01T19:31:00,0.0543,0.9457,0.0516,0.057,0.0053,1467.17
2024-01-01T19:31:30,0.0505,0.9495,0.0447,0.0562,0.0115,2039.03
2024-01-01T19:32:00,0.0518,0.9482,0.0467,0.0568,0.01,2549.08
2024-01-01T19:32:30,0.0529,0.9471,0.0501,0.0557,0.0056,2192.12
2024-01-01T19:33:00,0.0513,0.9487,0.0448,0.0579,0.013,1154.24
2024-01-01T19:33:30,0.0451,0.9549,0.0407,0.0496,0.0089,1686.12
2024-01-01T19:34:00,0.0487,0.9513,0.0436,0.0537,0.0101,1645.19
2024-01-01T19:34:30,0.0476,0.9524,0.042,0.0532,0.0112,1152.52
2024-01-01T19:35:00,0.0488,0.9512,0.0449,0.0526,0.0077,1886.52
2024-01-01T19:35:30,0.0489,0.9511,0.0415,0.0562,0.0147,1381.77
2024-01-01T19:36:00,0.0485,0.9515,0.0466,0.0503,0.0038,2335.01
2024-01-01T19:36:30,0.0522,0.9478,0.0474,0.057,0.0097,2150.27
2024-01-01T19:37:00,0.0489,0.9511,0.0451,0.0527,0.0075,1222.39
2024-01-01T19:37:30,0.0493,0.9507,0.0422,0.0564,0.0142,1491.39
2024-01-01T19:38:00,0.0494,0.9506,0.0455,0.0534,0.0079,1161.09
2024-01-01T19:38:30,0.0499,0.9501,0.0475,0.0524,0.0049,1765.66
2024-01-01T19:39:00,0.0499,0.9501,0.0433,0.0565,0.0132,2470.84
2024-01-01T19:39:30,0.052,0.948,0.045,0.059,0.0139,2108.08
2024-01-01T19:40:00,0.0487,0.9513,0.0457,0.0517,0.0061,1168.9
2024-01-01T19:40:30,0.0524,0.9476,0.0499,0.0549,0.005,1451.26
2024-01-01T19:41:00,0.0489,0.9511,0.0459,0.0518,0.006,2287.92
2024-01-01T19:41:30,0.0541,0.9459,0.0496,0.0585,0.0089,1986.88
2024-01-01T19:42:00,0.0551,0.9449,0.0499,0.0603,0.0104,2289.28
2024-01-01T19:42:30,0.048,0.952,0.0409,0.0552,0.0143,1397.46
2024-01-01T19:43:00,0.0519,0.9481,0.0467,0.057,0.0103,2338.29
2024-01-01T19:43:30,0.0509,0.9491,0.0468,0.055,0.0082,1944.72
2024-01-01T19:44:00,0.0489,0.9511,0.0445,0.0533,0.0088,1405.88
2024-01-01T19:44:30,0.0472,0.9528,0.0399,0.0544,0.0145,2127.97
2024-01-01T19:45:00,0.046,0.954,0.04,0.0521,0.0121,2369.63
2024-01-01T19:45:30,0.0464,0.9536,0.044,0.0487,0.0047,1314.4
2024-01-01T19:46:00,0.0467,0.9533,0.0396,0.0538,0.0142,1318.34
2024-01-01T19:46:30,0.0498,0.9502,0.0434,0.0562,0.0129,1465.82
2024-01-01T19:47:00,0.047,0.953,0.0433,0.0507,0.0075,1950.3
2024-01-01T19:47:30,0.0451,0.9549,0.0427,0.0474,0.0046,1628.42
2024-01-01T19:48:00,0.0503,0.9497,0.0478,0.0529,0.0051,1506.8
2024-01-01T19:48:30,0.0512,0.9488,0.0444,0.0581,0.0137,1238.08
2024-01-01T19:49:00,0.0501,0.9499,0.0485,0.0517,0.0032,1514.29
2024-01-01T19:49:30,0.0484,0.9516,0.0456,0.0511,0.0054,1773.59
2024-01-01T19:50:00,0.0484,0.9516,0.0447,0.0522,0.0075,2015.49
2024-01-01T19:50:30,0.0473,0.9527,0.0417,0.0529,0.0112,2438.29
2024-01-01T19:51:00,0.0513,0.9487,0.0455,0.0571,0.0116,1706.86
2024-01-01T19:51:30,0.0501,0.9499,0.043,0.0573,0.0143,1217.06
2024-01-01T19:52:00,0.0479,0.9521,0.0408,0.0549,0.0141,1495.47
2024-01-01T19:52:30,0.0483,0.9517,0.0451,0.0514,0.0063,1402.8
2024-01-01T19:53:00,0.0499,0.9501,0.045,0.0547,0.0097,1160.75
2024-01-01T19:53:30,0.0466,0.9534,0.0431,0.0502,0.0071,2130.93
2024-01-01T19:54:00,0.0536,0.9464,0.0501,0.0571,0.007,1818.49
2024-01-01T19:54:30,0.0519,0.9481,0.0503,0.0535,0.0032,1211.72
2024-01-01T19:55:00,0.0501,0.9499,0.0449,0.0553,0.0104,2394.69
2024-01-01T19:55:30,0.0545,0.9455,0.0492,0.0598,0.0106,2481.74
2024-01-01T19:56:00,0.0545,0.9455,0.0528,0.0563,0.0035,1822.45
2024-01-01T19:56:30,0.0497,0.9503,0.0481,0.0513,0.0032,2146.36
2024-01-01T19:57:00,0.0493,0.9507,0.0439,0.0547,0.0108,1077.28
2024-01-01T19:57:30,0.0495,0.9505,0.0473,0.0517,0.0044,2370.92
2024-01-01T19:58:00,0.0517,0.9483,0.0473,0.0561,0.0088,1379.08
2024-01-01T19:58:30,0.0504,0.9496,0.0447,0.056,0.0114,1688.77
2024-01-01T19:59:00,0.0515,0.9485,0.0478,0.0551,0.0073,1191.32
2024-01-01T19:59:30,0.0498,0.9502,0.0454,0.0543,0.0089,1191.06
2024-01-01T20:00:00,0.0453,0.9547,0.0391,0.0515,0.0124,1319.83
2024-01-01T20:00:30,0.0515,0.9485,0.0499,0.053,0.0031,1504.83
2024-01-01T20:01:00,0.0501,0.9499,0.0445,0.0558,0.0112,2084.73
2024-01-01T20:01:30,0.0508,0.9492,0.0465,0.055,0.0085,2292.91
2024-01-01T20:02:00,0.0505,0.9495,0.0467,0.0543,0.0076,2525.73
2024-01-01T20:02:30,0.0485,0.9515,0.0465,0.0504,0.0039,2461.34
2024-01-01T20:03:00,0.0471,0.9529,0.0452,0.0489,0.0036,2257.57
2024-01-01T20:03:30,0.0514,0.9486,0.0497,0.0531,0.0034,1899.61
2024-01-01T20:04:00,0.0508,0.9492,0.0484,0.0533,0.0049,1474.33
2024-01-01T20:04:30,0.0479,0.9521,0.0455,0.0502,0.0047,1526.84
2024-01-01T20:05:00,0.0481,0.9519,0.0412,0.055,0.0137,2227.8
2024-01-01T20:05:30,0.0467,0.9533,0.0405,0.0529,0.0124,1743.85
2024-01-01T20:06:00,0.045,0.955,0.04,0.0499,0.01,1645.34
2024-01-01T20:06:30,0.0504,0.9496,0.0443,0.0564,0.0122,2399.6
2024-01-01T20:07:00,0.049,0.951,0.0422,0.0559,0.0137,1611.19
2024-01-01T20:07:30,0.0454,0.9546,0.0436,0.0473,0.0036,1967.51
2024-01-01T20:08:00,0.0444,0.9556,0.0417,0.0472,0.0054,1615.14
2024-01-01T20:08:30,0.0479,0.9521,0.0435,0.0523,0.0088,1700.32
2024-01-01T20:09:00,0.0488,0.9512,0.0438,0.0538,0.0101,1640.54
2024-01-01T20:09:30,0.0518,0.9482,0.0453,0.0583,0.0129,1500.9
2024-01-01T20:10:00,0.0523,0.9477,0.0499,0.0547,0.0047,2564.51
2024-01-01T20:10:30,0.0488,0.9512,0.0454,0.0522,0.0069,1527.9
2024-01-01T20:11:00,0.0481,0.9519,0.0447,0.0515,0.0068,1255.5
2024-01-01T20:11:30,0.0505,0.9495,0.0487,0.0522,0.0035,2077.69
2024-01-01T20:12:00,0.0511,0.9489,0.0456,0.0566,0.011,1569.19
2024-01-01T20:12:30,0.0483,0.9517,0.0457,0.0509,0.0052,1554.0
2024-01-01T20:13:00,0.05,0.95,0.0475,0.0526,0.005,1333.83
2024-01-01T20:13:30,0.0498,0.9502,0.0471,0.0525,0.0053,1132.25
2024-01-01T20:14:00,0.0545,0.9455,0.0471,0.0618,0.0147,1998.68
2024-01-01T20:14:30,0.0555,0.9445,0.0529,0.0582,0.0052,1758.58
2024-01-01T20:15:00,0.0509,0.9491,0.0493,0.0525,0.0031,2243.21
2024-01-01T20:15:30,0.0544,0.9456,0.0495,0.0592,0.0096,2179.48
2024-01-01T20:16:00,0.0504,0.9496,0.0449,0.056,0.011,1177.83
2024-01-01T20:16:30,0.048,0.952,0.0457,0.0502,0.0045,1471.31
2024-01-01T20:17:00,0.0509,0.9491,0.0473,0.0545,0.0072,2049.15
2024-01-01T20:17:30,0.0538,0.9462,0.0477,0.0599,0.0122,1169.11
2024-01-01T20:18:00,0.0509,0.9491,0.0443,0.0574,0.0131,2343.7
2024-01-01T20:18:30,0.0522,0.9478,0.0455,0.059,0.0135,1957.89
2024-01-01T20:19:00,0.0474,0.9526,0.0452,0.0496,0.0044,1744.39
2024-01-01T20:19:30,0.0499,0.9501,0.0446,0.0553,0.0107,1278.65
2024-01-01T20:20:00,0.0506,0.9494,0.0462,0.0551,0.0089,1930.11
2024-01-01T20:20:30,0.0564,0.9436,0.0498,0.063,0.0131,2595.95
2024-01-01T20:21:00,0.0496,0.9504,0.046,0.0532,0.0073,1703.61
2024-01-01T20:21:30,0.0556,0.9444,0.0513,0.0598,0.0084,2001.04
2024-01-01T20:22:00,0.0489,0.9511,0.0438,0.054,0.0102,1797.87
2024-01-01T20:22:30,0.0505,0.9495,0.0446,0.0564,0.0118,1171.13
2024-01-01T20:23:00,0.0553,0.9447,0.0533,0.0574,0.0042,2351.89
2024-01-01T20:23:30,0.0547,0.9453,0.0488,0.0606,0.0118,1464.08
2024-01-01T20:24:00,0.0504,0.9496,0.0476,0.0532,0.0056,2344.11
2024-01-01T20:24:30,0.0477,0.9523,0.045,0.0504,0.0054,2366.23
2024-01-01T20:25:00,0.0472,0.9528,0.0452,0.0492,0.004,1445.64
2024-01-01T20:25:30,0.0468,0.9532,0.0417,0.052,0.0103,1432.82
2024-01-01T20:26:00,0.0441,0.9559,0.0412,0.047,0.0058,2057.4
2024-01-01T20:26:30,0.0479,0.9521,0.0441,0.0516,0.0075,1634.17
2024-01-01T20:27:00,0.0448,0.9552,0.0409,0.0487,0.0077,1358.14
2024-01-01T20:27:30,0.045,0.955,0.0378,0.0522,0.0145,1538.9
2024-01-01T20:28:00,0.0469,0.9531,0.0403,0.0536,0.0134,2227.83
2024-01-01T20:28:30,0.0495,0.9505,0.0477,0.0513,0.0036,1461.76
2024-01-01T20:29:00,0.0483,0.9517,0.0424,0.0542,0.0118,1974.4
2024-01-01T20:29:30,0.0498,0.9502,0.0428,0.0569,0.0141,2481.11
2024-01-01T20:30:00,0.0472,0.9528,0.0443,0.0501,0.0058,2388.69
2024-01-01T20:30:30,0.0518,0.9482,0.0501,0.0534,0.0032,1131.86
2024-01-01T20:31:00,0.049,0.951,0.0465,0.0516,0.0051,1814.0
2024-01-01T20:31:30,0.0482,0.9518,0.0459,0.0505,0.0046,2085.59
2024-01-01T20:32:00,0.0478,0.9522,0.0446,0.051,0.0065,1305.42
2024-01-01T20:32:30,0.0489,0.9511,0.0452,0.0526,0.0075,1163.96
2024-01-01T20:33:00,0.0488,0.9512,0.0429,0.0548,0.0119,1656.49
2024-01-01T20:33:30,0.0482,0.9518,0.0433,0.0531,0.0098,1310.7
2024-01-01T20:34:00,0.0477,0.9523,0.042,0.0535,0.0116,1859.01
2024-01-01T20:34:30,0.0476,0.9524,0.0414,0.0538,0.0124,1889.7
2024-01-01T20:35:00,0.051,0.949,0.0482,0.0537,0.0055,2193.1
2024-01-01T20:35:30,0.0507,0.9493,0.0488,0.0525,0.0037,1657.72
2024-01-01T20:36:00,0.0522,0.9478,0.0494,0.055,0.0055,2145.22
2024-01-01T20:36:30,0.0553,0.9447,0.0482,0.0624,0.0143,2359.49
2024-01-01T20:37:00,0.0546,0.9454,0.0475,0.0616,0.0141,2220.69
2024-01-01T20:37:30,0.0525,0.9475,0.0471,0.0579,0.0108,2158.25
2024-01-01T20:38:00,0.0562,0.9438,0.0514,0.061,0.0096,2308.92
2024-01-01T20:38:30,0.0511,0.9489,0.0457,0.0566,0.011,1392.81
2024-01-01T20:39:00,0.0511,0.9489,0.0492,0.053,0.0038,1873.91
2024-01-01T20:39:30,0.0557,0.9443,0.054,0.0575,0.0034,1264.25
2024-01-01T20:40:00,0.0531,0.9469,0.0486,0.0576,0.009,1365.54
2024-01-01T20:40:30,0.0554,0.9446,0.0539,0.0569,0.003,2551.07
2024-01-01T20:41:00,0.057,0.943,0.053,0.061,0.0079,1551.25
2024-01-01T20:41:30,0.0529,0.9471,0.0463,0.0595,0.0133,1405.48
2024-01-01T20:42:00,0.0531,0.9469,0.0469,0.0593,0.0124,2291.0
2024-01-01T20:42:30,0.0563,0.9437,0.0526,0.06,0.0074,1799.58
2024-01-01T20:43:00,0.0536,0.9464,0.0464,0.0607,0.0143,2087.22
2024-01-01T20:43:30,0.0536,0.9464,0.0483,0.0589,0.0107,1537.56
2024-01-01T20:44:00,0.051,0.949,0.0454,0.0567,0.0113,1241.42
2024-01-01T20:44:30,0.0501,0.9499,0.0464,0.0537,0.0073,1461.95
2024-01-01T20:45:00,0.0521,0.9479,0.0464,0.0578,0.0114,2368.39
2024-01-01T20:45:30,0.0533,0.9467,0.0485,0.0581,0.0096,1434.64
2024-01-01T20:46:00,0.0493,0.9507,0.0476,0.051,0.0034,1266.71
2024-01-01T20:46:30,0.0547,0.9453,0.0502,0.0592,0.009,2482.25
2024-01-01T20:47:00,0.0534,0.9466,0.0476,0.0592,0.0116,2394.42
2024-01-01T20:47:30,0.057,0.943,0.0512,0.0628,0.0116,1438.7
2024-01-01T20:48:00,0.0535,0.9465,0.0467,0.0604,0.0137,1145.95
2024-01-01T20:48:30,0.0512,0.9488,0.0457,0.0568,0.0111,1502.38
2024-01-01T20:49:00,0.0515,0.9485,0.0468,0.0562,0.0094,2458.26
2024-01-01T20:49:30,0.0466,0.9534,0.0397,0.0535,0.0138,1883.94
2024-01-01T20:50:00,0.046,0.954,0.0392,0.0527,0.0135,1456.19
2024-01-01T20:50:30,0.0495,0.9505,0.0477,0.0513,0.0036,2168.29
2024-01-01T20:51:00,0.0479,0.9521,0.0424,0.0534,0.0109,1699.75
2024-01-01T20:51:30,0.0497,0.9503,0.0467,0.0526,0.0059,2349.73
2024-01-01T20:52:00,0.0512,0.9488,0.0455,0.0569,0.0114,2466.73
2024-01-01T20:52:30,0.0496,0.9504,0.0472,0.0519,0.0046,2254.12
2024-01-01T20:53:00,0.0518,0.9482,0.0452,0.0584,0.0132,1787.76
2024-01-01T20:53:30,0.0525,0.9475,0.0496,0.0553,0.0057,2298.14
2024-01-01T20:54:00,0.0507,0.9493,0.0446,0.0568,0.0122,1488.46
2024-01-01T20:54:30,0.0535,0.9465,0.049,0.0581,0.009,1378.45
2024-01-01T20:55:00,0.0531,0.9469,0.0498,0.0564,0.0067,1777.31
2024-01-01T20:55:30,0.0505,0.9495,0.0451,0.0559,0.0108,1488.44
2024-01-01T20:56:00,0.0507,0.9493,0.0433,0.0581,0.0149,2454.69
2024-01-01T20:56:30,0.0446,0.9554,0.0429,0.0463,0.0034,2112.44
2024-01-01T20:57:00,0.0492,0.9508,0.0467,0.0517,0.0049,2388.34
2024-01-01T20:57:30,0.0484,0.9516,0.0422,0.0546,0.0124,1351.84
2024-01-01T20:58:00,0.0515,0.9485,0.0463,0.0566,0.0103,1696.28
2024-01-01T20:58:30,0.0535,0.9465,0.0492,0.0578,0.0086,2535.48
2024-01-01T20:59:00,0.0512,0.9488,0.0439,0.0585,0.0145,2034.2
2024-01-01T20:59:30,0.0543,0.9457,0.0484,0.0602,0.0118,1839.93
2024-01-01T21:00:00,0.0521,0.9479,0.0494,0.0549,0.0056,2457.39
2024-01-01T21:00:30,0.0523,0.9477,0.0477,0.0568,0.0092,2493.96
2024-01-01T21:01:00,0.0515,0.9485,0.045,0.058,0.0129,1930.8
2024-01-01T21:01:30,0.0539,0.9461,0.0506,0.0572,0.0066,1577.61
2024-01-01T21:02:00,0.0557,0.9443,0.0524,0.0589,0.0065,1739.86
2024-01-01T21:02:30,0.0531,0.9469,0.0469,0.0593,0.0124,1703.1
2024-01-01T21:03:00,0.0512,0.9488,0.0465,0.0558,0.0093,1361.35
2024-01-01T21:03:30,0.0509,0.9491,0.0463,0.0555,0.0092,2329.93
2024-01-01T21:04:00,0.0516,0.9484,0.0454,0.0578,0.0124,1556.63
2024-01-01T21:04:30,0.053,0.947,0.0505,0.0555,0.005,2192.06
2024-01-01T21:05:00,0.0529,0.9471,0.0459,0.0598,0.014,2198.9
2024-01-01T21:05:30,0.0519,0.9481,0.0485,0.0554,0.0068,1221.04
2024-01-01T21:06:00,0.0501,0.9499,0.0468,0.0534,0.0066,2444.82
2024-01-01T21:06:30,0.0473,0.9527,0.0433,0.0513,0.008,1534.07
2024-01-01T21:07:00,0.047,0.953,0.0434,0.0506,0.0072,2409.12
2024-01-01T21:07:30,0.0458,0.9542,0.0393,0.0523,0.013,1982.29
2024-01-01T21:08:00,0.0506,0.9494,0.0457,0.0555,0.0098,1210.71
2024-01-01T21:08:30,0.0473,0.9527,0.0413,0.0533,0.012,2378.21
2024-01-01T21:09:00,0.0504,0.9496,0.0459,0.0549,0.0089,1539.98
2024-01-01T21:09:30,0.0487,0.9513,0.046,0.0514,0.0053,1588.11
2024-01-01T21:10:00,0.0493,0.9507,0.0453,0.0534,0.0082,1964.39
2024-01-01T21:10:30,0.0477,0.9523,0.044,0.0514,0.0074,1846.18
2024-01-01T21:11:00,0.0499,0.9501,0.0426,0.0571,0.0144,2381.19
2024-01-01T21:11:30,0.0452,0.9548,0.0429,0.0475,0.0046,1779.13
2024-01-01T21:12:00,0.0481,0.9519,0.0435,0.0528,0.0092,1144.85
2024-01-01T21:12:30,0.0501,0.9499,0.0463,0.0539,0.0077,1365.71
2024-01-01T21:13:00,0.0518,0.9482,0.0472,0.0564,0.0093,1998.39
2024-01-01T21:13:30,0.0524,0.9476,0.0495,0.0552,0.0057,2397.73
2024-01-01T21:14:00,0.05,0.95,0.0484,0.0516,0.0033,1288.56
2024-01-01T21:14:30,0.0483,0.9517,0.0461,0.0505,0.0044,1081.15
2024-01-01T21:15:00,0.0454,0.9546,0.0396,0.0511,0.0114,1263.54
2024-01-01T21:15:30,0.0458,0.9542,0.0401,0.0515,0.0114,2292.85
2024-01-01T21:16:00,0.0494,0.9506,0.0426,0.0563,0.0137,1656.29
2024-01-01T21:16:30,0.0451,0.9549,0.0415,0.0486,0.0071,1649.86
2024-01-01T21:17:00,0.0499,0.9501,0.0435,0.0563,0.0127,1583.38
2024-01-01T21:17:30,0.0548,0.9452,0.0483,0.0613,0.013,2598.34
2024-01-01T21:18:00,0.0514,0.9486,0.0469,0.056,0.009,2303.4
2024-01-01T21:18:30,0.053,0.947,0.0466,0.0594,0.0129,1662.19
2024-01-01T21:19:00,0.0529,0.9471,0.0506,0.0552,0.0046,1649.88
2024-01-01T21:19:30,0.0492,0.9508,0.0438,0.0545,0.0108,2296.68
2024-01-01T21:20:00,0.0506,0.9494,0.045,0.0561,0.0111,2150.35
2024-01-01T21:20:30,0.0494,0.9506,0.0477,0.0511,0.0034,2340.47
2024-01-01T21:21:00,0.0491,0.9509,0.0426,0.0557,0.0131,1864.83
2024-01-01T21:21:30,0.051,0.949,0.0457,0.0563,0.0106,2314.67
2024-01-01T21:22:00,0.0483,0.9517,0.0416,0.0551,0.0135,1874.29
2024-01-01T21:22:30,0.0487,0.9513,0.0426,0.0548,0.0123,2335.32
2024-01-01T21:23:00,0.0487,0.9513,0.0441,0.0534,0.0093,2479.44
2024-01-01T21:23:30,0.0473,0.9527,0.0428,0.0517,0.0089,1082.64
2024-01-01T21:24:00,0.0485,0.9515,0.0433,0.0536,0.0103,1902.69
2024-01-01T21:24:30,0.0492,0.9508,0.0471,0.0514,0.0043,1640.69
2024-01-01T21:25:00,0.0474,0.9526,0.0458,0.0489,0.0032,1773.14
2024-01-01T21:25:30,0.0453,0.9547,0.0388,0.0518,0.013,2322.99
2024-01-01T21:26:00,0.05,0.95,0.0478,0.0523,0.0046,2456.95
2024-01-01T21:26:30,0.0507,0.9493,0.0472,0.0542,0.007,2510.31
2024-01-01T21:27:00,0.047,0.953,0.041,0.0531,0.0121,1731.28
2024-01-01T21:27:30,0.0493,0.9507,0.0428,0.0558,0.013,1184.5
2024-01-01T21:28:00,0.0475,0.9525,0.0405,0.0545,0.014,1373.64
2024-01-01T21:28:30,0.0493,0.9507,0.0472,0.0515,0.0043,1328.67
2024-01-01T21:29:00,0.0518,0.9482,0.0455,0.0581,0.0126,1990.92
2024-01-01T21:29:30,0.0511,0.9489,0.0485,0.0536,0.0051,2080.43
2024-01-01T21:30:00,0.05,0.95,0.0475,0.0526,0.0051,1406.59
2024-01-01T21:30:30,0.0521,0.9479,0.0485,0.0558,0.0073,1621.29
2024-01-01T21:31:00,0.0501,0.9499,0.0469,0.0533,0.0063,1320.1
2024-01-01T21:31:30,0.0502,0.9498,0.0437,0.0566,0.0129,1447.46
2024-01-01T21:32:00,0.0487,0.9513,0.0457,0.0518,0.0061,2465.14
2024-01-01T21:32:30,0.0482,0.9518,0.0425,0.0539,0.0114,1726.12
2024-01-01T21:33:00,0.0504,0.9496,0.0454,0.0553,0.0099,1856.12
2024-01-01T21:33:30,0.0518,0.9482,0.0448,0.0588,0.014,1261.39
2024-01-01T21:34:00,0.0498,0.9502,0.047,0.0525,0.0055,1598.97
2024-01-01T21:34:30,0.0494,0.9506,0.0465,0.0523,0.0058,1925.7
2024-01-01T21:35:00,0.0465,0.9535,0.0395,0.0536,0.0141,1425.06
2024-01-01T21:35:30,0.0485,0.9515,0.0418,0.0552,0.0134,2133.71
2024-01-01T21:36:00,0.0521,0.9479,0.0482,0.0561,0.0079,1131.77
2024-01-01T21:36:30,0.0502,0.9498,0.0471,0.0532,0.0061,2448.59
2024-01-01T21:37:00,0.048,0.952,0.0408,0.0552,0.0144,2372.31
2024-01-01T21:37:30,0.0523,0.9477,0.0479,0.0567,0.0088,1883.19
2024-01-01T21:38:00,0.0492,0.9508,0.0421,0.0563,0.0141,1927.45
2024-01-01T21:38:30,0.0528,0.9472,0.0502,0.0553,0.0051,1846.83
2024-01-01T21:39:00,0.051,0.949,0.0471,0.0549,0.0078,1320.35
2024-01-01T21:39:30,0.0511,0.9489,0.0441,0.0581,0.014,1637.08
2024-01-01T21:40:00,0.05,0.95,0.0447,0.0553,0.0106,1364.51
2024-01-01T21:40:30,0.0541,0.9459,0.0467,0.0614,0.0147,2136.65
2024-01-01T21:41:00,0.0464,0.9536,0.0399,0.0528,0.0129,2005.2
2024-01-01T21:41:30,0.0489,0.9511,0.0418,0.0561,0.0144,2195.62
2024-01-01T21:42:00,0.047,0.953,0.0434,0.0506,0.0072,1493.13
2024-01-01T21:42:30,0.0498,0.9502,0.0466,0.053,0.0063,1297.15
2024-01-01T21:43:00,0.0457,0.9543,0.0438,0.0476,0.0038,1148.25
2024-01-01T21:43:30,0.0481,0.9519,0.0445,0.0517,0.0072,2216.3
2024-01-01T21:44:00,0.0485,0.9515,0.044,0.0531,0.0091,2137.25
2024-01-01T21:44:30,0.0475,0.9525,0.0412,0.0538,0.0126,2325.54
2024-01-01T21:45:00,0.0436,0.9564,0.0407,0.0465,0.0059,1217.81
2024-01-01T21:45:30,0.0476,0.9524,0.0432,0.0521,0.0089,1143.97
2024-01-01T21:46:00,0.0467,0.9533,0.0403,0.0531,0.0128,1662.41
2024-01-01T21:46:30,0.0468,0.9532,0.0451,0.0486,0.0035,1468.18
2024-01-01T21:47:00,0.0476,0.9524,0.0432,0.0521,0.0089,1924.82
2024-01-01T21:47:30,0.051,0.949,0.0438,0.0582,0.0144,2454.95
2024-01-01T21:48:00,0.0504,0.9496,0.0431,0.0578,0.0147,1874.76
2024-01-01T21:48:30,0.0514,0.9486,0.0478,0.055,0.0072,2430.16
2024-01-01T21:49:00,0.0521,0.9479,0.0477,0.0566,0.0088,2245.48
2024-01-01T21:49:30,0.0526,0.9474,0.0489,0.0562,0.0073,1674.13
2024-01-01T21:50:00,0.0527,0.9473,0.0478,0.0577,0.0099,1909.56
2024-01-01T21:50:30,0.0498,0.9502,0.0459,0.0536,0.0077,1460.04
2024-01-01T21:51:00,0.0519,0.9481,0.0488,0.0549,0.006,2379.27
2024-01-01T21:51:30,0.0504,0.9496,0.0472,0.0536,0.0064,2252.78
2024-01-01T21:52:00,0.0471,0.9529,0.0398,0.0544,0.0145,2036.91
2024-01-01T21:52:30,0.048,0.952,0.0448,0.0513,0.0065,1361.32
2024-01-01T21:53:00,0.0463,0.9537,0.0402,0.0525,0.0123,2037.38
2024-01-01T21:53:30,0.0478,0.9522,0.0431,0.0525,0.0094,1444.54
2024-01-01T21:54:00,0.0519,0.9481,0.0484,0.0554,0.007,2343.96
2024-01-01T21:54:30,0.0521,0.9479,0.0468,0.0575,0.0106,2070.01
2024-01-01T21:55:00,0.0477,0.9523,0.0425,0.0528,0.0103,1647.51
2024-01-01T21:55:30,0.0524,0.9476,0.0499,0.0549,0.005,1301.6
2024-01-01T21:56:00,0.0524,0.9476,0.0502,0.0546,0.0043,1705.8
2024-01-01T21:56:30,0.0512,0.9488,0.0473,0.055,0.0077,1826.85
2024-01-01T21:57:00,0.0514,0.9486,0.0497,0.0531,0.0034,2250.57
2024-01-01T21:57:30,0.0489,0.9511,0.046,0.0518,0.0058,1309.32
2024-01-01T21:58:00,0.0525,0.9475,0.0482,0.0567,0.0085,2255.32
2024-01-01T21:58:30,0.0524,0.9476,0.0475,0.0572,0.0098,1458.16
2024-01-01T21:59:00,0.0557,0.9443,0.0529,0.0586,0.0057,2338.26
2024-01-01T21:59:30,0.05,0.95,0.0481,0.052,0.004,1526.82
2024-01-01T22:00:00,0.0516,0.9484,0.0496,0.0536,0.004,2459.61
2024-01-01T22:00:30,0.0482,0.9518,0.0431,0.0533,0.0102,1941.42
2024-01-01T22:01:00,0.0497,0.9503,0.0425,0.057,0.0145,1445.35
2024-01-01T22:01:30,0.0513,0.9487,0.0494,0.0532,0.0039,1945.86
2024-01-01T22:02:00,0.0498,0.9502,0.0465,0.0531,0.0065,1669.85
2024-01-01T22:02:30,0.0541,0.9459,0.0488,0.0593,0.0105,2171.64
2024-01-01T22:03:00,0.0479,0.9521,0.0421,0.0537,0.0115,2463.76
2024-01-01T22:03:30,0.049,0.951,0.0445,0.0535,0.009,1919.82
2024-01-01T22:04:00,0.0504,0.9496,0.0483,0.0526,0.0042,1435.79
2024-01-01T22:04:30,0.0502,0.9498,0.0452,0.0552,0.01,2351.98
2024-01-01T22:05:00,0.0483,0.9517,0.0442,0.0524,0.0082,1832.51
2024-01-01T22:05:30,0.0478,0.9522,0.0451,0.0506,0.0055,2363.19
2024-01-01T22:06:00,0.044,0.956,0.0394,0.0486,0.0092,1939.65
2024-01-01T22:06:30,0.0484,0.9516,0.0467,0.05,0.0034,2481.77
2024-01-01T22:07:00,0.0519,0.9481,0.0454,0.0583,0.0129,1778.92
2024-01-01T22:07:30,0.0474,0.9526,0.0435,0.0514,0.0079,1761.79
2024-01-01T22:08:00,0.0487,0.9513,0.0434,0.0541,0.0107,2031.67
2024-01-01T22:08:30,0.0509,0.9491,0.0451,0.0566,0.0115,2422.54
2024-01-01T22:09:00,0.0527,0.9473,0.0496,0.0557,0.0061,2469.9
2024-01-01T22:09:30,0.0518,0.9482,0.0491,0.0546,0.0055,1578.21
2024-01-01T22:10:00,0.0486,0.9514,0.0437,0.0534,0.0097,1311.6
2024-01-01T22:10:30,0.0494,0.9506,0.0444,0.0544,0.01,2280.9
2024-01-01T22:11:00,0.0487,0.9513,0.0451,0.0523,0.0073,1553.61
2024-01-01T22:11:30,0.0503,0.9497,0.047,0.0535,0.0065,2364.23
2024-01-01T22:12:00,0.0503,0.9497,0.0446,0.056,0.0114,2056.37
2024-01-01T22:12:30,0.0488,0.9512,0.0455,0.0521,0.0066,1853.79
2024-01-01T22:13:00,0.0485,0.9515,0.0446,0.0524,0.0078,2394.37
2024-01-01T22:13:30,0.0485,0.9515,0.0429,0.0542,0.0113,1159.39
2024-01-01T22:14:00,0.0505,0.9495,0.0489,0.0522,0.0033,2150.15
2024-01-01T22:14:30,0.0505,0.9495,0.0483,0.0526,0.0043,1789.16
2024-01-01T22:15:00,0.0481,0.9519,0.0413,0.0549,0.0136,1509.63
2024-01-01T22:15:30,0.0497,0.9503,0.0426,0.0568,0.0142,1731.47
2024-01-01T22:16:00,0.0494,0.9506,0.0442,0.0547,0.0105,2502.75
2024-01-01T22:16:30,0.0466,0.9534,0.0446,0.0485,0.0039,2245.94
2024-01-01T22:17:00,0.0479,0.9521,0.0441,0.0517,0.0076,1669.3
2024-01-01T22:17:30,0.05,0.95,0.0454,0.0545,0.0092,1154.6
2024-01-01T22:18:00,0.0495,0.9505,0.0434,0.0556,0.0122,2226.51
2024-01-01T22:18:30,0.0484,0.9516,0.0417,0.0551,0.0134,1728.05
2024-01-01T22:19:00,0.0497,0.9503,0.048,0.0515,0.0035,2121.07
2024-01-01T22:19:30,0.0475,0.9525,0.0402,0.0547,0.0145,1986.47
2024-01-01T22:20:00,0.0479,0.9521,0.044,0.0518,0.0078,1170.95
2024-01-01T22:20:30,0.0512,0.9488,0.0472,0.0551,0.0079,1099.44
2024-01-01T22:21:00,0.0509,0.9491,0.0476,0.0542,0.0066,1291.7
2024-01-01T22:21:30,0.0516,0.9484,0.0453,0.0578,0.0125,2533.68
2024-01-01T22:22:00,0.0528,0.9472,0.047,0.0586,0.0115,1800.9
2024-01-01T22:22:30,0.0515,0.9485,0.0492,0.0538,0.0047,1354.57
2024-01-01T22:23:00,0.0501,0.9499,0.0441,0.056,0.0119,1535.18
2024-01-01T22:23:30,0.0503,0.9497,0.0485,0.052,0.0035,1613.5
2024-01-01T22:24:00,0.0539,0.9461,0.0513,0.0565,0.0053,2600.01
2024-01-01T22:24:30,0.0494,0.9506,0.0452,0.0537,0.0084,1563.52
2024-01-01T22:25:00,0.0509,0.9491,0.0479,0.0539,0.006,2180.92
2024-01-01T22:25:30,0.0517,0.9483,0.0489,0.0544,0.0055,1423.52
2024-01-01T22:26:00,0.0485,0.9515,0.0429,0.0541,0.0112,1245.38
2024-01-01T22:26:30,0.0493,0.9507,0.0456,0.053,0.0074,2253.8
2024-01-01T22:27:00,0.0496,0.9504,0.0473,0.0519,0.0046,1158.4
2024-01-01T22:27:30,0.0517,0.9483,0.0491,0.0543,0.0052,1689.5
2024-01-01T22:28:00,0.0467,0.9533,0.0414,0.0521,0.0107,1134.86
2024-01-01T22:28:30,0.049,0.951,0.0455,0.0525,0.007,1459.73
2024-01-01T22:29:00,0.0472,0.9528,0.0433,0.051,0.0077,2079.07
2024-01-01T22:29:30,0.0492,0.9508,0.0437,0.0548,0.0111,2008.49
2024-01-01T22:30:00,0.0492,0.9508,0.0418,0.0565,0.0148,2260.53
2024-01-01T22:30:30,0.0479,0.9521,0.0436,0.0522,0.0086,1615.01
2024-01-01T22:31:00,0.0499,0.9501,0.0469,0.053,0.0061,1644.59
2024-01-01T22:31:30,0.0516,0.9484,0.0488,0.0544,0.0056,1422.52
2024-01-01T22:32:00,0.0507,0.9493,0.0483,0.0532,0.0049,2094.28
2024-01-01T22:32:30,0.0519,0.9481,0.0473,0.0564,0.0091,1809.52
2024-01-01T22:33:00,0.0483,0.9517,0.0437,0.0529,0.0092,1675.74
2024-01-01T22:33:30,0.0532,0.9468,0.0506,0.0557,0.0051,1195.34
2024-01-01T22:34:00,0.0515,0.9485,0.0481,0.0548,0.0067,1566.57
2024-01-01T22:34:30,0.0509,0.9491,0.0483,0.0535,0.0052,1972.0
2024-01-01T22:35:00,0.0485,0.9515,0.0414,0.0556,0.0141,1822.14
2024-01-01T22:35:30,0.049,0.951,0.0454,0.0527,0.0073,2094.75
2024-01-01T22:36:00,0.0488,0.9512,0.0436,0.0541,0.0105,1625.12
2024-01-01T22:36:30,0.0552,0.9448,0.0495,0.0608,0.0113,1690.45
2024-01-01T22:37:00,0.052,0.948,0.045,0.059,0.014,1130.11
2024-01-01T22:37:30,0.0519,0.9481,0.0474,0.0563,0.0088,2201.29
2024-01-01T22:38:00,0.052,0.948,0.0479,0.0561,0.0081,2472.17
2024-01-01T22:38:30,0.0503,0.9497,0.0468,0.0537,0.0069,2321.37
2024-01-01T22:39:00,0.05,0.95,0.0478,0.0522,0.0044,1474.74
2024-01-01T22:39:30,0.0503,0.9497,0.0433,0.0574,0.0141,2375.98
2024-01-01T22:40:00,0.048,0.952,0.0427,0.0533,0.0107,1475.8
2024-01-01T22:40:30,0.0505,0.9495,0.0484,0.0526,0.0042,1112.48
2024-01-01T22:41:00,0.0505,0.9495,0.0471,0.0539,0.0069,2392.91
2024-01-01T22:41:30,0.0533,0.9467,0.0458,0.0608,0.0149,1267.12
2024-01-01T22:42:00,0.0506,0.9494,0.0467,0.0545,0.0078,2225.84
2024-01-01T22:42:30,0.0507,0.9493,0.0484,0.053,0.0046,1301.89
2024-01-01T22:43:00,0.0492,0.9508,0.0419,0.0565,0.0146,1526.28
2024-01-01T22:43:30,0.0501,0.9499,0.0482,0.052,0.0038,2326.85
2024-01-01T22:44:00,0.0496,0.9504,0.0471,0.0522,0.0051,1707.16
2024-01-01T22:44:30,0.049,0.951,0.0419,0.056,0.0141,2400.83
2024-01-01T22:45:00,0.0514,0.9486,0.0475,0.0553,0.0078,1993.87
2024-01-01T22:45:30,0.0499,0.9501,0.0442,0.0556,0.0114,1815.75
2024-01-01T22:46:00,0.0493,0.9507,0.0425,0.0561,0.0136,1636.27
2024-01-01T22:46:30,0.0494,0.9506,0.0431,0.0557,0.0126,1916.33
2024-01-01T22:47:00,0.0477,0.9523,0.0412,0.0541,0.013,2403.19
2024-01-01T22:47:30,0.0471,0.9529,0.0444,0.0497,0.0052,1893.74
2024-01-01T22:48:00,0.0513,0.9487,0.0451,0.0575,0.0123,1885.04
2024-01-01T22:48:30,0.0528,0.9472,0.0467,0.059,0.0123,2388.14
2024-01-01T22:49:00,0.0496,0.9504,0.0431,0.056,0.0128,2118.35
2024-01-01T22:49:30,0.0489,0.9511,0.0449,0.053,0.0081,2438.34
2024-01-01T22:50:00,0.0453,0.9547,0.0393,0.0513,0.012,1223.89
2024-01-01T22:50:30,0.0498,0.9502,0.047,0.0525,0.0055,1110.98
2024-01-01T22:51:00,0.0503,0.9497,0.0485,0.0522,0.0036,2521.54
2024-01-01T22:51:30,0.0478,0.9522,0.0406,0.0551,0.0144,2134.1
2024-01-01T22:52:00,0.0523,0.9477,0.0506,0.0539,0.0032,1913.3
2024-01-01T22:52:30,0.0485,0.9515,0.0442,0.0529,0.0087,2088.84
2024-01-01T22:53:00,0.049,0.951,0.0426,0.0554,0.0129,1445.22
2024-01-01T22:53:30,0.0474,0.9526,0.0402,0.0545,0.0143,1231.67
2024-01-01T22:54:00,0.0478,0.9522,0.0428,0.0528,0.01,2348.66
2024-01-01T22:54:30,0.0488,0.9512,0.044,0.0536,0.0096,2249.11
2024-01-01T22:55:00,0.0489,0.9511,0.0469,0.051,0.0041,1324.36
2024-01-01T22:55:30,0.0473,0.9527,0.0408,0.0538,0.013,1245.59
2024-01-01T22:56:00,0.0481,0.9519,0.0456,0.0506,0.005,2359.23
2024-01-01T22:56:30,0.0473,0.9527,0.0419,0.0527,0.0108,2117.39
2024-01-01T22:57:00,0.0466,0.9534,0.0443,0.0489,0.0045,1833.97
2024-01-01T22:57:30,0.0514,0.9486,0.0467,0.0561,0.0094,2410.99
2024-01-01T22:58:00,0.0471,0.9529,0.0441,0.0501,0.006,1537.4
2024-01-01T22:58:30,0.0499,0.9501,0.0451,0.0546,0.0095,2003.34
2024-01-01T22:59:00,0.0508,0.9492,0.0441,0.0575,0.0134,1728.62
2024-01-01T22:59:30,0.0496,0.9504,0.0469,0.0523,0.0054,2042.17
2024-01-01T23:00:00,0.0511,0.9489,0.0464,0.0558,0.0094,2435.65
2024-01-01T23:00:30,0.0487,0.9513,0.0415,0.0558,0.0144,1428.63
2024-01-01T23:01:00,0.0456,0.9544,0.0419,0.0493,0.0074,1874.1
2024-01-01T23:01:30,0.0477,0.9523,0.0437,0.0517,0.008,2444.12
2024-01-01T23:02:00,0.0488,0.9512,0.0456,0.0519,0.0062,2373.87
2024-01-01T23:02:30,0.05,0.95,0.0473,0.0528,0.0055,2520.29
2024-01-01T23:03:00,0.0487,0.9513,0.0464,0.0509,0.0045,2051.01
2024-01-01T23:03:30,0.0539,0.9461,0.0496,0.0582,0.0086,1271.18
2024-01-01T23:04:00,0.0475,0.9525,0.0452,0.0498,0.0046,2236.78
2024-01-01T23:04:30,0.0476,0.9524,0.0438,0.0514,0.0076,2034.39
2024-01-01T23:05:00,0.0481,0.9519,0.0422,0.0539,0.0117,1583.13
2024-01-01T23:05:30,0.0467,0.9533,0.0428,0.0507,0.0079,1728.71
2024-01-01T23:06:00,0.0501,0.9499,0.0428,0.0574,0.0147,1379.02
2024-01-01T23:06:30,0.0486,0.9514,0.0433,0.054,0.0108,1630.11
2024-01-01T23:07:00,0.0517,0.9483,0.0487,0.0547,0.0061,1674.92
2024-01-01T23:07:30,0.0515,0.9485,0.0488,0.0542,0.0054,1556.97
2024-01-01T23:08:00,0.0516,0.9484,0.0454,0.0579,0.0124,2384.16
2024-01-01T23:08:30,0.0515,0.9485,0.0442,0.0588,0.0146,1775.18
2024-01-01T23:09:00,0.0492,0.9508,0.0435,0.0549,0.0114,1590.82
2024-01-01T23:09:30,0.0503,0.9497,0.0473,0.0533,0.0061,1720.1
2024-01-01T23:10:00,0.0511,0.9489,0.0483,0.0539,0.0056,1774.85
2024-01-01T23:10:30,0.0498,0.9502,0.0427,0.0569,0.0142,2433.97
2024-01-01T23:11:00,0.0496,0.9504,0.0454,0.0539,0.0085,1207.89
2024-01-01T23:11:30,0.0482,0.9518,0.0431,0.0532,0.0101,2426.31
2024-01-01T23:12:00,0.0526,0.9474,0.0486,0.0565,0.0079,1507.93
2024-01-01T23:12:30,0.0501,0.9499,0.0452,0.0549,0.0096,2146.58
2024-01-01T23:13:00,0.052,0.948,0.0466,0.0574,0.0108,1405.5
2024-01-01T23:13:30,0.0534,0.9466,0.0464,0.0604,0.014,2363.66
2024-01-01T23:14:00,0.0483,0.9517,0.046,0.0505,0.0046,2471.06
2024-01-01T23:14:30,0.05,0.95,0.0428,0.0572,0.0143,2502.29
2024-01-01T23:15:00,0.0481,0.9519,0.0423,0.054,0.0117,1390.81
2024-01-01T23:15:30,0.0486,0.9514,0.0463,0.0509,0.0046,2055.06
2024-01-01T23:16:00,0.052,0.948,0.0451,0.0589,0.0138,2427.27
2024-01-01T23:16:30,0.051,0.949,0.0442,0.0577,0.0135,2449.83
2024-01-01T23:17:00,0.0489,0.9511,0.0416,0.0562,0.0146,2243.02
2024-01-01T23:17:30,0.0532,0.9468,0.0516,0.0548,0.0032,1735.3
2024-01-01T23:18:00,0.053,0.947,0.0511,0.0549,0.0038,1282.04
2024-01-01T23:18:30,0.0514,0.9486,0.0461,0.0568,0.0107,1315.8
2024-01-01T23:19:00,0.0517,0.9483,0.0448,0.0585,0.0137,1621.4
2024-01-01T23:19:30,0.0524,0.9476,0.0491,0.0557,0.0065,1422.43
2024-01-01T23:20:00,0.0535,0.9465,0.0487,0.0583,0.0096,1269.13
2024-01-01T23:20:30,0.0531,0.9469,0.0493,0.0568,0.0075,2558.43
2024-01-01T23:21:00,0.0515,0.9485,0.0483,0.0548,0.0066,1320.27
2024-01-01T23:21:30,0.0498,0.9502,0.0443,0.0552,0.011,1262.68
2024-01-01T23:22:00,0.0494,0.9506,0.0456,0.0532,0.0076,1275.85
2024-01-01T23:22:30,0.0487,0.9513,0.0424,0.0549,0.0125,1100.52
2024-01-01T23:23:00,0.0495,0.9505,0.0431,0.0559,0.0129,1245.48
2024-01-01T23:23:30,0.0528,0.9472,0.0496,0.0561,0.0065,2295.59
2024-01-01T23:24:00,0.0459,0.9541,0.0393,0.0524,0.0131,2399.61
2024-01-01T23:24:30,0.0507,0.9493,0.0458,0.0555,0.0096,2152.9
2024-01-01T23:25:00,0.0538,0.9462,0.0465,0.061,0.0145,1139.16
2024-01-01T23:25:30,0.0552,0.9448,0.0521,0.0583,0.0062,2264.01
2024-01-01T23:26:00,0.0535,0.9465,0.0499,0.057,0.0071,2574.97
2024-01-01T23:26:30,0.0515,0.9485,0.0479,0.055,0.0071,1495.27
2024-01-01T23:27:00,0.0493,0.9507,0.0438,0.0549,0.0111,1473.23
2024-01-01T23:27:30,0.0503,0.9497,0.0477,0.0529,0.0052,1394.56
2024-01-01T23:28:00,0.0459,0.9541,0.0404,0.0513,0.0109,1654.68
2024-01-01T23:28:30,0.046,0.954,0.0418,0.0501,0.0083,2000.53
2024-01-01T23:29:00,0.0453,0.9547,0.0381,0.0525,0.0144,2031.57
2024-01-01T23:29:30,0.0459,0.9541,0.0426,0.0492,0.0066,1520.54
2024-01-01T23:30:00,0.0494,0.9506,0.0431,0.0557,0.0126,1392.23
2024-01-01T23:30:30,0.0492,0.9508,0.0461,0.0523,0.0062,1347.93
2024-01-01T23:31:00,0.0483,0.9517,0.0413,0.0553,0.014,1556.29
2024-01-01T23:31:30,0.0508,0.9492,0.0492,0.0524,0.0033,2290.62
2024-01-01T23:32:00,0.0527,0.9473,0.0478,0.0576,0.0097,2416.68
2024-01-01T23:32:30,0.0514,0.9486,0.0443,0.0585,0.0142,1510.49
2024-01-01T23:33:00,0.0502,0.9498,0.0469,0.0535,0.0066,1314.94
2024-01-01T23:33:30,0.0492,0.9508,0.0434,0.055,0.0116,2179.45
2024-01-01T23:34:00,0.0485,0.9515,0.0438,0.0533,0.0096,2487.33
2024-01-01T23:34:30,0.0504,0.9496,0.0451,0.0558,0.0107,1638.44
2024-01-01T23:35:00,0.0481,0.9519,0.0439,0.0524,0.0085,2399.89
2024-01-01T23:35:30,0.0493,0.9507,0.0425,0.0562,0.0137,2302.5
2024-01-01T23:36:00,0.0498,0.9502,0.0436,0.0561,0.0125,2443.96
2024-01-01T23:36:30,0.0507,0.9493,0.0466,0.0549,0.0083,1797.8
2024-01-01T23:37:00,0.0518,0.9482,0.0478,0.0557,0.0079,1678.23
2024-01-01T23:37:30,0.0528,0.9472,0.0471,0.0585,0.0114,1413.74
2024-01-01T23:38:00,0.0511,0.9489,0.0444,0.0579,0.0134,2253.65
2024-01-01T23:38:30,0.0529,0.9471,0.0508,0.0549,0.0041,1714.24
2024-01-01T23:39:00,0.0514,0.9486,0.0446,0.0582,0.0135,2505.65
2024-01-01T23:39:30,0.0526,0.9474,0.0474,0.0579,0.0105,2522.7
2024-01-01T23:40:00,0.0514,0.9486,0.0464,0.0565,0.0101,1115.71
2024-01-01T23:40:30,0.0524,0.9476,0.0491,0.0556,0.0066,1770.77
2024-01-01T23:41:00,0.0517,0.9483,0.046,0.0574,0.0113,2001.27
2024-01-01T23:41:30,0.05,0.95,0.0482,0.0518,0.0036,1986.36
2024-01-01T23:42:00,0.0485,0.9515,0.0436,0.0535,0.01,1906.16
2024-01-01T23:42:30,0.0487,0.9513,0.0466,0.0508,0.0041,1251.42
2024-01-01T23:43:00,0.0537,0.9463,0.047,0.0605,0.0135,2072.38
2024-01-01T23:43:30,0.0518,0.9482,0.0495,0.0542,0.0047,1314.62
2024-01-01T23:44:00,0.056,0.944,0.0539,0.0581,0.0042,1173.02
2024-01-01T23:44:30,0.0494,0.9506,0.0441,0.0546,0.0105,1189.69
2024-01-01T23:45:00,0.0512,0.9488,0.0481,0.0543,0.0062,1812.5
2024-01-01T23:45:30,0.0537,0.9463,0.048,0.0594,0.0115,1795.97
2024-01-01T23:46:00,0.0582,0.9418,0.0556,0.0608,0.0051,1602.87
2024-01-01T23:46:30,0.0537,0.9463,0.0493,0.0582,0.0088,1196.98
2024-01-01T23:47:00,0.0557,0.9443,0.0515,0.0599,0.0084,1238.34
2024-01-01T23:47:30,0.0528,0.9472,0.0501,0.0554,0.0053,2337.68
2024-01-01T23:48:00,0.056,0.944,0.0523,0.0596,0.0073,1421.94
2024-01-01T23:48:30,0.0534,0.9466,0.0518,0.055,0.0033,2175.34
2024-01-01T23:49:00,0.0507,0.9493,0.0434,0.0579,0.0145,1631.31
2024-01-01T23:49:30,0.0506,0.9494,0.0462,0.0549,0.0087,1223.07
2024-01-01T23:50:00,0.0532,0.9468,0.0482,0.0581,0.0099,2114.3
2024-01-01T23:50:30,0.0502,0.9498,0.0435,0.0569,0.0134,2428.43
2024-01-01T23:51:00,0.0488,0.9512,0.047,0.0507,0.0037,2334.16
2024-01-01T23:51:30,0.0518,0.9482,0.0482,0.0554,0.0072,1785.27
2024-01-01T23:52:00,0.0538,0.9462,0.0491,0.0585,0.0095,2387.86
2024-01-01T23:52:30,0.0578,0.9422,0.0529,0.0627,0.0099,2504.21
2024-01-01T23:53:00,0.0526,0.9474,0.0478,0.0575,0.0096,1831.16
2024-01-01T23:53:30,0.0486,0.9514,0.0456,0.0517,0.0061,1921.14
2024-01-01T23:54:00,0.047,0.953,0.0399,0.0541,0.0142,1928.85
2024-01-01T23:54:30,0.0476,0.9524,0.0435,0.0516,0.0081,1619.26
2024-01-01T23:55:00,0.0474,0.9526,0.0414,0.0534,0.0119,2127.63
2024-01-01T23:55:30,0.0494,0.9506,0.0473,0.0516,0.0043,1960.44
2024-01-01T23:56:00,0.0496,0.9504,0.0471,0.0521,0.005,2262.77
2024-01-01T23:56:30,0.0519,0.9481,0.0498,0.0541,0.0043,1599.09
2024-01-01T23:57:00,0.0528,0.9472,0.0495,0.0561,0.0066,1771.79
2024-01-01T23:57:30,0.0511,0.9489,0.0462,0.0561,0.0099,1391.85
2024-01-01T23:58:00,0.0504,0.9496,0.0485,0.0522,0.0036,2219.81
2024-01-01T23:58:30,0.0479,0.9521,0.0412,0.0546,0.0135,2042.46
2024-01-01T23:59:00,0.0483,0.9517,0.044,0.0526,0.0087,2009.45
2024-01-01T23:59:30,0.0466,0.9534,0.0447,0.0484,0.0037,2221.6
2024-01-02T00:00:00,0.0482,0.9518,0.0415,0.0549,0.0134,1518.31
2024-01-02T00:00:30,0.0473,0.9527,0.0424,0.0521,0.0096,2398.32
2024-01-02T00:01:00,0.0479,0.9521,0.0427,0.0531,0.0105,2084.44
2024-01-02T00:01:30,0.048,0.952,0.0418,0.0541,0.0123,1534.75
2024-01-02T00:02:00,0.0491,0.9509,0.0456,0.0526,0.0069,1272.38
2024-01-02T00:02:30,0.0487,0.9513,0.0447,0.0528,0.008,1554.3
2024-01-02T00:03:00,0.0509,0.9491,0.0455,0.0564,0.0109,2320.57
2024-01-02T00:03:30,0.0488,0.9512,0.0471,0.0504,0.0033,1078.2
2024-01-02T00:04:00,0.0494,0.9506,0.044,0.0548,0.0108,1353.3
2024-01-02T00:04:30,0.048,0.952,0.0413,0.0547,0.0134,1280.54
2024-01-02T00:05:00,0.0524,0.9476,0.046,0.0589,0.0128,1278.96
2024-01-02T00:05:30,0.0536,0.9464,0.0493,0.0579,0.0087,1576.98
2024-01-02T00:06:00,0.0519,0.9481,0.046,0.0577,0.0117,1101.62
2024-01-02T00:06:30,0.0526,0.9474,0.0486,0.0566,0.008,1266.81
2024-01-02T00:07:00,0.0518,0.9482,0.0449,0.0587,0.0138,1976.52
2024-01-02T00:07:30,0.0524,0.9476,0.0464,0.0584,0.0119,1760.8
2024-01-02T00:08:00,0.0473,0.9527,0.0423,0.0523,0.01,2217.55
2024-01-02T00:08:30,0.0514,0.9486,0.0456,0.0572,0.0116,1997.24
2024-01-02T00:09:00,0.0519,0.9481,0.0499,0.0539,0.004,1985.67
2024-01-02T00:09:30,0.0477,0.9523,0.0444,0.051,0.0067,1385.83
2024-01-02T00:10:00,0.0473,0.9527,0.0422,0.0524,0.0102,2032.55
2024-01-02T00:10:30,0.0534,0.9466,0.047,0.0599,0.0128,1237.47
2024-01-02T00:11:00,0.0506,0.9494,0.0469,0.0542,0.0073,1928.89
2024-01-02T00:11:30,0.0494,0.9506,0.0437,0.055,0.0113,1705.09
2024-01-02T00:12:00,0.0497,0.9503,0.0444,0.0549,0.0105,1969.33
2024-01-02T00:12:30,0.0562,0.9438,0.051,0.0615,0.0105,1301.92
2024-01-02T00:13:00,0.0507,0.9493,0.0476,0.0538,0.0062,1991.98
2024-01-02T00:13:30,0.0533,0.9467,0.0469,0.0598,0.0129,1268.74
2024-01-02T00:14:00,0.049,0.951,0.0463,0.0516,0.0053,1128.68
2024-01-02T00:14:30,0.0502,0.9498,0.047,0.0535,0.0065,1238.8
2024-01-02T00:15:00,0.0514,0.9486,0.0448,0.058,0.0132,2061.9
2024-01-02T00:15:30,0.0496,0.9504,0.0423,0.0568,0.0146,2244.42
2024-01-02T00:16:00,0.0539,0.9461,0.0478,0.06,0.0122,1137.47
2024-01-02T00:16:30,0.0509,0.9491,0.0454,0.0564,0.011,2019.63
2024-01-02T00:17:00,0.0533,0.9467,0.0499,0.0567,0.0068,1585.32
2024-01-02T00:17:30,0.0482,0.9518,0.0434,0.0529,0.0096,1414.53
2024-01-02T00:18:00,0.0488,0.9512,0.0415,0.0561,0.0146,1141.16
2024-01-02T00:18:30,0.0521,0.9479,0.0487,0.0554,0.0067,2162.69
2024-01-02T00:19:00,0.0517,0.9483,0.0445,0.0589,0.0143,1199.92
2024-01-02T00:19:30,0.0492,0.9508,0.0468,0.0516,0.0048,1542.13
2024-01-02T00:20:00,0.0487,0.9513,0.0455,0.0519,0.0064,2183.89
2024-01-02T00:20:30,0.0546,0.9454,0.0501,0.0591,0.009,2435.51
2024-01-02T00:21:00,0.0472,0.9528,0.0415,0.053,0.0115,1512.89
2024-01-02T00:21:30,0.0506,0.9494,0.0436,0.0576,0.014,2116.92
2024-01-02T00:22:00,0.049,0.951,0.0437,0.0543,0.0107,1578.24
2024-01-02T00:22:30,0.0468,0.9532,0.0448,0.0487,0.0039,2174.52
2024-01-02T00:23:00,0.0477,0.9523,0.041,0.0544,0.0134,2339.05
2024-01-02T00:23:30,0.048,0.952,0.0452,0.0507,0.0055,1334.96
2024-01-02T00:24:00,0.0512,0.9488,0.0452,0.0572,0.0119,1105.53
2024-01-02T00:24:30,0.0496,0.9504,0.0477,0.0515,0.0038,1672.07
2024-01-02T00:25:00,0.0497,0.9503,0.0464,0.053,0.0067,1763.94
2024-01-02T00:25:30,0.0471,0.9529,0.0432,0.0511,0.0079,1852.4
2024-01-02T00:26:00,0.0495,0.9505,0.0431,0.0559,0.0128,2243.84
2024-01-02T00:26:30,0.0496,0.9504,0.0461,0.053,0.0069,2262.78
2024-01-02T00:27:00,0.0525,0.9475,0.0453,0.0598,0.0145,1377.52
2024-01-02T00:27:30,0.0527,0.9473,0.0504,0.0549,0.0046,2503.21
2024-01-02T00:28:00,0.0543,0.9457,0.0473,0.0613,0.0139,1964.05
2024-01-02T00:28:30,0.0509,0.9491,0.0454,0.0565,0.0111,1784.14
2024-01-02T00:29:00,0.0484,0.9516,0.0417,0.0552,0.0135,1109.8
2024-01-02T00:29:30,0.0482,0.9518,0.0436,0.0528,0.0092,1946.83
2024-01-02T00:30:00,0.0474,0.9526,0.0423,0.0526,0.0103,1989.89
2024-01-02T00:30:30,0.0503,0.9497,0.0457,0.055,0.0093,1424.02
2024-01-02T00:31:00,0.05,0.95,0.0439,0.0561,0.0122,1373.88
2024-01-02T00:31:30,0.0525,0.9475,0.0468,0.0582,0.0114,1285.67
2024-01-02T00:32:00,0.0541,0.9459,0.0497,0.0586,0.0089,1700.25
2024-01-02T00:32:30,0.0493,0.9507,0.0472,0.0513,0.0041,1313.51
2024-01-02T00:33:00,0.0493,0.9507,0.0452,0.0534,0.0082,1238.64
2024-01-02T00:33:30,0.0537,0.9463,0.0466,0.0608,0.0142,1742.74
2024-01-02T00:34:00,0.0477,0.9523,0.0459,0.0494,0.0034,2284.68
2024-01-02T00:34:30,0.0521,0.9479,0.046,0.0583,0.0123,2034.12
2024-01-02T00:35:00,0.0487,0.9513,0.0432,0.0543,0.0111,1934.68
2024-01-02T00:35:30,0.0488,0.9512,0.0454,0.0521,0.0067,1148.74
2024-01-02T00:36:00,0.0486,0.9514,0.0461,0.0512,0.0052,2387.52
2024-01-02T00:36:30,0.0484,0.9516,0.0464,0.0503,0.0039,2087.67
2024-01-02T00:37:00,0.0533,0.9467,0.0473,0.0592,0.012,1683.48
2024-01-02T00:37:30,0.0503,0.9497,0.0469,0.0537,0.0068,2343.76
2024-01-02T00:38:00,0.0525,0.9475,0.0452,0.0597,0.0146,2332.14
2024-01-02T00:38:30,0.0518,0.9482,0.0496,0.0539,0.0043,1523.58
2024-01-02T00:39:00,0.0494,0.9506,0.0456,0.0532,0.0076,1401.71
2024-01-02T00:39:30,0.048,0.952,0.045,0.0511,0.0061,1106.76
2024-01-02T00:40:00,0.0514,0.9486,0.0483,0.0544,0.0061,1896.55
2024-01-02T00:40:30,0.0527,0.9473,0.0481,0.0574,0.0093,1964.56
2024-01-02T00:41:00,0.054,0.946,0.0512,0.0568,0.0055,2024.61
2024-01-02T00:41:30,0.0506,0.9494,0.0469,0.0542,0.0074,1359.04
2024-01-02T00:42:00,0.053,0.947,0.0468,0.0592,0.0125,1496.26
2024-01-02T00:42:30,0.0517,0.9483,0.0452,0.0583,0.0131,1656.71
2024-01-02T00:43:00,0.0512,0.9488,0.0497,0.0527,0.0031,1983.05
2024-01-02T00:43:30,0.0532,0.9468,0.0459,0.0604,0.0145,1585.12
2024-01-02T00:44:00,0.0503,0.9497,0.0472,0.0534,0.0062,1394.02
2024-01-02T00:44:30,0.0506,0.9494,0.0455,0.0557,0.0102,2528.49
2024-01-02T00:45:00,0.0478,0.9522,0.042,0.0536,0.0115,2424.03
2024-01-02T00:45:30,0.0494,0.9506,0.0478,0.051,0.0032,1759.34
2024-01-02T00:46:00,0.051,0.949,0.0442,0.0577,0.0135,2124.28
2024-01-02T00:46:30,0.0489,0.9511,0.0459,0.0519,0.006,2392.34
2024-01-02T00:47:00,0.0506,0.9494,0.0489,0.0523,0.0034,2533.76
2024-01-02T00:47:30,0.0532,0.9468,0.0486,0.0578,0.0091,1653.5
2024-01-02T00:48:00,0.0529,0.9471,0.0477,0.0581,0.0103,1538.85
2024-01-02T00:48:30,0.0523,0.9477,0.0459,0.0587,0.0128,1557.97
2024-01-02T00:49:00,0.0509,0.9491,0.0464,0.0554,0.009,1218.25
2024-01-02T00:49:30,0.0518,0.9482,0.0445,0.059,0.0145,2147.5
2024-01-02T00:50:00,0.0491,0.9509,0.0432,0.055,0.0118,2127.03
2024-01-02T00:50:30,0.0511,0.9489,0.049,0.0533,0.0043,1819.1
2024-01-02T00:51:00,0.0492,0.9508,0.0456,0.0529,0.0073,2203.63
2024-01-02T00:51:30,0.0525,0.9475,0.0475,0.0574,0.01,1483.6
2024-01-02T00:52:00,0.0508,0.9492,0.0445,0.057,0.0125,1432.81
2024-01-02T00:52:30,0.0484,0.9516,0.0464,0.0504,0.004,2463.05
2024-01-02T00:53:00,0.053,0.947,0.0464,0.0595,0.0131,1517.07
2024-01-02T00:53:30,0.0522,0.9478,0.0507,0.0538,0.0031,2148.17
2024-01-02T00:54:00,0.0502,0.9498,0.0448,0.0555,0.0107,2126.06
2024-01-02T00:54:30,0.0501,0.9499,0.0481,0.0521,0.004,1459.37
2024-01-02T00:55:00,0.0482,0.9518,0.0411,0.0553,0.0143,1419.89
2024-01-02T00:55:30,0.0532,0.9468,0.0504,0.0559,0.0055,2149.41
2024-01-02T00:56:00,0.0506,0.9494,0.0488,0.0524,0.0036,1654.47
2024-01-02T00:56:30,0.0508,0.9492,0.0493,0.0524,0.003,1802.27
2024-01-02T00:57:00,0.0529,0.9471,0.0484,0.0574,0.009,2417.72
2024-01-02T00:57:30,0.0507,0.9493,0.048,0.0534,0.0055,1248.75
2024-01-02T00:58:00,0.0512,0.9488,0.0493,0.0532,0.0038,1555.43
2024-01-02T00:58:30,0.0501,0.9499,0.0459,0.0543,0.0084,2256.0
2024-01-02T00:59:00,0.0536,0.9464,0.0497,0.0575,0.0078,1654.07
2024-01-02T00:59:30,0.0486,0.9514,0.0453,0.0519,0.0066,1229.87
