timestamp,yes_price,no_price,best_bid,best_ask,spread,volume_24h
2024-01-01T00:00:00,0.579,0.421,0.572,0.5859,0.0139,10364.51
2024-01-01T00:01:00,0.5758,0.4242,0.5651,0.5865,0.0214,9229.97
2024-01-01T00:02:00,0.5794,0.4206,0.5695,0.5894,0.0198,6302.75
2024-01-01T00:03:00,0.5852,0.4148,0.5817,0.5887,0.007,7459.56
2024-01-01T00:04:00,0.5806,0.4194,0.5747,0.5865,0.0117,7349.29
2024-01-01T00:05:00,0.5807,0.4193,0.5725,0.5888,0.0163,7928.42
2024-01-01T00:06:00,0.5829,0.4171,0.5749,0.591,0.0161,4989.43
2024-01-01T00:07:00,0.58,0.42,0.57,0.5901,0.0201,10295.02
2024-01-01T00:08:00,0.5806,0.4194,0.5768,0.5845,0.0077,5778.22
2024-01-01T00:09:00,0.5763,0.4237,0.5684,0.5841,0.0157,10620.68
2024-01-01T00:10:00,0.5763,0.4237,0.5705,0.5821,0.0116,9803.35
2024-01-01T00:11:00,0.5754,0.4246,0.5657,0.5852,0.0195,6758.02
2024-01-01T00:12:00,0.5765,0.4235,0.5698,0.5831,0.0134,8558.0
2024-01-01T00:13:00,0.5774,0.4226,0.5715,0.5833,0.0119,6333.36
2024-01-01T00:14:00,0.5805,0.4195,0.577,0.584,0.0069,6160.92
2024-01-01T00:15:00,0.5791,0.4209,0.5725,0.5856,0.0131,7890.88
2024-01-01T00:16:00,0.5784,0.4216,0.5684,0.5883,0.0199,9051.48
2024-01-01T00:17:00,0.5791,0.4209,0.5678,0.5904,0.0226,9390.44
2024-01-01T00:18:00,0.5839,0.4161,0.5768,0.591,0.0142,6806.58
2024-01-01T00:19:00,0.5797,0.4203,0.5709,0.5886,0.0177,6773.5
2024-01-01T00:20:00,0.5778,0.4222,0.5711,0.5846,0.0135,7038.74
2024-01-01T00:21:00,0.5788,0.4212,0.5676,0.59,0.0224,6376.97
2024-01-01T00:22:00,0.5783,0.4217,0.5725,0.5841,0.0117,6803.78
2024-01-01T00:23:00,0.5777,0.4223,0.5748,0.5806,0.0057,10527.59
2024-01-01T00:24:00,0.5779,0.4221,0.5679,0.5879,0.02,6588.31
2024-01-01T00:25:00,0.5782,0.4218,0.5686,0.5878,0.0192,5115.63
2024-01-01T00:26:00,0.5783,0.4217,0.5705,0.5861,0.0155,10707.8
2024-01-01T00:27:00,0.5817,0.4183,0.5744,0.589,0.0145,5275.12
2024-01-01T00:28:00,0.581,0.419,0.5704,0.5917,0.0213,7045.34
2024-01-01T00:29:00,0.5835,0.4165,0.5745,0.5925,0.018,8858.95
2024-01-01T00:30:00,0.5877,0.4123,0.5763,0.5992,0.0229,5286.01
2024-01-01T00:31:00,0.5828,0.4172,0.5745,0.5911,0.0166,4985.99
2024-01-01T00:32:00,0.5798,0.4202,0.5735,0.5861,0.0126,10110.5
2024-01-01T00:33:00,0.5822,0.4178,0.5737,0.5907,0.017,5452.95
2024-01-01T00:34:00,0.5792,0.4208,0.5749,0.5835,0.0086,5694.7
2024-01-01T00:35:00,0.5804,0.4196,0.5725,0.5884,0.0159,10235.49
2024-01-01T00:36:00,0.5853,0.4147,0.5763,0.5942,0.0179,8162.61
2024-01-01T00:37:00,0.5804,0.4196,0.5755,0.5854,0.0099,7417.92
2024-01-01T00:38:00,0.5805,0.4195,0.5734,0.5876,0.0142,6297.98
2024-01-01T00:39:00,0.5769,0.4231,0.5679,0.5858,0.0179,10020.74
2024-01-01T00:40:00,0.5785,0.4215,0.5681,0.5888,0.0207,6907.15
2024-01-01T00:41:00,0.5814,0.4186,0.5743,0.5884,0.0141,4918.66
2024-01-01T00:42:00,0.5802,0.4198,0.5778,0.5826,0.0049,5818.29
2024-01-01T00:43:00,0.5791,0.4209,0.5738,0.5844,0.0106,6752.34
2024-01-01T00:44:00,0.5821,0.4179,0.5732,0.5911,0.0179,5205.62
2024-01-01T00:45:00,0.5803,0.4197,0.5723,0.5884,0.0161,10606.09
2024-01-01T00:46:00,0.5826,0.4174,0.5787,0.5865,0.0078,9817.27
2024-01-01T00:47:00,0.5821,0.4179,0.5741,0.59,0.0159,7423.28
2024-01-01T00:48:00,0.5833,0.4167,0.5808,0.5857,0.0049,6528.63
2024-01-01T00:49:00,0.5807,0.4193,0.5699,0.5915,0.0216,5203.7
2024-01-01T00:50:00,0.5828,0.4172,0.5781,0.5876,0.0095,9355.32
2024-01-01T00:51:00,0.5826,0.4174,0.575,0.5903,0.0152,10348.76
2024-01-01T00:52:00,0.5778,0.4222,0.5704,0.5852,0.0149,10608.03
2024-01-01T00:53:00,0.5793,0.4207,0.5722,0.5863,0.0141,8577.64
2024-01-01T00:54:00,0.5808,0.4192,0.5747,0.5869,0.0122,7784.55
2024-01-01T00:55:00,0.5775,0.4225,0.5747,0.5803,0.0056,10095.14
2024-01-01T00:56:00,0.5771,0.4229,0.5674,0.5868,0.0195,9677.96
2024-01-01T00:57:00,0.5801,0.4199,0.5765,0.5837,0.0072,10301.17
2024-01-01T00:58:00,0.5797,0.4203,0.5763,0.5831,0.0068,9212.78
2024-01-01T00:59:00,0.5781,0.4219,0.57,0.5861,0.0161,4852.15
2024-01-01T01:00:00,0.58,0.42,0.574,0.5859,0.0119,8433.61
2024-01-01T01:01:00,0.5762,0.4238,0.5681,0.5844,0.0163,7657.35
2024-01-01T01:02:00,0.5771,0.4229,0.5717,0.5824,0.0107,9789.89
2024-01-01T01:03:00,0.5785,0.4215,0.5698,0.5872,0.0173,6760.44
2024-01-01T01:04:00,0.5787,0.4213,0.5745,0.5829,0.0085,8038.96
2024-01-01T01:05:00,0.5807,0.4193,0.5763,0.5852,0.0089,10195.92
2024-01-01T01:06:00,0.581,0.419,0.5758,0.5863,0.0105,7268.83
2024-01-01T01:07:00,0.5807,0.4193,0.5741,0.5874,0.0133,5766.18
2024-01-01T01:08:00,0.5815,0.4185,0.5718,0.5913,0.0195,7323.74
2024-01-01T01:09:00,0.5797,0.4203,0.5696,0.5898,0.0202,9324.79
2024-01-01T01:10:00,0.5806,0.4194,0.5718,0.5895,0.0177,6469.9
2024-01-01T01:11:00,0.5806,0.4194,0.5753,0.5859,0.0106,7747.16
2024-01-01T01:12:00,0.581,0.419,0.5777,0.5844,0.0066,9308.82
2024-01-01T01:13:00,0.585,0.415,0.5738,0.5961,0.0223,9081.57
2024-01-01T01:14:00,0.5804,0.4196,0.575,0.5859,0.0109,8907.44
2024-01-01T01:15:00,0.5798,0.4202,0.5768,0.5828,0.006,8144.53
2024-01-01T01:16:00,0.5809,0.4191,0.5758,0.586,0.0102,7254.94
2024-01-01T01:17:00,0.5789,0.4211,0.5744,0.5834,0.009,8522.66
2024-01-01T01:18:00,0.5789,0.4211,0.5736,0.5842,0.0106,9947.1
2024-01-01T01:19:00,0.5828,0.4172,0.5729,0.5928,0.0199,9863.02
2024-01-01T01:20:00,0.5788,0.4212,0.5675,0.5901,0.0225,6037.38
2024-01-01T01:21:00,0.5807,0.4193,0.5769,0.5846,0.0078,7605.52
2024-01-01T01:22:00,0.5812,0.4188,0.5763,0.586,0.0098,7346.37
2024-01-01T01:23:00,0.5826,0.4174,0.5715,0.5937,0.0222,7212.13
2024-01-01T01:24:00,0.5802,0.4198,0.5714,0.589,0.0176,9406.2
2024-01-01T01:25:00,0.5791,0.4209,0.5726,0.5857,0.0131,4796.64
2024-01-01T01:26:00,0.5835,0.4165,0.5805,0.5864,0.006,7719.1
2024-01-01T01:27:00,0.5832,0.4168,0.5774,0.5889,0.0115,8232.72
2024-01-01T01:28:00,0.5797,0.4203,0.5736,0.5859,0.0123,6689.15
2024-01-01T01:29:00,0.5857,0.4143,0.5782,0.5931,0.0149,7878.57
2024-01-01T01:30:00,0.5821,0.4179,0.5775,0.5867,0.0093,5677.77
2024-01-01T01:31:00,0.5821,0.4179,0.5787,0.5855,0.0068,4714.29
2024-01-01T01:32:00,0.5812,0.4188,0.5779,0.5845,0.0066,6877.72
2024-01-01T01:33:00,0.5824,0.4176,0.5783,0.5864,0.0082,5871.51
2024-01-01T01:34:00,0.5794,0.4206,0.5707,0.5882,0.0175,5601.55
2024-01-01T01:35:00,0.5816,0.4184,0.5717,0.5915,0.0197,7806.7
2024-01-01T01:36:00,0.5799,0.4201,0.5695,0.5902,0.0207,5455.97
2024-01-01T01:37:00,0.583,0.417,0.5776,0.5884,0.0109,7990.42
2024-01-01T01:38:00,0.5794,0.4206,0.5724,0.5863,0.0139,8736.74
2024-01-01T01:39:00,0.5809,0.4191,0.5741,0.5878,0.0137,5158.87
2024-01-01T01:40:00,0.5809,0.4191,0.5732,0.5887,0.0155,8469.81
2024-01-01T01:41:00,0.5823,0.4177,0.5766,0.588,0.0114,4680.51
2024-01-01T01:42:00,0.5805,0.4195,0.5747,0.5863,0.0116,7105.33
2024-01-01T01:43:00,0.5798,0.4202,0.5717,0.5878,0.0161,9893.61
2024-01-01T01:44:00,0.5822,0.4178,0.5781,0.5862,0.0081,4622.54
2024-01-01T01:45:00,0.5821,0.4179,0.5725,0.5918,0.0193,8932.42
2024-01-01T01:46:00,0.5836,0.4164,0.5762,0.591,0.0148,4934.2
2024-01-01T01:47:00,0.585,0.415,0.5821,0.5878,0.0057,9135.92
2024-01-01T01:48:00,0.5835,0.4165,0.5803,0.5866,0.0062,7035.13
2024-01-01T01:49:00,0.5819,0.4181,0.5775,0.5863,0.0088,10562.25
2024-01-01T01:50:00,0.5889,0.4111,0.579,0.5989,0.0198,7355.74
2024-01-01T01:51:00,0.5878,0.4122,0.584,0.5915,0.0075,6651.21
2024-01-01T01:52:00,0.5854,0.4146,0.5769,0.594,0.0172,9229.27
2024-01-01T01:53:00,0.5859,0.4141,0.5793,0.5924,0.013,7583.56
2024-01-01T01:54:00,0.5823,0.4177,0.5738,0.5907,0.0169,6636.85
2024-01-01T01:55:00,0.5809,0.4191,0.5738,0.588,0.0142,8890.8
2024-01-01T01:56:00,0.5818,0.4182,0.5764,0.5872,0.0108,6241.92
2024-01-01T01:57:00,0.5857,0.4143,0.5796,0.5918,0.0121,4616.36
2024-01-01T01:58:00,0.5823,0.4177,0.5749,0.5897,0.0148,9411.92
2024-01-01T01:59:00,0.5872,0.4128,0.5831,0.5913,0.0082,5610.0
2024-01-01T02:00:00,0.5855,0.4145,0.5754,0.5956,0.0202,5734.86
2024-01-01T02:01:00,0.5854,0.4146,0.5817,0.5891,0.0074,5383.36
2024-01-01T02:02:00,0.5808,0.4192,0.576,0.5856,0.0096,6173.72
2024-01-01T02:03:00,0.5807,0.4193,0.5768,0.5846,0.0079,7354.69
2024-01-01T02:04:00,0.5803,0.4197,0.5698,0.5909,0.0212,5805.82
2024-01-01T02:05:00,0.5794,0.4206,0.5755,0.5833,0.0078,5723.21
2024-01-01T02:06:00,0.5799,0.4201,0.5711,0.5887,0.0177,6455.72
2024-01-01T02:07:00,0.5794,0.4206,0.5767,0.582,0.0053,9305.15
2024-01-01T02:08:00,0.5803,0.4197,0.574,0.5866,0.0126,6883.38
2024-01-01T02:09:00,0.5777,0.4223,0.575,0.5805,0.0055,9929.01
2024-01-01T02:10:00,0.5805,0.4195,0.5759,0.5851,0.0092,7296.93
2024-01-01T02:11:00,0.5809,0.4191,0.5703,0.5914,0.0211,8485.43
2024-01-01T02:12:00,0.5825,0.4175,0.58,0.585,0.005,6155.92
2024-01-01T02:13:00,0.5815,0.4185,0.5786,0.5844,0.0058,9944.1
2024-01-01T02:14:00,0.5811,0.4189,0.5766,0.5856,0.0089,9194.83
2024-01-01T02:15:00,0.584,0.416,0.5741,0.5938,0.0197,6325.36
2024-01-01T02:16:00,0.5815,0.4185,0.5754,0.5876,0.0122,5873.59
2024-01-01T02:17:00,0.5792,0.4208,0.5762,0.5822,0.006,10362.37
2024-01-01T02:18:00,0.5815,0.4185,0.5766,0.5863,0.0097,7580.71
2024-01-01T02:19:00,0.582,0.418,0.577,0.587,0.01,4848.27
2024-01-01T02:20:00,0.5799,0.4201,0.5696,0.5902,0.0206,5689.11
2024-01-01T02:21:00,0.5791,0.4209,0.5702,0.588,0.0178,10007.96
2024-01-01T02:22:00,0.5761,0.4239,0.5648,0.5873,0.0224,8357.3
2024-01-01T02:23:00,0.5763,0.4237,0.5688,0.5838,0.015,8072.38
2024-01-01T02:24:00,0.576,0.424,0.5695,0.5826,0.0131,9220.5
2024-01-01T02:25:00,0.5751,0.4249,0.5642,0.5861,0.0219,8101.51
2024-01-01T02:26:00,0.5806,0.4194,0.5739,0.5873,0.0134,5845.25
2024-01-01T02:27:00,0.5788,0.4212,0.5686,0.5891,0.0205,4840.49
2024-01-01T02:28:00,0.5807,0.4193,0.5714,0.59,0.0185,5381.41
2024-01-01T02:29:00,0.5789,0.4211,0.5734,0.5845,0.011,8735.17
2024-01-01T02:30:00,0.5788,0.4212,0.5705,0.587,0.0166,4976.01
2024-01-01T02:31:00,0.5822,0.4178,0.5796,0.5849,0.0052,7522.6
2024-01-01T02:32:00,0.5816,0.4184,0.5733,0.5899,0.0166,9963.99
2024-01-01T02:33:00,0.5811,0.4189,0.5756,0.5867,0.0111,9722.97
2024-01-01T02:34:00,0.5799,0.4201,0.5711,0.5886,0.0175,6464.57
2024-01-01T02:35:00,0.5834,0.4166,0.5729,0.594,0.0211,10720.12
2024-01-01T02:36:00,0.5795,0.4205,0.5751,0.5838,0.0087,5093.32
2024-01-01T02:37:00,0.5803,0.4197,0.5697,0.5909,0.0212,7635.84
2024-01-01T02:38:00,0.5836,0.4164,0.5775,0.5897,0.0122,9085.19
2024-01-01T02:39:00,0.5801,0.4199,0.5695,0.5906,0.0212,6505.07
2024-01-01T02:40:00,0.5791,0.4209,0.5733,0.5849,0.0116,10299.99
2024-01-01T02:41:00,0.5815,0.4185,0.5723,0.5907,0.0184,8386.87
2024-01-01T02:42:00,0.5795,0.4205,0.5719,0.587,0.0151,5486.26
2024-01-01T02:43:00,0.5823,0.4177,0.5745,0.5902,0.0157,9235.78
2024-01-01T02:44:00,0.5808,0.4192,0.5722,0.5894,0.0171,6437.12
2024-01-01T02:45:00,0.579,0.421,0.5682,0.5897,0.0215,7480.45
2024-01-01T02:46:00,0.5768,0.4232,0.5718,0.5818,0.01,5617.6
2024-01-01T02:47:00,0.5769,0.4231,0.5695,0.5842,0.0147,7684.9
2024-01-01T02:48:00,0.5777,0.4223,0.5721,0.5832,0.0111,8633.18
2024-01-01T02:49:00,0.5794,0.4206,0.5734,0.5854,0.012,8136.1
2024-01-01T02:50:00,0.5761,0.4239,0.5663,0.5858,0.0195,8822.54
2024-01-01T02:51:00,0.5777,0.4223,0.5684,0.587,0.0187,7332.28
2024-01-01T02:52:00,0.5799,0.4201,0.5704,0.5894,0.0189,7346.04
2024-01-01T02:53:00,0.5801,0.4199,0.5747,0.5856,0.011,9122.08
2024-01-01T02:54:00,0.5842,0.4158,0.5741,0.5942,0.0201,8559.0
2024-01-01T02:55:00,0.5799,0.4201,0.5713,0.5886,0.0172,8252.19
2024-01-01T02:56:00,0.5808,0.4192,0.5771,0.5845,0.0074,8547.88
2024-01-01T02:57:00,0.5833,0.4167,0.5725,0.594,0.0215,9706.08
2024-01-01T02:58:00,0.5827,0.4173,0.5723,0.593,0.0207,7106.09
2024-01-01T02:59:00,0.5827,0.4173,0.5798,0.5856,0.0059,8421.91
2024-01-01T03:00:00,0.586,0.414,0.5799,0.592,0.0121,5428.84
2024-01-01T03:01:00,0.5808,0.4192,0.5726,0.5891,0.0165,9934.22
2024-01-01T03:02:00,0.5806,0.4194,0.5773,0.5839,0.0067,5985.68
2024-01-01T03:03:00,0.5827,0.4173,0.5751,0.5903,0.0152,8344.07
2024-01-01T03:04:00,0.5832,0.4168,0.5744,0.592,0.0176,6994.94
2024-01-01T03:05:00,0.5862,0.4138,0.581,0.5915,0.0106,4929.59
2024-01-01T03:06:00,0.5919,0.4081,0.5836,0.6003,0.0167,5854.01
2024-01-01T03:07:00,0.5927,0.4073,0.5867,0.5987,0.0119,10511.79
2024-01-01T03:08:00,0.5955,0.4045,0.5854,0.6055,0.0202,5255.03
2024-01-01T03:09:00,0.6021,0.3979,0.5988,0.6053,0.0065,8344.89
2024-01-01T03:10:00,0.6042,0.3958,0.5941,0.6144,0.0204,5106.18
2024-01-01T03:11:00,0.6095,0.3905,0.6039,0.615,0.0111,9346.08
2024-01-01T03:12:00,0.6101,0.3899,0.6015,0.6187,0.0172,9102.72
2024-01-01T03:13:00,0.615,0.385,0.6121,0.618,0.0059,4974.5
2024-01-01T03:14:00,0.6217,0.3783,0.6168,0.6266,0.0098,7795.33
2024-01-01T03:15:00,0.6271,0.3729,0.6173,0.6369,0.0196,9019.87
2024-01-01T03:16:00,0.6346,0.3654,0.6276,0.6417,0.0142,6630.43
2024-01-01T03:17:00,0.6325,0.3675,0.629,0.636,0.007,8852.69
2024-01-01T03:18:00,0.6371,0.3629,0.6312,0.643,0.0118,8825.93
2024-01-01T03:19:00,0.6436,0.3564,0.6356,0.6517,0.0161,4745.28
2024-01-01T03:20:00,0.6448,0.3552,0.6398,0.6498,0.01,5981.28
2024-01-01T03:21:00,0.6482,0.3518,0.6448,0.6516,0.0068,5585.43
2024-01-01T03:22:00,0.6551,0.3449,0.6528,0.6575,0.0047,4572.21
2024-01-01T03:23:00,0.6582,0.3418,0.648,0.6685,0.0205,6105.22
2024-01-01T03:24:00,0.6606,0.3394,0.6555,0.6657,0.0101,6555.25
2024-01-01T03:25:00,0.6679,0.3321,0.6624,0.6733,0.0109,7893.6
2024-01-01T03:26:00,0.6687,0.3313,0.659,0.6783,0.0193,8302.65
2024-01-01T03:27:00,0.6737,0.3263,0.6711,0.6764,0.0052,6602.04
2024-01-01T03:28:00,0.6766,0.3234,0.6674,0.6859,0.0184,4270.7
2024-01-01T03:29:00,0.6796,0.3204,0.6725,0.6867,0.0142,5270.53
2024-01-01T03:30:00,0.6841,0.3159,0.6737,0.6944,0.0207,7246.1
2024-01-01T03:31:00,0.69,0.31,0.683,0.697,0.014,7499.48
2024-01-01T03:32:00,0.6945,0.3055,0.6913,0.6978,0.0064,7841.35
2024-01-01T03:33:00,0.6972,0.3028,0.6918,0.7026,0.0108,3796.12
2024-01-01T03:34:00,0.7003,0.2997,0.6934,0.7072,0.0138,5573.52
2024-01-01T03:35:00,0.7073,0.2927,0.6985,0.716,0.0175,4139.28
2024-01-01T03:36:00,0.713,0.287,0.7065,0.7194,0.0129,6762.91
2024-01-01T03:37:00,0.7139,0.2861,0.708,0.7199,0.0118,4210.5
2024-01-01T03:38:00,0.7202,0.2798,0.7161,0.7243,0.0082,6333.95
2024-01-01T03:39:00,0.7253,0.2747,0.7173,0.7333,0.016,4063.56
2024-01-01T03:40:00,0.7277,0.2723,0.7224,0.733,0.0106,5033.83
2024-01-01T03:41:00,0.7293,0.2707,0.722,0.7365,0.0145,6550.95
2024-01-01T03:42:00,0.7341,0.2659,0.7276,0.7406,0.013,3449.78
2024-01-01T03:43:00,0.7415,0.2585,0.7384,0.7446,0.0062,3999.6
2024-01-01T03:44:00,0.7436,0.2564,0.7378,0.7493,0.0115,3149.61
2024-01-01T03:45:00,0.7475,0.2525,0.741,0.7541,0.0131,6296.26
2024-01-01T03:46:00,0.7537,0.2463,0.7447,0.7627,0.018,6848.26
2024-01-01T03:47:00,0.7564,0.2436,0.7475,0.7653,0.0178,4077.56
2024-01-01T03:48:00,0.7576,0.2424,0.7529,0.7623,0.0094,5054.76
2024-01-01T03:49:00,0.7611,0.2389,0.7519,0.7703,0.0184,5661.16
2024-01-01T03:50:00,0.7642,0.2358,0.755,0.7735,0.0186,3796.72
2024-01-01T03:51:00,0.7714,0.2286,0.766,0.7768,0.0108,4532.0
2024-01-01T03:52:00,0.7775,0.2225,0.7707,0.7842,0.0135,3671.37
2024-01-01T03:53:00,0.7786,0.2214,0.7762,0.7809,0.0046,2960.59
2024-01-01T03:54:00,0.7842,0.2158,0.7774,0.7911,0.0137,5666.7
2024-01-01T03:55:00,0.7875,0.2125,0.7832,0.7917,0.0085,4752.28
2024-01-01T03:56:00,0.7935,0.2065,0.7854,0.8016,0.0163,2751.11
2024-01-01T03:57:00,0.7982,0.2018,0.7921,0.8044,0.0123,5803.46
2024-01-01T03:58:00,0.8007,0.1993,0.7979,0.8036,0.0057,2585.96
2024-01-01T03:59:00,0.8041,0.1959,0.8022,0.806,0.0038,4070.24
2024-01-01T04:00:00,0.8116,0.1884,0.8091,0.8141,0.0049,2430.73
2024-01-01T04:01:00,0.8155,0.1845,0.8085,0.8224,0.0139,4876.74
2024-01-01T04:02:00,0.8201,0.1799,0.8139,0.8263,0.0124,4492.3
2024-01-01T04:03:00,0.825,0.175,0.8228,0.8272,0.0044,2375.67
2024-01-01T04:04:00,0.8253,0.1747,0.8185,0.8322,0.0137,2576.07
2024-01-01T04:05:00,0.829,0.171,0.8263,0.8318,0.0055,2650.0
2024-01-01T04:06:00,0.8351,0.1649,0.8321,0.8381,0.006,3297.63
2024-01-01T04:07:00,0.8405,0.1595,0.8366,0.8443,0.0077,4683.4
2024-01-01T04:08:00,0.8414,0.1586,0.8336,0.8491,0.0155,4505.47
2024-01-01T04:09:00,0.8494,0.1506,0.8437,0.8552,0.0115,2174.11
2024-01-01T04:10:00,0.8501,0.1499,0.8463,0.8539,0.0076,3818.48
2024-01-01T04:11:00,0.8557,0.1443,0.852,0.8594,0.0074,4558.92
2024-01-01T04:12:00,0.8622,0.1378,0.8584,0.866,0.0076,4251.82
2024-01-01T04:13:00,0.8621,0.1379,0.8564,0.8678,0.0114,3053.48
2024-01-01T04:14:00,0.8665,0.1335,0.8629,0.8702,0.0073,2995.66
2024-01-01T04:15:00,0.8684,0.1316,0.8653,0.8716,0.0063,3742.2
2024-01-01T04:16:00,0.8736,0.1264,0.8658,0.8814,0.0156,3652.48
2024-01-01T04:17:00,0.8822,0.1178,0.8805,0.884,0.0035,1839.63
2024-01-01T04:18:00,0.8847,0.1153,0.882,0.8873,0.0053,3544.89
2024-01-01T04:19:00,0.8893,0.1107,0.8848,0.8938,0.0091,2017.73
2024-01-01T04:20:00,0.8947,0.1053,0.8917,0.8978,0.0061,3416.71
2024-01-01T04:21:00,0.8965,0.1035,0.8933,0.8998,0.0065,1832.53
2024-01-01T04:22:00,0.8972,0.1028,0.8904,0.9041,0.0137,2775.94
2024-01-01T04:23:00,0.9024,0.0976,0.8972,0.9075,0.0104,1662.47
2024-01-01T04:24:00,0.9083,0.0917,0.9025,0.9141,0.0116,2877.07
2024-01-01T04:25:00,0.9148,0.0852,0.9107,0.9189,0.0082,3109.13
2024-01-01T04:26:00,0.9168,0.0832,0.9146,0.9189,0.0043,1856.68
2024-01-01T04:27:00,0.9248,0.0752,0.9206,0.929,0.0084,1707.13
2024-01-01T04:28:00,0.9305,0.0695,0.9282,0.9329,0.0047,1508.32
2024-01-01T04:29:00,0.9275,0.0725,0.9225,0.9325,0.01,2097.55
2024-01-01T04:30:00,0.9347,0.0653,0.9327,0.9367,0.004,1458.85
2024-01-01T04:31:00,0.9382,0.0618,0.935,0.9415,0.0065,2446.72
2024-01-01T04:32:00,0.9399,0.0601,0.9347,0.945,0.0103,2622.77
2024-01-01T04:33:00,0.9432,0.0568,0.9398,0.9466,0.0067,2168.73
2024-01-01T04:34:00,0.9453,0.0547,0.943,0.9476,0.0046,1619.13
2024-01-01T04:35:00,0.9485,0.0515,0.9434,0.9537,0.0103,1405.32
2024-01-01T04:36:00,0.9473,0.0527,0.9411,0.9534,0.0122,1258.94
2024-01-01T04:37:00,0.9462,0.0538,0.9426,0.9498,0.0072,1601.45
2024-01-01T04:38:00,0.9503,0.0497,0.945,0.9556,0.0107,1733.8
2024-01-01T04:39:00,0.9498,0.0502,0.9465,0.953,0.0064,1293.62
2024-01-01T04:40:00,0.9475,0.0525,0.9406,0.9543,0.0138,1653.52
2024-01-01T04:41:00,0.9489,0.0511,0.9457,0.9521,0.0064,1562.05
2024-01-01T04:42:00,0.9493,0.0507,0.9441,0.9544,0.0103,1697.43
2024-01-01T04:43:00,0.9506,0.0494,0.9475,0.9538,0.0064,2429.2
2024-01-01T04:44:00,0.9534,0.0466,0.9512,0.9556,0.0044,2383.34
2024-01-01T04:45:00,0.9498,0.0502,0.9464,0.9532,0.0069,2392.83
2024-01-01T04:46:00,0.9483,0.0517,0.9447,0.9518,0.0071,1748.74
2024-01-01T04:47:00,0.9485,0.0515,0.9433,0.9538,0.0104,1752.19
2024-01-01T04:48:00,0.9492,0.0508,0.9447,0.9537,0.009,1384.82
2024-01-01T04:49:00,0.9494,0.0506,0.9424,0.9565,0.0141,1418.05
2024-01-01T04:50:00,0.9488,0.0512,0.9437,0.9539,0.0101,1911.46
2024-01-01T04:51:00,0.9517,0.0483,0.9449,0.9584,0.0135,1762.23
2024-01-01T04:52:00,0.952,0.048,0.9476,0.9565,0.0089,1659.11
2024-01-01T04:53:00,0.9493,0.0507,0.9444,0.9541,0.0097,1577.17
2024-01-01T04:54:00,0.9487,0.0513,0.9472,0.9502,0.003,2362.61
2024-01-01T04:55:00,0.9494,0.0506,0.9472,0.9516,0.0044,1731.75
2024-01-01T04:56:00,0.9506,0.0494,0.9468,0.9545,0.0076,2239.78
2024-01-01T04:57:00,0.9476,0.0524,0.9449,0.9502,0.0054,1259.59
2024-01-01T04:58:00,0.9491,0.0509,0.9459,0.9523,0.0064,1408.35
2024-01-01T04:59:00,0.9518,0.0482,0.947,0.9566,0.0096,1572.64
2024-01-01T05:00:00,0.9483,0.0517,0.945,0.9515,0.0065,2198.77
2024-01-01T05:01:00,0.9465,0.0535,0.9437,0.9492,0.0055,1925.45
2024-01-01T05:02:00,0.9478,0.0522,0.9434,0.9521,0.0087,2351.61
2024-01-01T05:03:00,0.9489,0.0511,0.9427,0.9551,0.0123,1637.52
2024-01-01T05:04:00,0.9435,0.0565,0.9388,0.9481,0.0092,1216.22
2024-01-01T05:05:00,0.9456,0.0544,0.9404,0.9508,0.0104,1159.6
2024-01-01T05:06:00,0.9499,0.0501,0.9449,0.9548,0.0099,1341.73
2024-01-01T05:07:00,0.9492,0.0508,0.9476,0.9507,0.0031,1088.13
2024-01-01T05:08:00,0.9503,0.0497,0.9484,0.9523,0.0039,1503.79
2024-01-01T05:09:00,0.9461,0.0539,0.9433,0.949,0.0056,1152.01
2024-01-01T05:10:00,0.9452,0.0548,0.9432,0.9472,0.004,2443.37
2024-01-01T05:11:00,0.9451,0.0549,0.9402,0.9499,0.0097,1741.35
2024-01-01T05:12:00,0.9482,0.0518,0.9433,0.9532,0.0098,1683.34
2024-01-01T05:13:00,0.9533,0.0467,0.9495,0.9571,0.0076,1701.9
2024-01-01T05:14:00,0.9507,0.0493,0.9481,0.9533,0.0052,1135.69
2024-01-01T05:15:00,0.9527,0.0473,0.9473,0.9581,0.0108,2006.43
2024-01-01T05:16:00,0.9575,0.0425,0.9556,0.9593,0.0037,2145.03
2024-01-01T05:17:00,0.9545,0.0455,0.9508,0.9583,0.0075,2260.09
2024-01-01T05:18:00,0.9493,0.0507,0.9448,0.9537,0.0088,2183.28
2024-01-01T05:19:00,0.9511,0.0489,0.9474,0.9549,0.0075,2002.2
2024-01-01T05:20:00,0.9506,0.0494,0.9485,0.9527,0.0042,2007.33
2024-01-01T05:21:00,0.9507,0.0493,0.9451,0.9564,0.0113,1641.71
2024-01-01T05:22:00,0.9535,0.0465,0.9508,0.9562,0.0053,1659.5
2024-01-01T05:23:00,0.9545,0.0455,0.9516,0.9574,0.0058,1657.82
2024-01-01T05:24:00,0.9527,0.0473,0.9475,0.9579,0.0105,2163.4
2024-01-01T05:25:00,0.9513,0.0487,0.9459,0.9566,0.0107,1725.77
2024-01-01T05:26:00,0.9526,0.0474,0.9475,0.9577,0.0102,1523.45
2024-01-01T05:27:00,0.9492,0.0508,0.9453,0.9532,0.0079,2177.45
2024-01-01T05:28:00,0.9498,0.0502,0.9469,0.9527,0.0059,1288.64
2024-01-01T05:29:00,0.9513,0.0487,0.9495,0.9531,0.0036,2287.13
2024-01-01T05:30:00,0.9478,0.0522,0.9408,0.9549,0.0141,2523.49
2024-01-01T05:31:00,0.9542,0.0458,0.9526,0.9559,0.0032,1321.02
2024-01-01T05:32:00,0.9539,0.0461,0.9509,0.9568,0.0059,2350.31
2024-01-01T05:33:00,0.9507,0.0493,0.9457,0.9557,0.0099,2109.2
2024-01-01T05:34:00,0.9497,0.0503,0.947,0.9524,0.0054,1995.73
2024-01-01T05:35:00,0.9503,0.0497,0.9451,0.9554,0.0103,1732.21
2024-01-01T05:36:00,0.9533,0.0467,0.9473,0.9593,0.012,2038.05
2024-01-01T05:37:00,0.9527,0.0473,0.9484,0.957,0.0087,2328.42
2024-01-01T05:38:00,0.947,0.053,0.9419,0.9521,0.0102,2514.06
2024-01-01T05:39:00,0.9499,0.0501,0.9452,0.9546,0.0094,1747.32
2024-01-01T05:40:00,0.9483,0.0517,0.9442,0.9525,0.0083,1234.1
2024-01-01T05:41:00,0.9502,0.0498,0.9454,0.955,0.0096,1123.45
2024-01-01T05:42:00,0.9519,0.0481,0.9502,0.9535,0.0033,1900.6
2024-01-01T05:43:00,0.9511,0.0489,0.9474,0.9547,0.0073,2376.08
2024-01-01T05:44:00,0.9489,0.0511,0.9425,0.9552,0.0127,1095.34
2024-01-01T05:45:00,0.9508,0.0492,0.9456,0.9559,0.0103,1613.62
2024-01-01T05:46:00,0.9483,0.0517,0.9437,0.9528,0.0091,2260.22
2024-01-01T05:47:00,0.9507,0.0493,0.946,0.9554,0.0093,2115.79
2024-01-01T05:48:00,0.951,0.049,0.9451,0.9569,0.0118,1611.78
2024-01-01T05:49:00,0.9503,0.0497,0.9433,0.9574,0.014,1915.01
2024-01-01T05:50:00,0.9466,0.0534,0.9394,0.9537,0.0142,1816.45
2024-01-01T05:51:00,0.9479,0.0521,0.9442,0.9516,0.0074,2264.99
2024-01-01T05:52:00,0.9492,0.0508,0.9458,0.9527,0.0069,1796.27
2024-01-01T05:53:00,0.9522,0.0478,0.9493,0.9551,0.0058,2298.87
2024-01-01T05:54:00,0.9505,0.0495,0.9485,0.9525,0.004,1865.11
2024-01-01T05:55:00,0.9503,0.0497,0.9433,0.9573,0.014,1875.96
2024-01-01T05:56:00,0.9463,0.0537,0.942,0.9505,0.0084,1450.75
2024-01-01T05:57:00,0.9485,0.0515,0.9421,0.955,0.0129,1364.6
2024-01-01T05:58:00,0.9461,0.0539,0.9394,0.9527,0.0133,2021.11
2024-01-01T05:59:00,0.9514,0.0486,0.9458,0.9571,0.0112,2415.12
2024-01-01T06:00:00,0.9485,0.0515,0.9461,0.9509,0.0048,2458.72
2024-01-01T06:01:00,0.9509,0.0491,0.944,0.9577,0.0138,1945.25
2024-01-01T06:02:00,0.9533,0.0467,0.9466,0.96,0.0134,1272.91
2024-01-01T06:03:00,0.95,0.05,0.9468,0.9532,0.0064,2224.42
2024-01-01T06:04:00,0.9551,0.0449,0.953,0.9572,0.0041,2219.63
2024-01-01T06:05:00,0.9538,0.0462,0.9479,0.9597,0.0118,1205.58
2024-01-01T06:06:00,0.9487,0.0513,0.9456,0.9518,0.0062,1487.39
2024-01-01T06:07:00,0.9515,0.0485,0.9491,0.9538,0.0047,1454.86
2024-01-01T06:08:00,0.9484,0.0516,0.9468,0.95,0.0033,2368.01
2024-01-01T06:09:00,0.9524,0.0476,0.9506,0.9542,0.0035,1857.28
2024-01-01T06:10:00,0.9521,0.0479,0.9494,0.9548,0.0054,1072.11
2024-01-01T06:11:00,0.9537,0.0463,0.9511,0.9563,0.0052,1335.39
2024-01-01T06:12:00,0.9536,0.0464,0.9495,0.9577,0.0083,1770.07
2024-01-01T06:13:00,0.9546,0.0454,0.9531,0.9561,0.003,1204.9
2024-01-01T06:14:00,0.9528,0.0472,0.9471,0.9585,0.0114,2031.96
2024-01-01T06:15:00,0.9496,0.0504,0.9454,0.9538,0.0084,2124.56
2024-01-01T06:16:00,0.9506,0.0494,0.948,0.9532,0.0052,1702.93
2024-01-01T06:17:00,0.9509,0.0491,0.9446,0.9573,0.0127,2077.98
2024-01-01T06:18:00,0.9476,0.0524,0.9448,0.9505,0.0057,2481.0
2024-01-01T06:19:00,0.9498,0.0502,0.9445,0.9551,0.0105,1540.65
2024-01-01T06:20:00,0.9507,0.0493,0.9458,0.9555,0.0097,1275.04
2024-01-01T06:21:00,0.9515,0.0485,0.9444,0.9586,0.0142,1424.48
2024-01-01T06:22:00,0.9517,0.0483,0.9456,0.9577,0.012,1808.02
2024-01-01T06:23:00,0.9469,0.0531,0.9441,0.9497,0.0056,2085.19
2024-01-01T06:24:00,0.9505,0.0495,0.9437,0.9573,0.0136,1112.82
2024-01-01T06:25:00,0.9496,0.0504,0.9435,0.9558,0.0123,2135.37
2024-01-01T06:26:00,0.9532,0.0468,0.9466,0.9598,0.0132,1121.34
2024-01-01T06:27:00,0.9507,0.0493,0.9433,0.9581,0.0147,2035.27
2024-01-01T06:28:00,0.9525,0.0475,0.9482,0.9569,0.0086,1439.4
2024-01-01T06:29:00,0.9536,0.0464,0.9515,0.9557,0.0041,1393.19
2024-01-01T06:30:00,0.9519,0.0481,0.9458,0.958,0.0122,2475.32
2024-01-01T06:31:00,0.9458,0.0542,0.9401,0.9515,0.0114,2006.29
2024-01-01T06:32:00,0.9508,0.0492,0.9435,0.9581,0.0145,1387.09
2024-01-01T06:33:00,0.9453,0.0547,0.9386,0.952,0.0134,1750.38
2024-01-01T06:34:00,0.9499,0.0501,0.948,0.9518,0.0039,1611.86
2024-01-01T06:35:00,0.9485,0.0515,0.9417,0.9553,0.0136,2149.42
2024-01-01T06:36:00,0.9476,0.0524,0.9438,0.9514,0.0076,1685.46
2024-01-01T06:37:00,0.9475,0.0525,0.9421,0.9528,0.0107,2505.81
2024-01-01T06:38:00,0.9507,0.0493,0.948,0.9533,0.0052,1611.74
2024-01-01T06:39:00,0.9511,0.0489,0.9456,0.9566,0.011,1783.86
2024-01-01T06:40:00,0.9552,0.0448,0.949,0.9615,0.0125,1823.07
2024-01-01T06:41:00,0.9521,0.0479,0.9465,0.9578,0.0113,1984.47
2024-01-01T06:42:00,0.9522,0.0478,0.9485,0.9559,0.0075,2312.41
2024-01-01T06:43:00,0.9516,0.0484,0.95,0.9532,0.0032,2125.55
2024-01-01T06:44:00,0.9506,0.0494,0.9476,0.9535,0.0059,1989.32
2024-01-01T06:45:00,0.9519,0.0481,0.9475,0.9563,0.0088,2418.46
2024-01-01T06:46:00,0.951,0.049,0.9478,0.9542,0.0064,2408.28
2024-01-01T06:47:00,0.9514,0.0486,0.9467,0.9561,0.0094,2420.4
2024-01-01T06:48:00,0.9531,0.0469,0.9507,0.9555,0.0048,1131.87
2024-01-01T06:49:00,0.953,0.047,0.9479,0.9581,0.0101,2415.71
2024-01-01T06:50:00,0.9532,0.0468,0.9494,0.9571,0.0078,1672.27
2024-01-01T06:51:00,0.9528,0.0472,0.9473,0.9584,0.0112,1338.28
2024-01-01T06:52:00,0.9483,0.0517,0.9437,0.9529,0.0092,1712.62
2024-01-01T06:53:00,0.9477,0.0523,0.9448,0.9507,0.0059,2473.41
2024-01-01T06:54:00,0.9462,0.0538,0.9444,0.9481,0.0037,1691.55
2024-01-01T06:55:00,0.9472,0.0528,0.9436,0.9509,0.0073,2558.3
2024-01-01T06:56:00,0.9453,0.0547,0.9395,0.9511,0.0115,1938.1
2024-01-01T06:57:00,0.9488,0.0512,0.9439,0.9538,0.0099,1101.84
2024-01-01T06:58:00,0.9478,0.0522,0.943,0.9526,0.0096,1610.14
2024-01-01T06:59:00,0.9488,0.0512,0.9459,0.9518,0.0059,1653.82
2024-01-01T07:00:00,0.9503,0.0497,0.9475,0.9532,0.0057,1820.66
2024-01-01T07:01:00,0.9528,0.0472,0.9486,0.957,0.0085,1294.36
2024-01-01T07:02:00,0.9511,0.0489,0.9486,0.9536,0.0049,1931.85
2024-01-01T07:03:00,0.9538,0.0462,0.9501,0.9575,0.0074,1462.82
2024-01-01T07:04:00,0.9524,0.0476,0.9462,0.9587,0.0125,1713.73
2024-01-01T07:05:00,0.9533,0.0467,0.951,0.9556,0.0046,1426.21
2024-01-01T07:06:00,0.9524,0.0476,0.9458,0.959,0.0131,1316.36
2024-01-01T07:07:00,0.9478,0.0522,0.9408,0.9548,0.014,1341.94
2024-01-01T07:08:00,0.9515,0.0485,0.9479,0.9551,0.0073,1656.24
2024-01-01T07:09:00,0.9571,0.0429,0.9519,0.9624,0.0105,2222.34
2024-01-01T07:10:00,0.9531,0.0469,0.9473,0.959,0.0117,2112.67
2024-01-01T07:11:00,0.9476,0.0524,0.9427,0.9524,0.0096,1477.43
2024-01-01T07:12:00,0.9451,0.0549,0.9412,0.9491,0.0079,2143.32
2024-01-01T07:13:00,0.9487,0.0513,0.9458,0.9516,0.0058,2100.47
2024-01-01T07:14:00,0.9511,0.0489,0.9491,0.9531,0.0039,1945.52
2024-01-01T07:15:00,0.95,0.05,0.9483,0.9517,0.0034,1342.64
2024-01-01T07:16:00,0.9466,0.0534,0.9414,0.9518,0.0104,2344.26
2024-01-01T07:17:00,0.9484,0.0516,0.9429,0.954,0.0111,1227.62
2024-01-01T07:18:00,0.9506,0.0494,0.946,0.9553,0.0093,1107.18
2024-01-01T07:19:00,0.9505,0.0495,0.9458,0.9552,0.0094,1360.06
2024-01-01T07:20:00,0.9539,0.0461,0.9515,0.9562,0.0047,1917.55
2024-01-01T07:21:00,0.951,0.049,0.946,0.956,0.0101,1618.03
2024-01-01T07:22:00,0.9539,0.0461,0.948,0.9598,0.0118,2196.59
2024-01-01T07:23:00,0.9526,0.0474,0.9477,0.9575,0.0098,2270.95
2024-01-01T07:24:00,0.9522,0.0478,0.9499,0.9546,0.0046,1962.22
2024-01-01T07:25:00,0.9534,0.0466,0.9508,0.9561,0.0053,1282.26
2024-01-01T07:26:00,0.9497,0.0503,0.9466,0.9527,0.006,2434.56
2024-01-01T07:27:00,0.9526,0.0474,0.9472,0.958,0.0108,1066.14
2024-01-01T07:28:00,0.9516,0.0484,0.9454,0.9579,0.0125,1443.04
2024-01-01T07:29:00,0.9527,0.0473,0.947,0.9584,0.0114,1874.53
2024-01-01T07:30:00,0.9541,0.0459,0.9485,0.9597,0.0112,1313.88
2024-01-01T07:31:00,0.9538,0.0462,0.9475,0.9601,0.0125,1048.74
2024-01-01T07:32:00,0.9508,0.0492,0.9436,0.9579,0.0143,1563.88
2024-01-01T07:33:00,0.9476,0.0524,0.942,0.9533,0.0113,1654.79
2024-01-01T07:34:00,0.9501,0.0499,0.9437,0.9566,0.0129,2040.83
2024-01-01T07:35:00,0.9505,0.0495,0.9457,0.9552,0.0095,1597.32
2024-01-01T07:36:00,0.9515,0.0485,0.948,0.955,0.0069,1166.1
2024-01-01T07:37:00,0.9517,0.0483,0.947,0.9564,0.0095,1237.04
2024-01-01T07:38:00,0.9491,0.0509,0.9418,0.9564,0.0146,1572.59
2024-01-01T07:39:00,0.9502,0.0498,0.9437,0.9567,0.013,2238.59
2024-01-01T07:40:00,0.9511,0.0489,0.9439,0.9583,0.0144,2068.48
2024-01-01T07:41:00,0.9528,0.0472,0.9469,0.9586,0.0117,1942.49
2024-01-01T07:42:00,0.9539,0.0461,0.9516,0.9562,0.0046,1345.19
2024-01-01T07:43:00,0.9525,0.0475,0.95,0.955,0.0051,1458.75
2024-01-01T07:44:00,0.9496,0.0504,0.9472,0.9519,0.0047,1805.19
2024-01-01T07:45:00,0.9508,0.0492,0.9459,0.9558,0.0099,1316.73
2024-01-01T07:46:00,0.9511,0.0489,0.9472,0.9551,0.0078,2016.12
2024-01-01T07:47:00,0.9509,0.0491,0.9489,0.9528,0.004,1082.72
2024-01-01T07:48:00,0.949,0.051,0.9436,0.9543,0.0108,1766.83
2024-01-01T07:49:00,0.9517,0.0483,0.9458,0.9577,0.0118,1324.14
2024-01-01T07:50:00,0.951,0.049,0.946,0.9561,0.0101,2359.78
2024-01-01T07:51:00,0.9525,0.0475,0.9473,0.9576,0.0103,1248.01
2024-01-01T07:52:00,0.9473,0.0527,0.9401,0.9544,0.0144,1551.95
2024-01-01T07:53:00,0.9494,0.0506,0.9457,0.953,0.0073,1869.58
2024-01-01T07:54:00,0.9504,0.0496,0.9443,0.9566,0.0122,1454.5
2024-01-01T07:55:00,0.9504,0.0496,0.9482,0.9525,0.0044,1975.86
2024-01-01T07:56:00,0.9487,0.0513,0.9444,0.953,0.0086,1809.14
2024-01-01T07:57:00,0.9492,0.0508,0.9445,0.9539,0.0093,1846.51
2024-01-01T07:58:00,0.9494,0.0506,0.9439,0.9549,0.0109,1269.38
2024-01-01T07:59:00,0.953,0.047,0.9473,0.9588,0.0114,1846.55
2024-01-01T08:00:00,0.9518,0.0482,0.9451,0.9585,0.0134,1486.17
2024-01-01T08:01:00,0.9491,0.0509,0.943,0.9553,0.0123,2432.82
2024-01-01T08:02:00,0.9532,0.0468,0.949,0.9575,0.0085,1621.26
2024-01-01T08:03:00,0.9525,0.0475,0.9472,0.9578,0.0106,2240.43
2024-01-01T08:04:00,0.9528,0.0472,0.9456,0.9599,0.0143,1740.34
2024-01-01T08:05:00,0.9516,0.0484,0.9453,0.9578,0.0125,2076.21
2024-01-01T08:06:00,0.9527,0.0473,0.948,0.9573,0.0092,1247.4
2024-01-01T08:07:00,0.9538,0.0462,0.9485,0.9592,0.0107,1240.83
2024-01-01T08:08:00,0.9513,0.0487,0.9478,0.9549,0.0071,2431.41
2024-01-01T08:09:00,0.9519,0.0481,0.9445,0.9593,0.0148,2200.61
2024-01-01T08:10:00,0.9525,0.0475,0.9477,0.9572,0.0095,1222.73
2024-01-01T08:11:00,0.9527,0.0473,0.946,0.9594,0.0133,1415.86
2024-01-01T08:12:00,0.9529,0.0471,0.9459,0.96,0.0142,1667.33
2024-01-01T08:13:00,0.947,0.053,0.9439,0.9501,0.0061,2138.21
2024-01-01T08:14:00,0.9496,0.0504,0.9466,0.9526,0.006,1355.76
2024-01-01T08:15:00,0.9488,0.0512,0.9441,0.9534,0.0093,1969.67
2024-01-01T08:16:00,0.9506,0.0494,0.9477,0.9536,0.0059,2328.54
2024-01-01T08:17:00,0.9535,0.0465,0.9504,0.9567,0.0063,1957.48
2024-01-01T08:18:00,0.9517,0.0483,0.9458,0.9575,0.0116,2136.87
2024-01-01T08:19:00,0.9516,0.0484,0.9468,0.9564,0.0095,1923.1
2024-01-01T08:20:00,0.9528,0.0472,0.9504,0.9551,0.0046,1430.57
2024-01-01T08:21:00,0.951,0.049,0.9473,0.9548,0.0076,1892.44
2024-01-01T08:22:00,0.9525,0.0475,0.95,0.955,0.0051,2120.72
2024-01-01T08:23:00,0.9499,0.0501,0.9478,0.952,0.0042,1719.9
2024-01-01T08:24:00,0.9524,0.0476,0.9503,0.9546,0.0043,2033.9
2024-01-01T08:25:00,0.9531,0.0469,0.9461,0.9601,0.014,2072.79
2024-01-01T08:26:00,0.9519,0.0481,0.9488,0.9551,0.0063,1300.05
2024-01-01T08:27:00,0.9496,0.0504,0.946,0.9532,0.0072,1339.56
2024-01-01T08:28:00,0.9534,0.0466,0.9468,0.9599,0.0131,1420.05
2024-01-01T08:29:00,0.9497,0.0503,0.9445,0.955,0.0105,1334.16
2024-01-01T08:30:00,0.9489,0.0511,0.9467,0.9511,0.0044,1162.59
2024-01-01T08:31:00,0.9493,0.0507,0.9462,0.9524,0.0061,1585.66
2024-01-01T08:32:00,0.9499,0.0501,0.9458,0.9539,0.0081,2303.94
2024-01-01T08:33:00,0.9499,0.0501,0.9429,0.957,0.0141,1120.84
2024-01-01T08:34:00,0.9502,0.0498,0.9438,0.9566,0.0127,1449.41
2024-01-01T08:35:00,0.9474,0.0526,0.9444,0.9503,0.0058,1612.43
2024-01-01T08:36:00,0.9489,0.0511,0.9426,0.9552,0.0127,2479.85
2024-01-01T08:37:00,0.9507,0.0493,0.9482,0.9532,0.005,1433.19
2024-01-01T08:38:00,0.949,0.051,0.9475,0.9505,0.003,1202.74
2024-01-01T08:39:00,0.9494,0.0506,0.9449,0.9538,0.0089,1105.21
2024-01-01T08:40:00,0.9481,0.0519,0.9456,0.9507,0.0051,1302.08
2024-01-01T08:41:00,0.9504,0.0496,0.9439,0.9569,0.013,2407.83
2024-01-01T08:42:00,0.9472,0.0528,0.9422,0.9521,0.0099,1495.83
2024-01-01T08:43:00,0.9511,0.0489,0.9489,0.9532,0.0043,1481.24
2024-01-01T08:44:00,0.9513,0.0487,0.9451,0.9575,0.0124,2008.45
2024-01-01T08:45:00,0.9503,0.0497,0.9485,0.9522,0.0036,1738.73
2024-01-01T08:46:00,0.9473,0.0527,0.94,0.9546,0.0146,1682.01
2024-01-01T08:47:00,0.9467,0.0533,0.9428,0.9506,0.0079,2106.95
2024-01-01T08:48:00,0.9516,0.0484,0.9465,0.9567,0.0102,2005.19
2024-01-01T08:49:00,0.9502,0.0498,0.9431,0.9573,0.0142,1899.71
2024-01-01T08:50:00,0.9493,0.0507,0.9468,0.9517,0.0049,2472.75
2024-01-01T08:51:00,0.9486,0.0514,0.947,0.9502,0.0032,1273.72
2024-01-01T08:52:00,0.9468,0.0532,0.9394,0.9541,0.0147,1266.1
2024-01-01T08:53:00,0.9521,0.0479,0.9457,0.9586,0.0129,1690.05
2024-01-01T08:54:00,0.9472,0.0528,0.9409,0.9535,0.0127,2167.78
2024-01-01T08:55:00,0.9476,0.0524,0.9415,0.9537,0.0122,1525.69
2024-01-01T08:56:00,0.9498,0.0502,0.9457,0.9538,0.0081,1531.17
2024-01-01T08:57:00,0.9567,0.0433,0.9534,0.96,0.0066,1088.68
2024-01-01T08:58:00,0.9497,0.0503,0.9457,0.9538,0.0081,1354.22
2024-01-01T08:59:00,0.9528,0.0472,0.9472,0.9585,0.0113,1178.15
2024-01-01T09:00:00,0.9511,0.0489,0.9454,0.9568,0.0114,2305.8
2024-01-01T09:01:00,0.9531,0.0469,0.9506,0.9557,0.0051,2427.06
2024-01-01T09:02:00,0.9489,0.0511,0.9418,0.956,0.0142,2536.11
2024-01-01T09:03:00,0.9498,0.0502,0.9431,0.9564,0.0132,2307.15
2024-01-01T09:04:00,0.9496,0.0504,0.947,0.9521,0.005,2474.55
2024-01-01T09:05:00,0.9529,0.0471,0.9506,0.9552,0.0046,1937.51
2024-01-01T09:06:00,0.9489,0.0511,0.9463,0.9516,0.0052,1501.41
2024-01-01T09:07:00,0.9472,0.0528,0.9406,0.9538,0.0133,1233.46
2024-01-01T09:08:00,0.9498,0.0502,0.9442,0.9554,0.0112,2047.06
2024-01-01T09:09:00,0.9503,0.0497,0.944,0.9566,0.0126,1269.39
2024-01-01T09:10:00,0.952,0.048,0.9492,0.9549,0.0057,2324.36
2024-01-01T09:11:00,0.9473,0.0527,0.9438,0.9508,0.007,1970.63
2024-01-01T09:12:00,0.9494,0.0506,0.9428,0.956,0.0132,1301.38
2024-01-01T09:13:00,0.9484,0.0516,0.9459,0.951,0.0051,1908.36
2024-01-01T09:14:00,0.9529,0.0471,0.9466,0.9593,0.0127,1389.37
2024-01-01T09:15:00,0.9495,0.0505,0.9422,0.9567,0.0145,1999.34
2024-01-01T09:16:00,0.9477,0.0523,0.9411,0.9544,0.0133,2304.85
2024-01-01T09:17:00,0.9484,0.0516,0.9411,0.9558,0.0147,1261.16
2024-01-01T09:18:00,0.9454,0.0546,0.9408,0.9499,0.0091,2119.9
2024-01-01T09:19:00,0.949,0.051,0.9441,0.9538,0.0097,1418.21
2024-01-01T09:20:00,0.9514,0.0486,0.9462,0.9566,0.0104,1592.06
2024-01-01T09:21:00,0.9488,0.0512,0.9463,0.9514,0.0051,2505.14
2024-01-01T09:22:00,0.9501,0.0499,0.9469,0.9533,0.0064,1502.44
2024-01-01T09:23:00,0.9555,0.0445,0.9507,0.9602,0.0096,1442.65
2024-01-01T09:24:00,0.9533,0.0467,0.9498,0.9568,0.007,1552.14
2024-01-01T09:25:00,0.9499,0.0501,0.9482,0.9516,0.0034,2035.55
2024-01-01T09:26:00,0.9539,0.0461,0.9519,0.956,0.0041,2041.88
2024-01-01T09:27:00,0.9517,0.0483,0.9474,0.9561,0.0087,1424.02
2024-01-01T09:28:00,0.9522,0.0478,0.9467,0.9576,0.0109,2266.42
2024-01-01T09:29:00,0.9536,0.0464,0.9503,0.9568,0.0065,2045.33
2024-01-01T09:30:00,0.9527,0.0473,0.9462,0.9591,0.013,2345.23
2024-01-01T09:31:00,0.954,0.046,0.9492,0.9587,0.0094,2037.3
2024-01-01T09:32:00,0.9512,0.0488,0.9455,0.9568,0.0113,2317.63
2024-01-01T09:33:00,0.95,0.05,0.9462,0.9537,0.0075,2484.52
2024-01-01T09:34:00,0.9491,0.0509,0.9447,0.9534,0.0087,2201.03
2024-01-01T09:35:00,0.9457,0.0543,0.9395,0.9519,0.0124,1995.28
2024-01-01T09:36:00,0.9474,0.0526,0.9417,0.953,0.0113,2202.4
2024-01-01T09:37:00,0.9495,0.0505,0.9474,0.9517,0.0043,1768.76
2024-01-01T09:38:00,0.9535,0.0465,0.949,0.9579,0.009,2091.41
2024-01-01T09:39:00,0.9518,0.0482,0.9498,0.9539,0.0041,1500.03
2024-01-01T09:40:00,0.9507,0.0493,0.9486,0.9529,0.0043,1407.8
2024-01-01T09:41:00,0.9476,0.0524,0.945,0.9502,0.0052,2465.3
2024-01-01T09:42:00,0.946,0.054,0.9427,0.9492,0.0064,2319.81
2024-01-01T09:43:00,0.9489,0.0511,0.9438,0.954,0.0102,1774.73
2024-01-01T09:44:00,0.9503,0.0497,0.9446,0.956,0.0114,1153.31
2024-01-01T09:45:00,0.9503,0.0497,0.9435,0.9571,0.0136,2415.47
2024-01-01T09:46:00,0.9492,0.0508,0.9431,0.9553,0.0122,1515.25
2024-01-01T09:47:00,0.9494,0.0506,0.9433,0.9555,0.0122,1187.75
2024-01-01T09:48:00,0.9454,0.0546,0.9437,0.9472,0.0035,1168.26
2024-01-01T09:49:00,0.9485,0.0515,0.9411,0.9559,0.0148,1877.28
2024-01-01T09:50:00,0.946,0.054,0.9391,0.9529,0.0139,1190.59
2024-01-01T09:51:00,0.9478,0.0522,0.9418,0.9539,0.0121,1334.91
2024-01-01T09:52:00,0.9491,0.0509,0.9445,0.9538,0.0093,1890.04
2024-01-01T09:53:00,0.9505,0.0495,0.9451,0.956,0.0109,2351.94
2024-01-01T09:54:00,0.9493,0.0507,0.9467,0.9518,0.005,1237.21
2024-01-01T09:55:00,0.9474,0.0526,0.9456,0.9492,0.0036,2316.19
2024-01-01T09:56:00,0.9495,0.0505,0.9461,0.953,0.0069,1507.96
2024-01-01T09:57:00,0.8337,0.1663,0.8318,0.8355,0.0037,2572.24
2024-01-01T09:58:00,0.828,0.172,0.826,0.8301,0.0041,2460.64
2024-01-01T09:59:00,0.8264,0.1736,0.8188,0.8341,0.0153,3007.4
2024-01-01T10:00:00,0.8258,0.1742,0.8172,0.8343,0.0171,2896.25
2024-01-01T10:01:00,0.8198,0.1802,0.815,0.8245,0.0095,4223.64
2024-01-01T10:02:00,0.8241,0.1759,0.8205,0.8277,0.0071,5184.79
2024-01-01T10:03:00,0.8221,0.1779,0.8184,0.8259,0.0076,4671.21
2024-01-01T10:04:00,0.8188,0.1812,0.8165,0.8211,0.0046,4829.16
2024-01-01T10:05:00,0.821,0.179,0.8179,0.824,0.0062,4182.66
2024-01-01T10:06:00,0.82,0.18,0.8127,0.8272,0.0145,4711.33
2024-01-01T10:07:00,0.8184,0.1816,0.8137,0.8231,0.0094,5071.41
2024-01-01T10:08:00,0.812,0.188,0.8057,0.8184,0.0127,5283.61
2024-01-01T10:09:00,0.8175,0.1825,0.8116,0.8234,0.0119,3289.3
2024-01-01T10:10:00,0.8154,0.1846,0.8095,0.8212,0.0118,4403.29
2024-01-01T10:11:00,0.8161,0.1839,0.813,0.8191,0.0061,2373.33
2024-01-01T10:12:00,0.8151,0.1849,0.8099,0.8203,0.0104,2769.37
2024-01-01T10:13:00,0.819,0.181,0.8162,0.8219,0.0057,4306.19
2024-01-01T10:14:00,0.8195,0.1805,0.8136,0.8255,0.0119,2868.17
2024-01-01T10:15:00,0.8223,0.1777,0.8187,0.8259,0.0072,3637.21
2024-01-01T10:16:00,0.8193,0.1807,0.8105,0.8281,0.0176,4783.22
2024-01-01T10:17:00,0.8223,0.1777,0.8134,0.8311,0.0177,3947.97
2024-01-01T10:18:00,0.8175,0.1825,0.8152,0.8199,0.0047,2439.51
2024-01-01T10:19:00,0.8189,0.1811,0.8103,0.8275,0.0171,3029.39
2024-01-01T10:20:00,0.8179,0.1821,0.8134,0.8224,0.0089,3588.0
2024-01-01T10:21:00,0.8189,0.1811,0.8152,0.8225,0.0073,4603.87
2024-01-01T10:22:00,0.8212,0.1788,0.8176,0.8247,0.0072,4778.83
2024-01-01T10:23:00,0.8177,0.1823,0.8116,0.8239,0.0123,5356.89
2024-01-01T10:24:00,0.8158,0.1842,0.8081,0.8234,0.0152,5494.73
2024-01-01T10:25:00,0.8139,0.1861,0.8076,0.8203,0.0128,3975.29
2024-01-01T10:26:00,0.815,0.185,0.8105,0.8194,0.0089,4397.26
2024-01-01T10:27:00,0.8167,0.1833,0.8102,0.8232,0.013,4616.67
2024-01-01T10:28:00,0.8178,0.1822,0.8106,0.825,0.0145,4290.75
2024-01-01T10:29:00,0.8171,0.1829,0.8151,0.8191,0.004,4615.46
2024-01-01T10:30:00,0.8154,0.1846,0.8096,0.8213,0.0117,3698.98
2024-01-01T10:31:00,0.8184,0.1816,0.8165,0.8202,0.0037,3969.25
2024-01-01T10:32:00,0.8175,0.1825,0.8147,0.8202,0.0056,4226.42
2024-01-01T10:33:00,0.8185,0.1815,0.8133,0.8238,0.0105,2852.36
2024-01-01T10:34:00,0.8208,0.1792,0.8142,0.8275,0.0132,3787.95
2024-01-01T10:35:00,0.8234,0.1766,0.8214,0.8253,0.0039,3958.7
2024-01-01T10:36:00,0.8187,0.1813,0.8109,0.8264,0.0155,4922.06
2024-01-01T10:37:00,0.8236,0.1764,0.8164,0.8308,0.0144,3036.1
2024-01-01T10:38:00,0.8212,0.1788,0.8139,0.8286,0.0147,3601.85
2024-01-01T10:39:00,0.8176,0.1824,0.809,0.8263,0.0173,3219.8
2024-01-01T10:40:00,0.8201,0.1799,0.8151,0.8251,0.01,4233.27
2024-01-01T10:41:00,0.8196,0.1804,0.8171,0.8221,0.005,4469.98
2024-01-01T10:42:00,0.8219,0.1781,0.8134,0.8303,0.0168,3798.0
2024-01-01T10:43:00,0.8193,0.1807,0.8164,0.8223,0.0059,2933.52
2024-01-01T10:44:00,0.8146,0.1854,0.8089,0.8203,0.0114,4281.96
2024-01-01T10:45:00,0.8158,0.1842,0.8114,0.8203,0.0089,5449.84
2024-01-01T10:46:00,0.8159,0.1841,0.812,0.8199,0.0079,4918.77
2024-01-01T10:47:00,0.8153,0.1847,0.8087,0.822,0.0133,2693.57
2024-01-01T10:48:00,0.8151,0.1849,0.8072,0.823,0.0158,5455.56
2024-01-01T10:49:00,0.8184,0.1816,0.8143,0.8225,0.0081,2954.45
2024-01-01T10:50:00,0.8194,0.1806,0.8137,0.825,0.0113,5290.27
2024-01-01T10:51:00,0.8177,0.1823,0.8151,0.8203,0.0052,4969.63
2024-01-01T10:52:00,0.8196,0.1804,0.8168,0.8223,0.0055,4250.98
2024-01-01T10:53:00,0.8187,0.1813,0.8161,0.8212,0.0051,4789.66
2024-01-01T10:54:00,0.8153,0.1847,0.8068,0.8239,0.0171,2954.91
2024-01-01T10:55:00,0.8159,0.1841,0.8084,0.8234,0.015,3415.63
2024-01-01T10:56:00,0.8193,0.1807,0.813,0.8256,0.0127,4764.87
2024-01-01T10:57:00,0.8206,0.1794,0.812,0.8292,0.0172,3975.15
2024-01-01T10:58:00,0.8138,0.1862,0.8091,0.8185,0.0094,5032.42
2024-01-01T10:59:00,0.8134,0.1866,0.807,0.8197,0.0127,2761.67
2024-01-01T11:00:00,0.8176,0.1824,0.8096,0.8256,0.016,3474.48
2024-01-01T11:01:00,0.8188,0.1812,0.8127,0.8248,0.0121,4100.68
2024-01-01T11:02:00,0.814,0.186,0.8092,0.8187,0.0094,3953.78
2024-01-01T11:03:00,0.8182,0.1818,0.8161,0.8203,0.0042,3573.43
2024-01-01T11:04:00,0.827,0.173,0.8186,0.8354,0.0168,4194.96
2024-01-01T11:05:00,0.8241,0.1759,0.8173,0.831,0.0137,4314.71
2024-01-01T11:06:00,0.8191,0.1809,0.811,0.8273,0.0163,3380.98
2024-01-01T11:07:00,0.8199,0.1801,0.8178,0.8221,0.0042,2609.75
2024-01-01T11:08:00,0.8223,0.1777,0.8152,0.8295,0.0143,5250.9
2024-01-01T11:09:00,0.8187,0.1813,0.8103,0.8272,0.0168,3094.3
2024-01-01T11:10:00,0.821,0.179,0.8135,0.8286,0.0151,4391.52
2024-01-01T11:11:00,0.825,0.175,0.8189,0.8311,0.0123,2794.15
2024-01-01T11:12:00,0.8231,0.1769,0.8166,0.8295,0.0128,2724.91
2024-01-01T11:13:00,0.8192,0.1808,0.8126,0.8258,0.0132,4624.97
2024-01-01T11:14:00,0.823,0.177,0.8144,0.8315,0.0171,4285.68
2024-01-01T11:15:00,0.8195,0.1805,0.8157,0.8234,0.0077,4646.12
2024-01-01T11:16:00,0.8173,0.1827,0.8116,0.8229,0.0113,3570.06
2024-01-01T11:17:00,0.8163,0.1837,0.8129,0.8198,0.0069,3201.24
2024-01-01T11:18:00,0.8167,0.1833,0.8087,0.8247,0.016,4867.02
2024-01-01T11:19:00,0.8145,0.1855,0.8064,0.8225,0.0161,3533.32
2024-01-01T11:20:00,0.8179,0.1821,0.8111,0.8246,0.0134,5339.56
2024-01-01T11:21:00,0.8145,0.1855,0.8118,0.8173,0.0055,5551.14
2024-01-01T11:22:00,0.8123,0.1877,0.807,0.8176,0.0105,3720.52
2024-01-01T11:23:00,0.8153,0.1847,0.811,0.8197,0.0087,3130.9
2024-01-01T11:24:00,0.8198,0.1802,0.8118,0.8279,0.0161,3247.94
2024-01-01T11:25:00,0.8218,0.1782,0.8147,0.8288,0.014,4790.56
2024-01-01T11:26:00,0.8198,0.1802,0.8153,0.8243,0.0089,3006.38
2024-01-01T11:27:00,0.8199,0.1801,0.8115,0.8284,0.0168,2465.42
2024-01-01T11:28:00,0.8224,0.1776,0.8205,0.8243,0.0038,5178.7
2024-01-01T11:29:00,0.8209,0.1791,0.8183,0.8234,0.0051,2806.58
2024-01-01T11:30:00,0.8208,0.1792,0.8134,0.8281,0.0147,3872.37
2024-01-01T11:31:00,0.8199,0.1801,0.8118,0.8281,0.0163,3167.35
2024-01-01T11:32:00,0.8197,0.1803,0.8178,0.8217,0.0039,4703.46
2024-01-01T11:33:00,0.8222,0.1778,0.8138,0.8306,0.0169,4863.36
2024-01-01T11:34:00,0.819,0.181,0.8152,0.8228,0.0076,5424.75
2024-01-01T11:35:00,0.8216,0.1784,0.8137,0.8294,0.0156,4439.9
2024-01-01T11:36:00,0.8166,0.1834,0.8121,0.821,0.0089,4246.08
2024-01-01T11:37:00,0.8178,0.1822,0.812,0.8237,0.0117,4474.64
2024-01-01T11:38:00,0.8192,0.1808,0.8137,0.8247,0.011,5192.51
2024-01-01T11:39:00,0.8233,0.1767,0.8159,0.8307,0.0148,2749.15
2024-01-01T11:40:00,0.8247,0.1753,0.8209,0.8285,0.0075,3713.86
2024-01-01T11:41:00,0.8212,0.1788,0.8151,0.8273,0.0122,4787.03
2024-01-01T11:42:00,0.8213,0.1787,0.8126,0.83,0.0174,4027.36
2024-01-01T11:43:00,0.8196,0.1804,0.8122,0.8271,0.0149,2482.89
2024-01-01T11:44:00,0.8194,0.1806,0.8128,0.8261,0.0134,3983.43
2024-01-01T11:45:00,0.8182,0.1818,0.8144,0.822,0.0076,3298.95
2024-01-01T11:46:00,0.8167,0.1833,0.8096,0.8238,0.0142,4525.56
2024-01-01T11:47:00,0.8192,0.1808,0.8164,0.8221,0.0056,3857.84
2024-01-01T11:48:00,0.8123,0.1877,0.8063,0.8183,0.012,3358.26
2024-01-01T11:49:00,0.8167,0.1833,0.8138,0.8196,0.0058,2730.31
2024-01-01T11:50:00,0.8189,0.1811,0.8117,0.8261,0.0144,3867.13
2024-01-01T11:51:00,0.8165,0.1835,0.808,0.825,0.017,4585.61
2024-01-01T11:52:00,0.8194,0.1806,0.8173,0.8216,0.0043,2982.34
2024-01-01T11:53:00,0.8163,0.1837,0.8125,0.8201,0.0076,3708.4
2024-01-01T11:54:00,0.8222,0.1778,0.8195,0.8249,0.0054,4012.43
2024-01-01T11:55:00,0.822,0.178,0.8187,0.8253,0.0065,3082.13
2024-01-01T11:56:00,0.8236,0.1764,0.8194,0.8278,0.0084,4205.56
2024-01-01T11:57:00,0.8234,0.1766,0.8157,0.831,0.0152,3506.63
2024-01-01T11:58:00,0.8226,0.1774,0.8142,0.831,0.0168,2457.18
2024-01-01T11:59:00,0.8216,0.1784,0.816,0.8271,0.011,3498.11
2024-01-01T12:00:00,0.8201,0.1799,0.8171,0.823,0.0059,3946.76
2024-01-01T12:01:00,0.8213,0.1787,0.8145,0.8282,0.0137,3588.78
2024-01-01T12:02:00,0.8182,0.1818,0.8144,0.8221,0.0077,2360.0
2024-01-01T12:03:00,0.8161,0.1839,0.8143,0.818,0.0037,5471.55
2024-01-01T12:04:00,0.8182,0.1818,0.8136,0.8229,0.0093,4627.1
2024-01-01T12:05:00,0.8168,0.1832,0.8101,0.8235,0.0134,2579.45
2024-01-01T12:06:00,0.8183,0.1817,0.8154,0.8212,0.0058,3651.36
2024-01-01T12:07:00,0.8186,0.1814,0.8156,0.8215,0.0058,2650.14
2024-01-01T12:08:00,0.8181,0.1819,0.8141,0.8222,0.008,3541.65
2024-01-01T12:09:00,0.8161,0.1839,0.8078,0.8245,0.0166,5422.47
2024-01-01T12:10:00,0.8178,0.1822,0.8146,0.821,0.0064,4574.23
2024-01-01T12:11:00,0.8159,0.1841,0.8124,0.8194,0.007,4015.91
2024-01-01T12:12:00,0.8162,0.1838,0.8117,0.8206,0.0089,4054.0
2024-01-01T12:13:00,0.8153,0.1847,0.8113,0.8194,0.0081,5518.94
2024-01-01T12:14:00,0.8165,0.1835,0.809,0.824,0.0149,2831.02
2024-01-01T12:15:00,0.8155,0.1845,0.808,0.8229,0.0149,3555.27
2024-01-01T12:16:00,0.8181,0.1819,0.8136,0.8225,0.0089,2628.75
2024-01-01T12:17:00,0.8182,0.1818,0.8119,0.8246,0.0128,4314.82
2024-01-01T12:18:00,0.8194,0.1806,0.8118,0.8269,0.0152,4141.61
2024-01-01T12:19:00,0.8156,0.1844,0.8128,0.8184,0.0055,5315.49
2024-01-01T12:20:00,0.8159,0.1841,0.8077,0.8241,0.0164,2463.93
2024-01-01T12:21:00,0.8135,0.1865,0.8061,0.821,0.0149,4233.28
2024-01-01T12:22:00,0.8139,0.1861,0.8107,0.817,0.0063,4267.24
2024-01-01T12:23:00,0.8106,0.1894,0.8059,0.8154,0.0096,2664.53
2024-01-01T12:24:00,0.8077,0.1923,0.8054,0.81,0.0046,5453.91
2024-01-01T12:25:00,0.8107,0.1893,0.8074,0.8139,0.0065,2645.68
2024-01-01T12:26:00,0.8062,0.1938,0.7991,0.8133,0.0142,2477.51
2024-01-01T12:27:00,0.8039,0.1961,0.7961,0.8118,0.0157,5258.19
2024-01-01T12:28:00,0.8037,0.1963,0.8007,0.8068,0.0061,2504.02
2024-01-01T12:29:00,0.7997,0.2003,0.792,0.8075,0.0155,2867.31
2024-01-01T12:30:00,0.7961,0.2039,0.7908,0.8013,0.0105,3906.07
2024-01-01T12:31:00,0.7937,0.2063,0.7851,0.8024,0.0174,3750.3
2024-01-01T12:32:00,0.7894,0.2106,0.7845,0.7943,0.0098,4148.91
2024-01-01T12:33:00,0.7889,0.2111,0.7838,0.794,0.0102,2853.54
2024-01-01T12:34:00,0.7869,0.2131,0.779,0.7948,0.0158,3330.83
2024-01-01T12:35:00,0.7835,0.2165,0.7755,0.7915,0.016,6109.58
2024-01-01T12:36:00,0.781,0.219,0.7781,0.7838,0.0058,4019.79
2024-01-01T12:37:00,0.7764,0.2236,0.7709,0.782,0.0111,3188.62
2024-01-01T12:38:00,0.7735,0.2265,0.7681,0.7788,0.0107,5000.15
2024-01-01T12:39:00,0.7697,0.2303,0.7603,0.7791,0.0188,3938.65
2024-01-01T12:40:00,0.7691,0.2309,0.76,0.7783,0.0183,6195.0
2024-01-01T12:41:00,0.7688,0.2312,0.7657,0.772,0.0063,3344.57
2024-01-01T12:42:00,0.7646,0.2354,0.7614,0.7678,0.0064,5721.99
2024-01-01T12:43:00,0.7613,0.2387,0.7563,0.7663,0.01,5391.73
2024-01-01T12:44:00,0.7598,0.2402,0.756,0.7636,0.0076,3274.53
2024-01-01T12:45:00,0.7566,0.2434,0.7537,0.7596,0.0059,3093.84
2024-01-01T12:46:00,0.756,0.244,0.7481,0.7639,0.0158,5454.21
2024-01-01T12:47:00,0.75,0.25,0.748,0.752,0.004,6480.13
2024-01-01T12:48:00,0.7454,0.2546,0.7387,0.7521,0.0134,4453.88
2024-01-01T12:49:00,0.7429,0.2571,0.7347,0.7512,0.0166,3439.53
2024-01-01T12:50:00,0.7422,0.2578,0.7388,0.7456,0.0067,3757.08
2024-01-01T12:51:00,0.74,0.26,0.7331,0.7469,0.0138,4590.24
2024-01-01T12:52:00,0.7347,0.2653,0.7253,0.7442,0.0189,5106.54
2024-01-01T12:53:00,0.7363,0.2637,0.7326,0.74,0.0074,5197.81
2024-01-01T12:54:00,0.7298,0.2702,0.7267,0.7329,0.0062,4423.92
2024-01-01T12:55:00,0.734,0.266,0.7253,0.7426,0.0173,3634.44
2024-01-01T12:56:00,0.731,0.269,0.7267,0.7352,0.0085,4899.32
2024-01-01T12:57:00,0.7252,0.2748,0.717,0.7335,0.0165,4493.0
2024-01-01T12:58:00,0.7216,0.2784,0.717,0.7262,0.0092,3679.0
2024-01-01T12:59:00,0.7201,0.2799,0.717,0.7231,0.0061,3784.71
2024-01-01T13:00:00,0.7194,0.2806,0.7154,0.7234,0.008,5967.67
2024-01-01T13:01:00,0.7143,0.2857,0.7076,0.7209,0.0132,3684.27
2024-01-01T13:02:00,0.7146,0.2854,0.7069,0.7224,0.0155,5096.54
2024-01-01T13:03:00,0.7074,0.2926,0.7043,0.7105,0.0062,3670.18
2024-01-01T13:04:00,0.7077,0.2923,0.7045,0.7109,0.0065,6118.82
2024-01-01T13:05:00,0.7058,0.2942,0.6971,0.7145,0.0174,5245.66
2024-01-01T13:06:00,0.7014,0.2986,0.6932,0.7096,0.0164,6417.96
2024-01-01T13:07:00,0.6985,0.3015,0.6945,0.7026,0.008,5347.06
2024-01-01T13:08:00,0.6967,0.3033,0.6866,0.7068,0.0203,3587.89
2024-01-01T13:09:00,0.6966,0.3034,0.6864,0.7067,0.0203,4432.01
2024-01-01T13:10:00,0.6937,0.3063,0.6892,0.6982,0.009,5518.55
2024-01-01T13:11:00,0.6912,0.3088,0.6857,0.6967,0.011,8029.04
2024-01-01T13:12:00,0.6889,0.3111,0.6812,0.6966,0.0154,6793.49
2024-01-01T13:13:00,0.6867,0.3133,0.6808,0.6927,0.0118,6179.84
2024-01-01T13:14:00,0.6822,0.3178,0.676,0.6884,0.0124,4245.49
2024-01-01T13:15:00,0.6769,0.3231,0.6687,0.6852,0.0165,3779.89
2024-01-01T13:16:00,0.6778,0.3222,0.6711,0.6844,0.0133,8294.68
2024-01-01T13:17:00,0.6742,0.3258,0.666,0.6823,0.0163,7644.36
2024-01-01T13:18:00,0.6758,0.3242,0.6656,0.6859,0.0203,7647.52
2024-01-01T13:19:00,0.6672,0.3328,0.6569,0.6776,0.0207,4528.69
2024-01-01T13:20:00,0.6634,0.3366,0.6539,0.6728,0.0189,6373.68
2024-01-01T13:21:00,0.6621,0.3379,0.6585,0.6657,0.0072,6259.9
2024-01-01T13:22:00,0.6614,0.3386,0.6552,0.6676,0.0124,4349.46
2024-01-01T13:23:00,0.6635,0.3365,0.6558,0.6711,0.0153,7897.63
2024-01-01T13:24:00,0.6586,0.3414,0.654,0.6632,0.0092,5190.04
2024-01-01T13:25:00,0.6541,0.3459,0.6436,0.6646,0.021,6803.67
2024-01-01T13:26:00,0.6508,0.3492,0.6455,0.656,0.0104,5201.61
2024-01-01T13:27:00,0.6479,0.3521,0.645,0.6508,0.0058,5450.96
2024-01-01T13:28:00,0.643,0.357,0.6332,0.6527,0.0195,8066.69
2024-01-01T13:29:00,0.6428,0.3572,0.6379,0.6477,0.0099,4864.49
2024-01-01T13:30:00,0.6374,0.3626,0.6273,0.6475,0.0202,6494.16
2024-01-01T13:31:00,0.6398,0.3602,0.6301,0.6496,0.0195,8057.75
2024-01-01T13:32:00,0.6339,0.3661,0.6262,0.6417,0.0156,4295.93
2024-01-01T13:33:00,0.6312,0.3688,0.6218,0.6406,0.0188,8742.42
2024-01-01T13:34:00,0.6292,0.3708,0.62,0.6384,0.0184,6390.3
2024-01-01T13:35:00,0.6262,0.3738,0.6187,0.6337,0.0151,9396.93
2024-01-01T13:36:00,0.6273,0.3727,0.621,0.6337,0.0127,9259.81
2024-01-01T13:37:00,0.6235,0.3765,0.6189,0.6281,0.0093,6335.74
2024-01-01T13:38:00,0.624,0.376,0.6133,0.6346,0.0212,4516.91
2024-01-01T13:39:00,0.6196,0.3804,0.6122,0.627,0.0148,4407.32
2024-01-01T13:40:00,0.6138,0.3862,0.608,0.6195,0.0115,6404.31
2024-01-01T13:41:00,0.612,0.388,0.6091,0.6149,0.0058,9581.15
2024-01-01T13:42:00,0.6114,0.3886,0.6011,0.6216,0.0205,9409.24
2024-01-01T13:43:00,0.6081,0.3919,0.5996,0.6166,0.017,9471.8
2024-01-01T13:44:00,0.6038,0.3962,0.5995,0.6081,0.0086,8475.96
2024-01-01T13:45:00,0.6021,0.3979,0.5973,0.6069,0.0096,6300.69
2024-01-01T13:46:00,0.6003,0.3997,0.5931,0.6075,0.0143,4640.56
2024-01-01T13:47:00,0.599,0.401,0.5907,0.6072,0.0165,8671.14
2024-01-01T13:48:00,0.5953,0.4047,0.5893,0.6014,0.0121,7564.64
2024-01-01T13:49:00,0.5901,0.4099,0.5847,0.5955,0.0107,8189.38
2024-01-01T13:50:00,0.5905,0.4095,0.5826,0.5985,0.0159,6250.81
2024-01-01T13:51:00,0.5852,0.4148,0.5819,0.5885,0.0065,7692.97
2024-01-01T13:52:00,0.5824,0.4176,0.5782,0.5865,0.0084,9829.61
2024-01-01T13:53:00,0.5824,0.4176,0.5791,0.5858,0.0067,9320.47
2024-01-01T13:54:00,0.5752,0.4248,0.565,0.5854,0.0204,8570.53
2024-01-01T13:55:00,0.5775,0.4225,0.5713,0.5836,0.0123,8715.62
2024-01-01T13:56:00,0.5698,0.4302,0.5653,0.5743,0.009,10609.83
2024-01-01T13:57:00,0.571,0.429,0.568,0.5739,0.0059,9370.94
2024-01-01T13:58:00,0.5687,0.4313,0.5656,0.5718,0.0062,10544.42
2024-01-01T13:59:00,0.5647,0.4353,0.5559,0.5734,0.0175,9424.44
2024-01-01T14:00:00,0.5621,0.4379,0.5563,0.5679,0.0116,6924.95
2024-01-01T14:01:00,0.5581,0.4419,0.5541,0.5621,0.0081,9557.85
2024-01-01T14:02:00,0.5563,0.4437,0.5536,0.5589,0.0053,6391.19
2024-01-01T14:03:00,0.5535,0.4465,0.5504,0.5567,0.0064,10326.09
2024-01-01T14:04:00,0.5507,0.4493,0.5462,0.5551,0.0089,8948.59
2024-01-01T14:05:00,0.5487,0.4513,0.5373,0.56,0.0227,8794.23
2024-01-01T14:06:00,0.5471,0.4529,0.5377,0.5566,0.019,8135.56
2024-01-01T14:07:00,0.5452,0.4548,0.5426,0.5479,0.0052,8070.56
2024-01-01T14:08:00,0.5363,0.4637,0.5305,0.5421,0.0116,9180.02
2024-01-01T14:09:00,0.5366,0.4634,0.5273,0.546,0.0187,10351.56
2024-01-01T14:10:00,0.5357,0.4643,0.5261,0.5453,0.0193,7008.92
2024-01-01T14:11:00,0.5335,0.4665,0.5273,0.5397,0.0125,10962.61
2024-01-01T14:12:00,0.5322,0.4678,0.5205,0.5439,0.0234,11137.46
2024-01-01T14:13:00,0.5271,0.4729,0.5216,0.5327,0.0111,5344.98
2024-01-01T14:14:00,0.525,0.475,0.5164,0.5337,0.0173,5265.62
2024-01-01T14:15:00,0.5249,0.4751,0.5131,0.5368,0.0237,8270.14
2024-01-01T14:16:00,0.5258,0.4742,0.5159,0.5357,0.0198,11656.93
2024-01-01T14:17:00,0.5236,0.4764,0.5209,0.5262,0.0052,11824.89
2024-01-01T14:18:00,0.5222,0.4778,0.5114,0.533,0.0216,9296.87
2024-01-01T14:19:00,0.5206,0.4794,0.5089,0.5324,0.0235,11446.99
2024-01-01T14:20:00,0.5195,0.4805,0.51,0.529,0.019,5213.18
2024-01-01T14:21:00,0.52,0.48,0.5159,0.5241,0.0082,9627.71
2024-01-01T14:22:00,0.5202,0.4798,0.5082,0.5323,0.0241,11169.4
2024-01-01T14:23:00,0.5178,0.4822,0.5103,0.5253,0.015,11055.97
2024-01-01T14:24:00,0.5199,0.4801,0.5113,0.5285,0.0172,6399.23
2024-01-01T14:25:00,0.5206,0.4794,0.5166,0.5246,0.008,11115.64
2024-01-01T14:26:00,0.5217,0.4783,0.5134,0.53,0.0166,11595.87
2024-01-01T14:27:00,0.5224,0.4776,0.5136,0.5312,0.0176,10738.48
2024-01-01T14:28:00,0.5205,0.4795,0.5107,0.5303,0.0196,11429.73
2024-01-01T14:29:00,0.5213,0.4787,0.5182,0.5244,0.0062,11750.76
2024-01-01T14:30:00,0.5212,0.4788,0.5117,0.5307,0.019,10270.66
2024-01-01T14:31:00,0.5189,0.4811,0.5109,0.527,0.0161,7838.99
2024-01-01T14:32:00,0.5185,0.4815,0.5063,0.5306,0.0243,10332.66
2024-01-01T14:33:00,0.5196,0.4804,0.5129,0.5263,0.0134,11670.16
2024-01-01T14:34:00,0.5207,0.4793,0.5174,0.524,0.0066,7385.61
2024-01-01T14:35:00,0.522,0.478,0.5162,0.5279,0.0117,6257.97
2024-01-01T14:36:00,0.5225,0.4775,0.5198,0.5252,0.0054,6847.36
2024-01-01T14:37:00,0.5207,0.4793,0.5171,0.5242,0.0071,7644.72
2024-01-01T14:38:00,0.5204,0.4796,0.5177,0.5231,0.0054,10412.62
2024-01-01T14:39:00,0.5171,0.4829,0.5105,0.5238,0.0133,9899.6
2024-01-01T14:40:00,0.5181,0.4819,0.5068,0.5295,0.0227,7009.58
2024-01-01T14:41:00,0.5155,0.4845,0.513,0.5181,0.0051,7596.7
2024-01-01T14:42:00,0.5203,0.4797,0.5094,0.5311,0.0217,6434.37
2024-01-01T14:43:00,0.5168,0.4832,0.5118,0.5218,0.01,6992.21
2024-01-01T14:44:00,0.5229,0.4771,0.5117,0.5341,0.0225,5462.26
2024-01-01T14:45:00,0.5212,0.4788,0.5105,0.5318,0.0213,9353.82
2024-01-01T14:46:00,0.5197,0.4803,0.5148,0.5246,0.0098,10262.91
2024-01-01T14:47:00,0.5199,0.4801,0.5086,0.5311,0.0225,9051.06
2024-01-01T14:48:00,0.52,0.48,0.508,0.5319,0.0239,7443.73
2024-01-01T14:49:00,0.519,0.481,0.5086,0.5294,0.0208,6432.96
2024-01-01T14:50:00,0.522,0.478,0.5127,0.5314,0.0187,5252.67
2024-01-01T14:51:00,0.52,0.48,0.5116,0.5284,0.0168,6311.94
2024-01-01T14:52:00,0.5196,0.4804,0.5095,0.5297,0.0202,7312.42
2024-01-01T14:53:00,0.5208,0.4792,0.5102,0.5314,0.0212,6909.11
2024-01-01T14:54:00,0.5201,0.4799,0.5087,0.5314,0.0227,10183.32
2024-01-01T14:55:00,0.5193,0.4807,0.5158,0.5228,0.007,6101.13
2024-01-01T14:56:00,0.5198,0.4802,0.5165,0.523,0.0065,5318.94
2024-01-01T14:57:00,0.5207,0.4793,0.5173,0.5241,0.0068,11904.5
2024-01-01T14:58:00,0.5177,0.4823,0.507,0.5284,0.0215,11686.64
2024-01-01T14:59:00,0.5175,0.4825,0.5145,0.5205,0.006,5858.33
2024-01-01T15:00:00,0.5154,0.4846,0.5054,0.5255,0.0201,9635.66
2024-01-01T15:01:00,0.5183,0.4817,0.5071,0.5295,0.0224,8032.58
2024-01-01T15:02:00,0.518,0.482,0.5074,0.5286,0.0213,6974.9
2024-01-01T15:03:00,0.5192,0.4808,0.5074,0.5311,0.0237,9786.25
2024-01-01T15:04:00,0.5166,0.4834,0.5136,0.5196,0.006,6779.08
2024-01-01T15:05:00,0.5217,0.4783,0.5108,0.5325,0.0217,5655.6
2024-01-01T15:06:00,0.5237,0.4763,0.5185,0.5289,0.0104,6487.46
2024-01-01T15:07:00,0.5178,0.4822,0.5062,0.5294,0.0232,9233.15
2024-01-01T15:08:00,0.5151,0.4849,0.5036,0.5266,0.0231,7837.78
2024-01-01T15:09:00,0.5179,0.4821,0.5107,0.525,0.0143,12177.53
2024-01-01T15:10:00,0.517,0.483,0.5123,0.5216,0.0093,9657.23
2024-01-01T15:11:00,0.5201,0.4799,0.5101,0.5301,0.0199,8378.73
2024-01-01T15:12:00,0.5202,0.4798,0.5119,0.5286,0.0167,11766.0
2024-01-01T15:13:00,0.5207,0.4793,0.5176,0.5238,0.0062,11327.29
2024-01-01T15:14:00,0.5218,0.4782,0.5139,0.5298,0.016,6666.45
2024-01-01T15:15:00,0.5165,0.4835,0.5083,0.5248,0.0165,10109.96
2024-01-01T15:16:00,0.5183,0.4817,0.5124,0.5242,0.0118,5774.44
2024-01-01T15:17:00,0.5191,0.4809,0.5093,0.5288,0.0194,9078.15
2024-01-01T15:18:00,0.52,0.48,0.5155,0.5245,0.009,7836.82
2024-01-01T15:19:00,0.5145,0.4855,0.51,0.5189,0.0089,10502.88
2024-01-01T15:20:00,0.5166,0.4834,0.5092,0.524,0.0148,5427.06
2024-01-01T15:21:00,0.521,0.479,0.5101,0.5318,0.0217,5782.46
2024-01-01T15:22:00,0.5172,0.4828,0.5082,0.5261,0.0179,9294.98
2024-01-01T15:23:00,0.5177,0.4823,0.5129,0.5224,0.0095,6310.07
2024-01-01T15:24:00,0.5204,0.4796,0.5111,0.5296,0.0185,8216.43
2024-01-01T15:25:00,0.5185,0.4815,0.5087,0.5283,0.0196,9331.05
2024-01-01T15:26:00,0.5185,0.4815,0.5149,0.5221,0.0072,5764.98
2024-01-01T15:27:00,0.519,0.481,0.5163,0.5218,0.0055,7900.03
2024-01-01T15:28:00,0.52,0.48,0.5168,0.5231,0.0063,6467.7
2024-01-01T15:29:00,0.5193,0.4807,0.5122,0.5264,0.0142,10769.46
2024-01-01T15:30:00,0.5196,0.4804,0.512,0.5273,0.0153,7143.73
2024-01-01T15:31:00,0.5191,0.4809,0.5144,0.5238,0.0094,9239.91
2024-01-01T15:32:00,0.5199,0.4801,0.5083,0.5316,0.0233,11949.16
2024-01-01T15:33:00,0.5238,0.4762,0.512,0.5355,0.0236,7584.37
2024-01-01T15:34:00,0.5236,0.4764,0.5152,0.5321,0.017,7439.89
2024-01-01T15:35:00,0.5212,0.4788,0.5146,0.5279,0.0133,10116.59
2024-01-01T15:36:00,0.5203,0.4797,0.5164,0.5243,0.0079,6102.05
2024-01-01T15:37:00,0.517,0.483,0.5049,0.5291,0.0243,6727.56
2024-01-01T15:38:00,0.5145,0.4855,0.5049,0.524,0.0191,7196.47
2024-01-01T15:39:00,0.516,0.484,0.5052,0.5269,0.0217,8233.59
2024-01-01T15:40:00,0.5217,0.4783,0.5117,0.5318,0.02,5903.95
2024-01-01T15:41:00,0.5212,0.4788,0.511,0.5314,0.0204,5289.27
2024-01-01T15:42:00,0.5212,0.4788,0.5168,0.5256,0.0088,9053.85
2024-01-01T15:43:00,0.521,0.479,0.5093,0.5327,0.0234,7347.01
2024-01-01T15:44:00,0.5224,0.4776,0.5134,0.5314,0.018,5342.74
2024-01-01T15:45:00,0.5185,0.4815,0.5071,0.5298,0.0227,10703.04
2024-01-01T15:46:00,0.5141,0.4859,0.5045,0.5237,0.0193,12051.45
2024-01-01T15:47:00,0.5173,0.4827,0.506,0.5285,0.0225,11642.01
2024-01-01T15:48:00,0.5172,0.4828,0.5126,0.5218,0.0091,10975.07
2024-01-01T15:49:00,0.5188,0.4812,0.5094,0.5282,0.0188,10188.02
2024-01-01T15:50:00,0.5156,0.4844,0.5051,0.5261,0.0211,9328.38
2024-01-01T15:51:00,0.5171,0.4829,0.506,0.5282,0.0222,6966.09
2024-01-01T15:52:00,0.5184,0.4816,0.5063,0.5306,0.0242,5527.3
2024-01-01T15:53:00,0.5171,0.4829,0.5064,0.5279,0.0215,8607.86
2024-01-01T15:54:00,0.5172,0.4828,0.5127,0.5216,0.0089,10613.32
2024-01-01T15:55:00,0.5156,0.4844,0.5052,0.5259,0.0207,8280.46
2024-01-01T15:56:00,0.5178,0.4822,0.51,0.5255,0.0156,8921.88
2024-01-01T15:57:00,0.5179,0.4821,0.5152,0.5205,0.0053,9068.34
2024-01-01T15:58:00,0.5146,0.4854,0.5023,0.5269,0.0246,7139.29
2024-01-01T15:59:00,0.5166,0.4834,0.5088,0.5243,0.0155,11565.17
2024-01-01T16:00:00,0.5155,0.4845,0.5063,0.5247,0.0184,9636.94
2024-01-01T16:01:00,0.5146,0.4854,0.5114,0.5177,0.0063,8650.35
2024-01-01T16:02:00,0.5175,0.4825,0.5054,0.5296,0.0242,6033.8
2024-01-01T16:03:00,0.5214,0.4786,0.5187,0.5241,0.0054,6267.7
2024-01-01T16:04:00,0.5168,0.4832,0.5106,0.5231,0.0125,6997.78
2024-01-01T16:05:00,0.52,0.48,0.5123,0.5278,0.0155,10523.75
2024-01-01T16:06:00,0.5218,0.4782,0.5127,0.5309,0.0182,8224.0
2024-01-01T16:07:00,0.522,0.478,0.5129,0.5311,0.0183,5418.29
2024-01-01T16:08:00,0.3874,0.6126,0.3823,0.3926,0.0103,6247.51
2024-01-01T16:09:00,0.3815,0.6185,0.3733,0.3896,0.0162,8598.85
2024-01-01T16:10:00,0.3811,0.6189,0.3778,0.3843,0.0065,9576.42
2024-01-01T16:11:00,0.372,0.628,0.3688,0.3752,0.0064,5420.35
2024-01-01T16:12:00,0.3688,0.6312,0.3661,0.3715,0.0055,7916.37
2024-01-01T16:13:00,0.3658,0.6342,0.355,0.3766,0.0216,7872.8
2024-01-01T16:14:00,0.3707,0.6293,0.3684,0.373,0.0047,5728.64
2024-01-01T16:15:00,0.3655,0.6345,0.3624,0.3687,0.0063,6490.31
2024-01-01T16:16:00,0.3662,0.6338,0.3608,0.3717,0.0109,4587.63
2024-01-01T16:17:00,0.3669,0.6331,0.3641,0.3697,0.0056,6936.47
2024-01-01T16:18:00,0.3682,0.6318,0.3596,0.3768,0.0172,6598.99
2024-01-01T16:19:00,0.3654,0.6346,0.3621,0.3688,0.0068,6759.83
2024-01-01T16:20:00,0.3648,0.6352,0.3593,0.3703,0.011,6974.11
2024-01-01T16:21:00,0.3649,0.6351,0.3565,0.3732,0.0167,8723.1
2024-01-01T16:22:00,0.3669,0.6331,0.3601,0.3737,0.0135,5487.4
2024-01-01T16:23:00,0.3621,0.6379,0.3541,0.3701,0.016,6299.53
2024-01-01T16:24:00,0.3615,0.6385,0.3556,0.3675,0.012,9399.54
2024-01-01T16:25:00,0.3641,0.6359,0.3562,0.3721,0.0159,6779.61
2024-01-01T16:26:00,0.3655,0.6345,0.3561,0.3749,0.0188,6062.94
2024-01-01T16:27:00,0.3603,0.6397,0.3563,0.3643,0.008,5581.15
2024-01-01T16:28:00,0.366,0.634,0.357,0.375,0.0179,8766.95
2024-01-01T16:29:00,0.3652,0.6348,0.3555,0.3748,0.0193,7009.14
2024-01-01T16:30:00,0.3623,0.6377,0.3595,0.3651,0.0056,8275.09
2024-01-01T16:31:00,0.3634,0.6366,0.3585,0.3683,0.0098,5248.31
2024-01-01T16:32:00,0.3617,0.6383,0.3539,0.3696,0.0156,8755.07
2024-01-01T16:33:00,0.3607,0.6393,0.3555,0.3659,0.0104,5432.46
2024-01-01T16:34:00,0.3635,0.6365,0.357,0.37,0.013,4989.57
2024-01-01T16:35:00,0.3646,0.6354,0.3573,0.3719,0.0146,7081.29
2024-01-01T16:36:00,0.3654,0.6346,0.3614,0.3694,0.008,5704.31
2024-01-01T16:37:00,0.3626,0.6374,0.352,0.3733,0.0214,7486.54
2024-01-01T16:38:00,0.3633,0.6367,0.357,0.3695,0.0126,4939.56
2024-01-01T16:39:00,0.3633,0.6367,0.3577,0.3688,0.0111,9412.51
2024-01-01T16:40:00,0.3623,0.6377,0.3519,0.3727,0.0208,6750.11
2024-01-01T16:41:00,0.3641,0.6359,0.3601,0.3682,0.0081,9080.46
2024-01-01T16:42:00,0.3653,0.6347,0.3568,0.3739,0.0171,8852.94
2024-01-01T16:43:00,0.3644,0.6356,0.3574,0.3713,0.0139,6463.16
2024-01-01T16:44:00,0.362,0.638,0.3567,0.3673,0.0106,6166.61
2024-01-01T16:45:00,0.3665,0.6335,0.3582,0.3747,0.0165,7981.86
2024-01-01T16:46:00,0.368,0.632,0.3654,0.3705,0.0051,8912.58
2024-01-01T16:47:00,0.3707,0.6293,0.3636,0.3778,0.0142,7319.11
2024-01-01T16:48:00,0.3683,0.6317,0.3604,0.3762,0.0158,5983.59
2024-01-01T16:49:00,0.3669,0.6331,0.3593,0.3745,0.0153,6638.77
2024-01-01T16:50:00,0.367,0.633,0.3579,0.3762,0.0183,5830.02
2024-01-01T16:51:00,0.3643,0.6357,0.3613,0.3673,0.0059,7929.54
2024-01-01T16:52:00,0.3666,0.6334,0.3564,0.3769,0.0205,6473.33
2024-01-01T16:53:00,0.3699,0.6301,0.3622,0.3775,0.0154,4354.46
2024-01-01T16:54:00,0.3669,0.6331,0.3625,0.3712,0.0087,5699.84
2024-01-01T16:55:00,0.3671,0.6329,0.3589,0.3754,0.0165,7025.53
2024-01-01T16:56:00,0.3691,0.6309,0.3659,0.3723,0.0064,4192.77
2024-01-01T16:57:00,0.366,0.634,0.3619,0.3701,0.0082,9584.13
2024-01-01T16:58:00,0.3612,0.6388,0.3553,0.367,0.0117,6896.33
2024-01-01T16:59:00,0.3603,0.6397,0.3546,0.3659,0.0113,4797.25
2024-01-01T17:00:00,0.3632,0.6368,0.3564,0.3699,0.0135,6721.74
2024-01-01T17:01:00,0.3648,0.6352,0.3588,0.3708,0.012,8698.03
2024-01-01T17:02:00,0.3672,0.6328,0.3645,0.3699,0.0054,7601.42
2024-01-01T17:03:00,0.3643,0.6357,0.3538,0.3749,0.0211,6405.14
2024-01-01T17:04:00,0.3661,0.6339,0.3597,0.3724,0.0127,4971.68
2024-01-01T17:05:00,0.3642,0.6358,0.3543,0.374,0.0197,5319.21
2024-01-01T17:06:00,0.3622,0.6378,0.3545,0.3699,0.0154,8304.57
2024-01-01T17:07:00,0.3649,0.6351,0.356,0.3739,0.0179,5312.2
2024-01-01T17:08:00,0.3662,0.6338,0.3582,0.3741,0.0158,7020.53
2024-01-01T17:09:00,0.3651,0.6349,0.3591,0.3711,0.0119,9055.37
2024-01-01T17:10:00,0.3658,0.6342,0.3611,0.3705,0.0095,8545.47
2024-01-01T17:11:00,0.3653,0.6347,0.3584,0.3722,0.0138,5480.12
2024-01-01T17:12:00,0.3663,0.6337,0.3566,0.376,0.0193,6296.84
2024-01-01T17:13:00,0.3667,0.6333,0.3611,0.3724,0.0113,4757.3
2024-01-01T17:14:00,0.3651,0.6349,0.3627,0.3676,0.0048,4756.7
2024-01-01T17:15:00,0.3668,0.6332,0.3631,0.3705,0.0074,6614.78
2024-01-01T17:16:00,0.3653,0.6347,0.3566,0.3741,0.0175,5516.28
2024-01-01T17:17:00,0.3698,0.6302,0.3609,0.3787,0.0178,4821.15
2024-01-01T17:18:00,0.3631,0.6369,0.3583,0.3679,0.0095,9406.62
2024-01-01T17:19:00,0.3706,0.6294,0.3656,0.3756,0.0099,9071.05
2024-01-01T17:20:00,0.3682,0.6318,0.3659,0.3705,0.0046,8974.92
2024-01-01T17:21:00,0.367,0.633,0.3594,0.3746,0.0152,5721.71
2024-01-01T17:22:00,0.3722,0.6278,0.3639,0.3805,0.0166,5718.91
2024-01-01T17:23:00,0.3704,0.6296,0.3611,0.3797,0.0186,6500.01
2024-01-01T17:24:00,0.3693,0.6307,0.363,0.3755,0.0125,5604.77
2024-01-01T17:25:00,0.3695,0.6305,0.3593,0.3798,0.0204,4904.39
2024-01-01T17:26:00,0.3706,0.6294,0.3603,0.3808,0.0205,6758.51
2024-01-01T17:27:00,0.3684,0.6316,0.3625,0.3742,0.0118,5774.07
2024-01-01T17:28:00,0.3671,0.6329,0.3582,0.376,0.0178,8578.0
2024-01-01T17:29:00,0.3651,0.6349,0.3587,0.3715,0.0128,6238.48
2024-01-01T17:30:00,0.3681,0.6319,0.364,0.3722,0.0082,7919.37
2024-01-01T17:31:00,0.3667,0.6333,0.3566,0.3768,0.0202,6340.2
2024-01-01T17:32:00,0.3655,0.6345,0.362,0.3691,0.0072,5436.36
2024-01-01T17:33:00,0.3665,0.6335,0.3637,0.3694,0.0056,7182.63
2024-01-01T17:34:00,0.3704,0.6296,0.3667,0.3742,0.0076,7952.93
2024-01-01T17:35:00,0.3693,0.6307,0.3667,0.3719,0.0053,9585.57
2024-01-01T17:36:00,0.3673,0.6327,0.3586,0.376,0.0174,7042.8
2024-01-01T17:37:00,0.3626,0.6374,0.3555,0.3696,0.0141,7104.23
2024-01-01T17:38:00,0.3638,0.6362,0.3549,0.3727,0.0177,6931.49
2024-01-01T17:39:00,0.363,0.637,0.3571,0.369,0.0119,6743.65
2024-01-01T17:40:00,0.3617,0.6383,0.3542,0.3691,0.0148,8694.74
2024-01-01T17:41:00,0.3656,0.6344,0.3628,0.3685,0.0058,9266.16
2024-01-01T17:42:00,0.3654,0.6346,0.3617,0.369,0.0073,4866.5
2024-01-01T17:43:00,0.3627,0.6373,0.3542,0.3711,0.0169,4541.92
2024-01-01T17:44:00,0.364,0.636,0.3607,0.3673,0.0066,7125.75
2024-01-01T17:45:00,0.3625,0.6375,0.3597,0.3652,0.0055,6399.67
2024-01-01T17:46:00,0.3607,0.6393,0.353,0.3684,0.0154,4155.04
2024-01-01T17:47:00,0.3607,0.6393,0.3551,0.3664,0.0113,9137.4
2024-01-01T17:48:00,0.3653,0.6347,0.3625,0.3681,0.0056,4169.57
2024-01-01T17:49:00,0.3602,0.6398,0.3501,0.3704,0.0203,7580.1
2024-01-01T17:50:00,0.3627,0.6373,0.3571,0.3684,0.0113,6459.75
2024-01-01T17:51:00,0.364,0.636,0.3567,0.3712,0.0146,6473.53
2024-01-01T17:52:00,0.3672,0.6328,0.3607,0.3737,0.013,6026.42
2024-01-01T17:53:00,0.3687,0.6313,0.3616,0.3759,0.0143,7378.7
2024-01-01T17:54:00,0.3629,0.6371,0.3604,0.3654,0.0049,8624.94
2024-01-01T17:55:00,0.3636,0.6364,0.3585,0.3688,0.0104,9521.2
2024-01-01T17:56:00,0.3646,0.6354,0.3543,0.3748,0.0205,9385.47
2024-01-01T17:57:00,0.368,0.632,0.3601,0.3758,0.0157,5220.97
2024-01-01T17:58:00,0.3693,0.6307,0.3611,0.3775,0.0164,6671.85
2024-01-01T17:59:00,0.3668,0.6332,0.3642,0.3694,0.0052,6633.75
2024-01-01T18:00:00,0.3667,0.6333,0.3601,0.3733,0.0132,4906.85
2024-01-01T18:01:00,0.3663,0.6337,0.3554,0.3772,0.0218,6506.39
2024-01-01T18:02:00,0.3643,0.6357,0.355,0.3737,0.0187,4148.99
2024-01-01T18:03:00,0.3623,0.6377,0.354,0.3706,0.0165,6297.42
2024-01-01T18:04:00,0.3651,0.6349,0.3613,0.3688,0.0076,6396.32
2024-01-01T18:05:00,0.3638,0.6362,0.3605,0.3672,0.0067,6058.65
2024-01-01T18:06:00,0.366,0.634,0.36,0.372,0.012,8190.0
2024-01-01T18:07:00,0.3648,0.6352,0.3597,0.3698,0.0101,4994.5
2024-01-01T18:08:00,0.3645,0.6355,0.3615,0.3675,0.0059,6258.11
2024-01-01T18:09:00,0.3627,0.6373,0.3572,0.3681,0.0108,5912.37
2024-01-01T18:10:00,0.365,0.635,0.3591,0.3709,0.0118,4791.29
2024-01-01T18:11:00,0.3673,0.6327,0.3578,0.3769,0.0191,4763.86
2024-01-01T18:12:00,0.3629,0.6371,0.3591,0.3667,0.0076,5802.0
2024-01-01T18:13:00,0.3622,0.6378,0.3559,0.3685,0.0126,6310.4
2024-01-01T18:14:00,0.3625,0.6375,0.3571,0.3678,0.0107,9288.89
2024-01-01T18:15:00,0.3602,0.6398,0.3526,0.3678,0.0152,5158.21
2024-01-01T18:16:00,0.3637,0.6363,0.3597,0.3676,0.0079,7173.59
2024-01-01T18:17:00,0.3644,0.6356,0.3614,0.3674,0.0059,5173.04
2024-01-01T18:18:00,0.3655,0.6345,0.3604,0.3707,0.0103,8079.12
2024-01-01T18:19:00,0.3637,0.6363,0.3611,0.3662,0.0051,4975.37
2024-01-01T18:20:00,0.3639,0.6361,0.3532,0.3746,0.0214,4310.89
2024-01-01T18:21:00,0.365,0.635,0.3581,0.3718,0.0137,9566.73
2024-01-01T18:22:00,0.3652,0.6348,0.3558,0.3746,0.0188,4645.6
2024-01-01T18:23:00,0.3629,0.6371,0.3554,0.3703,0.0149,7834.5
2024-01-01T18:24:00,0.3631,0.6369,0.3597,0.3666,0.0069,6326.34
2024-01-01T18:25:00,0.36,0.64,0.3553,0.3646,0.0093,6411.62
2024-01-01T18:26:00,0.3629,0.6371,0.3581,0.3678,0.0097,8443.65
2024-01-01T18:27:00,0.3601,0.6399,0.3515,0.3687,0.0172,8046.79
2024-01-01T18:28:00,0.3573,0.6427,0.3541,0.3606,0.0065,6778.48
2024-01-01T18:29:00,0.3595,0.6405,0.3548,0.3642,0.0095,7645.51
2024-01-01T18:30:00,0.3655,0.6345,0.3622,0.3687,0.0065,5585.91
2024-01-01T18:31:00,0.3596,0.6404,0.356,0.3632,0.0072,6780.37
2024-01-01T18:32:00,0.3629,0.6371,0.3581,0.3677,0.0097,8662.48
2024-01-01T18:33:00,0.3621,0.6379,0.3554,0.3689,0.0135,5268.49
2024-01-01T18:34:00,0.3603,0.6397,0.3551,0.3655,0.0103,6968.19
2024-01-01T18:35:00,0.3645,0.6355,0.3538,0.3751,0.0213,6993.75
2024-01-01T18:36:00,0.3679,0.6321,0.3598,0.3761,0.0163,4669.14
2024-01-01T18:37:00,0.366,0.634,0.3629,0.3691,0.0062,7443.33
2024-01-01T18:38:00,0.3614,0.6386,0.3552,0.3675,0.0123,7314.68
2024-01-01T18:39:00,0.3613,0.6387,0.3525,0.3701,0.0176,7617.07
2024-01-01T18:40:00,0.3638,0.6362,0.3588,0.3689,0.0101,7162.28
2024-01-01T18:41:00,0.3617,0.6383,0.3513,0.3722,0.021,5197.61
2024-01-01T18:42:00,0.358,0.642,0.3546,0.3613,0.0067,7767.13
2024-01-01T18:43:00,0.362,0.638,0.3544,0.3696,0.0152,6454.42
2024-01-01T18:44:00,0.3591,0.6409,0.3524,0.3658,0.0134,7565.86
2024-01-01T18:45:00,0.3618,0.6382,0.3569,0.3668,0.01,5584.07
2024-01-01T18:46:00,0.3635,0.6365,0.3534,0.3737,0.0203,6303.25
2024-01-01T18:47:00,0.3658,0.6342,0.355,0.3767,0.0217,5549.27
2024-01-01T18:48:00,0.365,0.635,0.3569,0.3731,0.0162,8780.06
2024-01-01T18:49:00,0.3666,0.6334,0.3561,0.3771,0.021,9258.92
2024-01-01T18:50:00,0.3656,0.6344,0.3599,0.3714,0.0116,7624.11
2024-01-01T18:51:00,0.364,0.636,0.3572,0.3709,0.0136,4217.58
2024-01-01T18:52:00,0.3649,0.6351,0.3562,0.3736,0.0174,6172.8
2024-01-01T18:53:00,0.3643,0.6357,0.3585,0.37,0.0116,7343.11
2024-01-01T18:54:00,0.366,0.634,0.3562,0.3759,0.0198,5390.07
2024-01-01T18:55:00,0.363,0.637,0.3521,0.3739,0.0219,5032.25
2024-01-01T18:56:00,0.3653,0.6347,0.3571,0.3734,0.0163,8366.76
2024-01-01T18:57:00,0.364,0.636,0.3608,0.3672,0.0064,8763.89
2024-01-01T18:58:00,0.3632,0.6368,0.355,0.3714,0.0163,7835.78
2024-01-01T18:59:00,0.3681,0.6319,0.3634,0.3729,0.0094,6702.42
2024-01-01T19:00:00,0.367,0.633,0.3563,0.3777,0.0214,4545.6
2024-01-01T19:01:00,0.3632,0.6368,0.3598,0.3666,0.0068,6917.87
2024-01-01T19:02:00,0.3682,0.6318,0.3604,0.376,0.0157,4200.46
2024-01-01T19:03:00,0.3671,0.6329,0.3595,0.3747,0.0152,9261.54
2024-01-01T19:04:00,0.3673,0.6327,0.3596,0.3751,0.0155,6503.2
2024-01-01T19:05:00,0.3653,0.6347,0.3566,0.3739,0.0172,6832.37
2024-01-01T19:06:00,0.3652,0.6348,0.362,0.3683,0.0063,5760.95
2024-01-01T19:07:00,0.3673,0.6327,0.3634,0.3713,0.0079,5468.44
2024-01-01T19:08:00,0.3599,0.6401,0.3503,0.3696,0.0193,6262.57
2024-01-01T19:09:00,0.3662,0.6338,0.3597,0.3727,0.013,4461.18
2024-01-01T19:10:00,0.3722,0.6278,0.3696,0.3748,0.0052,7558.83
2024-01-01T19:11:00,0.3686,0.6314,0.3607,0.3765,0.0158,5716.04
2024-01-01T19:12:00,0.3681,0.6319,0.3651,0.371,0.006,7889.55
2024-01-01T19:13:00,0.3671,0.6329,0.364,0.3702,0.0062,8006.5
2024-01-01T19:14:00,0.3649,0.6351,0.3624,0.3675,0.0051,8974.11
2024-01-01T19:15:00,0.3637,0.6363,0.3614,0.3659,0.0045,5543.63
2024-01-01T19:16:00,0.3688,0.6312,0.366,0.3717,0.0057,7849.82
2024-01-01T19:17:00,0.3664,0.6336,0.3641,0.3688,0.0046,5677.38
2024-01-01T19:18:00,0.3657,0.6343,0.3617,0.3696,0.0079,8682.28
2024-01-01T19:19:00,0.364,0.636,0.3611,0.3669,0.0058,5165.73
2024-01-01T19:20:00,0.3623,0.6377,0.3566,0.368,0.0114,7463.36
2024-01-01T19:21:00,0.3636,0.6364,0.3609,0.3663,0.0054,7054.9
2024-01-01T19:22:00,0.3652,0.6348,0.3596,0.3709,0.0113,9460.42
2024-01-01T19:23:00,0.3658,0.6342,0.3592,0.3724,0.0132,4853.34
2024-01-01T19:24:00,0.368,0.632,0.3605,0.3755,0.0151,6267.22
2024-01-01T19:25:00,0.3667,0.6333,0.3641,0.3693,0.0053,9172.19
2024-01-01T19:26:00,0.3674,0.6326,0.3616,0.3732,0.0116,4886.24
2024-01-01T19:27:00,0.3692,0.6308,0.3591,0.3792,0.02,8101.12
2024-01-01T19:28:00,0.3703,0.6297,0.3646,0.3761,0.0115,9138.64
2024-01-01T19:29:00,0.3682,0.6318,0.3584,0.3781,0.0197,7369.98
2024-01-01T19:30:00,0.3669,0.6331,0.3578,0.3761,0.0184,8578.51
2024-01-01T19:31:00,0.3664,0.6336,0.3586,0.3743,0.0157,7711.36
2024-01-01T19:32:00,0.3685,0.6315,0.3607,0.3762,0.0155,5812.67
2024-01-01T19:33:00,0.3704,0.6296,0.3637,0.377,0.0133,4365.4
2024-01-01T19:34:00,0.3674,0.6326,0.3608,0.3741,0.0133,7347.13
2024-01-01T19:35:00,0.3668,0.6332,0.3635,0.3702,0.0066,7607.78
2024-01-01T19:36:00,0.3657,0.6343,0.3565,0.3748,0.0183,8116.97
2024-01-01T19:37:00,0.3717,0.6283,0.3656,0.3778,0.0122,6422.44
2024-01-01T19:38:00,0.3676,0.6324,0.3572,0.378,0.0208,4784.16
2024-01-01T19:39:00,0.371,0.629,0.3608,0.3812,0.0205,7446.5
2024-01-01T19:40:00,0.3705,0.6295,0.3633,0.3776,0.0144,5782.51
2024-01-01T19:41:00,0.3686,0.6314,0.3587,0.3786,0.0199,6312.05
2024-01-01T19:42:00,0.3644,0.6356,0.3599,0.3689,0.009,8662.34
2024-01-01T19:43:00,0.3689,0.6311,0.3657,0.372,0.0063,9418.38
2024-01-01T19:44:00,0.3663,0.6337,0.3626,0.3701,0.0075,5986.99
2024-01-01T19:45:00,0.3627,0.6373,0.3552,0.3701,0.0149,4198.73
2024-01-01T19:46:00,0.3633,0.6367,0.3529,0.3738,0.0209,6330.88
2024-01-01T19:47:00,0.3642,0.6358,0.3562,0.3722,0.0159,5329.46
2024-01-01T19:48:00,0.3623,0.6377,0.3582,0.3663,0.0081,6319.94
2024-01-01T19:49:00,0.359,0.641,0.3551,0.3629,0.0078,7726.0
2024-01-01T19:50:00,0.3552,0.6448,0.3467,0.3636,0.0169,5073.92
2024-01-01T19:51:00,0.3541,0.6459,0.3466,0.3617,0.0151,4155.62
2024-01-01T19:52:00,0.3539,0.6461,0.3493,0.3585,0.0092,7442.16
2024-01-01T19:53:00,0.3524,0.6476,0.3491,0.3557,0.0066,8667.61
2024-01-01T19:54:00,0.3447,0.6553,0.3345,0.355,0.0206,6909.41
2024-01-01T19:55:00,0.3473,0.6527,0.3418,0.3529,0.0111,5249.17
2024-01-01T19:56:00,0.3428,0.6572,0.3346,0.3511,0.0165,7077.65
2024-01-01T19:57:00,0.343,0.657,0.336,0.3499,0.0139,7370.6
2024-01-01T19:58:00,0.3424,0.6576,0.3375,0.3473,0.0097,6115.35
2024-01-01T19:59:00,0.3388,0.6612,0.3291,0.3485,0.0194,8682.45
2024-01-01T20:00:00,0.3369,0.6631,0.3303,0.3435,0.0132,7192.33
2024-01-01T20:01:00,0.3329,0.6671,0.3264,0.3394,0.0131,8230.88
2024-01-01T20:02:00,0.3345,0.6655,0.3249,0.3441,0.0193,5814.24
2024-01-01T20:03:00,0.3321,0.6679,0.3297,0.3345,0.0048,8579.96
2024-01-01T20:04:00,0.3265,0.6735,0.3211,0.3319,0.0109,7046.68
2024-01-01T20:05:00,0.3264,0.6736,0.3208,0.332,0.0112,5650.8
2024-01-01T20:06:00,0.3228,0.6772,0.3199,0.3258,0.006,6997.86
2024-01-01T20:07:00,0.3237,0.6763,0.3203,0.3271,0.0068,6703.5
2024-01-01T20:08:00,0.3178,0.6822,0.3135,0.322,0.0085,4994.57
2024-01-01T20:09:00,0.3172,0.6828,0.3071,0.3273,0.0202,8451.03
2024-01-01T20:10:00,0.3093,0.6907,0.2991,0.3195,0.0204,3635.16
2024-01-01T20:11:00,0.3155,0.6845,0.3057,0.3254,0.0197,5221.64
2024-01-01T20:12:00,0.3128,0.6872,0.3043,0.3212,0.0169,7672.44
2024-01-01T20:13:00,0.3095,0.6905,0.301,0.3179,0.0169,8285.32
2024-01-01T20:14:00,0.3059,0.6941,0.2982,0.3137,0.0156,3855.15
2024-01-01T20:15:00,0.304,0.696,0.2975,0.3105,0.013,6779.48
2024-01-01T20:16:00,0.3057,0.6943,0.2993,0.312,0.0127,6476.49
2024-01-01T20:17:00,0.3012,0.6988,0.2964,0.3061,0.0097,5610.7
2024-01-01T20:18:00,0.2952,0.7048,0.2878,0.3025,0.0147,5785.85
2024-01-01T20:19:00,0.2971,0.7029,0.2914,0.3028,0.0114,5691.21
2024-01-01T20:20:00,0.2964,0.7036,0.2931,0.2998,0.0066,7679.98
2024-01-01T20:21:00,0.2912,0.7088,0.2863,0.2961,0.0099,3999.3
2024-01-01T20:22:00,0.293,0.707,0.2839,0.302,0.0181,6252.21
2024-01-01T20:23:00,0.2896,0.7104,0.2852,0.294,0.0088,6635.65
2024-01-01T20:24:00,0.2893,0.7107,0.2869,0.2916,0.0047,7751.71
2024-01-01T20:25:00,0.2845,0.7155,0.2794,0.2896,0.0102,3759.09
2024-01-01T20:26:00,0.2839,0.7161,0.2767,0.2911,0.0143,4894.08
2024-01-01T20:27:00,0.2818,0.7182,0.2781,0.2855,0.0074,4003.92
2024-01-01T20:28:00,0.2811,0.7189,0.2712,0.291,0.0198,5393.92
2024-01-01T20:29:00,0.2753,0.7247,0.2732,0.2774,0.0042,5498.59
2024-01-01T20:30:00,0.2766,0.7234,0.2728,0.2804,0.0076,7093.49
2024-01-01T20:31:00,0.275,0.725,0.2724,0.2776,0.0053,4783.63
2024-01-01T20:32:00,0.2703,0.7297,0.267,0.2737,0.0067,3483.41
2024-01-01T20:33:00,0.2669,0.7331,0.2572,0.2767,0.0194,5533.95
2024-01-01T20:34:00,0.2645,0.7355,0.261,0.268,0.007,4644.26
2024-01-01T20:35:00,0.2651,0.7349,0.263,0.2673,0.0042,6470.25
2024-01-01T20:36:00,0.2617,0.7383,0.2541,0.2693,0.0153,5975.45
2024-01-01T20:37:00,0.2596,0.7404,0.2569,0.2624,0.0055,3343.28
2024-01-01T20:38:00,0.2601,0.7399,0.251,0.2692,0.0182,4985.61
2024-01-01T20:39:00,0.2565,0.7435,0.2537,0.2594,0.0057,4531.72
2024-01-01T20:40:00,0.2535,0.7465,0.2484,0.2586,0.0102,7027.16
2024-01-01T20:41:00,0.2529,0.7471,0.2439,0.2618,0.0179,6028.29
2024-01-01T20:42:00,0.2525,0.7475,0.2446,0.2604,0.0157,5339.84
2024-01-01T20:43:00,0.2474,0.7526,0.2418,0.2529,0.0111,6429.94
2024-01-01T20:44:00,0.2443,0.7557,0.2406,0.248,0.0074,2947.62
2024-01-01T20:45:00,0.2429,0.7571,0.2392,0.2467,0.0075,4811.57
2024-01-01T20:46:00,0.2423,0.7577,0.2401,0.2445,0.0044,3495.18
2024-01-01T20:47:00,0.2423,0.7577,0.235,0.2496,0.0146,6083.88
2024-01-01T20:48:00,0.242,0.758,0.2326,0.2515,0.0189,5192.56
2024-01-01T20:49:00,0.2362,0.7638,0.2311,0.2412,0.0101,4434.4
2024-01-01T20:50:00,0.232,0.768,0.2226,0.2414,0.0187,4060.03
2024-01-01T20:51:00,0.233,0.767,0.2273,0.2386,0.0113,6323.68
2024-01-01T20:52:00,0.2314,0.7686,0.2272,0.2356,0.0084,6320.54
2024-01-01T20:53:00,0.2247,0.7753,0.2153,0.2341,0.0187,3321.48
2024-01-01T20:54:00,0.227,0.773,0.224,0.23,0.0061,3729.01
2024-01-01T20:55:00,0.2269,0.7731,0.2186,0.2351,0.0166,2931.98
2024-01-01T20:56:00,0.2226,0.7774,0.2198,0.2255,0.0057,2844.1
2024-01-01T20:57:00,0.2187,0.7813,0.2168,0.2206,0.0038,5862.17
2024-01-01T20:58:00,0.217,0.783,0.2081,0.2259,0.0178,4585.12
2024-01-01T20:59:00,0.2165,0.7835,0.2108,0.2222,0.0115,4731.05
2024-01-01T21:00:00,0.2169,0.7831,0.214,0.2198,0.0058,3793.43
2024-01-01T21:01:00,0.2115,0.7885,0.2036,0.2194,0.0157,4956.38
2024-01-01T21:02:00,0.2085,0.7915,0.2021,0.215,0.0129,5101.23
2024-01-01T21:03:00,0.2047,0.7953,0.2018,0.2077,0.0059,3298.02
2024-01-01T21:04:00,0.2061,0.7939,0.1977,0.2144,0.0167,4285.2
2024-01-01T21:05:00,0.2044,0.7956,0.2002,0.2086,0.0083,5214.05
2024-01-01T21:06:00,0.2006,0.7994,0.1936,0.2076,0.014,4071.14
2024-01-01T21:07:00,0.2015,0.7985,0.1972,0.2058,0.0086,4466.36
2024-01-01T21:08:00,0.2005,0.7995,0.1957,0.2052,0.0094,3958.61
2024-01-01T21:09:00,0.194,0.806,0.1909,0.1972,0.0063,5250.8
2024-01-01T21:10:00,0.1937,0.8063,0.1875,0.2,0.0125,5634.17
2024-01-01T21:11:00,0.1944,0.8056,0.1916,0.1973,0.0057,4821.88
2024-01-01T21:12:00,0.1914,0.8086,0.1841,0.1987,0.0146,3695.39
2024-01-01T21:13:00,0.1884,0.8116,0.1831,0.1938,0.0108,2596.92
2024-01-01T21:14:00,0.186,0.814,0.1821,0.1898,0.0077,4715.6
2024-01-01T21:15:00,0.1848,0.8152,0.1823,0.1873,0.0051,3096.54
2024-01-01T21:16:00,0.1788,0.8212,0.1707,0.187,0.0163,3894.16
2024-01-01T21:17:00,0.1784,0.8216,0.1749,0.1818,0.0069,2942.21
2024-01-01T21:18:00,0.175,0.825,0.172,0.178,0.006,4697.91
2024-01-01T21:19:00,0.1752,0.8248,0.168,0.1823,0.0143,4890.9
2024-01-01T21:20:00,0.1728,0.8272,0.1664,0.1791,0.0127,5168.05
2024-01-01T21:21:00,0.1712,0.8288,0.1631,0.1792,0.016,4152.4
2024-01-01T21:22:00,0.1668,0.8332,0.1628,0.1708,0.0079,3067.35
2024-01-01T21:23:00,0.1655,0.8345,0.1608,0.1703,0.0095,3740.45
2024-01-01T21:24:00,0.1643,0.8357,0.162,0.1667,0.0047,4454.84
2024-01-01T21:25:00,0.1647,0.8353,0.1593,0.1701,0.0108,4557.88
2024-01-01T21:26:00,0.1606,0.8394,0.1538,0.1675,0.0137,4860.75
2024-01-01T21:27:00,0.155,0.845,0.1482,0.1618,0.0135,2351.96
2024-01-01T21:28:00,0.1579,0.8421,0.1496,0.1662,0.0166,2413.24
2024-01-01T21:29:00,0.1546,0.8454,0.148,0.1613,0.0133,4216.22
2024-01-01T21:30:00,0.1509,0.8491,0.1427,0.1591,0.0164,4115.98
2024-01-01T21:31:00,0.1475,0.8525,0.1406,0.1544,0.0138,3814.11
2024-01-01T21:32:00,0.1538,0.8462,0.1472,0.1603,0.0131,2594.78
2024-01-01T21:33:00,0.1511,0.8489,0.1459,0.1564,0.0105,3813.94
2024-01-01T21:34:00,0.1471,0.8529,0.1451,0.1492,0.0041,3134.7
2024-01-01T21:35:00,0.141,0.859,0.1356,0.1463,0.0107,4003.11
2024-01-01T21:36:00,0.139,0.861,0.1333,0.1446,0.0113,4466.46
2024-01-01T21:37:00,0.141,0.859,0.1335,0.1486,0.015,2295.32
2024-01-01T21:38:00,0.1368,0.8632,0.1307,0.1429,0.0122,2989.98
2024-01-01T21:39:00,0.136,0.864,0.1309,0.141,0.0101,2799.95
2024-01-01T21:40:00,0.1357,0.8643,0.1324,0.1391,0.0067,3478.52
2024-01-01T21:41:00,0.1336,0.8664,0.1283,0.1388,0.0105,4154.93
2024-01-01T21:42:00,0.1301,0.8699,0.1283,0.1319,0.0035,3284.57
2024-01-01T21:43:00,0.1281,0.8719,0.1224,0.1337,0.0113,2654.45
2024-01-01T21:44:00,0.1248,0.8752,0.122,0.1277,0.0057,3801.06
2024-01-01T21:45:00,0.1206,0.8794,0.1126,0.1287,0.0161,3010.02
2024-01-01T21:46:00,0.1195,0.8805,0.1164,0.1227,0.0063,3536.65
2024-01-01T21:47:00,0.1207,0.8793,0.1128,0.1285,0.0156,2417.25
2024-01-01T21:48:00,0.1175,0.8825,0.1152,0.1197,0.0044,3408.54
2024-01-01T21:49:00,0.1135,0.8865,0.1112,0.1158,0.0046,3596.35
2024-01-01T21:50:00,0.1129,0.8871,0.1061,0.1198,0.0138,2356.94
2024-01-01T21:51:00,0.1044,0.8956,0.0988,0.11,0.0112,1643.07
2024-01-01T21:52:00,0.1075,0.8925,0.0999,0.1151,0.0152,3702.22
2024-01-01T21:53:00,0.1055,0.8945,0.1019,0.1091,0.0072,2449.27
2024-01-01T21:54:00,0.1008,0.8992,0.0937,0.1079,0.0143,2473.88
2024-01-01T21:55:00,0.1021,0.8979,0.0966,0.1076,0.011,3230.52
2024-01-01T21:56:00,0.1038,0.8962,0.1021,0.1054,0.0033,3500.29
2024-01-01T21:57:00,0.0985,0.9015,0.0918,0.1053,0.0135,2828.1
2024-01-01T21:58:00,0.0972,0.9028,0.0934,0.101,0.0076,2653.15
2024-01-01T21:59:00,0.0958,0.9042,0.0887,0.1029,0.0142,1525.61
2024-01-01T22:00:00,0.0931,0.9069,0.0898,0.0964,0.0066,2008.82
2024-01-01T22:01:00,0.0905,0.9095,0.0882,0.0928,0.0046,2783.1
2024-01-01T22:02:00,0.0881,0.9119,0.0833,0.0929,0.0096,1747.97
2024-01-01T22:03:00,0.0861,0.9139,0.08,0.0922,0.0122,3052.71
2024-01-01T22:04:00,0.0837,0.9163,0.0763,0.0911,0.0147,2550.65
2024-01-01T22:05:00,0.0779,0.9221,0.0727,0.0832,0.0104,2961.18
2024-01-01T22:06:00,0.0778,0.9222,0.0704,0.0852,0.0148,1786.58
2024-01-01T22:07:00,0.0753,0.9247,0.0679,0.0827,0.0148,2291.59
2024-01-01T22:08:00,0.0764,0.9236,0.07,0.0828,0.0128,3097.78
2024-01-01T22:09:00,0.0744,0.9256,0.0714,0.0774,0.006,2151.47
2024-01-01T22:10:00,0.0736,0.9264,0.0701,0.077,0.0069,1874.41
2024-01-01T22:11:00,0.0715,0.9285,0.0658,0.0773,0.0115,1506.5
2024-01-01T22:12:00,0.0693,0.9307,0.0675,0.0712,0.0037,1282.08
2024-01-01T22:13:00,0.066,0.934,0.0597,0.0722,0.0125,2397.23
2024-01-01T22:14:00,0.0631,0.9369,0.0601,0.0662,0.006,1773.49
2024-01-01T22:15:00,0.062,0.938,0.0595,0.0645,0.005,2708.5
2024-01-01T22:16:00,0.0634,0.9366,0.06,0.0668,0.0068,2751.98
2024-01-01T22:17:00,0.0571,0.9429,0.0499,0.0643,0.0144,1266.14
2024-01-01T22:18:00,0.0581,0.9419,0.0558,0.0605,0.0047,2667.81
2024-01-01T22:19:00,0.0527,0.9473,0.0479,0.0576,0.0097,1229.76
2024-01-01T22:20:00,0.0549,0.9451,0.0505,0.0593,0.0088,1736.15
2024-01-01T22:21:00,0.0543,0.9457,0.0476,0.061,0.0134,2504.03
2024-01-01T22:22:00,0.0521,0.9479,0.0481,0.0561,0.008,2486.11
2024-01-01T22:23:00,0.0503,0.9497,0.043,0.0575,0.0145,2515.95
2024-01-01T22:24:00,0.0501,0.9499,0.043,0.0572,0.0142,1605.08
2024-01-01T22:25:00,0.0542,0.9458,0.0477,0.0608,0.0131,2455.35
2024-01-01T22:26:00,0.0551,0.9449,0.0479,0.0623,0.0144,1628.55
2024-01-01T22:27:00,0.0515,0.9485,0.0487,0.0543,0.0057,1936.71
2024-01-01T22:28:00,0.0489,0.9511,0.0436,0.0541,0.0105,1913.82
2024-01-01T22:29:00,0.0523,0.9477,0.0491,0.0554,0.0063,1853.02
2024-01-01T22:30:00,0.0477,0.9523,0.0435,0.052,0.0085,1887.86
2024-01-01T22:31:00,0.0525,0.9475,0.0457,0.0593,0.0136,2035.29
2024-01-01T22:32:00,0.0508,0.9492,0.0435,0.0582,0.0147,1406.47
2024-01-01T22:33:00,0.0485,0.9515,0.0451,0.052,0.0069,2325.3
2024-01-01T22:34:00,0.0543,0.9457,0.0486,0.06,0.0114,1268.95
2024-01-01T22:35:00,0.0522,0.9478,0.0482,0.0561,0.0079,2374.2
2024-01-01T22:36:00,0.0518,0.9482,0.0502,0.0533,0.0031,2101.96
2024-01-01T22:37:00,0.0538,0.9462,0.0521,0.0554,0.0033,2107.28
2024-01-01T22:38:00,0.0518,0.9482,0.0466,0.057,0.0104,1862.54
2024-01-01T22:39:00,0.0505,0.9495,0.0476,0.0535,0.0059,2366.04
2024-01-01T22:40:00,0.0505,0.9495,0.0478,0.0532,0.0054,1443.86
2024-01-01T22:41:00,0.05,0.95,0.0472,0.0527,0.0055,1848.6
2024-01-01T22:42:00,0.048,0.952,0.0417,0.0543,0.0126,2354.86
2024-01-01T22:43:00,0.0533,0.9467,0.0481,0.0586,0.0105,1533.71
2024-01-01T22:44:00,0.0528,0.9472,0.0501,0.0555,0.0054,2031.11
2024-01-01T22:45:00,0.0506,0.9494,0.0446,0.0565,0.0119,1469.31
2024-01-01T22:46:00,0.0453,0.9547,0.039,0.0516,0.0126,1597.4
2024-01-01T22:47:00,0.0491,0.9509,0.047,0.0512,0.0042,1237.74
2024-01-01T22:48:00,0.0495,0.9505,0.046,0.0531,0.0071,2320.7
2024-01-01T22:49:00,0.0523,0.9477,0.0461,0.0585,0.0124,1246.93
2024-01-01T22:50:00,0.0503,0.9497,0.0453,0.0553,0.0101,2335.01
2024-01-01T22:51:00,0.0512,0.9488,0.0482,0.0542,0.006,1979.1
2024-01-01T22:52:00,0.0532,0.9468,0.0516,0.0548,0.0032,1700.57
2024-01-01T22:53:00,0.05,0.95,0.0469,0.053,0.0061,1886.69
2024-01-01T22:54:00,0.0506,0.9494,0.0466,0.0545,0.0079,1624.76
2024-01-01T22:55:00,0.0528,0.9472,0.0458,0.0597,0.014,1321.62
2024-01-01T22:56:00,0.0511,0.9489,0.0475,0.0548,0.0072,1447.67
2024-01-01T22:57:00,0.0498,0.9502,0.0446,0.055,0.0104,2492.54
2024-01-01T22:58:00,0.0508,0.9492,0.0451,0.0565,0.0114,1213.34
2024-01-01T22:59:00,0.0531,0.9469,0.0506,0.0557,0.0051,1188.61
2024-01-01T23:00:00,0.0506,0.9494,0.0449,0.0564,0.0115,1308.67
2024-01-01T23:01:00,0.0476,0.9524,0.0412,0.054,0.0128,2192.98
2024-01-01T23:02:00,0.0502,0.9498,0.0451,0.0554,0.0103,1848.61
2024-01-01T23:03:00,0.055,0.945,0.052,0.0579,0.006,1671.85
2024-01-01T23:04:00,0.0523,0.9477,0.0496,0.055,0.0054,1429.87
2024-01-01T23:05:00,0.0514,0.9486,0.0491,0.0538,0.0047,1322.8
2024-01-01T23:06:00,0.0534,0.9466,0.0494,0.0574,0.008,1836.96
2024-01-01T23:07:00,0.053,0.947,0.0457,0.0603,0.0146,1310.25
2024-01-01T23:08:00,0.0511,0.9489,0.0488,0.0534,0.0046,2310.33
2024-01-01T23:09:00,0.051,0.949,0.0493,0.0526,0.0034,1374.49
2024-01-01T23:10:00,0.0498,0.9502,0.0468,0.0529,0.0061,1291.76
2024-01-01T23:11:00,0.0527,0.9473,0.0464,0.059,0.0126,1609.94
2024-01-01T23:12:00,0.0504,0.9496,0.0486,0.0522,0.0036,1933.95
2024-01-01T23:13:00,0.0521,0.9479,0.0461,0.058,0.0119,2367.69
2024-01-01T23:14:00,0.0496,0.9504,0.0425,0.0568,0.0143,2039.14
2024-01-01T23:15:00,0.0493,0.9507,0.0426,0.056,0.0134,1349.86
2024-01-01T23:16:00,0.0497,0.9503,0.0465,0.0529,0.0063,1157.16
2024-01-01T23:17:00,0.0523,0.9477,0.0453,0.0594,0.0142,1446.28
2024-01-01T23:18:00,0.0478,0.9522,0.0411,0.0544,0.0132,1307.97
2024-01-01T23:19:00,0.0499,0.9501,0.0431,0.0567,0.0136,1399.26
2024-01-01T23:20:00,0.0508,0.9492,0.0459,0.0557,0.0098,1644.7
2024-01-01T23:21:00,0.0501,0.9499,0.0435,0.0567,0.0133,2207.91
2024-01-01T23:22:00,0.0515,0.9485,0.0481,0.0548,0.0066,2154.31
2024-01-01T23:23:00,0.0477,0.9523,0.0441,0.0513,0.0071,1133.05
2024-01-01T23:24:00,0.0481,0.9519,0.046,0.0502,0.0042,2154.12
2024-01-01T23:25:00,0.0502,0.9498,0.0437,0.0568,0.0131,2300.87
2024-01-01T23:26:00,0.0461,0.9539,0.0419,0.0502,0.0083,1654.87
2024-01-01T23:27:00,0.0505,0.9495,0.0435,0.0575,0.0139,2008.56
2024-01-01T23:28:00,0.0465,0.9535,0.0396,0.0534,0.0138,1181.41
2024-01-01T23:29:00,0.046,0.954,0.0443,0.0477,0.0034,2200.53
2024-01-01T23:30:00,0.0501,0.9499,0.0476,0.0526,0.0049,1771.8
2024-01-01T23:31:00,0.0491,0.9509,0.0429,0.0552,0.0122,2134.86
2024-01-01T23:32:00,0.0497,0.9503,0.0467,0.0527,0.006,1580.11
2024-01-01T23:33:00,0.0465,0.9535,0.0445,0.0484,0.0039,2149.59
2024-01-01T23:34:00,0.0486,0.9514,0.0446,0.0527,0.0081,1311.8
2024-01-01T23:35:00,0.0513,0.9487,0.0473,0.0553,0.0081,2076.14
2024-01-01T23:36:00,0.0506,0.9494,0.0452,0.0561,0.0109,1923.01
2024-01-01T23:37:00,0.0527,0.9473,0.05,0.0555,0.0056,2457.38
2024-01-01T23:38:00,0.0508,0.9492,0.0451,0.0565,0.0113,1896.09
2024-01-01T23:39:00,0.0498,0.9502,0.0436,0.056,0.0124,1613.89
2024-01-01T23:40:00,0.0513,0.9487,0.045,0.0576,0.0126,1952.25
2024-01-01T23:41:00,0.0496,0.9504,0.0474,0.0517,0.0043,2377.83
2024-01-01T23:42:00,0.05,0.95,0.0455,0.0544,0.0089,1527.35
2024-01-01T23:43:00,0.0498,0.9502,0.0439,0.0557,0.0118,1099.94
2024-01-01T23:44:00,0.0522,0.9478,0.0483,0.0562,0.0079,2355.44
2024-01-01T23:45:00,0.0532,0.9468,0.0465,0.06,0.0135,1921.01
2024-01-01T23:46:00,0.0518,0.9482,0.0451,0.0586,0.0134,1581.21
2024-01-01T23:47:00,0.0479,0.9521,0.0417,0.0542,0.0126,1814.05
2024-01-01T23:48:00,0.0508,0.9492,0.0449,0.0567,0.0118,2367.5
2024-01-01T23:49:00,0.052,0.948,0.0476,0.0564,0.0087,1236.26
2024-01-01T23:50:00,0.0489,0.9511,0.042,0.0558,0.0138,1334.75
2024-01-01T23:51:00,0.0476,0.9524,0.0433,0.0519,0.0086,1910.82
2024-01-01T23:52:00,0.0475,0.9525,0.045,0.0501,0.0051,1134.43
2024-01-01T23:53:00,0.0486,0.9514,0.0441,0.0531,0.009,1832.41
2024-01-01T23:54:00,0.0502,0.9498,0.044,0.0564,0.0124,2523.76
2024-01-01T23:55:00,0.0489,0.9511,0.0448,0.0529,0.0081,1961.15
2024-01-01T23:56:00,0.0468,0.9532,0.0422,0.0514,0.0092,2099.76
2024-01-01T23:57:00,0.0499,0.9501,0.043,0.0567,0.0137,2441.05
2024-01-01T23:58:00,0.0466,0.9534,0.0426,0.0506,0.008,2356.39
2024-01-01T23:59:00,0.047,0.953,0.0411,0.0529,0.0118,1074.92
2024-01-02T00:00:00,0.0467,0.9533,0.0398,0.0535,0.0136,1156.18
2024-01-02T00:01:00,0.0501,0.9499,0.0471,0.0531,0.006,1735.89
2024-01-02T00:02:00,0.0482,0.9518,0.0443,0.0522,0.0079,1177.98
2024-01-02T00:03:00,0.0505,0.9495,0.0475,0.0535,0.006,1877.18
2024-01-02T00:04:00,0.0515,0.9485,0.0496,0.0534,0.0038,1462.76
2024-01-02T00:05:00,0.0518,0.9482,0.0489,0.0547,0.0057,2380.32
2024-01-02T00:06:00,0.0547,0.9453,0.0493,0.0601,0.0108,2006.43
2024-01-02T00:07:00,0.0531,0.9469,0.0489,0.0573,0.0084,2160.92
2024-01-02T00:08:00,0.0533,0.9467,0.051,0.0557,0.0047,2129.8
2024-01-02T00:09:00,0.0498,0.9502,0.0473,0.0524,0.0051,1831.47
2024-01-02T00:10:00,0.0526,0.9474,0.0461,0.0592,0.0131,2574.28
2024-01-02T00:11:00,0.0486,0.9514,0.0447,0.0525,0.0078,1366.68
2024-01-02T00:12:00,0.0498,0.9502,0.0442,0.0555,0.0113,1089.23
2024-01-02T00:13:00,0.0489,0.9511,0.0445,0.0533,0.0088,1863.51
2024-01-02T00:14:00,0.0475,0.9525,0.0431,0.0518,0.0088,1949.33
2024-01-02T00:15:00,0.0466,0.9534,0.0403,0.0528,0.0125,2292.95
2024-01-02T00:16:00,0.0456,0.9544,0.0385,0.0528,0.0142,1727.53
2024-01-02T00:17:00,0.0516,0.9484,0.0451,0.0581,0.013,1899.94
2024-01-02T00:18:00,0.0463,0.9537,0.0431,0.0495,0.0065,1226.78
2024-01-02T00:19:00,0.0493,0.9507,0.0462,0.0524,0.0062,2050.23
2024-01-02T00:20:00,0.0469,0.9531,0.0424,0.0513,0.0089,2392.12
2024-01-02T00:21:00,0.0485,0.9515,0.043,0.0541,0.0112,1949.73
2024-01-02T00:22:00,0.0493,0.9507,0.0425,0.0561,0.0137,2049.64
2024-01-02T00:23:00,0.0494,0.9506,0.0443,0.0544,0.0102,1520.97
2024-01-02T00:24:00,0.0507,0.9493,0.0478,0.0537,0.0059,1260.02
2024-01-02T00:25:00,0.0546,0.9454,0.048,0.0612,0.0132,1620.97
2024-01-02T00:26:00,0.052,0.948,0.0476,0.0563,0.0087,1769.71
2024-01-02T00:27:00,0.0486,0.9514,0.0467,0.0506,0.0039,1969.97
2024-01-02T00:28:00,0.0488,0.9512,0.0425,0.0551,0.0126,1828.21
2024-01-02T00:29:00,0.0488,0.9512,0.0433,0.0543,0.0111,1965.48
2024-01-02T00:30:00,0.0502,0.9498,0.0485,0.0519,0.0034,2420.4
2024-01-02T00:31:00,0.049,0.951,0.0423,0.0558,0.0135,2313.25
2024-01-02T00:32:00,0.0505,0.9495,0.0467,0.0543,0.0076,2377.89
2024-01-02T00:33:00,0.0501,0.9499,0.0455,0.0547,0.0093,1738.83
2024-01-02T00:34:00,0.0481,0.9519,0.0466,0.0497,0.0031,2038.88
2024-01-02T00:35:00,0.0482,0.9518,0.0425,0.054,0.0116,1740.34
2024-01-02T00:36:00,0.0474,0.9526,0.0407,0.0541,0.0134,1096.62
2024-01-02T00:37:00,0.0521,0.9479,0.0492,0.055,0.0057,1783.3
2024-01-02T00:38:00,0.0545,0.9455,0.0513,0.0577,0.0064,1310.47
2024-01-02T00:39:00,0.0533,0.9467,0.0468,0.0598,0.0131,1745.99
2024-01-02T00:40:00,0.0496,0.9504,0.0472,0.052,0.0048,1561.5
2024-01-02T00:41:00,0.0503,0.9497,0.0439,0.0567,0.0128,1550.92
2024-01-02T00:42:00,0.0498,0.9502,0.0446,0.055,0.0104,1293.73
2024-01-02T00:43:00,0.0482,0.9518,0.0448,0.0516,0.0068,1815.88
2024-01-02T00:44:00,0.0479,0.9521,0.0448,0.0509,0.0061,1817.29
2024-01-02T00:45:00,0.0485,0.9515,0.0413,0.0556,0.0142,1761.45
2024-01-02T00:46:00,0.0494,0.9506,0.0478,0.051,0.0032,2020.34
2024-01-02T00:47:00,0.0511,0.9489,0.0437,0.0585,0.0148,1488.13
2024-01-02T00:48:00,0.0516,0.9484,0.0495,0.0537,0.0043,1501.02
2024-01-02T00:49:00,0.0522,0.9478,0.0474,0.057,0.0096,1900.74
2024-01-02T00:50:00,0.0527,0.9473,0.0508,0.0546,0.0039,1323.37
2024-01-02T00:51:00,0.054,0.946,0.0486,0.0593,0.0107,2573.37
2024-01-02T00:52:00,0.0546,0.9454,0.0487,0.0605,0.0118,2385.83
2024-01-02T00:53:00,0.0509,0.9491,0.0477,0.054,0.0063,2461.07
2024-01-02T00:54:00,0.0539,0.9461,0.0504,0.0573,0.0069,1679.17
2024-01-02T00:55:00,0.051,0.949,0.0487,0.0532,0.0046,1963.19
2024-01-02T00:56:00,0.0504,0.9496,0.0472,0.0537,0.0065,2517.45
2024-01-02T00:57:00,0.0497,0.9503,0.0434,0.056,0.0125,1221.06
2024-01-02T00:58:00,0.0539,0.9461,0.0496,0.0581,0.0085,1576.94
2024-01-02T00:59:00,0.0525,0.9475,0.0493,0.0556,0.0064,1285.77
2024-01-02T01:00:00,0.0516,0.9484,0.0498,0.0533,0.0035,1816.79
2024-01-02T01:01:00,0.0553,0.9447,0.0495,0.061,0.0115,2022.03
2024-01-02T01:02:00,0.0535,0.9465,0.0507,0.0562,0.0054,1384.51
2024-01-02T01:03:00,0.0503,0.9497,0.0449,0.0557,0.0107,2103.76
2024-01-02T01:04:00,0.0528,0.9472,0.0476,0.0581,0.0104,1814.17
2024-01-02T01:05:00,0.0497,0.9503,0.0459,0.0536,0.0077,2126.4
2024-01-02T01:06:00,0.05,0.95,0.0442,0.0558,0.0116,1691.9
2024-01-02T01:07:00,0.0475,0.9525,0.0459,0.0491,0.0033,1188.45
2024-01-02T01:08:00,0.0485,0.9515,0.047,0.05,0.003,2064.18
2024-01-02T01:09:00,0.0469,0.9531,0.0406,0.0532,0.0127,1295.21
2024-01-02T01:10:00,0.0497,0.9503,0.044,0.0553,0.0113,2286.57
2024-01-02T01:11:00,0.0511,0.9489,0.046,0.0562,0.0102,1812.14
2024-01-02T01:12:00,0.0516,0.9484,0.046,0.0572,0.0112,1469.33
2024-01-02T01:13:00,0.0484,0.9516,0.0444,0.0525,0.0081,2082.3
2024-01-02T01:14:00,0.0485,0.9515,0.0432,0.0537,0.0105,1224.54
2024-01-02T01:15:00,0.0484,0.9516,0.0467,0.0502,0.0035,2020.38
2024-01-02T01:16:00,0.0493,0.9507,0.0429,0.0556,0.0127,1402.83
2024-01-02T01:17:00,0.0471,0.9529,0.0431,0.0511,0.008,1090.29
2024-01-02T01:18:00,0.0514,0.9486,0.0494,0.0534,0.0041,2067.44
2024-01-02T01:19:00,0.0545,0.9455,0.047,0.0619,0.0148,1196.21
2024-01-02T01:20:00,0.0493,0.9507,0.0441,0.0544,0.0103,2189.07
2024-01-02T01:21:00,0.0521,0.9479,0.0506,0.0537,0.0031,1906.03
2024-01-02T01:22:00,0.049,0.951,0.0442,0.0537,0.0095,2444.27
2024-01-02T01:23:00,0.0484,0.9516,0.0442,0.0526,0.0084,2076.99
2024-01-02T01:24:00,0.0478,0.9522,0.0459,0.0496,0.0037,2111.42
2024-01-02T01:25:00,0.0479,0.9521,0.0444,0.0515,0.0071,1793.13
2024-01-02T01:26:00,0.0468,0.9532,0.04,0.0536,0.0135,1392.76
2024-01-02T01:27:00,0.0474,0.9526,0.043,0.0518,0.0088,1061.68
2024-01-02T01:28:00,0.0472,0.9528,0.0418,0.0525,0.0107,1472.83
2024-01-02T01:29:00,0.0485,0.9515,0.0459,0.0511,0.0052,1159.8
2024-01-02T01:30:00,0.0484,0.9516,0.044,0.0529,0.0088,1528.68
2024-01-02T01:31:00,0.0473,0.9527,0.0403,0.0543,0.0141,1070.07
2024-01-02T01:32:00,0.0535,0.9465,0.0469,0.06,0.0131,2255.96
2024-01-02T01:33:00,0.0542,0.9458,0.0474,0.061,0.0136,1545.06
2024-01-02T01:34:00,0.0521,0.9479,0.0453,0.0589,0.0136,2310.67
2024-01-02T01:35:00,0.0476,0.9524,0.041,0.0542,0.0131,1785.88
2024-01-02T01:36:00,0.0509,0.9491,0.0448,0.057,0.0121,1293.73
2024-01-02T01:37:00,0.0509,0.9491,0.0465,0.0554,0.0089,1414.12
2024-01-02T01:38:00,0.0519,0.9481,0.0498,0.0541,0.0043,1466.45
2024-01-02T01:39:00,0.0544,0.9456,0.0524,0.0565,0.0042,1921.7
2024-01-02T01:40:00,0.0544,0.9456,0.0514,0.0573,0.0059,1987.37
2024-01-02T01:41:00,0.05,0.95,0.0457,0.0544,0.0087,1798.79
2024-01-02T01:42:00,0.0481,0.9519,0.0407,0.0554,0.0147,2354.57
2024-01-02T01:43:00,0.0517,0.9483,0.0459,0.0575,0.0116,1314.2
2024-01-02T01:44:00,0.0502,0.9498,0.0466,0.0539,0.0073,1237.53
2024-01-02T01:45:00,0.0527,0.9473,0.0507,0.0546,0.0039,2264.06
2024-01-02T01:46:00,0.0534,0.9466,0.0493,0.0574,0.0081,1589.45
2024-01-02T01:47:00,0.0541,0.9459,0.0495,0.0587,0.0092,2562.24
2024-01-02T01:48:00,0.0549,0.9451,0.0493,0.0604,0.0111,2066.14
2024-01-02T01:49:00,0.0547,0.9453,0.0488,0.0605,0.0117,1886.12
2024-01-02T01:50:00,0.051,0.949,0.0453,0.0567,0.0114,2115.07
2024-01-02T01:51:00,0.0462,0.9538,0.043,0.0495,0.0065,1828.35
2024-01-02T01:52:00,0.0525,0.9475,0.0488,0.0562,0.0075,2510.32
2024-01-02T01:53:00,0.053,0.947,0.0499,0.0561,0.0061,2172.92
2024-01-02T01:54:00,0.0548,0.9452,0.0525,0.0571,0.0045,1491.08
2024-01-02T01:55:00,0.0516,0.9484,0.046,0.0572,0.0112,2019.1
2024-01-02T01:56:00,0.0508,0.9492,0.044,0.0576,0.0137,2280.55
2024-01-02T01:57:00,0.0497,0.9503,0.0452,0.0543,0.0091,1296.93
2024-01-02T01:58:00,0.0517,0.9483,0.0472,0.0563,0.0091,2501.6
2024-01-02T01:59:00,0.0481,0.9519,0.0426,0.0537,0.0111,1769.92
2024-01-02T02:00:00,0.052,0.948,0.0491,0.0549,0.0057,1735.83
2024-01-02T02:01:00,0.0514,0.9486,0.0486,0.0542,0.0056,2152.35
2024-01-02T02:02:00,0.0508,0.9492,0.0491,0.0524,0.0033,1289.25
2024-01-02T02:03:00,0.0488,0.9512,0.0457,0.0519,0.0062,2277.58
2024-01-02T02:04:00,0.0492,0.9508,0.0439,0.0545,0.0106,1548.17
2024-01-02T02:05:00,0.0484,0.9516,0.0447,0.052,0.0073,2065.94
2024-01-02T02:06:00,0.0462,0.9538,0.0403,0.0522,0.0118,1485.69
2024-01-02T02:07:00,0.0489,0.9511,0.042,0.0557,0.0137,1569.79
2024-01-02T02:08:00,0.048,0.952,0.0412,0.0547,0.0134,1134.01
2024-01-02T02:09:00,0.0494,0.9506,0.0425,0.0563,0.0139,2418.93
2024-01-02T02:10:00,0.0496,0.9504,0.043,0.0562,0.0132,1387.1
2024-01-02T02:11:00,0.0512,0.9488,0.0442,0.0582,0.014,1486.16
2024-01-02T02:12:00,0.0506,0.9494,0.0473,0.0539,0.0066,2220.66
2024-01-02T02:13:00,0.0509,0.9491,0.0459,0.0559,0.0099,1726.33
2024-01-02T02:14:00,0.0494,0.9506,0.0432,0.0555,0.0123,2379.93
2024-01-02T02:15:00,0.0516,0.9484,0.0444,0.0588,0.0143,1735.13
2024-01-02T02:16:00,0.05,0.95,0.046,0.0539,0.0078,1531.61
2024-01-02T02:17:00,0.0487,0.9513,0.0443,0.053,0.0087,2412.03
2024-01-02T02:18:00,0.0477,0.9523,0.0445,0.0509,0.0065,1732.19
2024-01-02T02:19:00,0.0498,0.9502,0.0472,0.0524,0.0052,2197.4
2024-01-02T02:20:00,0.0517,0.9483,0.0502,0.0533,0.003,1155.82
2024-01-02T02:21:00,0.0509,0.9491,0.0437,0.0581,0.0144,1735.93
2024-01-02T02:22:00,0.049,0.951,0.0458,0.0522,0.0064,2278.86
2024-01-02T02:23:00,0.0524,0.9476,0.0459,0.0589,0.013,1757.62
2024-01-02T02:24:00,0.0509,0.9491,0.0458,0.056,0.0102,1855.26
2024-01-02T02:25:00,0.0515,0.9485,0.0467,0.0563,0.0095,1500.17
2024-01-02T02:26:00,0.0522,0.9478,0.0458,0.0586,0.0128,1971.99
2024-01-02T02:27:00,0.05,0.95,0.0441,0.0558,0.0117,2230.92
2024-01-02T02:28:00,0.0497,0.9503,0.0447,0.0547,0.01,1211.18
2024-01-02T02:29:00,0.0497,0.9503,0.0424,0.0571,0.0147,1832.89
2024-01-02T02:30:00,0.0471,0.9529,0.0448,0.0494,0.0045,1120.61
2024-01-02T02:31:00,0.0513,0.9487,0.0469,0.0558,0.009,1971.99
2024-01-02T02:32:00,0.0472,0.9528,0.0419,0.0526,0.0108,1569.9
2024-01-02T02:33:00,0.0443,0.9557,0.0423,0.0462,0.0039,1882.12
2024-01-02T02:34:00,0.0499,0.9501,0.0432,0.0565,0.0133,1294.15
2024-01-02T02:35:00,0.0521,0.9479,0.0495,0.0548,0.0054,2155.27
2024-01-02T02:36:00,0.05,0.95,0.0433,0.0567,0.0134,2178.82
2024-01-02T02:37:00,0.0475,0.9525,0.0459,0.0491,0.0031,2146.02
2024-01-02T02:38:00,0.0527,0.9473,0.0461,0.0593,0.0132,2540.2
2024-01-02T02:39:00,0.0525,0.9475,0.0481,0.0568,0.0087,1834.27
2024-01-02T02:40:00,0.0545,0.9455,0.0473,0.0617,0.0144,1546.92
2024-01-02T02:41:00,0.057,0.943,0.0533,0.0606,0.0073,2237.74
2024-01-02T02:42:00,0.0612,0.9388,0.0588,0.0635,0.0047,2233.72
2024-01-02T02:43:00,0.0674,0.9326,0.0599,0.075,0.0151,1544.56
2024-01-02T02:44:00,0.073,0.927,0.07,0.0759,0.0059,2201.73
2024-01-02T02:45:00,0.079,0.921,0.0759,0.082,0.0061,1593.69
2024-01-02T02:46:00,0.0834,0.9166,0.081,0.0859,0.0049,2592.57
2024-01-02T02:47:00,0.0921,0.9079,0.0856,0.0986,0.013,2825.9
2024-01-02T02:48:00,0.0946,0.9054,0.09,0.0992,0.0092,1830.29
2024-01-02T02:49:00,0.1028,0.8972,0.0979,0.1078,0.0099,3533.47
2024-01-02T02:50:00,0.1098,0.8902,0.1082,0.1114,0.0033,3518.82
2024-01-02T02:51:00,0.1202,0.8798,0.1139,0.1264,0.0124,3470.3
2024-01-02T02:52:00,0.1273,0.8727,0.1255,0.1292,0.0037,3227.36
2024-01-02T02:53:00,0.1301,0.8699,0.1221,0.1382,0.016,3581.04
2024-01-02T02:54:00,0.1383,0.8617,0.1338,0.1429,0.0091,3887.68
2024-01-02T02:55:00,0.1481,0.8519,0.1398,0.1565,0.0168,2419.55
2024-01-02T02:56:00,0.1475,0.8525,0.1456,0.1494,0.0038,2453.41
2024-01-02T02:57:00,0.1585,0.8415,0.1558,0.1612,0.0054,3106.29
2024-01-02T02:58:00,0.1621,0.8379,0.1565,0.1676,0.011,4657.39
2024-01-02T02:59:00,0.1651,0.8349,0.159,0.1711,0.0121,4661.83
2024-01-02T03:00:00,0.172,0.828,0.1668,0.1772,0.0104,5191.62
2024-01-02T03:01:00,0.1772,0.8228,0.1753,0.179,0.0037,4583.72
2024-01-02T03:02:00,0.1876,0.8124,0.1837,0.1916,0.0079,3717.21
2024-01-02T03:03:00,0.1947,0.8053,0.1894,0.1999,0.0105,3352.32
2024-01-02T03:04:00,0.1973,0.8027,0.1924,0.2023,0.01,3015.84
2024-01-02T03:05:00,0.2017,0.7983,0.1968,0.2066,0.0098,4921.81
2024-01-02T03:06:00,0.2114,0.7886,0.2066,0.2161,0.0095,4689.44
2024-01-02T03:07:00,0.2178,0.7822,0.2103,0.2253,0.015,3958.52
2024-01-02T03:08:00,0.2231,0.7769,0.2162,0.23,0.0138,4269.94
2024-01-02T03:09:00,0.2322,0.7678,0.2289,0.2355,0.0066,6408.33
2024-01-02T03:10:00,0.2371,0.7629,0.2297,0.2446,0.015,3336.66
2024-01-02T03:11:00,0.242,0.758,0.2343,0.2497,0.0155,6231.08
2024-01-02T03:12:00,0.2475,0.7525,0.2447,0.2503,0.0056,3087.64
2024-01-02T03:13:00,0.2534,0.7466,0.2493,0.2575,0.0082,3986.27
2024-01-02T03:14:00,0.2592,0.7408,0.2549,0.2634,0.0084,6315.77
2024-01-02T03:15:00,0.2627,0.7373,0.2555,0.2699,0.0145,6632.87
2024-01-02T03:16:00,0.2671,0.7329,0.261,0.2733,0.0123,6322.96
2024-01-02T03:17:00,0.2741,0.7259,0.2663,0.2819,0.0156,3526.73
2024-01-02T03:18:00,0.279,0.721,0.2762,0.2818,0.0056,6990.86
2024-01-02T03:19:00,0.2844,0.7156,0.2776,0.2912,0.0136,5104.78
2024-01-02T03:20:00,0.2906,0.7094,0.283,0.2983,0.0153,5260.99
2024-01-02T03:21:00,0.2983,0.7017,0.2937,0.303,0.0093,5078.74
2024-01-02T03:22:00,0.3052,0.6948,0.2978,0.3127,0.0149,3866.86
2024-01-02T03:23:00,0.3086,0.6914,0.3029,0.3144,0.0115,4619.71
2024-01-02T03:24:00,0.1763,0.8237,0.1678,0.1848,0.017,2744.82
2024-01-02T03:25:00,0.1754,0.8246,0.1721,0.1787,0.0065,3620.03
2024-01-02T03:26:00,0.1753,0.8247,0.1692,0.1814,0.0121,3204.21
2024-01-02T03:27:00,0.1835,0.8165,0.1758,0.1911,0.0153,4727.05
2024-01-02T03:28:00,0.1817,0.8183,0.1758,0.1877,0.0118,3297.02
2024-01-02T03:29:00,0.1864,0.8136,0.1836,0.1891,0.0055,3399.14
2024-01-02T03:30:00,0.194,0.806,0.1912,0.1968,0.0055,3288.18
2024-01-02T03:31:00,0.1968,0.8032,0.1895,0.204,0.0145,3265.49
2024-01-02T03:32:00,0.1999,0.8001,0.1952,0.2046,0.0094,3028.88
2024-01-02T03:33:00,0.207,0.793,0.2015,0.2125,0.011,5557.73
2024-01-02T03:34:00,0.2128,0.7872,0.2064,0.2193,0.013,4839.42
2024-01-02T03:35:00,0.2167,0.7833,0.2126,0.2208,0.0082,4885.9
2024-01-02T03:36:00,0.2244,0.7756,0.2179,0.2309,0.013,6075.43
2024-01-02T03:37:00,0.2328,0.7672,0.2295,0.2361,0.0066,4696.15
2024-01-02T03:38:00,0.2369,0.7631,0.228,0.2458,0.0178,6213.14
2024-01-02T03:39:00,0.2395,0.7605,0.2344,0.2446,0.0101,3452.49
2024-01-02T03:40:00,0.2473,0.7527,0.2417,0.2529,0.0112,4660.96
2024-01-02T03:41:00,0.2536,0.7464,0.2477,0.2594,0.0117,5569.15
2024-01-02T03:42:00,0.2545,0.7455,0.2474,0.2616,0.0142,3322.91
2024-01-02T03:43:00,0.2671,0.7329,0.2579,0.2764,0.0185,4952.43
2024-01-02T03:44:00,0.268,0.732,0.2633,0.2726,0.0093,7149.62
2024-01-02T03:45:00,0.2684,0.7316,0.263,0.2737,0.0106,3662.47
2024-01-02T03:46:00,0.2755,0.7245,0.2729,0.2781,0.0052,4520.28
2024-01-02T03:47:00,0.2797,0.7203,0.2735,0.2859,0.0124,5727.25
2024-01-02T03:48:00,0.288,0.712,0.2801,0.2958,0.0157,5808.77
2024-01-02T03:49:00,0.293,0.707,0.2877,0.2983,0.0105,5157.16
2024-01-02T03:50:00,0.3004,0.6996,0.2965,0.3042,0.0077,3893.23
2024-01-02T03:51:00,0.3047,0.6953,0.2954,0.3141,0.0187,4077.79
2024-01-02T03:52:00,0.3111,0.6889,0.3026,0.3195,0.0169,7868.89
2024-01-02T03:53:00,0.3104,0.6896,0.3041,0.3166,0.0125,3981.3
2024-01-02T03:54:00,0.3175,0.6825,0.3134,0.3215,0.0081,7766.53
2024-01-02T03:55:00,0.3273,0.6727,0.324,0.3305,0.0065,7022.53
2024-01-02T03:56:00,0.3276,0.6724,0.3241,0.3311,0.007,5376.14
2024-01-02T03:57:00,0.3311,0.6689,0.3221,0.3401,0.018,6664.46
2024-01-02T03:58:00,0.3344,0.6656,0.3262,0.3426,0.0165,8611.98
2024-01-02T03:59:00,0.3452,0.6548,0.3363,0.3541,0.0178,6494.52
2024-01-02T04:00:00,0.345,0.655,0.339,0.3509,0.0119,6256.26
2024-01-02T04:01:00,0.3496,0.6504,0.3444,0.3548,0.0104,8179.24
2024-01-02T04:02:00,0.3581,0.6419,0.3497,0.3665,0.0169,8748.73
2024-01-02T04:03:00,0.364,0.636,0.3614,0.3667,0.0052,8731.54
2024-01-02T04:04:00,0.3711,0.6289,0.3666,0.3755,0.0089,7940.29
2024-01-02T04:05:00,0.3725,0.6275,0.3616,0.3834,0.0218,8045.08
2024-01-02T04:06:00,0.3779,0.6221,0.3693,0.3865,0.0172,5147.39
2024-01-02T04:07:00,0.3847,0.6153,0.3774,0.3919,0.0145,5898.74
2024-01-02T04:08:00,0.3909,0.6091,0.3827,0.3991,0.0165,9135.07
2024-01-02T04:09:00,0.3957,0.6043,0.3881,0.4034,0.0153,5856.93
2024-01-02T04:10:00,0.4012,0.5988,0.3925,0.4099,0.0174,6824.21
2024-01-02T04:11:00,0.4073,0.5927,0.3998,0.4148,0.015,8823.8
2024-01-02T04:12:00,0.4103,0.5897,0.4071,0.4135,0.0064,8956.43
2024-01-02T04:13:00,0.4181,0.5819,0.4079,0.4283,0.0204,8060.08
2024-01-02T04:14:00,0.4267,0.5733,0.4155,0.4379,0.0224,7138.89
2024-01-02T04:15:00,0.4301,0.5699,0.4213,0.4389,0.0176,6000.22
2024-01-02T04:16:00,0.4396,0.5604,0.4365,0.4427,0.0062,9504.62
2024-01-02T04:17:00,0.4489,0.5511,0.438,0.4598,0.0218,8215.66
2024-01-02T04:18:00,0.4542,0.5458,0.4433,0.4652,0.0219,6859.17
2024-01-02T04:19:00,0.4611,0.5389,0.4568,0.4655,0.0087,10090.87
2024-01-02T04:20:00,0.4667,0.5333,0.461,0.4723,0.0113,6945.56
2024-01-02T04:21:00,0.4758,0.5242,0.4714,0.4802,0.0088,9811.18
2024-01-02T04:22:00,0.4829,0.5171,0.4726,0.4932,0.0206,8981.35
2024-01-02T04:23:00,0.4926,0.5074,0.4896,0.4955,0.0059,5388.75
2024-01-02T04:24:00,0.4955,0.5045,0.4862,0.5047,0.0185,6717.36
2024-01-02T04:25:00,0.5062,0.4938,0.498,0.5145,0.0165,6984.3
2024-01-02T04:26:00,0.5136,0.4864,0.5036,0.5237,0.0201,5566.05
2024-01-02T04:27:00,0.5217,0.4783,0.5121,0.5312,0.019,8788.62
2024-01-02T04:28:00,0.5274,0.4726,0.5161,0.5387,0.0226,11962.63
2024-01-02T04:29:00,0.5341,0.4659,0.5279,0.5403,0.0124,7305.62
2024-01-02T04:30:00,0.5403,0.4597,0.5289,0.5517,0.0228,10851.46
2024-01-02T04:31:00,0.5463,0.4537,0.537,0.5556,0.0186,7358.76
2024-01-02T04:32:00,0.5561,0.4439,0.547,0.5652,0.0182,7635.46
2024-01-02T04:33:00,0.5629,0.4371,0.5526,0.5732,0.0205,6647.73
2024-01-02T04:34:00,0.5685,0.4315,0.5619,0.575,0.0131,10321.51
2024-01-02T04:35:00,0.5716,0.4284,0.5676,0.5756,0.008,7010.29
2024-01-02T04:36:00,0.5814,0.4186,0.5746,0.5882,0.0136,5118.1
2024-01-02T04:37:00,0.5864,0.4136,0.5799,0.593,0.0131,8666.91
2024-01-02T04:38:00,0.5917,0.4083,0.587,0.5965,0.0095,9654.77
2024-01-02T04:39:00,0.5979,0.4021,0.5927,0.603,0.0103,10226.68
2024-01-02T04:40:00,0.6081,0.3919,0.603,0.6131,0.0101,5569.75
2024-01-02T04:41:00,0.6144,0.3856,0.6048,0.624,0.0191,4934.02
2024-01-02T04:42:00,0.6227,0.3773,0.6154,0.63,0.0146,4825.78
2024-01-02T04:43:00,0.6293,0.3707,0.6187,0.6398,0.0211,8881.49
2024-01-02T04:44:00,0.6338,0.3662,0.6246,0.6431,0.0185,4162.81
2024-01-02T04:45:00,0.6387,0.3613,0.6365,0.641,0.0045,8658.64
2024-01-02T04:46:00,0.6455,0.3545,0.6373,0.6536,0.0163,8014.59
2024-01-02T04:47:00,0.65,0.35,0.6452,0.6549,0.0097,7539.66
2024-01-02T04:48:00,0.6579,0.3421,0.654,0.6617,0.0076,6451.91
2024-01-02T04:49:00,0.6652,0.3348,0.662,0.6684,0.0064,5819.13
2024-01-02T04:50:00,0.6722,0.3278,0.6656,0.6787,0.0131,5614.85
2024-01-02T04:51:00,0.6785,0.3215,0.6704,0.6866,0.0162,5241.15
2024-01-02T04:52:00,0.6812,0.3188,0.6773,0.6851,0.0078,4668.97
2024-01-02T04:53:00,0.6881,0.3119,0.6849,0.6912,0.0063,7639.85
2024-01-02T04:54:00,0.6946,0.3054,0.6905,0.6987,0.0082,5717.59
2024-01-02T04:55:00,0.7002,0.2998,0.693,0.7075,0.0145,4772.62
2024-01-02T04:56:00,0.7035,0.2965,0.6982,0.7088,0.0106,3843.57
2024-01-02T04:57:00,0.7091,0.2909,0.699,0.7192,0.0202,5011.98
2024-01-02T04:58:00,0.7125,0.2875,0.7031,0.7219,0.0188,3776.46
2024-01-02T04:59:00,0.7166,0.2834,0.7102,0.723,0.0128,4804.57
2024-01-02T05:00:00,0.7248,0.2752,0.7162,0.7334,0.0171,6630.5
2024-01-02T05:01:00,0.73,0.27,0.7239,0.7361,0.0122,4390.11
2024-01-02T05:02:00,0.7355,0.2645,0.7275,0.7435,0.0161,3519.45
2024-01-02T05:03:00,0.742,0.258,0.7353,0.7488,0.0135,3385.56
2024-01-02T05:04:00,0.75,0.25,0.7432,0.7567,0.0135,6404.24
2024-01-02T05:05:00,0.7566,0.2434,0.7498,0.7633,0.0136,3556.96
2024-01-02T05:06:00,0.7578,0.2422,0.75,0.7655,0.0155,6331.25
2024-01-02T05:07:00,0.765,0.235,0.7604,0.7697,0.0093,4663.33
2024-01-02T05:08:00,0.77,0.23,0.763,0.7769,0.0139,5485.29
2024-01-02T05:09:00,0.777,0.223,0.7747,0.7793,0.0046,3854.89
2024-01-02T05:10:00,0.781,0.219,0.7786,0.7834,0.0048,6025.17
2024-01-02T05:11:00,0.7818,0.2182,0.7772,0.7865,0.0093,3400.92
2024-01-02T05:12:00,0.788,0.212,0.7851,0.7909,0.0058,5594.55
2024-01-02T05:13:00,0.7965,0.2035,0.7909,0.802,0.0111,5735.32
2024-01-02T05:14:00,0.7964,0.2036,0.7886,0.8042,0.0156,4193.79
2024-01-02T05:15:00,0.8023,0.1977,0.7993,0.8053,0.006,4740.46
2024-01-02T05:16:00,0.8108,0.1892,0.8027,0.8188,0.0162,5316.4
2024-01-02T05:17:00,0.8145,0.1855,0.8065,0.8225,0.016,4747.67
2024-01-02T05:18:00,0.8173,0.1827,0.814,0.8207,0.0066,4937.35
2024-01-02T05:19:00,0.8218,0.1782,0.8166,0.8271,0.0106,2406.87
2024-01-02T05:20:00,0.8286,0.1714,0.8223,0.8349,0.0125,4959.54
2024-01-02T05:21:00,0.8366,0.1634,0.8318,0.8414,0.0097,4827.43
2024-01-02T05:22:00,0.8392,0.1608,0.832,0.8464,0.0143,4540.47
2024-01-02T05:23:00,0.8453,0.1547,0.8404,0.8503,0.0098,4670.33
2024-01-02T05:24:00,0.8458,0.1542,0.8377,0.854,0.0164,3271.77
2024-01-02T05:25:00,0.8508,0.1492,0.8463,0.8553,0.009,2890.65
2024-01-02T05:26:00,0.8508,0.1492,0.8464,0.8552,0.0088,2115.7
2024-01-02T05:27:00,0.8597,0.1403,0.8542,0.8652,0.011,2019.02
2024-01-02T05:28:00,0.8638,0.1362,0.8618,0.8658,0.004,3318.24
2024-01-02T05:29:00,0.8678,0.1322,0.8638,0.8718,0.008,2654.52
2024-01-02T05:30:00,0.8753,0.1247,0.8684,0.8822,0.0138,3638.76
2024-01-02T05:31:00,0.8753,0.1247,0.867,0.8835,0.0165,3271.04
2024-01-02T05:32:00,0.8801,0.1199,0.8728,0.8873,0.0145,3137.37
2024-01-02T05:33:00,0.8867,0.1133,0.8798,0.8936,0.0138,2717.5
2024-01-02T05:34:00,0.8889,0.1111,0.8854,0.8925,0.0072,1725.8
2024-01-02T05:35:00,0.8965,0.1035,0.8891,0.9039,0.0148,3406.5
2024-01-02T05:36:00,0.8964,0.1036,0.8937,0.8992,0.0055,1930.45
2024-01-02T05:37:00,0.9039,0.0961,0.8972,0.9107,0.0136,2138.66
2024-01-02T05:38:00,0.9062,0.0938,0.9021,0.9103,0.0082,2784.23
2024-01-02T05:39:00,0.9114,0.0886,0.9068,0.916,0.0092,3075.67
2024-01-02T05:40:00,0.9141,0.0859,0.9098,0.9184,0.0086,3199.59
2024-01-02T05:41:00,0.918,0.082,0.9125,0.9235,0.0109,1911.96
2024-01-02T05:42:00,0.9252,0.0748,0.9217,0.9288,0.0071,1722.49
2024-01-02T05:43:00,0.9259,0.0741,0.9231,0.9286,0.0055,2107.47
2024-01-02T05:44:00,0.9323,0.0677,0.9291,0.9354,0.0063,2123.61
2024-01-02T05:45:00,0.9367,0.0633,0.9294,0.944,0.0146,1945.7
2024-01-02T05:46:00,0.9381,0.0619,0.9354,0.9408,0.0054,2350.07
2024-01-02T05:47:00,0.9391,0.0609,0.9326,0.9456,0.013,1699.86
2024-01-02T05:48:00,0.9422,0.0578,0.9392,0.9453,0.0061,1798.06
2024-01-02T05:49:00,0.945,0.055,0.938,0.952,0.014,1669.58
2024-01-02T05:50:00,0.9442,0.0558,0.9387,0.9498,0.0112,1972.48
2024-01-02T05:51:00,0.9436,0.0564,0.9368,0.9505,0.0137,2309.51
2024-01-02T05:52:00,0.9446,0.0554,0.9418,0.9474,0.0057,1819.5
2024-01-02T05:53:00,0.9456,0.0544,0.9389,0.9524,0.0135,2554.22
2024-01-02T05:54:00,0.9468,0.0532,0.9426,0.951,0.0084,1874.39
2024-01-02T05:55:00,0.9503,0.0497,0.9477,0.9528,0.0051,1158.74
2024-01-02T05:56:00,0.9507,0.0493,0.9459,0.9556,0.0096,1828.91
2024-01-02T05:57:00,0.9496,0.0504,0.9432,0.956,0.0128,1138.19
2024-01-02T05:58:00,0.951,0.049,0.9482,0.9537,0.0055,2120.22
2024-01-02T05:59:00,0.9523,0.0477,0.9465,0.9582,0.0117,1123.92
2024-01-02T06:00:00,0.9532,0.0468,0.9482,0.9583,0.0101,2342.81
2024-01-02T06:01:00,0.9504,0.0496,0.9477,0.9532,0.0054,1872.46
2024-01-02T06:02:00,0.9474,0.0526,0.9412,0.9536,0.0124,2172.69
2024-01-02T06:03:00,0.9479,0.0521,0.9437,0.9521,0.0084,1214.13
2024-01-02T06:04:00,0.9504,0.0496,0.9431,0.9576,0.0145,2428.87
2024-01-02T06:05:00,0.9482,0.0518,0.9452,0.9513,0.0061,1263.29
2024-01-02T06:06:00,0.9515,0.0485,0.9495,0.9536,0.0041,1668.98
2024-01-02T06:07:00,0.9519,0.0481,0.9473,0.9565,0.0093,1530.78
2024-01-02T06:08:00,0.9526,0.0474,0.9497,0.9556,0.0058,1970.87
2024-01-02T06:09:00,0.95,0.05,0.943,0.957,0.014,1864.84
2024-01-02T06:10:00,0.9524,0.0476,0.947,0.9577,0.0107,1518.03
2024-01-02T06:11:00,0.9497,0.0503,0.9477,0.9517,0.004,2019.09
2024-01-02T06:12:00,0.949,0.051,0.9419,0.9561,0.0143,1768.01
2024-01-02T06:13:00,0.9501,0.0499,0.9437,0.9566,0.0129,2284.67
2024-01-02T06:14:00,0.9508,0.0492,0.9454,0.9562,0.0108,1569.71
2024-01-02T06:15:00,0.9547,0.0453,0.9475,0.962,0.0145,1064.37
2024-01-02T06:16:00,0.9506,0.0494,0.9489,0.9523,0.0034,1708.8
2024-01-02T06:17:00,0.951,0.049,0.9491,0.9528,0.0037,1616.1
2024-01-02T06:18:00,0.9486,0.0514,0.9434,0.9538,0.0104,2247.01
2024-01-02T06:19:00,0.95,0.05,0.9467,0.9533,0.0066,2361.58
2024-01-02T06:20:00,0.9466,0.0534,0.9443,0.949,0.0047,1612.6
2024-01-02T06:21:00,0.9488,0.0512,0.9427,0.9549,0.0122,1978.83
2024-01-02T06:22:00,0.9501,0.0499,0.9467,0.9534,0.0066,1222.06
2024-01-02T06:23:00,0.9446,0.0554,0.9383,0.9508,0.0125,2617.54
2024-01-02T06:24:00,0.9484,0.0516,0.9413,0.9555,0.0142,2401.3
2024-01-02T06:25:00,0.9523,0.0477,0.9493,0.9552,0.006,1069.27
2024-01-02T06:26:00,0.9522,0.0478,0.9496,0.9548,0.0052,2462.65
2024-01-02T06:27:00,0.9537,0.0463,0.9463,0.9611,0.0148,1289.74
2024-01-02T06:28:00,0.9502,0.0498,0.9443,0.9562,0.0119,1393.68
2024-01-02T06:29:00,0.9502,0.0498,0.9485,0.9518,0.0033,2034.0
2024-01-02T06:30:00,0.951,0.049,0.9455,0.9565,0.0111,2049.1
2024-01-02T06:31:00,0.9482,0.0518,0.944,0.9525,0.0086,1335.9
2024-01-02T06:32:00,0.9501,0.0499,0.9484,0.9519,0.0035,2414.19
2024-01-02T06:33:00,0.9489,0.0511,0.9453,0.9525,0.0072,1132.13
2024-01-02T06:34:00,0.9505,0.0495,0.9481,0.9529,0.0048,2417.4
2024-01-02T06:35:00,0.9497,0.0503,0.9465,0.9528,0.0063,2434.01
2024-01-02T06:36:00,0.954,0.046,0.9478,0.9602,0.0124,1566.03
2024-01-02T06:37:00,0.9539,0.0461,0.9519,0.956,0.0041,2317.45
2024-01-02T06:38:00,0.949,0.051,0.9418,0.9562,0.0144,1892.51
2024-01-02T06:39:00,0.9511,0.0489,0.9453,0.9568,0.0115,1922.49
2024-01-02T06:40:00,0.9507,0.0493,0.9454,0.956,0.0107,2276.6
2024-01-02T06:41:00,0.951,0.049,0.9495,0.9526,0.0031,2087.72
2024-01-02T06:42:00,0.9484,0.0516,0.9448,0.952,0.0072,1701.93
2024-01-02T06:43:00,0.9505,0.0495,0.9485,0.9526,0.0041,1493.25
2024-01-02T06:44:00,0.9503,0.0497,0.9457,0.9548,0.0091,1511.65
2024-01-02T06:45:00,0.9524,0.0476,0.9482,0.9566,0.0084,2237.34
2024-01-02T06:46:00,0.9517,0.0483,0.9477,0.9558,0.0081,1406.02
2024-01-02T06:47:00,0.9484,0.0516,0.9467,0.9501,0.0034,1763.1
2024-01-02T06:48:00,0.9517,0.0483,0.946,0.9574,0.0114,2130.32
2024-01-02T06:49:00,0.9497,0.0503,0.9435,0.956,0.0125,2446.73
2024-01-02T06:50:00,0.9505,0.0495,0.947,0.9541,0.0072,1983.28
2024-01-02T06:51:00,0.9491,0.0509,0.9458,0.9524,0.0066,1969.86
2024-01-02T06:52:00,0.9496,0.0504,0.944,0.9552,0.0112,2132.94
2024-01-02T06:53:00,0.9473,0.0527,0.9421,0.9525,0.0104,2111.92
2024-01-02T06:54:00,0.9475,0.0525,0.9451,0.9498,0.0046,2411.64
2024-01-02T06:55:00,0.9489,0.0511,0.9468,0.9509,0.0041,2333.82
2024-01-02T06:56:00,0.9507,0.0493,0.9453,0.9561,0.0108,2189.35
2024-01-02T06:57:00,0.9499,0.0501,0.9445,0.9554,0.0109,2327.26
2024-01-02T06:58:00,0.9486,0.0514,0.9426,0.9546,0.012,2013.75
2024-01-02T06:59:00,0.9519,0.0481,0.9459,0.9579,0.012,1183.07
2024-01-02T07:00:00,0.9454,0.0546,0.9428,0.948,0.0052,1172.44
2024-01-02T07:01:00,0.9479,0.0521,0.9427,0.9531,0.0104,1270.93
2024-01-02T07:02:00,0.9475,0.0525,0.9418,0.9532,0.0115,2423.33
2024-01-02T07:03:00,0.9433,0.0567,0.939,0.9477,0.0087,1677.35
2024-01-02T07:04:00,0.9466,0.0534,0.9427,0.9505,0.0078,1821.01
2024-01-02T07:05:00,0.9495,0.0505,0.9427,0.9563,0.0137,2280.91
2024-01-02T07:06:00,0.9491,0.0509,0.9476,0.9507,0.0031,1958.36
2024-01-02T07:07:00,0.9475,0.0525,0.9408,0.9543,0.0135,1740.98
2024-01-02T07:08:00,0.9489,0.0511,0.9463,0.9514,0.0051,1237.4
2024-01-02T07:09:00,0.9461,0.0539,0.9418,0.9504,0.0086,2521.83
2024-01-02T07:10:00,0.9489,0.0511,0.9468,0.951,0.0043,1145.91
2024-01-02T07:11:00,0.951,0.049,0.9485,0.9535,0.005,2105.02
2024-01-02T07:12:00,0.9505,0.0495,0.9448,0.9562,0.0114,1445.34
2024-01-02T07:13:00,0.9503,0.0497,0.9471,0.9536,0.0065,1509.44
2024-01-02T07:14:00,0.9475,0.0525,0.9415,0.9534,0.0119,2573.42
2024-01-02T07:15:00,0.9497,0.0503,0.9446,0.9548,0.0102,1734.26
2024-01-02T07:16:00,0.9483,0.0517,0.9419,0.9547,0.0128,1575.0
2024-01-02T07:17:00,0.9497,0.0503,0.9481,0.9513,0.0031,1240.9
2024-01-02T07:18:00,0.9482,0.0518,0.9416,0.9548,0.0132,2060.12
2024-01-02T07:19:00,0.9468,0.0532,0.9426,0.9511,0.0084,1332.37
2024-01-02T07:20:00,0.9506,0.0494,0.9476,0.9535,0.0059,1596.71
2024-01-02T07:21:00,0.9495,0.0505,0.9457,0.9532,0.0075,2107.61
2024-01-02T07:22:00,0.9463,0.0537,0.9391,0.9535,0.0144,1691.96
2024-01-02T07:23:00,0.9489,0.0511,0.9459,0.9518,0.0059,1511.92
2024-01-02T07:24:00,0.9498,0.0502,0.948,0.9516,0.0036,2314.86
2024-01-02T07:25:00,0.9499,0.0501,0.9433,0.9565,0.0132,1235.6
2024-01-02T07:26:00,0.9537,0.0463,0.9469,0.9606,0.0137,2251.4
2024-01-02T07:27:00,0.9503,0.0497,0.9457,0.9549,0.0092,1793.55
2024-01-02T07:28:00,0.9481,0.0519,0.943,0.9532,0.0102,1099.38
2024-01-02T07:29:00,0.9515,0.0485,0.945,0.958,0.013,1380.96
2024-01-02T07:30:00,0.9464,0.0536,0.9402,0.9527,0.0124,2044.27
2024-01-02T07:31:00,0.9496,0.0504,0.9441,0.9551,0.0111,1088.56
2024-01-02T07:32:00,0.9489,0.0511,0.9435,0.9542,0.0107,1512.34
2024-01-02T07:33:00,0.9503,0.0497,0.946,0.9545,0.0085,1446.63
2024-01-02T07:34:00,0.9463,0.0537,0.94,0.9525,0.0125,1292.17
2024-01-02T07:35:00,0.9512,0.0488,0.9442,0.9582,0.014,1287.52
2024-01-02T07:36:00,0.9481,0.0519,0.9461,0.9501,0.004,2374.79
2024-01-02T07:37:00,0.9477,0.0523,0.9435,0.9519,0.0085,1792.06
2024-01-02T07:38:00,0.9475,0.0525,0.9405,0.9546,0.014,2276.05
2024-01-02T07:39:00,0.9469,0.0531,0.945,0.9488,0.0038,2512.72
2024-01-02T07:40:00,0.9465,0.0535,0.9407,0.9524,0.0117,1454.41
2024-01-02T07:41:00,0.9451,0.0549,0.9407,0.9494,0.0087,1969.57
2024-01-02T07:42:00,0.9491,0.0509,0.9423,0.9559,0.0135,1710.88
2024-01-02T07:43:00,0.9472,0.0528,0.9443,0.9502,0.0059,1171.94
2024-01-02T07:44:00,0.9469,0.0531,0.9444,0.9493,0.0049,2123.55
2024-01-02T07:45:00,0.9457,0.0543,0.9405,0.951,0.0105,2539.5
2024-01-02T07:46:00,0.9502,0.0498,0.9484,0.952,0.0035,1332.61
2024-01-02T07:47:00,0.9471,0.0529,0.9456,0.9486,0.003,1209.19
2024-01-02T07:48:00,0.9529,0.0471,0.9481,0.9577,0.0096,2307.24
2024-01-02T07:49:00,0.9516,0.0484,0.9472,0.9559,0.0087,2312.74
2024-01-02T07:50:00,0.9543,0.0457,0.9528,0.9558,0.003,2080.4
2024-01-02T07:51:00,0.9527,0.0473,0.9491,0.9563,0.0072,2343.18
2024-01-02T07:52:00,0.9511,0.0489,0.9489,0.9532,0.0043,1981.22
2024-01-02T07:53:00,0.9499,0.0501,0.9471,0.9526,0.0054,1600.16
2024-01-02T07:54:00,0.9488,0.0512,0.9435,0.9541,0.0106,1531.55
2024-01-02T07:55:00,0.9487,0.0513,0.9435,0.9539,0.0104,1808.13
2024-01-02T07:56:00,0.9454,0.0546,0.9394,0.9515,0.0122,1990.01
2024-01-02T07:57:00,0.9437,0.0563,0.9375,0.9499,0.0124,2586.4
2024-01-02T07:58:00,0.9476,0.0524,0.9403,0.955,0.0147,2428.79
2024-01-02T07:59:00,0.9527,0.0473,0.9508,0.9545,0.0038,1423.55
2024-01-02T08:00:00,0.9479,0.0521,0.9434,0.9524,0.009,2172.38
2024-01-02T08:01:00,0.949,0.051,0.947,0.9509,0.0039,1418.05
2024-01-02T08:02:00,0.9508,0.0492,0.9478,0.9538,0.006,2000.42
2024-01-02T08:03:00,0.9484,0.0516,0.9468,0.95,0.0032,1988.3
2024-01-02T08:04:00,0.9506,0.0494,0.9444,0.9568,0.0125,2383.96
2024-01-02T08:05:00,0.9504,0.0496,0.9467,0.9541,0.0073,2142.71
2024-01-02T08:06:00,0.9497,0.0503,0.9472,0.9522,0.005,1614.96
2024-01-02T08:07:00,0.9443,0.0557,0.9368,0.9517,0.0149,2321.29
2024-01-02T08:08:00,0.9459,0.0541,0.9389,0.9529,0.0139,2008.95
2024-01-02T08:09:00,0.9511,0.0489,0.9487,0.9536,0.0049,1416.44
2024-01-02T08:10:00,0.9498,0.0502,0.9464,0.9533,0.0069,1916.51
2024-01-02T08:11:00,0.9493,0.0507,0.9425,0.9562,0.0137,1883.6
2024-01-02T08:12:00,0.9479,0.0521,0.9432,0.9526,0.0094,2073.76
2024-01-02T08:13:00,0.9476,0.0524,0.9457,0.9496,0.0039,2060.67
2024-01-02T08:14:00,0.9452,0.0548,0.9389,0.9516,0.0128,1862.55
2024-01-02T08:15:00,0.9478,0.0522,0.9459,0.9497,0.0038,2276.67
2024-01-02T08:16:00,0.9514,0.0486,0.948,0.9548,0.0068,1520.73
2024-01-02T08:17:00,0.9488,0.0512,0.946,0.9516,0.0055,2486.16
2024-01-02T08:18:00,0.9533,0.0467,0.9464,0.9602,0.0139,1276.73
2024-01-02T08:19:00,0.9497,0.0503,0.9434,0.9559,0.0125,1196.93
2024-01-02T08:20:00,0.9506,0.0494,0.9448,0.9564,0.0116,1587.72
2024-01-02T08:21:00,0.9526,0.0474,0.9487,0.9566,0.0079,1493.31
2024-01-02T08:22:00,0.9524,0.0476,0.9469,0.958,0.0111,2355.22
2024-01-02T08:23:00,0.9516,0.0484,0.9461,0.9572,0.0112,1902.74
2024-01-02T08:24:00,0.9543,0.0457,0.951,0.9576,0.0066,1134.26
2024-01-02T08:25:00,0.9508,0.0492,0.9482,0.9534,0.0052,1865.24
2024-01-02T08:26:00,0.9493,0.0507,0.9467,0.952,0.0054,1907.63
2024-01-02T08:27:00,0.9515,0.0485,0.9481,0.955,0.0069,2347.05
2024-01-02T08:28:00,0.9493,0.0507,0.9443,0.9542,0.0099,2440.8
2024-01-02T08:29:00,0.9464,0.0536,0.9442,0.9487,0.0044,1503.2
2024-01-02T08:30:00,0.9522,0.0478,0.95,0.9544,0.0044,1719.4
2024-01-02T08:31:00,0.953,0.047,0.9458,0.9602,0.0144,2013.54
2024-01-02T08:32:00,0.9487,0.0513,0.9451,0.9523,0.0072,1457.66
2024-01-02T08:33:00,0.9542,0.0458,0.9497,0.9588,0.0091,2280.73
2024-01-02T08:34:00,0.9505,0.0495,0.947,0.954,0.007,1368.71
2024-01-02T08:35:00,0.9496,0.0504,0.944,0.9552,0.0112,2143.37
2024-01-02T08:36:00,0.9526,0.0474,0.9487,0.9565,0.0077,1247.99
2024-01-02T08:37:00,0.9514,0.0486,0.946,0.9567,0.0107,1328.4
2024-01-02T08:38:00,0.951,0.049,0.9472,0.9548,0.0075,1357.9
2024-01-02T08:39:00,0.9493,0.0507,0.9431,0.9555,0.0124,1201.54
2024-01-02T08:40:00,0.9484,0.0516,0.9458,0.9509,0.0052,2416.46
2024-01-02T08:41:00,0.9503,0.0497,0.9481,0.9524,0.0043,2006.09
2024-01-02T08:42:00,0.9507,0.0493,0.9438,0.9577,0.0139,1431.88
2024-01-02T08:43:00,0.9527,0.0473,0.9499,0.9556,0.0058,1731.85
2024-01-02T08:44:00,0.9529,0.0471,0.9465,0.9594,0.0129,1776.07
2024-01-02T08:45:00,0.955,0.045,0.9492,0.9609,0.0117,2298.61
2024-01-02T08:46:00,0.9557,0.0443,0.954,0.9575,0.0035,2383.0
2024-01-02T08:47:00,0.9514,0.0486,0.9448,0.958,0.0131,1825.4
2024-01-02T08:48:00,0.9522,0.0478,0.9451,0.9594,0.0143,2059.04
2024-01-02T08:49:00,0.9494,0.0506,0.9442,0.9546,0.0104,2506.62
2024-01-02T08:50:00,0.952,0.048,0.9467,0.9573,0.0105,1816.11
2024-01-02T08:51:00,0.9476,0.0524,0.9452,0.95,0.0048,2255.92
2024-01-02T08:52:00,0.9515,0.0485,0.9499,0.953,0.0032,1279.11
2024-01-02T08:53:00,0.9475,0.0525,0.9404,0.9545,0.0141,1881.42
2024-01-02T08:54:00,0.9476,0.0524,0.9405,0.9548,0.0143,1699.32
2024-01-02T08:55:00,0.9457,0.0543,0.9414,0.95,0.0087,1503.25
2024-01-02T08:56:00,0.9463,0.0537,0.9394,0.9532,0.0137,1499.75
2024-01-02T08:57:00,0.9474,0.0526,0.9457,0.9491,0.0033,2374.49
2024-01-02T08:58:00,0.9484,0.0516,0.9462,0.9507,0.0044,2395.78
2024-01-02T08:59:00,0.951,0.049,0.9488,0.9531,0.0043,1410.94
2024-01-02T09:00:00,0.9513,0.0487,0.9493,0.9533,0.0039,1958.67
2024-01-02T09:01:00,0.9519,0.0481,0.9481,0.9557,0.0077,2152.0
2024-01-02T09:02:00,0.9481,0.0519,0.942,0.9543,0.0122,1593.93
2024-01-02T09:03:00,0.9496,0.0504,0.9452,0.9539,0.0086,1855.89
2024-01-02T09:04:00,0.9467,0.0533,0.9426,0.9509,0.0082,2329.62
2024-01-02T09:05:00,0.9479,0.0521,0.9408,0.9549,0.0141,2238.03
2024-01-02T09:06:00,0.951,0.049,0.9459,0.9561,0.0103,2309.29
2024-01-02T09:07:00,0.9509,0.0491,0.9451,0.9567,0.0116,1732.57
2024-01-02T09:08:00,0.9529,0.0471,0.9503,0.9555,0.0051,2285.65
2024-01-02T09:09:00,0.952,0.048,0.9489,0.9552,0.0063,1566.89
2024-01-02T09:10:00,0.9504,0.0496,0.9467,0.9542,0.0075,1208.14
2024-01-02T09:11:00,0.952,0.048,0.9485,0.9556,0.0072,1631.97
2024-01-02T09:12:00,0.9519,0.0481,0.9489,0.9549,0.006,2018.88
2024-01-02T09:13:00,0.9481,0.0519,0.9452,0.9509,0.0058,2384.2
2024-01-02T09:14:00,0.949,0.051,0.9427,0.9553,0.0126,1849.69
2024-01-02T09:15:00,0.9524,0.0476,0.9457,0.9592,0.0135,1882.31
2024-01-02T09:16:00,0.951,0.049,0.9489,0.9531,0.0042,1530.0
2024-01-02T09:17:00,0.9475,0.0525,0.9412,0.9538,0.0126,1321.81
2024-01-02T09:18:00,0.9451,0.0549,0.9418,0.9484,0.0066,1422.95
2024-01-02T09:19:00,0.948,0.052,0.9464,0.9496,0.0032,1774.26
