timestamp,yes_price,no_price,best_bid,best_ask,spread,volume_24h
2024-01-01T00:00:00,0.5793,0.4207,0.5705,0.5881,0.0175,7529.6
2024-01-01T00:00:30,0.5749,0.4251,0.5671,0.5827,0.0156,10170.37
2024-01-01T00:01:00,0.5814,0.4186,0.5699,0.5928,0.0229,7204.66
2024-01-01T00:01:30,0.5814,0.4186,0.574,0.5888,0.0149,10027.01
2024-01-01T00:02:00,0.5824,0.4176,0.5743,0.5905,0.0162,6546.96
2024-01-01T00:02:30,0.5803,0.4197,0.5778,0.5828,0.005,8957.64
2024-01-01T00:03:00,0.5816,0.4184,0.5749,0.5884,0.0135,5419.66
2024-01-01T00:03:30,0.5814,0.4186,0.5774,0.5854,0.008,10125.29
2024-01-01T00:04:00,0.582,0.418,0.5782,0.5858,0.0076,10270.21
2024-01-01T00:04:30,0.5847,0.4153,0.5798,0.5897,0.0099,5637.47
2024-01-01T00:05:00,0.5806,0.4194,0.5765,0.5847,0.0082,7135.2
2024-01-01T00:05:30,0.5834,0.4166,0.5762,0.5906,0.0144,9144.48
2024-01-01T00:06:00,0.5817,0.4183,0.5703,0.5931,0.0228,5755.89
2024-01-01T00:06:30,0.5804,0.4196,0.5712,0.5897,0.0185,8717.88
2024-01-01T00:07:00,0.5826,0.4174,0.5739,0.5912,0.0173,4939.46
2024-01-01T00:07:30,0.5818,0.4182,0.5787,0.5849,0.0062,5247.33
2024-01-01T00:08:00,0.5811,0.4189,0.573,0.5892,0.0161,6527.2
2024-01-01T00:08:30,0.5842,0.4158,0.5791,0.5893,0.0102,8663.39
2024-01-01T00:09:00,0.5831,0.4169,0.5781,0.5881,0.01,7278.15
2024-01-01T00:09:30,0.5822,0.4178,0.5732,0.5913,0.018,8503.52
2024-01-01T00:10:00,0.5855,0.4145,0.5759,0.5951,0.0191,9475.13
2024-01-01T00:10:30,0.5819,0.4181,0.5717,0.592,0.0203,6677.87
2024-01-01T00:11:00,0.5812,0.4188,0.5784,0.584,0.0056,10776.23
2024-01-01T00:11:30,0.5746,0.4254,0.5667,0.5824,0.0157,7605.6
2024-01-01T00:12:00,0.578,0.422,0.5715,0.5845,0.013,6707.82
2024-01-01T00:12:30,0.58,0.42,0.5763,0.5837,0.0074,9329.07
2024-01-01T00:13:00,0.5818,0.4182,0.5742,0.5894,0.0152,7852.57
2024-01-01T00:13:30,0.5803,0.4197,0.5738,0.5869,0.0131,7072.67
2024-01-01T00:14:00,0.5832,0.4168,0.5798,0.5867,0.0069,8002.08
2024-01-01T00:14:30,0.5791,0.4209,0.5729,0.5852,0.0123,5332.63
2024-01-01T00:15:00,0.5817,0.4183,0.5702,0.5933,0.0231,4934.42
2024-01-01T00:15:30,0.5793,0.4207,0.5729,0.5857,0.0128,5399.03
2024-01-01T00:16:00,0.5791,0.4209,0.5705,0.5877,0.0172,10820.46
2024-01-01T00:16:30,0.5774,0.4226,0.5702,0.5847,0.0146,7825.15
2024-01-01T00:17:00,0.5773,0.4227,0.5698,0.5848,0.015,4886.78
2024-01-01T00:17:30,0.577,0.423,0.5691,0.585,0.0159,10295.67
2024-01-01T00:18:00,0.5796,0.4204,0.576,0.5831,0.0071,4671.4
2024-01-01T00:18:30,0.5795,0.4205,0.5732,0.5859,0.0127,6328.79
2024-01-01T00:19:00,0.5788,0.4212,0.5731,0.5845,0.0114,8135.16
2024-01-01T00:19:30,0.5812,0.4188,0.5735,0.589,0.0155,7145.0
2024-01-01T00:20:00,0.581,0.419,0.5704,0.5917,0.0213,6495.83
2024-01-01T00:20:30,0.5802,0.4198,0.5729,0.5874,0.0145,7778.41
2024-01-01T00:21:00,0.5748,0.4252,0.5634,0.5861,0.0227,10190.88
2024-01-01T00:21:30,0.581,0.419,0.5779,0.5841,0.0062,4931.05
2024-01-01T00:22:00,0.5807,0.4193,0.5778,0.5837,0.0059,7673.03
2024-01-01T00:22:30,0.5813,0.4187,0.5769,0.5857,0.0087,8804.57
2024-01-01T00:23:00,0.5823,0.4177,0.5789,0.5857,0.0068,6744.13
2024-01-01T00:23:30,0.5836,0.4164,0.5803,0.5869,0.0065,7934.26
2024-01-01T00:24:00,0.5805,0.4195,0.5757,0.5853,0.0096,6838.65
2024-01-01T00:24:30,0.5814,0.4186,0.5699,0.5928,0.0229,9693.82
2024-01-01T00:25:00,0.5843,0.4157,0.5794,0.5893,0.0099,7991.41
2024-01-01T00:25:30,0.5842,0.4158,0.5802,0.5882,0.008,7491.04
2024-01-01T00:26:00,0.5805,0.4195,0.5711,0.5898,0.0188,10710.53
2024-01-01T00:26:30,0.5809,0.4191,0.5753,0.5866,0.0113,10097.83
2024-01-01T00:27:00,0.5821,0.4179,0.5765,0.5876,0.011,7499.73
2024-01-01T00:27:30,0.5828,0.4172,0.5745,0.591,0.0166,7360.73
2024-01-01T00:28:00,0.5802,0.4198,0.5746,0.5858,0.0112,5161.57
2024-01-01T00:28:30,0.5853,0.4147,0.5755,0.5951,0.0196,8867.36
2024-01-01T00:29:00,0.581,0.419,0.575,0.5869,0.0119,8773.15
2024-01-01T00:29:30,0.5798,0.4202,0.5722,0.5873,0.0151,10399.45
2024-01-01T00:30:00,0.5789,0.4211,0.5732,0.5845,0.0113,9839.36
2024-01-01T00:30:30,0.5762,0.4238,0.5676,0.5848,0.0172,5681.69
2024-01-01T00:31:00,0.5819,0.4181,0.5789,0.585,0.0061,9900.83
2024-01-01T00:31:30,0.5798,0.4202,0.5762,0.5835,0.0073,5538.31
2024-01-01T00:32:00,0.5831,0.4169,0.574,0.5922,0.0181,7544.85
2024-01-01T00:32:30,0.5755,0.4245,0.5714,0.5797,0.0083,6891.29
2024-01-01T00:33:00,0.5758,0.4242,0.5648,0.5867,0.0219,7679.15
2024-01-01T00:33:30,0.5801,0.4199,0.5695,0.5907,0.0212,5806.25
2024-01-01T00:34:00,0.5794,0.4206,0.5735,0.5854,0.0119,10319.71
2024-01-01T00:34:30,0.5821,0.4179,0.5728,0.5914,0.0186,9248.61
2024-01-01T00:35:00,0.5803,0.4197,0.5717,0.5889,0.0172,6892.05
2024-01-01T00:35:30,0.5751,0.4249,0.5673,0.5828,0.0155,10581.41
2024-01-01T00:36:00,0.5768,0.4232,0.5718,0.5817,0.0099,5255.6
2024-01-01T00:36:30,0.5824,0.4176,0.5774,0.5874,0.0101,7029.3
2024-01-01T00:37:00,0.5793,0.4207,0.5704,0.5883,0.0179,5149.1
2024-01-01T00:37:30,0.5804,0.4196,0.5768,0.5841,0.0074,9423.72
2024-01-01T00:38:00,0.5825,0.4175,0.5711,0.594,0.0229,10639.49
2024-01-01T00:38:30,0.5809,0.4191,0.57,0.5918,0.0219,10288.49
2024-01-01T00:39:00,0.58,0.42,0.5752,0.5848,0.0096,6251.96
2024-01-01T00:39:30,0.5806,0.4194,0.5716,0.5896,0.018,10711.46
2024-01-01T00:40:00,0.5817,0.4183,0.5723,0.5911,0.0188,7542.58
2024-01-01T00:40:30,0.5829,0.4171,0.575,0.5907,0.0156,9347.57
2024-01-01T00:41:00,0.5802,0.4198,0.5687,0.5917,0.023,7297.89
2024-01-01T00:41:30,0.581,0.419,0.5785,0.5835,0.005,6113.93
2024-01-01T00:42:00,0.581,0.419,0.5759,0.5861,0.0102,5915.33
2024-01-01T00:42:30,0.5802,0.4198,0.5756,0.5847,0.0092,5901.36
2024-01-01T00:43:00,0.581,0.419,0.5761,0.5858,0.0097,6703.9
2024-01-01T00:43:30,0.5759,0.4241,0.5675,0.5844,0.017,4908.3
2024-01-01T00:44:00,0.577,0.423,0.5743,0.5797,0.0054,10402.87
2024-01-01T00:44:30,0.5772,0.4228,0.5655,0.5888,0.0233,7739.0
2024-01-01T00:45:00,0.5807,0.4193,0.5778,0.5836,0.0058,4691.19
2024-01-01T00:45:30,0.5797,0.4203,0.5716,0.5879,0.0163,9723.55
2024-01-01T00:46:00,0.5799,0.4201,0.5768,0.583,0.0062,7515.15
2024-01-01T00:46:30,0.5835,0.4165,0.5768,0.5902,0.0134,7759.86
2024-01-01T00:47:00,0.5763,0.4237,0.5654,0.5871,0.0217,8067.27
2024-01-01T00:47:30,0.5785,0.4215,0.572,0.5849,0.0129,8479.13
2024-01-01T00:48:00,0.5798,0.4202,0.5772,0.5824,0.0052,9880.04
2024-01-01T00:48:30,0.5798,0.4202,0.5739,0.5857,0.0118,7601.13
2024-01-01T00:49:00,0.581,0.419,0.5782,0.5837,0.0055,7892.43
2024-01-01T00:49:30,0.5815,0.4185,0.5773,0.5857,0.0084,8313.13
2024-01-01T00:50:00,0.584,0.416,0.5781,0.59,0.0119,10127.96
2024-01-01T00:50:30,0.5831,0.4169,0.5751,0.591,0.0159,5097.12
2024-01-01T00:51:00,0.5801,0.4199,0.5702,0.59,0.0198,6804.7
2024-01-01T00:51:30,0.5793,0.4207,0.573,0.5857,0.0127,5811.89
2024-01-01T00:52:00,0.5829,0.4171,0.5742,0.5917,0.0175,4873.31
2024-01-01T00:52:30,0.5803,0.4197,0.5757,0.5848,0.0091,9160.51
2024-01-01T00:53:00,0.5776,0.4224,0.5741,0.5811,0.007,5192.75
2024-01-01T00:53:30,0.5767,0.4233,0.5661,0.5873,0.0212,4791.42
2024-01-01T00:54:00,0.582,0.418,0.5759,0.5882,0.0123,10737.52
2024-01-01T00:54:30,0.5816,0.4184,0.5729,0.5902,0.0173,8879.4
2024-01-01T00:55:00,0.5832,0.4168,0.5776,0.5887,0.0111,5086.11
2024-01-01T00:55:30,0.5804,0.4196,0.574,0.5869,0.0129,7402.68
2024-01-01T00:56:00,0.5824,0.4176,0.5793,0.5856,0.0063,8436.71
2024-01-01T00:56:30,0.5816,0.4184,0.5787,0.5844,0.0056,8155.44
2024-01-01T00:57:00,0.5807,0.4193,0.5756,0.5858,0.0102,10774.8
2024-01-01T00:57:30,0.5787,0.4213,0.5673,0.59,0.0227,8869.44
2024-01-01T00:58:00,0.5763,0.4237,0.5675,0.5852,0.0176,8339.37
2024-01-01T00:58:30,0.5746,0.4254,0.5713,0.578,0.0067,6019.64
2024-01-01T00:59:00,0.5777,0.4223,0.5703,0.5851,0.0147,5923.73
2024-01-01T00:59:30,0.5802,0.4198,0.574,0.5864,0.0123,4753.55
2024-01-01T01:00:00,0.5789,0.4211,0.5735,0.5843,0.0109,10359.88
2024-01-01T01:00:30,0.5786,0.4214,0.5703,0.5869,0.0166,10044.96
2024-01-01T01:01:00,0.5818,0.4182,0.5782,0.5854,0.0073,6769.52
2024-01-01T01:01:30,0.5808,0.4192,0.5708,0.5907,0.0199,9313.82
2024-01-01T01:02:00,0.5789,0.4211,0.5718,0.5861,0.0143,7749.71
2024-01-01T01:02:30,0.5835,0.4165,0.5789,0.5882,0.0093,7774.65
2024-01-01T01:03:00,0.5848,0.4152,0.5752,0.5943,0.0191,7700.66
2024-01-01T01:03:30,0.5797,0.4203,0.5702,0.5892,0.019,9073.14
2024-01-01T01:04:00,0.5821,0.4179,0.5709,0.5933,0.0224,8834.14
2024-01-01T01:04:30,0.5799,0.4201,0.5695,0.5903,0.0208,5609.87
2024-01-01T01:05:00,0.5817,0.4183,0.5772,0.5862,0.009,5356.5
2024-01-01T01:05:30,0.5818,0.4182,0.5735,0.5901,0.0166,10016.4
2024-01-01T01:06:00,0.5836,0.4164,0.5774,0.5898,0.0123,9961.46
2024-01-01T01:06:30,0.5798,0.4202,0.5728,0.5868,0.014,9264.69
2024-01-01T01:07:00,0.582,0.418,0.5747,0.5894,0.0147,7774.33
2024-01-01T01:07:30,0.5812,0.4188,0.5767,0.5857,0.009,7164.88
2024-01-01T01:08:00,0.5851,0.4149,0.5811,0.5891,0.0081,5295.11
2024-01-01T01:08:30,0.581,0.419,0.5775,0.5846,0.0071,10115.51
2024-01-01T01:09:00,0.5823,0.4177,0.5721,0.5925,0.0204,9584.1
2024-01-01T01:09:30,0.5813,0.4187,0.5778,0.5847,0.0069,9867.99
2024-01-01T01:10:00,0.579,0.421,0.5743,0.5838,0.0095,6603.0
2024-01-01T01:10:30,0.5794,0.4206,0.57,0.5888,0.0188,7187.57
2024-01-01T01:11:00,0.5827,0.4173,0.573,0.5923,0.0193,8376.83
2024-01-01T01:11:30,0.5817,0.4183,0.5736,0.5898,0.0161,10630.69
2024-01-01T01:12:00,0.5786,0.4214,0.5719,0.5853,0.0134,7829.72
2024-01-01T01:12:30,0.5796,0.4204,0.5697,0.5895,0.0198,6030.19
2024-01-01T01:13:00,0.5807,0.4193,0.5711,0.5903,0.0192,9885.79
2024-01-01T01:13:30,0.5771,0.4229,0.5703,0.5839,0.0137,5262.97
2024-01-01T01:14:00,0.5762,0.4238,0.5675,0.5849,0.0174,8648.67
2024-01-01T01:14:30,0.5822,0.4178,0.5727,0.5918,0.0191,9879.71
2024-01-01T01:15:00,0.5761,0.4239,0.5717,0.5805,0.0089,6123.35
2024-01-01T01:15:30,0.5759,0.4241,0.5716,0.5802,0.0085,10305.93
2024-01-01T01:16:00,0.5781,0.4219,0.5684,0.5879,0.0194,10760.93
2024-01-01T01:16:30,0.5763,0.4237,0.57,0.5827,0.0127,4924.15
2024-01-01T01:17:00,0.5803,0.4197,0.5768,0.5839,0.0071,4697.45
2024-01-01T01:17:30,0.5802,0.4198,0.5771,0.5833,0.0062,5527.67
2024-01-01T01:18:00,0.5794,0.4206,0.5711,0.5876,0.0166,6765.68
2024-01-01T01:18:30,0.5824,0.4176,0.5786,0.5862,0.0076,4994.26
2024-01-01T01:19:00,0.578,0.422,0.5732,0.5827,0.0096,7650.55
2024-01-01T01:19:30,0.5798,0.4202,0.5753,0.5843,0.009,7490.23
2024-01-01T01:20:00,0.5781,0.4219,0.5697,0.5865,0.0168,5145.18
2024-01-01T01:20:30,0.5797,0.4203,0.5736,0.5859,0.0123,7319.53
2024-01-01T01:21:00,0.5813,0.4187,0.5703,0.5924,0.0221,5590.22
2024-01-01T01:21:30,0.5775,0.4225,0.5736,0.5813,0.0077,5130.71
2024-01-01T01:22:00,0.5787,0.4213,0.5743,0.5832,0.0089,8885.78
2024-01-01T01:22:30,0.5797,0.4203,0.5763,0.583,0.0067,6404.26
2024-01-01T01:23:00,0.5828,0.4172,0.5755,0.5901,0.0146,10712.72
2024-01-01T01:23:30,0.5794,0.4206,0.5723,0.5865,0.0142,9304.95
2024-01-01T01:24:00,0.5799,0.4201,0.5765,0.5834,0.0069,6245.77
2024-01-01T01:24:30,0.5777,0.4223,0.5721,0.5833,0.0112,5420.11
2024-01-01T01:25:00,0.5765,0.4235,0.5739,0.5792,0.0053,6125.87
2024-01-01T01:25:30,0.5775,0.4225,0.5741,0.5809,0.0068,5017.1
2024-01-01T01:26:00,0.5754,0.4246,0.5717,0.579,0.0073,7911.43
2024-01-01T01:26:30,0.5794,0.4206,0.5679,0.591,0.0231,6467.06
2024-01-01T01:27:00,0.5794,0.4206,0.5716,0.5872,0.0156,7172.95
2024-01-01T01:27:30,0.5811,0.4189,0.5783,0.584,0.0057,4701.85
2024-01-01T01:28:00,0.5786,0.4214,0.5722,0.585,0.0128,7970.9
2024-01-01T01:28:30,0.5785,0.4215,0.5741,0.5829,0.0089,7071.52
2024-01-01T01:29:00,0.5792,0.4208,0.575,0.5833,0.0083,9555.77
2024-01-01T01:29:30,0.5837,0.4163,0.5728,0.5946,0.0219,5106.72
2024-01-01T01:30:00,0.5813,0.4187,0.5717,0.591,0.0193,7250.49
2024-01-01T01:30:30,0.5813,0.4187,0.5771,0.5854,0.0083,8069.36
2024-01-01T01:31:00,0.5824,0.4176,0.5716,0.5933,0.0217,7334.57
2024-01-01T01:31:30,0.5854,0.4146,0.5787,0.5921,0.0134,8853.83
2024-01-01T01:32:00,0.5851,0.4149,0.5766,0.5936,0.017,8033.82
2024-01-01T01:32:30,0.5826,0.4174,0.5751,0.5902,0.015,6370.75
2024-01-01T01:33:00,0.5818,0.4182,0.5706,0.593,0.0223,10265.61
2024-01-01T01:33:30,0.5815,0.4185,0.5733,0.5897,0.0163,10411.61
2024-01-01T01:34:00,0.5798,0.4202,0.5734,0.5862,0.0129,9842.64
2024-01-01T01:34:30,0.584,0.416,0.5809,0.5872,0.0063,9183.27
2024-01-01T01:35:00,0.5831,0.4169,0.5762,0.5899,0.0137,7617.98
2024-01-01T01:35:30,0.5823,0.4177,0.5738,0.5908,0.0169,7964.22
2024-01-01T01:36:00,0.5819,0.4181,0.5745,0.5894,0.0148,5360.75
2024-01-01T01:36:30,0.5801,0.4199,0.5722,0.5881,0.0159,7417.15
2024-01-01T01:37:00,0.5787,0.4213,0.5697,0.5878,0.0181,10743.24
2024-01-01T01:37:30,0.5786,0.4214,0.5733,0.5839,0.0106,7712.02
2024-01-01T01:38:00,0.5753,0.4247,0.5694,0.5811,0.0117,9241.2
2024-01-01T01:38:30,0.5777,0.4223,0.5676,0.5878,0.0202,7529.19
2024-01-01T01:39:00,0.5718,0.4282,0.5654,0.5782,0.0128,4922.24
2024-01-01T01:39:30,0.5758,0.4242,0.5684,0.5832,0.0149,10345.9
2024-01-01T01:40:00,0.5769,0.4231,0.5656,0.5883,0.0227,10263.3
2024-01-01T01:40:30,0.5824,0.4176,0.5747,0.59,0.0153,8712.34
2024-01-01T01:41:00,0.5833,0.4167,0.5782,0.5884,0.0102,10637.02
2024-01-01T01:41:30,0.5823,0.4177,0.577,0.5877,0.0107,5478.38
2024-01-01T01:42:00,0.5834,0.4166,0.5736,0.5931,0.0195,9549.89
2024-01-01T01:42:30,0.5797,0.4203,0.5747,0.5847,0.0099,4843.25
2024-01-01T01:43:00,0.5781,0.4219,0.5751,0.5811,0.0061,10765.91
2024-01-01T01:43:30,0.5836,0.4164,0.5759,0.5913,0.0153,8982.87
2024-01-01T01:44:00,0.5822,0.4178,0.572,0.5925,0.0205,5817.97
2024-01-01T01:44:30,0.5828,0.4172,0.5726,0.593,0.0204,5375.87
2024-01-01T01:45:00,0.5786,0.4214,0.5675,0.5896,0.0221,9729.54
2024-01-01T01:45:30,0.5798,0.4202,0.5714,0.5881,0.0167,5584.89
2024-01-01T01:46:00,0.5797,0.4203,0.5764,0.583,0.0066,6224.64
2024-01-01T01:46:30,0.5771,0.4229,0.5684,0.5858,0.0174,8094.44
2024-01-01T01:47:00,0.5792,0.4208,0.5751,0.5832,0.0082,5954.24
2024-01-01T01:47:30,0.5766,0.4234,0.5694,0.5838,0.0144,8074.4
2024-01-01T01:48:00,0.5771,0.4229,0.5717,0.5826,0.0109,8029.36
2024-01-01T01:48:30,0.5817,0.4183,0.5742,0.5892,0.015,5779.03
2024-01-01T01:49:00,0.5806,0.4194,0.5737,0.5876,0.0139,10653.76
2024-01-01T01:49:30,0.5776,0.4224,0.5687,0.5865,0.0178,6268.31
2024-01-01T01:50:00,0.5783,0.4217,0.5701,0.5865,0.0164,5886.83
2024-01-01T01:50:30,0.5779,0.4221,0.5669,0.589,0.0221,6810.05
2024-01-01T01:51:00,0.5794,0.4206,0.5708,0.5879,0.0171,6578.32
2024-01-01T01:51:30,0.5786,0.4214,0.5729,0.5844,0.0115,6360.58
2024-01-01T01:52:00,0.583,0.417,0.5774,0.5885,0.0111,5480.36
2024-01-01T01:52:30,0.5815,0.4185,0.5746,0.5884,0.0138,8956.58
2024-01-01T01:53:00,0.578,0.422,0.5754,0.5806,0.0053,5473.84
2024-01-01T01:53:30,0.5824,0.4176,0.572,0.5928,0.0209,4863.15
2024-01-01T01:54:00,0.5801,0.4199,0.5774,0.5827,0.0052,10444.26
2024-01-01T01:54:30,0.5805,0.4195,0.5731,0.5878,0.0147,9988.81
2024-01-01T01:55:00,0.5784,0.4216,0.5739,0.583,0.0091,4703.23
2024-01-01T01:55:30,0.5807,0.4193,0.5717,0.5897,0.018,4902.41
2024-01-01T01:56:00,0.581,0.419,0.5699,0.5921,0.0222,8390.48
2024-01-01T01:56:30,0.5781,0.4219,0.5709,0.5852,0.0143,7327.82
2024-01-01T01:57:00,0.5822,0.4178,0.5744,0.59,0.0156,4863.87
2024-01-01T01:57:30,0.5837,0.4163,0.5761,0.5914,0.0153,7927.29
2024-01-01T01:58:00,0.5821,0.4179,0.5705,0.5936,0.0231,10591.7
2024-01-01T01:58:30,0.5816,0.4184,0.5727,0.5905,0.0177,7685.17
2024-01-01T01:59:00,0.5827,0.4173,0.5754,0.59,0.0146,8240.42
2024-01-01T01:59:30,0.5792,0.4208,0.5751,0.5833,0.0083,8754.44
2024-01-01T02:00:00,0.5802,0.4198,0.5715,0.589,0.0175,5847.7
2024-01-01T02:00:30,0.5788,0.4212,0.5695,0.5882,0.0187,9075.39
2024-01-01T02:01:00,0.5863,0.4137,0.5766,0.596,0.0193,9171.5
2024-01-01T02:01:30,0.5817,0.4183,0.5755,0.5878,0.0123,9131.04
2024-01-01T02:02:00,0.579,0.421,0.5689,0.5891,0.0202,8600.4
2024-01-01T02:02:30,0.5793,0.4207,0.5704,0.5882,0.0178,5240.85
2024-01-01T02:03:00,0.5794,0.4206,0.57,0.5888,0.0188,7919.57
2024-01-01T02:03:30,0.5784,0.4216,0.57,0.5869,0.0169,5303.81
2024-01-01T02:04:00,0.5783,0.4217,0.5711,0.5855,0.0144,9272.95
2024-01-01T02:04:30,0.5812,0.4188,0.5774,0.585,0.0076,8703.11
2024-01-01T02:05:00,0.5773,0.4227,0.5684,0.5863,0.0178,7128.4
2024-01-01T02:05:30,0.5805,0.4195,0.5706,0.5903,0.0197,6397.82
2024-01-01T02:06:00,0.5778,0.4222,0.5742,0.5814,0.0073,7581.32
2024-01-01T02:06:30,0.5754,0.4246,0.5726,0.5782,0.0056,5704.93
2024-01-01T02:07:00,0.5785,0.4215,0.5721,0.585,0.0129,9934.82
2024-01-01T02:07:30,0.5795,0.4205,0.5726,0.5865,0.0139,7806.15
2024-01-01T02:08:00,0.5751,0.4249,0.57,0.5803,0.0103,5948.66
2024-01-01T02:08:30,0.5757,0.4243,0.5673,0.5841,0.0169,5136.87
2024-01-01T02:09:00,0.578,0.422,0.568,0.588,0.0199,10076.49
2024-01-01T02:09:30,0.5782,0.4218,0.5687,0.5876,0.0189,10054.45
2024-01-01T02:10:00,0.577,0.423,0.5722,0.5818,0.0096,7630.59
2024-01-01T02:10:30,0.5747,0.4253,0.5668,0.5827,0.0158,4950.95
2024-01-01T02:11:00,0.5766,0.4234,0.5708,0.5824,0.0116,6506.05
2024-01-01T02:11:30,0.5762,0.4238,0.5686,0.5838,0.0152,9151.51
2024-01-01T02:12:00,0.5772,0.4228,0.5723,0.582,0.0097,7081.86
2024-01-01T02:12:30,0.5757,0.4243,0.5688,0.5825,0.0137,6578.14
2024-01-01T02:13:00,0.5778,0.4222,0.5734,0.5821,0.0087,9505.67
2024-01-01T02:13:30,0.5806,0.4194,0.5773,0.5839,0.0067,7843.89
2024-01-01T02:14:00,0.5809,0.4191,0.5746,0.5872,0.0127,5111.41
2024-01-01T02:14:30,0.582,0.418,0.5753,0.5888,0.0135,7405.56
2024-01-01T02:15:00,0.5828,0.4172,0.5778,0.5877,0.0099,9241.44
2024-01-01T02:15:30,0.5832,0.4168,0.5784,0.588,0.0096,6238.17
2024-01-01T02:16:00,0.5841,0.4159,0.5811,0.5872,0.006,7850.78
2024-01-01T02:16:30,0.5822,0.4178,0.5779,0.5865,0.0086,7285.09
2024-01-01T02:17:00,0.582,0.418,0.573,0.591,0.018,6740.24
2024-01-01T02:17:30,0.5815,0.4185,0.579,0.584,0.005,6673.47
2024-01-01T02:18:00,0.5759,0.4241,0.5666,0.5852,0.0187,5335.39
2024-01-01T02:18:30,0.5813,0.4187,0.5762,0.5863,0.0101,4808.8
2024-01-01T02:19:00,0.5769,0.4231,0.5684,0.5855,0.0171,7147.39
2024-01-01T02:19:30,0.5795,0.4205,0.5706,0.5884,0.0178,7821.82
2024-01-01T02:20:00,0.5774,0.4226,0.5667,0.588,0.0213,7330.98
2024-01-01T02:20:30,0.5802,0.4198,0.573,0.5873,0.0143,4962.77
2024-01-01T02:21:00,0.5796,0.4204,0.5696,0.5895,0.02,5795.27
2024-01-01T02:21:30,0.583,0.417,0.5789,0.5871,0.0082,9385.75
2024-01-01T02:22:00,0.5771,0.4229,0.5667,0.5876,0.0208,9388.63
2024-01-01T02:22:30,0.5795,0.4205,0.5682,0.5908,0.0226,7232.23
2024-01-01T02:23:00,0.5793,0.4207,0.5731,0.5855,0.0124,6838.06
2024-01-01T02:23:30,0.5774,0.4226,0.5661,0.5887,0.0226,10420.86
2024-01-01T02:24:00,0.5796,0.4204,0.5686,0.5907,0.0221,6797.64
2024-01-01T02:24:30,0.5788,0.4212,0.5678,0.5898,0.0219,8623.56
2024-01-01T02:25:00,0.581,0.419,0.5765,0.5854,0.0089,9222.92
2024-01-01T02:25:30,0.5803,0.4197,0.5757,0.585,0.0092,8666.31
2024-01-01T02:26:00,0.5774,0.4226,0.5726,0.5822,0.0096,9616.35
2024-01-01T02:26:30,0.5783,0.4217,0.5699,0.5868,0.0169,8728.3
2024-01-01T02:27:00,0.5813,0.4187,0.573,0.5895,0.0165,10606.82
2024-01-01T02:27:30,0.5763,0.4237,0.5726,0.5801,0.0075,8004.63
2024-01-01T02:28:00,0.5823,0.4177,0.5778,0.5868,0.009,9981.7
2024-01-01T02:28:30,0.5772,0.4228,0.5719,0.5824,0.0105,10837.48
2024-01-01T02:29:00,0.577,0.423,0.5654,0.5886,0.0232,10061.15
2024-01-01T02:29:30,0.5751,0.4249,0.5722,0.5781,0.0059,6710.34
2024-01-01T02:30:00,0.5732,0.4268,0.5693,0.5772,0.0079,5592.71
2024-01-01T02:30:30,0.5764,0.4236,0.5654,0.5875,0.0221,10368.67
2024-01-01T02:31:00,0.5776,0.4224,0.5742,0.581,0.0068,9548.92
2024-01-01T02:31:30,0.5776,0.4224,0.5716,0.5835,0.012,8998.45
2024-01-01T02:32:00,0.5768,0.4232,0.5707,0.5829,0.0121,9137.55
2024-01-01T02:32:30,0.5781,0.4219,0.5696,0.5865,0.0169,9118.23
2024-01-01T02:33:00,0.5806,0.4194,0.5778,0.5834,0.0056,7977.66
2024-01-01T02:33:30,0.5858,0.4142,0.5805,0.591,0.0106,9255.85
2024-01-01T02:34:00,0.5823,0.4177,0.5769,0.5877,0.0107,4930.05
2024-01-01T02:34:30,0.5828,0.4172,0.5785,0.5872,0.0086,5380.94
2024-01-01T02:35:00,0.5818,0.4182,0.576,0.5876,0.0116,5066.04
2024-01-01T02:35:30,0.582,0.418,0.5719,0.5922,0.0203,9477.39
2024-01-01T02:36:00,0.5802,0.4198,0.5688,0.5916,0.0228,8651.87
2024-01-01T02:36:30,0.5788,0.4212,0.5764,0.5812,0.0048,5122.11
2024-01-01T02:37:00,0.5753,0.4247,0.5667,0.584,0.0174,7878.86
2024-01-01T02:37:30,0.5782,0.4218,0.5752,0.5812,0.006,9579.44
2024-01-01T02:38:00,0.5817,0.4183,0.5706,0.5927,0.0221,4932.27
2024-01-01T02:38:30,0.5775,0.4225,0.5682,0.5868,0.0186,6362.2
2024-01-01T02:39:00,0.5803,0.4197,0.5727,0.588,0.0153,9825.33
2024-01-01T02:39:30,0.5777,0.4223,0.5677,0.5877,0.02,6844.48
2024-01-01T02:40:00,0.5802,0.4198,0.5777,0.5827,0.005,6566.87
2024-01-01T02:40:30,0.5781,0.4219,0.573,0.5833,0.0103,5597.74
2024-01-01T02:41:00,0.5822,0.4178,0.5732,0.5912,0.0179,6084.64
2024-01-01T02:41:30,0.5813,0.4187,0.573,0.5896,0.0166,9157.82
2024-01-01T02:42:00,0.5797,0.4203,0.5751,0.5842,0.0091,8618.78
2024-01-01T02:42:30,0.5788,0.4212,0.5696,0.5881,0.0186,7703.27
2024-01-01T02:43:00,0.5813,0.4187,0.5731,0.5894,0.0163,8025.45
2024-01-01T02:43:30,0.5772,0.4228,0.5703,0.5842,0.0139,9693.26
2024-01-01T02:44:00,0.5796,0.4204,0.5736,0.5857,0.0121,5778.2
2024-01-01T02:44:30,0.5781,0.4219,0.5684,0.5878,0.0194,8750.03
2024-01-01T02:45:00,0.5826,0.4174,0.5799,0.5853,0.0053,5893.72
2024-01-01T02:45:30,0.5775,0.4225,0.5665,0.5885,0.022,10631.92
2024-01-01T02:46:00,0.5725,0.4275,0.5634,0.5816,0.0182,9342.06
2024-01-01T02:46:30,0.568,0.432,0.5585,0.5775,0.019,7407.88
2024-01-01T02:47:00,0.5651,0.4349,0.5543,0.5759,0.0216,8882.02
2024-01-01T02:47:30,0.5675,0.4325,0.5605,0.5745,0.0141,7799.77
2024-01-01T02:48:00,0.5636,0.4364,0.5583,0.5689,0.0106,7999.29
2024-01-01T02:48:30,0.5601,0.4399,0.5562,0.5641,0.0079,5579.89
2024-01-01T02:49:00,0.5604,0.4396,0.5515,0.5692,0.0177,10864.61
2024-01-01T02:49:30,0.5603,0.4397,0.5514,0.5692,0.0177,9939.33
2024-01-01T02:50:00,0.561,0.439,0.5572,0.5648,0.0076,7442.33
2024-01-01T02:50:30,0.5549,0.4451,0.5455,0.5643,0.0188,6127.07
2024-01-01T02:51:00,0.5553,0.4447,0.5454,0.5651,0.0197,4951.35
2024-01-01T02:51:30,0.5496,0.4504,0.5421,0.5571,0.015,8492.38
2024-01-01T02:52:00,0.5489,0.4511,0.5445,0.5532,0.0087,10964.05
2024-01-01T02:52:30,0.5449,0.4551,0.5348,0.5551,0.0204,11012.02
2024-01-01T02:53:00,0.5448,0.4552,0.5372,0.5525,0.0154,10387.45
2024-01-01T02:53:30,0.5413,0.4587,0.5369,0.5456,0.0087,6626.14
2024-01-01T02:54:00,0.5376,0.4624,0.5297,0.5456,0.0159,8392.51
2024-01-01T02:54:30,0.5359,0.4641,0.5308,0.541,0.0102,8860.26
2024-01-01T02:55:00,0.5358,0.4642,0.5288,0.5427,0.0139,9920.3
2024-01-01T02:55:30,0.53,0.47,0.5184,0.5417,0.0232,6696.26
2024-01-01T02:56:00,0.5288,0.4712,0.5201,0.5376,0.0174,11674.82
2024-01-01T02:56:30,0.5294,0.4706,0.5214,0.5373,0.0159,10882.04
2024-01-01T02:57:00,0.5296,0.4704,0.5183,0.5408,0.0226,8063.18
2024-01-01T02:57:30,0.5249,0.4751,0.5209,0.5289,0.008,7575.0
2024-01-01T02:58:00,0.5219,0.4781,0.5184,0.5253,0.007,9852.33
2024-01-01T02:58:30,0.5207,0.4793,0.518,0.5234,0.0054,11090.08
2024-01-01T02:59:00,0.5186,0.4814,0.5113,0.5259,0.0147,11153.62
2024-01-01T02:59:30,0.5135,0.4865,0.5043,0.5227,0.0185,8462.45
2024-01-01T03:00:00,0.5173,0.4827,0.5093,0.5253,0.0161,5947.56
2024-01-01T03:00:30,0.5129,0.4871,0.501,0.5249,0.0239,11475.09
2024-01-01T03:01:00,0.5092,0.4908,0.5055,0.5128,0.0073,8821.82
2024-01-01T03:01:30,0.508,0.492,0.4998,0.5162,0.0164,5705.37
2024-01-01T03:02:00,0.5076,0.4924,0.498,0.5172,0.0192,11217.99
2024-01-01T03:02:30,0.5055,0.4945,0.4939,0.517,0.023,12015.55
2024-01-01T03:03:00,0.504,0.496,0.4927,0.5153,0.0225,7436.38
2024-01-01T03:03:30,0.4992,0.5008,0.4945,0.5039,0.0093,11125.07
2024-01-01T03:04:00,0.4992,0.5008,0.4897,0.5087,0.019,11753.15
2024-01-01T03:04:30,0.4964,0.5036,0.4898,0.5029,0.0131,5800.86
2024-01-01T03:05:00,0.4941,0.5059,0.4842,0.504,0.0198,12426.76
2024-01-01T03:05:30,0.4926,0.5074,0.4882,0.4969,0.0087,6667.87
2024-01-01T03:06:00,0.4859,0.5141,0.4799,0.492,0.0121,11786.64
2024-01-01T03:06:30,0.4893,0.5107,0.4862,0.4924,0.0062,10178.79
2024-01-01T03:07:00,0.4833,0.5167,0.48,0.4866,0.0066,11068.81
2024-01-01T03:07:30,0.4816,0.5184,0.4777,0.4856,0.0078,9099.8
2024-01-01T03:08:00,0.4797,0.5203,0.4679,0.4916,0.0238,11829.91
2024-01-01T03:08:30,0.4763,0.5237,0.4687,0.484,0.0152,10772.82
2024-01-01T03:09:00,0.4743,0.5257,0.4655,0.4832,0.0177,5362.45
2024-01-01T03:09:30,0.4711,0.5289,0.4626,0.4795,0.0169,11419.01
2024-01-01T03:10:00,0.467,0.533,0.4601,0.4739,0.0138,9705.92
2024-01-01T03:10:30,0.4701,0.5299,0.4676,0.4726,0.0049,11831.21
2024-01-01T03:11:00,0.4645,0.5355,0.4598,0.4693,0.0095,6117.23
2024-01-01T03:11:30,0.4672,0.5328,0.46,0.4743,0.0143,7040.24
2024-01-01T03:12:00,0.4595,0.5405,0.4542,0.4648,0.0106,6420.25
2024-01-01T03:12:30,0.4621,0.5379,0.4501,0.4742,0.0241,7524.7
2024-01-01T03:13:00,0.4598,0.5402,0.4515,0.468,0.0165,6137.9
2024-01-01T03:13:30,0.4567,0.5433,0.4453,0.4681,0.0228,8327.02
2024-01-01T03:14:00,0.4551,0.5449,0.4477,0.4624,0.0147,5431.81
2024-01-01T03:14:30,0.4558,0.5442,0.4449,0.4667,0.0218,10494.56
2024-01-01T03:15:00,0.4509,0.5491,0.4437,0.458,0.0143,9974.58
2024-01-01T03:15:30,0.4471,0.5529,0.4438,0.4504,0.0065,8249.3
2024-01-01T03:16:00,0.4468,0.5532,0.4376,0.456,0.0184,5642.29
2024-01-01T03:16:30,0.4451,0.5549,0.4407,0.4494,0.0087,6694.06
2024-01-01T03:17:00,0.4401,0.5599,0.4337,0.4465,0.0127,11092.39
2024-01-01T03:17:30,0.4407,0.5593,0.4346,0.4469,0.0123,10920.29
2024-01-01T03:18:00,0.44,0.56,0.4365,0.4435,0.007,8439.92
2024-01-01T03:18:30,0.4339,0.5661,0.4285,0.4393,0.0108,8072.88
2024-01-01T03:19:00,0.4331,0.5669,0.4301,0.4361,0.006,10257.03
2024-01-01T03:19:30,0.43,0.57,0.4199,0.4402,0.0203,8873.99
2024-01-01T03:20:00,0.4273,0.5727,0.4222,0.4324,0.0102,9239.96
2024-01-01T03:20:30,0.4282,0.5718,0.4244,0.432,0.0076,8941.24
2024-01-01T03:21:00,0.4274,0.5726,0.4169,0.438,0.0211,8309.62
2024-01-01T03:21:30,0.4211,0.5789,0.4145,0.4276,0.0131,9200.46
2024-01-01T03:22:00,0.4243,0.5757,0.4143,0.4343,0.02,10321.38
2024-01-01T03:22:30,0.4224,0.5776,0.4145,0.4304,0.0159,6345.61
2024-01-01T03:23:00,0.4197,0.5803,0.409,0.4304,0.0214,10150.46
2024-01-01T03:23:30,0.4136,0.5864,0.4072,0.42,0.0128,5272.03
2024-01-01T03:24:00,0.4099,0.5901,0.4074,0.4124,0.0051,9258.85
2024-01-01T03:24:30,0.4092,0.5908,0.4026,0.4159,0.0134,5902.63
2024-01-01T03:25:00,0.4075,0.5925,0.3991,0.4159,0.0168,10150.27
2024-01-01T03:25:30,0.4088,0.5912,0.3976,0.42,0.0224,6829.81
2024-01-01T03:26:00,0.4034,0.5966,0.3953,0.4114,0.0161,6109.93
2024-01-01T03:26:30,0.401,0.599,0.3948,0.4072,0.0125,5623.24
2024-01-01T03:27:00,0.4014,0.5986,0.3927,0.4101,0.0174,8845.99
2024-01-01T03:27:30,0.4004,0.5996,0.3934,0.4075,0.014,6206.15
2024-01-01T03:28:00,0.3971,0.6029,0.3899,0.4042,0.0143,6067.97
2024-01-01T03:28:30,0.3918,0.6082,0.3853,0.3983,0.013,4952.4
2024-01-01T03:29:00,0.392,0.608,0.3875,0.3965,0.009,7510.68
2024-01-01T03:29:30,0.3882,0.6118,0.3812,0.3952,0.014,9452.53
2024-01-01T03:30:00,0.3895,0.6105,0.3805,0.3985,0.018,9858.22
2024-01-01T03:30:30,0.3841,0.6159,0.3749,0.3932,0.0183,6409.84
2024-01-01T03:31:00,0.3821,0.6179,0.3766,0.3875,0.0109,5224.77
2024-01-01T03:31:30,0.3766,0.6234,0.3726,0.3805,0.0079,6272.2
2024-01-01T03:32:00,0.3788,0.6212,0.3743,0.3834,0.0091,9257.41
2024-01-01T03:32:30,0.3732,0.6268,0.3668,0.3796,0.0129,5678.96
2024-01-01T03:33:00,0.3762,0.6238,0.3673,0.3851,0.0177,4939.84
2024-01-01T03:33:30,0.3705,0.6295,0.3672,0.3737,0.0064,6268.9
2024-01-01T03:34:00,0.3669,0.6331,0.3614,0.3723,0.0108,4930.64
2024-01-01T03:34:30,0.3659,0.6341,0.3575,0.3743,0.0167,5867.56
2024-01-01T03:35:00,0.3643,0.6357,0.3617,0.3669,0.0051,4567.58
2024-01-01T03:35:30,0.3615,0.6385,0.3589,0.3641,0.0052,9422.82
2024-01-01T03:36:00,0.3603,0.6397,0.3556,0.3649,0.0093,5935.64
2024-01-01T03:36:30,0.3586,0.6414,0.3547,0.3624,0.0077,9420.17
2024-01-01T03:37:00,0.3584,0.6416,0.3546,0.3622,0.0077,6098.42
2024-01-01T03:37:30,0.3531,0.6469,0.3481,0.3581,0.01,7592.82
2024-01-01T03:38:00,0.3515,0.6485,0.3477,0.3553,0.0076,5457.01
2024-01-01T03:38:30,0.3499,0.6501,0.3429,0.3569,0.0141,5035.72
2024-01-01T03:39:00,0.3459,0.6541,0.3426,0.3493,0.0067,4354.05
2024-01-01T03:39:30,0.3484,0.6516,0.3434,0.3535,0.0101,6507.39
2024-01-01T03:40:00,0.3405,0.6595,0.3302,0.3507,0.0205,4838.55
2024-01-01T03:40:30,0.3397,0.6603,0.3328,0.3467,0.0138,4223.88
2024-01-01T03:41:00,0.3387,0.6613,0.3355,0.3418,0.0063,6711.88
2024-01-01T03:41:30,0.3347,0.6653,0.3262,0.3432,0.017,8661.04
2024-01-01T03:42:00,0.3336,0.6664,0.327,0.3401,0.0132,6588.65
2024-01-01T03:42:30,0.335,0.665,0.3318,0.3382,0.0064,5378.84
2024-01-01T03:43:00,0.3322,0.6678,0.3248,0.3396,0.0148,6123.06
2024-01-01T03:43:30,0.3321,0.6679,0.3238,0.3404,0.0167,6828.05
2024-01-01T03:44:00,0.3284,0.6716,0.3238,0.333,0.0092,6282.77
2024-01-01T03:44:30,0.3259,0.6741,0.3209,0.3309,0.01,6569.93
2024-01-01T03:45:00,0.3191,0.6809,0.315,0.3232,0.0081,6207.66
2024-01-01T03:45:30,0.3175,0.6825,0.3103,0.3246,0.0143,4506.42
2024-01-01T03:46:00,0.3183,0.6817,0.312,0.3246,0.0126,4347.52
2024-01-01T03:46:30,0.3152,0.6848,0.3104,0.3201,0.0096,7672.76
2024-01-01T03:47:00,0.3164,0.6836,0.3074,0.3253,0.0179,7646.61
2024-01-01T03:47:30,0.3108,0.6892,0.3087,0.313,0.0043,4626.35
2024-01-01T03:48:00,0.3103,0.6897,0.3007,0.32,0.0193,6305.27
2024-01-01T03:48:30,0.305,0.695,0.3017,0.3083,0.0066,5474.94
2024-01-01T03:49:00,0.3045,0.6955,0.3,0.3091,0.0091,7273.57
2024-01-01T03:49:30,0.3011,0.6989,0.2922,0.31,0.0178,4721.15
2024-01-01T03:50:00,0.3007,0.6993,0.2942,0.3073,0.0131,4872.8
2024-01-01T03:50:30,0.2968,0.7032,0.2882,0.3054,0.0172,5015.58
2024-01-01T03:51:00,0.295,0.705,0.2882,0.3017,0.0135,4371.16
2024-01-01T03:51:30,0.2927,0.7073,0.284,0.3014,0.0175,6049.4
2024-01-01T03:52:00,0.2916,0.7084,0.2859,0.2974,0.0115,5369.22
2024-01-01T03:52:30,0.29,0.71,0.2857,0.2942,0.0085,3905.1
2024-01-01T03:53:00,0.2867,0.7133,0.2815,0.292,0.0105,6020.61
2024-01-01T03:53:30,0.2832,0.7168,0.276,0.2905,0.0145,3472.8
2024-01-01T03:54:00,0.11,0.89,0.1059,0.1141,0.0082,2444.96
2024-01-01T03:54:30,0.1012,0.8988,0.0973,0.1052,0.0079,1839.97
2024-01-01T03:55:00,0.0947,0.9053,0.0885,0.1008,0.0124,1631.84
2024-01-01T03:55:30,0.0868,0.9132,0.0824,0.0911,0.0088,2957.58
2024-01-01T03:56:00,0.0836,0.9164,0.078,0.0892,0.0112,1523.78
2024-01-01T03:56:30,0.0788,0.9212,0.0766,0.081,0.0044,2145.33
2024-01-01T03:57:00,0.0785,0.9215,0.0711,0.0858,0.0147,2159.62
2024-01-01T03:57:30,0.0751,0.9249,0.068,0.0823,0.0143,1939.45
2024-01-01T03:58:00,0.0757,0.9243,0.0694,0.0819,0.0125,1502.82
2024-01-01T03:58:30,0.0707,0.9293,0.0652,0.0762,0.011,2600.91
2024-01-01T03:59:00,0.067,0.933,0.0596,0.0743,0.0147,2423.88
2024-01-01T03:59:30,0.0689,0.9311,0.0622,0.0756,0.0134,1930.16
2024-01-01T04:00:00,0.0638,0.9362,0.0562,0.0714,0.0152,1323.54
2024-01-01T04:00:30,0.0609,0.9391,0.055,0.0669,0.0119,1927.21
2024-01-01T04:01:00,0.0556,0.9444,0.0505,0.0607,0.0102,1495.85
2024-01-01T04:01:30,0.0579,0.9421,0.0527,0.0631,0.0104,1721.56
2024-01-01T04:02:00,0.0521,0.9479,0.0453,0.0589,0.0136,1657.47
2024-01-01T04:02:30,0.0525,0.9475,0.0497,0.0553,0.0056,2544.74
2024-01-01T04:03:00,0.0521,0.9479,0.0477,0.0564,0.0088,1872.89
2024-01-01T04:03:30,0.0502,0.9498,0.0433,0.0571,0.0138,1910.22
2024-01-01T04:04:00,0.0525,0.9475,0.0478,0.0571,0.0094,2144.05
2024-01-01T04:04:30,0.0515,0.9485,0.0481,0.0549,0.0067,1316.67
2024-01-01T04:05:00,0.0515,0.9485,0.0455,0.0575,0.012,1581.14
2024-01-01T04:05:30,0.0509,0.9491,0.0473,0.0546,0.0072,1856.33
2024-01-01T04:06:00,0.0537,0.9463,0.0477,0.0597,0.012,2489.4
2024-01-01T04:06:30,0.0515,0.9485,0.049,0.054,0.005,2137.0
2024-01-01T04:07:00,0.0482,0.9518,0.0409,0.0554,0.0145,1536.96
2024-01-01T04:07:30,0.0501,0.9499,0.0438,0.0563,0.0126,1266.69
2024-01-01T04:08:00,0.0508,0.9492,0.0456,0.056,0.0104,1669.19
2024-01-01T04:08:30,0.052,0.948,0.049,0.055,0.006,2400.76
2024-01-01T04:09:00,0.0481,0.9519,0.0455,0.0506,0.0051,2460.34
2024-01-01T04:09:30,0.0467,0.9533,0.0404,0.053,0.0126,2023.7
2024-01-01T04:10:00,0.0498,0.9502,0.0428,0.0568,0.014,2495.85
2024-01-01T04:10:30,0.0524,0.9476,0.0502,0.0546,0.0044,1327.6
2024-01-01T04:11:00,0.0495,0.9505,0.0465,0.0525,0.0059,1999.55
2024-01-01T04:11:30,0.0507,0.9493,0.0441,0.0574,0.0133,1247.93
2024-01-01T04:12:00,0.047,0.953,0.0401,0.0539,0.0139,2108.68
2024-01-01T04:12:30,0.0512,0.9488,0.0495,0.0529,0.0035,1568.6
2024-01-01T04:13:00,0.0468,0.9532,0.042,0.0515,0.0095,2333.81
2024-01-01T04:13:30,0.0501,0.9499,0.0437,0.0565,0.0128,1672.23
2024-01-01T04:14:00,0.0504,0.9496,0.0474,0.0534,0.006,1760.41
2024-01-01T04:14:30,0.0533,0.9467,0.0496,0.057,0.0074,2484.92
2024-01-01T04:15:00,0.0506,0.9494,0.0487,0.0525,0.0039,2373.65
2024-01-01T04:15:30,0.0545,0.9455,0.052,0.0569,0.0049,1513.37
2024-01-01T04:16:00,0.0526,0.9474,0.0483,0.057,0.0088,2015.23
2024-01-01T04:16:30,0.0521,0.9479,0.0479,0.0563,0.0084,2543.43
2024-01-01T04:17:00,0.0519,0.9481,0.0478,0.056,0.0082,1633.54
2024-01-01T04:17:30,0.0512,0.9488,0.0486,0.0537,0.0051,2028.84
2024-01-01T04:18:00,0.0494,0.9506,0.0471,0.0517,0.0046,1762.13
2024-01-01T04:18:30,0.0506,0.9494,0.0457,0.0554,0.0097,2151.69
2024-01-01T04:19:00,0.0497,0.9503,0.0448,0.0546,0.0097,1325.74
2024-01-01T04:19:30,0.0505,0.9495,0.0468,0.0542,0.0075,2477.39
2024-01-01T04:20:00,0.052,0.948,0.0454,0.0586,0.0132,1809.92
2024-01-01T04:20:30,0.054,0.946,0.0479,0.0601,0.0123,1913.94
2024-01-01T04:21:00,0.0511,0.9489,0.0446,0.0576,0.013,1594.56
2024-01-01T04:21:30,0.0507,0.9493,0.0458,0.0556,0.0098,2287.21
2024-01-01T04:22:00,0.0483,0.9517,0.0419,0.0546,0.0127,1472.95
2024-01-01T04:22:30,0.048,0.952,0.045,0.0509,0.0059,2317.6
2024-01-01T04:23:00,0.0508,0.9492,0.048,0.0536,0.0056,2258.72
2024-01-01T04:23:30,0.0508,0.9492,0.0481,0.0535,0.0054,1439.8
2024-01-01T04:24:00,0.0468,0.9532,0.0449,0.0488,0.0039,1125.75
2024-01-01T04:24:30,0.0483,0.9517,0.0466,0.05,0.0034,1120.18
2024-01-01T04:25:00,0.0491,0.9509,0.0463,0.0518,0.0055,1868.65
2024-01-01T04:25:30,0.0502,0.9498,0.0458,0.0546,0.0088,2037.68
2024-01-01T04:26:00,0.0493,0.9507,0.0474,0.0512,0.0038,1194.65
2024-01-01T04:26:30,0.0489,0.9511,0.0447,0.0532,0.0086,1853.87
2024-01-01T04:27:00,0.0494,0.9506,0.0452,0.0537,0.0085,1158.83
2024-01-01T04:27:30,0.0489,0.9511,0.0463,0.0515,0.0052,1955.33
2024-01-01T04:28:00,0.0495,0.9505,0.0452,0.0538,0.0086,1147.84
2024-01-01T04:28:30,0.0505,0.9495,0.046,0.055,0.009,1773.28
2024-01-01T04:29:00,0.0499,0.9501,0.0439,0.0559,0.012,2230.07
2024-01-01T04:29:30,0.0537,0.9463,0.0508,0.0565,0.0056,2520.73
2024-01-01T04:30:00,0.0563,0.9437,0.0525,0.0601,0.0076,1635.96
2024-01-01T04:30:30,0.0537,0.9463,0.0484,0.059,0.0105,1633.64
2024-01-01T04:31:00,0.0506,0.9494,0.0466,0.0546,0.008,1249.81
2024-01-01T04:31:30,0.0525,0.9475,0.047,0.058,0.011,2018.46
2024-01-01T04:32:00,0.0514,0.9486,0.0451,0.0578,0.0128,1234.22
2024-01-01T04:32:30,0.0496,0.9504,0.0466,0.0526,0.006,1522.91
2024-01-01T04:33:00,0.0526,0.9474,0.0484,0.0567,0.0083,1576.1
2024-01-01T04:33:30,0.0497,0.9503,0.0437,0.0557,0.012,1224.07
2024-01-01T04:34:00,0.052,0.948,0.0495,0.0544,0.0049,1431.28
2024-01-01T04:34:30,0.0495,0.9505,0.0447,0.0543,0.0096,1780.88
2024-01-01T04:35:00,0.0501,0.9499,0.0448,0.0554,0.0106,1496.28
2024-01-01T04:35:30,0.0476,0.9524,0.041,0.0542,0.0132,1337.44
2024-01-01T04:36:00,0.0482,0.9518,0.044,0.0523,0.0083,1452.95
2024-01-01T04:36:30,0.0483,0.9517,0.0443,0.0524,0.0081,2093.17
2024-01-01T04:37:00,0.0482,0.9518,0.0436,0.0528,0.0092,1917.05
2024-01-01T04:37:30,0.0487,0.9513,0.0431,0.0543,0.0112,1912.31
2024-01-01T04:38:00,0.0479,0.9521,0.0415,0.0544,0.0129,1645.79
2024-01-01T04:38:30,0.0482,0.9518,0.0431,0.0533,0.0102,1778.81
2024-01-01T04:39:00,0.0479,0.9521,0.0418,0.054,0.0122,2214.86
2024-01-01T04:39:30,0.0506,0.9494,0.0473,0.0538,0.0066,2371.14
2024-01-01T04:40:00,0.0506,0.9494,0.045,0.0563,0.0113,1195.84
2024-01-01T04:40:30,0.0481,0.9519,0.0412,0.055,0.0138,1308.74
2024-01-01T04:41:00,0.0467,0.9533,0.0397,0.0538,0.014,2101.2
2024-01-01T04:41:30,0.0447,0.9553,0.042,0.0475,0.0055,1458.91
2024-01-01T04:42:00,0.0499,0.9501,0.0449,0.0549,0.01,1541.52
2024-01-01T04:42:30,0.0487,0.9513,0.044,0.0534,0.0095,1190.47
2024-01-01T04:43:00,0.0449,0.9551,0.0412,0.0487,0.0075,2404.17
2024-01-01T04:43:30,0.0461,0.9539,0.039,0.0532,0.0142,1065.41
2024-01-01T04:44:00,0.0438,0.9562,0.0422,0.0454,0.0033,1797.17
2024-01-01T04:44:30,0.0454,0.9546,0.0382,0.0527,0.0145,1460.0
2024-01-01T04:45:00,0.0461,0.9539,0.0391,0.0531,0.0141,2404.98
2024-01-01T04:45:30,0.0504,0.9496,0.0436,0.0571,0.0135,1562.88
2024-01-01T04:46:00,0.0512,0.9488,0.0479,0.0545,0.0065,2180.65
2024-01-01T04:46:30,0.0497,0.9503,0.0448,0.0547,0.01,1982.79
2024-01-01T04:47:00,0.0517,0.9483,0.0495,0.0539,0.0044,1419.15
2024-01-01T04:47:30,0.0482,0.9518,0.0424,0.054,0.0117,1525.6
2024-01-01T04:48:00,0.0468,0.9532,0.0405,0.0531,0.0127,1173.04
2024-01-01T04:48:30,0.047,0.953,0.0414,0.0525,0.0111,1195.82
2024-01-01T04:49:00,0.0474,0.9526,0.0409,0.0538,0.0129,1719.59
2024-01-01T04:49:30,0.0491,0.9509,0.0473,0.0509,0.0036,1730.91
2024-01-01T04:50:00,0.0483,0.9517,0.046,0.0506,0.0046,1316.29
2024-01-01T04:50:30,0.0495,0.9505,0.0427,0.0562,0.0135,1110.21
2024-01-01T04:51:00,0.0535,0.9465,0.0464,0.0606,0.0142,2422.59
2024-01-01T04:51:30,0.0537,0.9463,0.0491,0.0583,0.0092,2045.36
2024-01-01T04:52:00,0.0509,0.9491,0.0484,0.0534,0.0049,2361.17
2024-01-01T04:52:30,0.0492,0.9508,0.0462,0.0522,0.006,2284.46
2024-01-01T04:53:00,0.0489,0.9511,0.0432,0.0546,0.0114,1076.77
2024-01-01T04:53:30,0.0472,0.9528,0.0401,0.0543,0.0142,1385.99
2024-01-01T04:54:00,0.0458,0.9542,0.0429,0.0487,0.0059,1353.4
2024-01-01T04:54:30,0.0467,0.9533,0.0426,0.0509,0.0083,2417.35
2024-01-01T04:55:00,0.0507,0.9493,0.0439,0.0574,0.0135,1471.57
2024-01-01T04:55:30,0.0505,0.9495,0.0473,0.0536,0.0063,1388.41
2024-01-01T04:56:00,0.0521,0.9479,0.0499,0.0544,0.0045,1892.9
2024-01-01T04:56:30,0.0504,0.9496,0.0446,0.0563,0.0116,1157.92
2024-01-01T04:57:00,0.0502,0.9498,0.0437,0.0567,0.013,1629.39
2024-01-01T04:57:30,0.0443,0.9557,0.041,0.0476,0.0066,1621.81
2024-01-01T04:58:00,0.0478,0.9522,0.0441,0.0514,0.0073,1636.19
2024-01-01T04:58:30,0.0485,0.9515,0.044,0.053,0.0089,1852.76
2024-01-01T04:59:00,0.0476,0.9524,0.0417,0.0536,0.0119,2112.61
2024-01-01T04:59:30,0.0497,0.9503,0.0481,0.0513,0.0032,1658.87
2024-01-01T05:00:00,0.0492,0.9508,0.0421,0.0563,0.0142,1569.97
2024-01-01T05:00:30,0.0486,0.9514,0.0471,0.0501,0.0031,1562.21
2024-01-01T05:01:00,0.0531,0.9469,0.0494,0.0568,0.0074,1747.96
2024-01-01T05:01:30,0.054,0.946,0.0515,0.0565,0.005,1519.55
2024-01-01T05:02:00,0.0504,0.9496,0.0434,0.0574,0.014,2352.21
2024-01-01T05:02:30,0.0542,0.9458,0.0512,0.0572,0.0061,1345.91
2024-01-01T05:03:00,0.0497,0.9503,0.0478,0.0516,0.0038,1109.67
2024-01-01T05:03:30,0.0526,0.9474,0.0505,0.0547,0.0043,1588.74
2024-01-01T05:04:00,0.0505,0.9495,0.0434,0.0576,0.0142,2324.36
2024-01-01T05:04:30,0.0508,0.9492,0.0465,0.0552,0.0087,2494.74
2024-01-01T05:05:00,0.0513,0.9487,0.049,0.0536,0.0046,1775.48
2024-01-01T05:05:30,0.0491,0.9509,0.0472,0.0511,0.0038,2375.74
2024-01-01T05:06:00,0.0487,0.9513,0.0448,0.0526,0.0079,1486.11
2024-01-01T05:06:30,0.052,0.948,0.045,0.059,0.014,1633.81
2024-01-01T05:07:00,0.0456,0.9544,0.0409,0.0504,0.0095,2047.18
2024-01-01T05:07:30,0.0493,0.9507,0.0463,0.0524,0.0061,1473.3
2024-01-01T05:08:00,0.0469,0.9531,0.0442,0.0496,0.0054,1299.33
2024-01-01T05:08:30,0.0468,0.9532,0.0426,0.051,0.0084,2151.4
2024-01-01T05:09:00,0.0463,0.9537,0.0446,0.048,0.0033,1509.75
2024-01-01T05:09:30,0.0435,0.9565,0.0404,0.0467,0.0063,2235.61
2024-01-01T05:10:00,0.0449,0.9551,0.0396,0.0503,0.0107,1367.88
2024-01-01T05:10:30,0.0453,0.9547,0.0383,0.0522,0.0139,1870.69
2024-01-01T05:11:00,0.0467,0.9533,0.0416,0.0518,0.0102,1238.81
2024-01-01T05:11:30,0.0484,0.9516,0.0433,0.0534,0.01,1456.12
2024-01-01T05:12:00,0.048,0.952,0.0458,0.0501,0.0043,2366.76
2024-01-01T05:12:30,0.0416,0.9584,0.0357,0.0475,0.0118,1337.96
2024-01-01T05:13:00,0.0452,0.9548,0.0416,0.0487,0.0071,1848.81
2024-01-01T05:13:30,0.0453,0.9547,0.0412,0.0494,0.0082,2243.51
2024-01-01T05:14:00,0.0502,0.9498,0.0452,0.0551,0.01,1160.87
2024-01-01T05:14:30,0.048,0.952,0.0454,0.0507,0.0053,1818.84
2024-01-01T05:15:00,0.0442,0.9558,0.0388,0.0497,0.0108,1322.85
2024-01-01T05:15:30,0.0445,0.9555,0.0384,0.0506,0.0121,2331.45
2024-01-01T05:16:00,0.0481,0.9519,0.041,0.0552,0.0142,1499.77
2024-01-01T05:16:30,0.0489,0.9511,0.045,0.0528,0.0078,1749.8
2024-01-01T05:17:00,0.0506,0.9494,0.0444,0.0569,0.0124,1947.23
2024-01-01T05:17:30,0.0484,0.9516,0.0433,0.0536,0.0103,1233.38
2024-01-01T05:18:00,0.05,0.95,0.0433,0.0568,0.0135,2423.22
2024-01-01T05:18:30,0.0502,0.9498,0.043,0.0573,0.0144,1671.57
2024-01-01T05:19:00,0.0515,0.9485,0.0481,0.0549,0.0068,1821.24
2024-01-01T05:19:30,0.0502,0.9498,0.0439,0.0565,0.0127,1190.65
2024-01-01T05:20:00,0.0498,0.9502,0.0445,0.0551,0.0106,2247.67
2024-01-01T05:20:30,0.0513,0.9487,0.0486,0.0541,0.0056,1121.4
2024-01-01T05:21:00,0.0513,0.9487,0.0476,0.055,0.0075,2506.51
2024-01-01T05:21:30,0.0488,0.9512,0.0467,0.0509,0.0042,2177.99
2024-01-01T05:22:00,0.0501,0.9499,0.0444,0.0558,0.0115,1413.68
2024-01-01T05:22:30,0.0512,0.9488,0.0486,0.0539,0.0052,1741.68
2024-01-01T05:23:00,0.051,0.949,0.0441,0.0578,0.0137,1621.99
2024-01-01T05:23:30,0.0499,0.9501,0.0441,0.0557,0.0116,1085.59
2024-01-01T05:24:00,0.0484,0.9516,0.0458,0.0509,0.0051,1196.1
2024-01-01T05:24:30,0.047,0.953,0.0397,0.0544,0.0147,1614.63
2024-01-01T05:25:00,0.0484,0.9516,0.0463,0.0505,0.0042,1417.11
2024-01-01T05:25:30,0.0502,0.9498,0.0481,0.0524,0.0043,1273.37
2024-01-01T05:26:00,0.0516,0.9484,0.0476,0.0557,0.0081,1119.55
2024-01-01T05:26:30,0.0472,0.9528,0.0439,0.0504,0.0065,1167.58
2024-01-01T05:27:00,0.0494,0.9506,0.047,0.0519,0.0049,1265.98
2024-01-01T05:27:30,0.0522,0.9478,0.0474,0.0569,0.0095,1852.44
2024-01-01T05:28:00,0.05,0.95,0.045,0.055,0.01,1802.22
2024-01-01T05:28:30,0.0505,0.9495,0.0473,0.0537,0.0064,2312.84
2024-01-01T05:29:00,0.0497,0.9503,0.0439,0.0556,0.0116,1360.78
2024-01-01T05:29:30,0.0479,0.9521,0.0459,0.0499,0.0039,1603.55
2024-01-01T05:30:00,0.0482,0.9518,0.0437,0.0526,0.0088,2401.86
2024-01-01T05:30:30,0.0462,0.9538,0.0418,0.0505,0.0088,2151.78
2024-01-01T05:31:00,0.0499,0.9501,0.045,0.0549,0.0099,1491.76
2024-01-01T05:31:30,0.0506,0.9494,0.0474,0.0538,0.0064,2451.93
2024-01-01T05:32:00,0.0495,0.9505,0.0473,0.0517,0.0044,1363.46
2024-01-01T05:32:30,0.0507,0.9493,0.044,0.0574,0.0134,1586.11
2024-01-01T05:33:00,0.0478,0.9522,0.0412,0.0543,0.0131,1935.84
2024-01-01T05:33:30,0.0479,0.9521,0.0428,0.0531,0.0103,1379.09
2024-01-01T05:34:00,0.0472,0.9528,0.0441,0.0503,0.0063,1811.83
2024-01-01T05:34:30,0.0467,0.9533,0.0417,0.0517,0.01,1183.54
2024-01-01T05:35:00,0.0472,0.9528,0.0408,0.0536,0.0128,1786.92
2024-01-01T05:35:30,0.0454,0.9546,0.0431,0.0476,0.0045,1744.39
2024-01-01T05:36:00,0.0463,0.9537,0.0433,0.0493,0.006,2418.75
2024-01-01T05:36:30,0.0479,0.9521,0.0406,0.0553,0.0147,2069.37
2024-01-01T05:37:00,0.0479,0.9521,0.0428,0.0529,0.0101,2317.03
2024-01-01T05:37:30,0.0465,0.9535,0.0404,0.0525,0.012,1675.68
2024-01-01T05:38:00,0.0464,0.9536,0.042,0.0508,0.0088,1894.87
2024-01-01T05:38:30,0.0489,0.9511,0.0426,0.0553,0.0127,2229.13
2024-01-01T05:39:00,0.0486,0.9514,0.0422,0.0549,0.0127,2339.68
2024-01-01T05:39:30,0.0473,0.9527,0.0451,0.0496,0.0045,2101.2
2024-01-01T05:40:00,0.0494,0.9506,0.0464,0.0524,0.0061,1515.77
2024-01-01T05:40:30,0.0475,0.9525,0.045,0.0501,0.0051,2436.87
2024-01-01T05:41:00,0.047,0.953,0.0411,0.0528,0.0117,1494.68
2024-01-01T05:41:30,0.0461,0.9539,0.0445,0.0477,0.0032,1100.02
2024-01-01T05:42:00,0.0458,0.9542,0.0421,0.0495,0.0075,1792.01
2024-01-01T05:42:30,0.0471,0.9529,0.0454,0.0487,0.0032,1348.66
2024-01-01T05:43:00,0.0498,0.9502,0.0479,0.0516,0.0037,1403.56
2024-01-01T05:43:30,0.0511,0.9489,0.0463,0.0559,0.0096,2503.75
2024-01-01T05:44:00,0.0481,0.9519,0.0412,0.0549,0.0136,2282.74
2024-01-01T05:44:30,0.0497,0.9503,0.0475,0.0518,0.0043,1403.37
2024-01-01T05:45:00,0.0532,0.9468,0.0507,0.0557,0.005,2361.64
2024-01-01T05:45:30,0.0481,0.9519,0.0432,0.053,0.0098,2460.81
2024-01-01T05:46:00,0.048,0.952,0.0443,0.0517,0.0074,1334.67
2024-01-01T05:46:30,0.0529,0.9471,0.0492,0.0566,0.0074,1629.35
2024-01-01T05:47:00,0.047,0.953,0.0435,0.0504,0.0069,2093.55
2024-01-01T05:47:30,0.0535,0.9465,0.0499,0.057,0.0071,1707.11
2024-01-01T05:48:00,0.0507,0.9493,0.0475,0.0538,0.0064,2527.11
2024-01-01T05:48:30,0.0511,0.9489,0.0468,0.0555,0.0087,1577.57
2024-01-01T05:49:00,0.0518,0.9482,0.0487,0.0548,0.0061,2220.39
2024-01-01T05:49:30,0.0502,0.9498,0.0468,0.0536,0.0068,2253.25
2024-01-01T05:50:00,0.0494,0.9506,0.0469,0.052,0.0051,1269.79
2024-01-01T05:50:30,0.0485,0.9515,0.0449,0.0521,0.0072,1382.09
2024-01-01T05:51:00,0.0526,0.9474,0.0505,0.0547,0.0042,1794.67
2024-01-01T05:51:30,0.0541,0.9459,0.0469,0.0612,0.0144,1520.21
2024-01-01T05:52:00,0.0499,0.9501,0.0458,0.0541,0.0083,1685.49
2024-01-01T05:52:30,0.0517,0.9483,0.0467,0.0567,0.0099,2461.71
2024-01-01T05:53:00,0.0494,0.9506,0.0474,0.0513,0.0039,2012.44
2024-01-01T05:53:30,0.0522,0.9478,0.0487,0.0558,0.0071,2101.12
2024-01-01T05:54:00,0.0523,0.9477,0.05,0.0546,0.0046,2558.38
2024-01-01T05:54:30,0.048,0.952,0.0428,0.0531,0.0103,1438.13
2024-01-01T05:55:00,0.0504,0.9496,0.0452,0.0555,0.0103,2318.16
2024-01-01T05:55:30,0.0501,0.9499,0.0469,0.0533,0.0063,1726.13
2024-01-01T05:56:00,0.0538,0.9462,0.0509,0.0566,0.0057,2354.0
2024-01-01T05:56:30,0.0544,0.9456,0.0484,0.0603,0.0119,2066.0
2024-01-01T05:57:00,0.0486,0.9514,0.0424,0.0549,0.0125,1654.52
2024-01-01T05:57:30,0.0495,0.9505,0.046,0.053,0.007,2461.36
2024-01-01T05:58:00,0.0463,0.9537,0.0445,0.0481,0.0037,1199.45
2024-01-01T05:58:30,0.0533,0.9467,0.0499,0.0567,0.0069,2111.33
2024-01-01T05:59:00,0.053,0.947,0.0457,0.0603,0.0146,2161.04
2024-01-01T05:59:30,0.0528,0.9472,0.0495,0.0562,0.0067,1469.24
2024-01-01T06:00:00,0.0481,0.9519,0.0429,0.0532,0.0102,2458.03
2024-01-01T06:00:30,0.0502,0.9498,0.0453,0.0551,0.0098,1670.9
2024-01-01T06:01:00,0.0468,0.9532,0.0444,0.0492,0.0047,2214.65
2024-01-01T06:01:30,0.0486,0.9514,0.0423,0.0549,0.0126,1803.33
2024-01-01T06:02:00,0.0496,0.9504,0.0438,0.0554,0.0116,1938.42
2024-01-01T06:02:30,0.0519,0.9481,0.046,0.0578,0.0118,2054.83
2024-01-01T06:03:00,0.0556,0.9444,0.0531,0.0581,0.0049,1192.75
2024-01-01T06:03:30,0.0549,0.9451,0.0529,0.0568,0.0039,1775.33
2024-01-01T06:04:00,0.053,0.947,0.0483,0.0576,0.0093,2247.95
2024-01-01T06:04:30,0.0532,0.9468,0.0513,0.055,0.0038,1334.32
2024-01-01T06:05:00,0.054,0.946,0.0491,0.0589,0.0098,2204.38
2024-01-01T06:05:30,0.0499,0.9501,0.0448,0.0551,0.0102,1397.35
2024-01-01T06:06:00,0.0516,0.9484,0.0464,0.0567,0.0103,1455.39
2024-01-01T06:06:30,0.0477,0.9523,0.0434,0.0519,0.0085,2221.12
2024-01-01T06:07:00,0.0494,0.9506,0.0472,0.0515,0.0042,1687.51
2024-01-01T06:07:30,0.0448,0.9552,0.0405,0.0491,0.0086,2222.32
2024-01-01T06:08:00,0.0467,0.9533,0.043,0.0503,0.0073,1384.33
2024-01-01T06:08:30,0.0525,0.9475,0.0466,0.0583,0.0116,1536.18
2024-01-01T06:09:00,0.0493,0.9507,0.0467,0.0519,0.0052,1921.08
2024-01-01T06:09:30,0.0503,0.9497,0.0457,0.0549,0.0092,1664.44
2024-01-01T06:10:00,0.0514,0.9486,0.044,0.0588,0.0148,1941.22
2024-01-01T06:10:30,0.0509,0.9491,0.0439,0.058,0.0141,1440.12
2024-01-01T06:11:00,0.0505,0.9495,0.0459,0.0551,0.0092,2092.77
2024-01-01T06:11:30,0.0471,0.9529,0.0416,0.0527,0.011,1253.31
2024-01-01T06:12:00,0.0505,0.9495,0.0437,0.0573,0.0136,1546.29
2024-01-01T06:12:30,0.0482,0.9518,0.0438,0.0526,0.0088,1176.83
2024-01-01T06:13:00,0.0498,0.9502,0.0464,0.0531,0.0067,1648.12
2024-01-01T06:13:30,0.0489,0.9511,0.0432,0.0547,0.0116,2048.67
2024-01-01T06:14:00,0.0512,0.9488,0.0446,0.0579,0.0133,2359.68
2024-01-01T06:14:30,0.0518,0.9482,0.0446,0.0589,0.0143,1208.46
2024-01-01T06:15:00,0.053,0.947,0.0513,0.0548,0.0035,1450.39
2024-01-01T06:15:30,0.0503,0.9497,0.0486,0.052,0.0034,1781.65
2024-01-01T06:16:00,0.0502,0.9498,0.0441,0.0562,0.0121,2379.21
2024-01-01T06:16:30,0.0514,0.9486,0.0492,0.0536,0.0044,2430.31
2024-01-01T06:17:00,0.0476,0.9524,0.0441,0.0511,0.007,1279.57
2024-01-01T06:17:30,0.0478,0.9522,0.0433,0.0523,0.009,2040.59
2024-01-01T06:18:00,0.0483,0.9517,0.0441,0.0526,0.0086,1414.14
2024-01-01T06:18:30,0.0493,0.9507,0.0443,0.0544,0.0101,1573.1
2024-01-01T06:19:00,0.0509,0.9491,0.046,0.0558,0.0099,1491.73
2024-01-01T06:19:30,0.05,0.95,0.0483,0.0516,0.0032,1303.67
2024-01-01T06:20:00,0.0503,0.9497,0.0465,0.0542,0.0077,1977.2
2024-01-01T06:20:30,0.0502,0.9498,0.0449,0.0555,0.0106,2471.52
2024-01-01T06:21:00,0.0514,0.9486,0.0441,0.0588,0.0147,1232.37
2024-01-01T06:21:30,0.0502,0.9498,0.0462,0.0541,0.0079,1733.39
2024-01-01T06:22:00,0.0527,0.9473,0.0472,0.0583,0.011,2217.07
2024-01-01T06:22:30,0.0542,0.9458,0.051,0.0574,0.0065,1431.88
2024-01-01T06:23:00,0.0548,0.9452,0.049,0.0606,0.0116,1851.0
2024-01-01T06:23:30,0.0534,0.9466,0.0463,0.0605,0.0142,2271.02
2024-01-01T06:24:00,0.0513,0.9487,0.0497,0.0529,0.0032,1346.99
2024-01-01T06:24:30,0.0514,0.9486,0.0495,0.0533,0.0039,2186.13
2024-01-01T06:25:00,0.0491,0.9509,0.046,0.0523,0.0064,2291.68
2024-01-01T06:25:30,0.0515,0.9485,0.0449,0.058,0.0131,2376.79
2024-01-01T06:26:00,0.0532,0.9468,0.0503,0.0561,0.0057,2540.78
2024-01-01T06:26:30,0.0494,0.9506,0.047,0.0518,0.0048,2040.46
2024-01-01T06:27:00,0.0473,0.9527,0.0453,0.0492,0.004,1858.52
2024-01-01T06:27:30,0.0496,0.9504,0.0435,0.0558,0.0123,1675.7
2024-01-01T06:28:00,0.0476,0.9524,0.0404,0.0547,0.0144,1422.34
2024-01-01T06:28:30,0.0503,0.9497,0.0452,0.0554,0.0103,1188.32
2024-01-01T06:29:00,0.0526,0.9474,0.048,0.0571,0.0091,1847.4
2024-01-01T06:29:30,0.0495,0.9505,0.0471,0.0518,0.0047,1434.81
2024-01-01T06:30:00,0.0335,0.9665,0.027,0.0401,0.0131,1773.79
2024-01-01T06:30:30,0.0356,0.9644,0.03,0.0412,0.0112,1987.46
2024-01-01T06:31:00,0.0387,0.9613,0.0371,0.0403,0.0032,1412.21
2024-01-01T06:31:30,0.0435,0.9565,0.0382,0.0488,0.0105,1293.56
2024-01-01T06:32:00,0.045,0.955,0.0435,0.0465,0.003,1488.74
2024-01-01T06:32:30,0.0444,0.9556,0.0402,0.0487,0.0085,1455.47
2024-01-01T06:33:00,0.0437,0.9563,0.0409,0.0466,0.0058,1268.86
2024-01-01T06:33:30,0.0467,0.9533,0.0421,0.0514,0.0093,2025.78
2024-01-01T06:34:00,0.0466,0.9534,0.0399,0.0534,0.0135,2144.99
2024-01-01T06:34:30,0.046,0.954,0.041,0.0511,0.0101,2002.1
2024-01-01T06:35:00,0.0472,0.9528,0.0432,0.0512,0.0079,2400.85
2024-01-01T06:35:30,0.0481,0.9519,0.0433,0.0528,0.0094,2155.37
2024-01-01T06:36:00,0.0545,0.9455,0.0507,0.0583,0.0076,2398.16
2024-01-01T06:36:30,0.0512,0.9488,0.0477,0.0547,0.007,2213.11
2024-01-01T06:37:00,0.0513,0.9487,0.0447,0.058,0.0134,1477.26
2024-01-01T06:37:30,0.0498,0.9502,0.0453,0.0543,0.009,1623.0
2024-01-01T06:38:00,0.0507,0.9493,0.0469,0.0545,0.0076,2272.23
2024-01-01T06:38:30,0.0511,0.9489,0.047,0.0553,0.0083,1198.93
2024-01-01T06:39:00,0.0492,0.9508,0.0452,0.0532,0.008,2020.77
2024-01-01T06:39:30,0.049,0.951,0.0463,0.0516,0.0053,1175.96
2024-01-01T06:40:00,0.051,0.949,0.0443,0.0577,0.0134,2341.1
2024-01-01T06:40:30,0.0469,0.9531,0.0408,0.053,0.0122,1256.87
2024-01-01T06:41:00,0.0468,0.9532,0.0422,0.0513,0.0091,1369.27
2024-01-01T06:41:30,0.0498,0.9502,0.0447,0.0548,0.0101,1105.12
2024-01-01T06:42:00,0.0513,0.9487,0.0443,0.0584,0.014,2357.8
2024-01-01T06:42:30,0.049,0.951,0.0432,0.0549,0.0117,1386.16
2024-01-01T06:43:00,0.0522,0.9478,0.0472,0.0572,0.0101,1593.63
2024-01-01T06:43:30,0.0503,0.9497,0.0432,0.0574,0.0142,1276.62
2024-01-01T06:44:00,0.0495,0.9505,0.0471,0.0519,0.0048,1978.19
2024-01-01T06:44:30,0.0489,0.9511,0.0466,0.0511,0.0045,1492.62
2024-01-01T06:45:00,0.0525,0.9475,0.0495,0.0555,0.006,1693.88
2024-01-01T06:45:30,0.0553,0.9447,0.0531,0.0575,0.0045,1812.3
2024-01-01T06:46:00,0.0499,0.9501,0.048,0.0517,0.0037,1469.14
2024-01-01T06:46:30,0.054,0.946,0.0469,0.0611,0.0142,2042.9
2024-01-01T06:47:00,0.0491,0.9509,0.0469,0.0513,0.0044,2081.5
2024-01-01T06:47:30,0.0521,0.9479,0.0492,0.0549,0.0057,2276.03
2024-01-01T06:48:00,0.0508,0.9492,0.0441,0.0575,0.0134,1869.67
2024-01-01T06:48:30,0.0524,0.9476,0.0502,0.0547,0.0045,1488.49
2024-01-01T06:49:00,0.0498,0.9502,0.0434,0.0563,0.0128,2363.81
2024-01-01T06:49:30,0.0524,0.9476,0.0488,0.0561,0.0073,1582.25
2024-01-01T06:50:00,0.0503,0.9497,0.0438,0.0568,0.0131,1380.58
2024-01-01T06:50:30,0.0536,0.9464,0.0487,0.0586,0.0099,2483.36
2024-01-01T06:51:00,0.0519,0.9481,0.0456,0.0582,0.0125,2183.59
2024-01-01T06:51:30,0.0499,0.9501,0.0448,0.0551,0.0103,1391.28
2024-01-01T06:52:00,0.0467,0.9533,0.0436,0.0499,0.0063,2249.28
2024-01-01T06:52:30,0.0502,0.9498,0.0455,0.055,0.0095,2207.24
2024-01-01T06:53:00,0.0488,0.9512,0.0428,0.0549,0.0121,1097.79
2024-01-01T06:53:30,0.053,0.947,0.051,0.0551,0.004,1497.67
2024-01-01T06:54:00,0.0506,0.9494,0.0491,0.0521,0.003,2512.09
2024-01-01T06:54:30,0.0524,0.9476,0.048,0.0568,0.0088,2407.71
2024-01-01T06:55:00,0.0522,0.9478,0.0478,0.0566,0.0088,1441.02
2024-01-01T06:55:30,0.0501,0.9499,0.0454,0.0548,0.0094,1256.3
2024-01-01T06:56:00,0.0518,0.9482,0.0444,0.0591,0.0147,1341.96
2024-01-01T06:56:30,0.0504,0.9496,0.0488,0.0521,0.0033,1154.28
2024-01-01T06:57:00,0.0507,0.9493,0.0468,0.0546,0.0077,2090.39
2024-01-01T06:57:30,0.0481,0.9519,0.042,0.0541,0.0121,1083.56
2024-01-01T06:58:00,0.0483,0.9517,0.045,0.0516,0.0066,1708.06
2024-01-01T06:58:30,0.0464,0.9536,0.0447,0.0481,0.0035,1493.69
2024-01-01T06:59:00,0.0481,0.9519,0.0447,0.0515,0.0068,1754.15
2024-01-01T06:59:30,0.0522,0.9478,0.0449,0.0595,0.0146,2381.76
2024-01-01T07:00:00,0.0469,0.9531,0.0421,0.0516,0.0095,2238.36
2024-01-01T07:00:30,0.0468,0.9532,0.0426,0.0509,0.0083,2194.22
2024-01-01T07:01:00,0.0451,0.9549,0.0413,0.049,0.0076,1446.28
2024-01-01T07:01:30,0.0484,0.9516,0.0425,0.0544,0.012,1526.24
2024-01-01T07:02:00,0.0512,0.9488,0.0459,0.0565,0.0106,2495.7
2024-01-01T07:02:30,0.0491,0.9509,0.0466,0.0516,0.005,1317.17
2024-01-01T07:03:00,0.0484,0.9516,0.042,0.0548,0.0129,1309.85
2024-01-01T07:03:30,0.0489,0.9511,0.0418,0.0559,0.0141,2135.72
2024-01-01T07:04:00,0.0468,0.9532,0.0407,0.0529,0.0123,1082.53
2024-01-01T07:04:30,0.0539,0.9461,0.0495,0.0582,0.0088,2485.17
2024-01-01T07:05:00,0.0566,0.9434,0.0549,0.0582,0.0034,2005.36
2024-01-01T07:05:30,0.0492,0.9508,0.044,0.0544,0.0105,1298.64
2024-01-01T07:06:00,0.0515,0.9485,0.0446,0.0585,0.0139,2319.16
2024-01-01T07:06:30,0.0516,0.9484,0.0471,0.056,0.0089,1570.07
2024-01-01T07:07:00,0.05,0.95,0.0452,0.0548,0.0095,1443.95
2024-01-01T07:07:30,0.0462,0.9538,0.0409,0.0515,0.0106,2388.71
2024-01-01T07:08:00,0.0484,0.9516,0.0438,0.053,0.0092,1417.11
2024-01-01T07:08:30,0.0477,0.9523,0.0429,0.0525,0.0097,2166.81
2024-01-01T07:09:00,0.05,0.95,0.0456,0.0545,0.0089,1378.48
2024-01-01T07:09:30,0.0536,0.9464,0.0518,0.0554,0.0037,1734.72
2024-01-01T07:10:00,0.0523,0.9477,0.045,0.0596,0.0146,1990.64
2024-01-01T07:10:30,0.0521,0.9479,0.0446,0.0595,0.0148,1343.47
2024-01-01T07:11:00,0.0515,0.9485,0.0487,0.0543,0.0057,1622.91
2024-01-01T07:11:30,0.0492,0.9508,0.0423,0.0561,0.0138,1610.28
2024-01-01T07:12:00,0.0467,0.9533,0.0411,0.0522,0.011,1426.39
2024-01-01T07:12:30,0.0525,0.9475,0.0509,0.0541,0.0032,1888.26
2024-01-01T07:13:00,0.0531,0.9469,0.0513,0.0549,0.0035,1415.44
2024-01-01T07:13:30,0.0515,0.9485,0.0482,0.0548,0.0065,1932.54
2024-01-01T07:14:00,0.0532,0.9468,0.0481,0.0584,0.0103,1434.21
2024-01-01T07:14:30,0.0519,0.9481,0.05,0.0538,0.0038,1413.43
2024-01-01T07:15:00,0.0549,0.9451,0.048,0.0618,0.0138,2058.44
2024-01-01T07:15:30,0.0522,0.9478,0.0492,0.0551,0.0059,2469.83
2024-01-01T07:16:00,0.0517,0.9483,0.049,0.0543,0.0053,1378.08
2024-01-01T07:16:30,0.0513,0.9487,0.0494,0.0532,0.0038,1437.43
2024-01-01T07:17:00,0.045,0.955,0.0383,0.0517,0.0134,1408.44
2024-01-01T07:17:30,0.05,0.95,0.0452,0.0547,0.0094,1236.71
2024-01-01T07:18:00,0.0478,0.9522,0.0439,0.0516,0.0077,2452.74
2024-01-01T07:18:30,0.0506,0.9494,0.0458,0.0555,0.0097,1921.44
2024-01-01T07:19:00,0.0465,0.9535,0.0402,0.0528,0.0126,1103.99
2024-01-01T07:19:30,0.0462,0.9538,0.0417,0.0507,0.009,1903.3
2024-01-01T07:20:00,0.0509,0.9491,0.0456,0.0562,0.0106,1871.15
2024-01-01T07:20:30,0.048,0.952,0.0439,0.0521,0.0082,1307.98
2024-01-01T07:21:00,0.0514,0.9486,0.0454,0.0573,0.0119,1462.68
2024-01-01T07:21:30,0.0505,0.9495,0.0445,0.0566,0.0121,1232.06
2024-01-01T07:22:00,0.0474,0.9526,0.0423,0.0525,0.0102,1325.44
2024-01-01T07:22:30,0.0512,0.9488,0.0487,0.0538,0.0051,2077.53
2024-01-01T07:23:00,0.0529,0.9471,0.046,0.0597,0.0137,1324.31
2024-01-01T07:23:30,0.0505,0.9495,0.0489,0.0521,0.0032,2310.47
2024-01-01T07:24:00,0.0476,0.9524,0.0434,0.0519,0.0085,2160.35
2024-01-01T07:24:30,0.0501,0.9499,0.0436,0.0565,0.0129,2320.27
2024-01-01T07:25:00,0.0497,0.9503,0.048,0.0513,0.0033,1115.7
2024-01-01T07:25:30,0.0488,0.9512,0.0426,0.0551,0.0125,2275.98
2024-01-01T07:26:00,0.0504,0.9496,0.048,0.0528,0.0048,1752.24
2024-01-01T07:26:30,0.0532,0.9468,0.0508,0.0555,0.0047,2143.43
2024-01-01T07:27:00,0.048,0.952,0.0408,0.0553,0.0144,1075.13
2024-01-01T07:27:30,0.0467,0.9533,0.0416,0.0517,0.0101,1808.51
2024-01-01T07:28:00,0.0523,0.9477,0.0494,0.0553,0.0059,1500.41
2024-01-01T07:28:30,0.0522,0.9478,0.0474,0.0571,0.0097,2442.52
2024-01-01T07:29:00,0.0481,0.9519,0.0418,0.0544,0.0126,1980.91
2024-01-01T07:29:30,0.0477,0.9523,0.0424,0.053,0.0106,2059.76
2024-01-01T07:30:00,0.0518,0.9482,0.0448,0.0588,0.014,2086.29
2024-01-01T07:30:30,0.0486,0.9514,0.0425,0.0547,0.0122,1758.6
2024-01-01T07:31:00,0.0496,0.9504,0.0451,0.0541,0.009,1799.76
2024-01-01T07:31:30,0.049,0.951,0.045,0.0529,0.0079,1218.23
2024-01-01T07:32:00,0.0536,0.9464,0.0487,0.0585,0.0098,2511.98
2024-01-01T07:32:30,0.0524,0.9476,0.0504,0.0543,0.0039,2300.22
2024-01-01T07:33:00,0.0521,0.9479,0.0505,0.0536,0.0031,1306.92
2024-01-01T07:33:30,0.0506,0.9494,0.0479,0.0534,0.0055,1533.32
2024-01-01T07:34:00,0.0528,0.9472,0.0491,0.0565,0.0073,2359.68
2024-01-01T07:34:30,0.0546,0.9454,0.0526,0.0565,0.0039,1757.08
2024-01-01T07:35:00,0.0513,0.9487,0.0486,0.0539,0.0053,1931.92
2024-01-01T07:35:30,0.0501,0.9499,0.0479,0.0522,0.0044,2086.79
2024-01-01T07:36:00,0.0495,0.9505,0.0441,0.0549,0.0108,1353.33
2024-01-01T07:36:30,0.0512,0.9488,0.0442,0.0582,0.014,1828.97
2024-01-01T07:37:00,0.0477,0.9523,0.045,0.0505,0.0055,2158.66
2024-01-01T07:37:30,0.0493,0.9507,0.0448,0.0538,0.009,1836.8
2024-01-01T07:38:00,0.0479,0.9521,0.0414,0.0544,0.013,1757.68
2024-01-01T07:38:30,0.0496,0.9504,0.0457,0.0536,0.0079,1536.03
2024-01-01T07:39:00,0.051,0.949,0.0489,0.0531,0.0042,1922.44
2024-01-01T07:39:30,0.0498,0.9502,0.0449,0.0546,0.0097,2027.05
2024-01-01T07:40:00,0.0484,0.9516,0.0454,0.0513,0.0059,1420.35
2024-01-01T07:40:30,0.05,0.95,0.0477,0.0522,0.0045,2283.37
2024-01-01T07:41:00,0.0504,0.9496,0.0481,0.0527,0.0046,1143.03
2024-01-01T07:41:30,0.0506,0.9494,0.0466,0.0546,0.0081,2455.37
2024-01-01T07:42:00,0.0496,0.9504,0.0443,0.055,0.0106,2126.33
2024-01-01T07:42:30,0.0453,0.9547,0.0407,0.0499,0.0092,1660.84
2024-01-01T07:43:00,0.0467,0.9533,0.0418,0.0516,0.0098,1627.36
2024-01-01T07:43:30,0.0495,0.9505,0.0454,0.0536,0.0082,1321.63
2024-01-01T07:44:00,0.0506,0.9494,0.0463,0.0549,0.0087,1816.08
2024-01-01T07:44:30,0.0501,0.9499,0.0466,0.0537,0.0071,2148.55
2024-01-01T07:45:00,0.0467,0.9533,0.0423,0.0511,0.0088,2382.83
2024-01-01T07:45:30,0.045,0.955,0.0391,0.0509,0.0118,1067.0
2024-01-01T07:46:00,0.0507,0.9493,0.0482,0.0532,0.005,1447.02
2024-01-01T07:46:30,0.0472,0.9528,0.0427,0.0517,0.009,1168.92
2024-01-01T07:47:00,0.0493,0.9507,0.0478,0.0508,0.0031,1880.21
2024-01-01T07:47:30,0.0511,0.9489,0.0457,0.0566,0.011,1410.74
2024-01-01T07:48:00,0.0514,0.9486,0.0456,0.0573,0.0117,2182.73
2024-01-01T07:48:30,0.0506,0.9494,0.0444,0.0568,0.0124,1780.62
2024-01-01T07:49:00,0.0519,0.9481,0.0475,0.0562,0.0087,1427.17
2024-01-01T07:49:30,0.0508,0.9492,0.0488,0.0528,0.004,1761.87
2024-01-01T07:50:00,0.0537,0.9463,0.0511,0.0562,0.0051,2423.09
2024-01-01T07:50:30,0.0504,0.9496,0.0486,0.0523,0.0037,1597.83
2024-01-01T07:51:00,0.0523,0.9477,0.0482,0.0563,0.0082,1656.96
2024-01-01T07:51:30,0.0481,0.9519,0.0414,0.0548,0.0134,2051.68
2024-01-01T07:52:00,0.0496,0.9504,0.048,0.0511,0.0031,1473.2
2024-01-01T07:52:30,0.0511,0.9489,0.0476,0.0546,0.007,2124.85
2024-01-01T07:53:00,0.0496,0.9504,0.0445,0.0546,0.0102,1317.71
2024-01-01T07:53:30,0.049,0.951,0.0425,0.0555,0.0131,2303.93
2024-01-01T07:54:00,0.0521,0.9479,0.0455,0.0587,0.0132,2295.75
2024-01-01T07:54:30,0.0495,0.9505,0.045,0.0539,0.0089,1198.19
2024-01-01T07:55:00,0.0523,0.9477,0.0506,0.0541,0.0035,1819.94
2024-01-01T07:55:30,0.0497,0.9503,0.0434,0.056,0.0126,1512.15
2024-01-01T07:56:00,0.0475,0.9525,0.0413,0.0536,0.0122,1374.75
2024-01-01T07:56:30,0.0469,0.9531,0.0395,0.0543,0.0148,1262.26
2024-01-01T07:57:00,0.0517,0.9483,0.047,0.0564,0.0095,2235.39
2024-01-01T07:57:30,0.0514,0.9486,0.0455,0.0573,0.0118,2104.19
2024-01-01T07:58:00,0.0523,0.9477,0.0476,0.0569,0.0093,2427.14
2024-01-01T07:58:30,0.0484,0.9516,0.046,0.0507,0.0047,1114.28
2024-01-01T07:59:00,0.0461,0.9539,0.0431,0.0491,0.0059,1461.79
2024-01-01T07:59:30,0.0504,0.9496,0.0481,0.0528,0.0047,2046.27
2024-01-01T08:00:00,0.0523,0.9477,0.0478,0.0567,0.0089,2258.12
2024-01-01T08:00:30,0.0511,0.9489,0.0446,0.0577,0.0131,2156.94
2024-01-01T08:01:00,0.0489,0.9511,0.0435,0.0543,0.0108,1387.05
2024-01-01T08:01:30,0.0469,0.9531,0.0411,0.0528,0.0117,1089.73
2024-01-01T08:02:00,0.0505,0.9495,0.0433,0.0577,0.0144,2161.7
2024-01-01T08:02:30,0.0477,0.9523,0.0421,0.0532,0.0111,1678.38
2024-01-01T08:03:00,0.0479,0.9521,0.0423,0.0534,0.011,1510.56
2024-01-01T08:03:30,0.0495,0.9505,0.0461,0.053,0.0069,1588.59
2024-01-01T08:04:00,0.0516,0.9484,0.046,0.0573,0.0113,2412.36
2024-01-01T08:04:30,0.0539,0.9461,0.0516,0.0562,0.0046,2514.02
2024-01-01T08:05:00,0.0511,0.9489,0.0451,0.057,0.0119,1355.91
2024-01-01T08:05:30,0.0541,0.9459,0.0476,0.0606,0.0131,1693.97
2024-01-01T08:06:00,0.0518,0.9482,0.045,0.0586,0.0136,1359.98
2024-01-01T08:06:30,0.0484,0.9516,0.042,0.0548,0.0128,2203.18
2024-01-01T08:07:00,0.0489,0.9511,0.0455,0.0523,0.0068,1083.85
2024-01-01T08:07:30,0.0522,0.9478,0.0471,0.0572,0.01,2353.89
2024-01-01T08:08:00,0.0511,0.9489,0.0443,0.058,0.0137,1646.27
2024-01-01T08:08:30,0.0481,0.9519,0.043,0.0532,0.0102,2282.33
2024-01-01T08:09:00,0.0464,0.9536,0.0435,0.0493,0.0058,2207.42
2024-01-01T08:09:30,0.0451,0.9549,0.0409,0.0492,0.0083,1872.57
2024-01-01T08:10:00,0.0481,0.9519,0.0455,0.0506,0.0051,2155.04
2024-01-01T08:10:30,0.0467,0.9533,0.0416,0.0518,0.0102,1279.29
2024-01-01T08:11:00,0.045,0.955,0.0434,0.0467,0.0034,1088.46
2024-01-01T08:11:30,0.0491,0.9509,0.0431,0.0551,0.0121,1496.44
2024-01-01T08:12:00,0.0498,0.9502,0.0478,0.0518,0.0039,1356.57
2024-01-01T08:12:30,0.048,0.952,0.0444,0.0515,0.0071,1678.26
2024-01-01T08:13:00,0.051,0.949,0.0452,0.0567,0.0115,2468.21
2024-01-01T08:13:30,0.0524,0.9476,0.0452,0.0597,0.0146,2530.17
2024-01-01T08:14:00,0.0519,0.9481,0.0486,0.0552,0.0066,1405.81
2024-01-01T08:14:30,0.0539,0.9461,0.0469,0.061,0.0141,2311.61
2024-01-01T08:15:00,0.051,0.949,0.0465,0.0555,0.009,1220.59
2024-01-01T08:15:30,0.0481,0.9519,0.0416,0.0545,0.0128,1482.75
2024-01-01T08:16:00,0.0467,0.9533,0.0452,0.0482,0.0031,1237.68
2024-01-01T08:16:30,0.0491,0.9509,0.044,0.0543,0.0103,1481.24
2024-01-01T08:17:00,0.0497,0.9503,0.044,0.0553,0.0113,1426.55
2024-01-01T08:17:30,0.0546,0.9454,0.0473,0.0619,0.0146,2397.53
2024-01-01T08:18:00,0.0492,0.9508,0.0419,0.0564,0.0146,1698.35
2024-01-01T08:18:30,0.0502,0.9498,0.0458,0.0545,0.0087,1661.45
2024-01-01T08:19:00,0.0519,0.9481,0.0477,0.056,0.0084,2521.76
2024-01-01T08:19:30,0.0494,0.9506,0.0423,0.0565,0.0141,1164.06
2024-01-01T08:20:00,0.0489,0.9511,0.0445,0.0534,0.0089,1856.03
2024-01-01T08:20:30,0.049,0.951,0.0451,0.0529,0.0078,2086.4
2024-01-01T08:21:00,0.0503,0.9497,0.0433,0.0573,0.014,2206.65
2024-01-01T08:21:30,0.0505,0.9495,0.0439,0.0572,0.0133,2066.08
2024-01-01T08:22:00,0.0495,0.9505,0.0457,0.0532,0.0075,2421.9
2024-01-01T08:22:30,0.0509,0.9491,0.045,0.0568,0.0118,2404.84
2024-01-01T08:23:00,0.0519,0.9481,0.0453,0.0584,0.0131,1671.28
2024-01-01T08:23:30,0.0507,0.9493,0.0434,0.058,0.0145,1690.54
2024-01-01T08:24:00,0.0521,0.9479,0.0504,0.0539,0.0035,1628.47
2024-01-01T08:24:30,0.0487,0.9513,0.0466,0.0507,0.0042,1177.16
2024-01-01T08:25:00,0.0488,0.9512,0.0449,0.0526,0.0077,1958.78
2024-01-01T08:25:30,0.0507,0.9493,0.0449,0.0565,0.0116,2005.67
2024-01-01T08:26:00,0.0482,0.9518,0.0465,0.0499,0.0034,2155.83
2024-01-01T08:26:30,0.0476,0.9524,0.042,0.0532,0.0112,1068.32
2024-01-01T08:27:00,0.0538,0.9462,0.0514,0.0561,0.0048,1756.84
2024-01-01T08:27:30,0.0494,0.9506,0.0421,0.0567,0.0146,1338.64
2024-01-01T08:28:00,0.0507,0.9493,0.0468,0.0546,0.0079,1319.34
2024-01-01T08:28:30,0.0529,0.9471,0.05,0.0557,0.0057,1478.05
2024-01-01T08:29:00,0.0495,0.9505,0.0434,0.0557,0.0123,1113.5
2024-01-01T08:29:30,0.0503,0.9497,0.0464,0.0542,0.0078,1322.57
2024-01-01T08:30:00,0.0493,0.9507,0.0475,0.051,0.0035,2067.8
2024-01-01T08:30:30,0.048,0.952,0.0421,0.0539,0.0118,1419.45
2024-01-01T08:31:00,0.0528,0.9472,0.0486,0.0569,0.0084,2356.31
2024-01-01T08:31:30,0.0479,0.9521,0.0416,0.0543,0.0127,2398.43
2024-01-01T08:32:00,0.0514,0.9486,0.0483,0.0545,0.0063,1985.17
2024-01-01T08:32:30,0.0493,0.9507,0.0456,0.053,0.0074,2504.92
2024-01-01T08:33:00,0.0528,0.9472,0.0465,0.0591,0.0127,2238.23
2024-01-01T08:33:30,0.0532,0.9468,0.0478,0.0586,0.0108,1930.65
2024-01-01T08:34:00,0.0518,0.9482,0.0468,0.0569,0.0101,1736.43
2024-01-01T08:34:30,0.0541,0.9459,0.0479,0.0602,0.0123,2253.76
2024-01-01T08:35:00,0.0513,0.9487,0.045,0.0576,0.0126,2392.9
2024-01-01T08:35:30,0.049,0.951,0.0465,0.0515,0.005,1895.26
2024-01-01T08:36:00,0.0497,0.9503,0.0479,0.0515,0.0037,1870.67
2024-01-01T08:36:30,0.0494,0.9506,0.0451,0.0538,0.0088,1478.09
2024-01-01T08:37:00,0.0486,0.9514,0.047,0.0501,0.0031,2449.33
2024-01-01T08:37:30,0.0436,0.9564,0.0375,0.0498,0.0123,1392.76
2024-01-01T08:38:00,0.0474,0.9526,0.0451,0.0497,0.0046,2149.93
2024-01-01T08:38:30,0.0497,0.9503,0.0447,0.0548,0.01,1786.82
2024-01-01T08:39:00,0.0474,0.9526,0.0413,0.0535,0.0122,2344.22
2024-01-01T08:39:30,0.0494,0.9506,0.0443,0.0545,0.0103,1725.05
2024-01-01T08:40:00,0.0507,0.9493,0.0475,0.0539,0.0064,2502.9
2024-01-01T08:40:30,0.0491,0.9509,0.0464,0.0519,0.0055,1273.9
2024-01-01T08:41:00,0.0457,0.9543,0.0395,0.052,0.0125,1073.92
2024-01-01T08:41:30,0.0488,0.9512,0.0461,0.0515,0.0054,1658.69
2024-01-01T08:42:00,0.0477,0.9523,0.0411,0.0543,0.0132,1822.71
2024-01-01T08:42:30,0.0505,0.9495,0.045,0.0559,0.0109,1106.74
2024-01-01T08:43:00,0.0488,0.9512,0.0415,0.0562,0.0147,1136.76
2024-01-01T08:43:30,0.0488,0.9512,0.0434,0.0542,0.0108,1278.4
2024-01-01T08:44:00,0.0515,0.9485,0.0491,0.0539,0.0047,1804.99
2024-01-01T08:44:30,0.0519,0.9481,0.0503,0.0536,0.0033,1327.86
2024-01-01T08:45:00,0.0516,0.9484,0.0495,0.0537,0.0042,1233.09
2024-01-01T08:45:30,0.0513,0.9487,0.0462,0.0564,0.0102,2357.2
2024-01-01T08:46:00,0.0484,0.9516,0.0424,0.0544,0.0119,1558.2
2024-01-01T08:46:30,0.0457,0.9543,0.044,0.0473,0.0033,2104.03
2024-01-01T08:47:00,0.0499,0.9501,0.0441,0.0557,0.0116,2227.6
2024-01-01T08:47:30,0.0473,0.9527,0.0445,0.0501,0.0056,1493.83
2024-01-01T08:48:00,0.0522,0.9478,0.0471,0.0573,0.0102,2530.13
2024-01-01T08:48:30,0.0478,0.9522,0.0443,0.0513,0.007,2012.84
2024-01-01T08:49:00,0.0506,0.9494,0.0439,0.0573,0.0134,1149.45
2024-01-01T08:49:30,0.0501,0.9499,0.0429,0.0573,0.0144,2389.4
2024-01-01T08:50:00,0.0493,0.9507,0.0474,0.0512,0.0039,2175.69
2024-01-01T08:50:30,0.0478,0.9522,0.0447,0.0509,0.0061,1943.15
2024-01-01T08:51:00,0.0478,0.9522,0.0427,0.0529,0.0102,1298.54
2024-01-01T08:51:30,0.0497,0.9503,0.0433,0.0561,0.0128,1722.84
2024-01-01T08:52:00,0.0492,0.9508,0.0446,0.0537,0.0092,1405.45
2024-01-01T08:52:30,0.0488,0.9512,0.046,0.0517,0.0057,1701.31
2024-01-01T08:53:00,0.0487,0.9513,0.0416,0.0558,0.0142,1478.22
2024-01-01T08:53:30,0.0465,0.9535,0.041,0.052,0.011,2370.58
2024-01-01T08:54:00,0.0495,0.9505,0.045,0.0541,0.0092,1730.72
2024-01-01T08:54:30,0.0495,0.9505,0.0464,0.0526,0.0062,1133.24
2024-01-01T08:55:00,0.0505,0.9495,0.0451,0.056,0.0109,1982.85
2024-01-01T08:55:30,0.0512,0.9488,0.0442,0.0581,0.0139,2396.06
2024-01-01T08:56:00,0.0529,0.9471,0.047,0.0587,0.0117,1874.48
2024-01-01T08:56:30,0.0506,0.9494,0.0446,0.0566,0.012,2097.72
2024-01-01T08:57:00,0.0501,0.9499,0.0475,0.0527,0.0053,1240.9
2024-01-01T08:57:30,0.0493,0.9507,0.0438,0.0549,0.0111,1411.31
2024-01-01T08:58:00,0.0505,0.9495,0.0447,0.0563,0.0117,2016.27
2024-01-01T08:58:30,0.0507,0.9493,0.0457,0.0558,0.0101,1119.65
2024-01-01T08:59:00,0.0518,0.9482,0.0461,0.0575,0.0113,1861.22
2024-01-01T08:59:30,0.0494,0.9506,0.0473,0.0514,0.0041,1681.28
2024-01-01T09:00:00,0.0478,0.9522,0.0415,0.0541,0.0125,2255.75
2024-01-01T09:00:30,0.0503,0.9497,0.0482,0.0523,0.0041,2151.1
2024-01-01T09:01:00,0.0462,0.9538,0.0423,0.0501,0.0078,2377.79
2024-01-01T09:01:30,0.0473,0.9527,0.0445,0.0501,0.0056,2443.34
2024-01-01T09:02:00,0.0525,0.9475,0.0466,0.0584,0.0118,2268.9
2024-01-01T09:02:30,0.0539,0.9461,0.0466,0.0611,0.0144,2481.56
2024-01-01T09:03:00,0.0505,0.9495,0.0464,0.0547,0.0083,1724.81
2024-01-01T09:03:30,0.0491,0.9509,0.0448,0.0534,0.0086,2295.43
2024-01-01T09:04:00,0.051,0.949,0.0495,0.0525,0.003,1695.58
2024-01-01T09:04:30,0.0546,0.9454,0.0484,0.0609,0.0125,1311.53
2024-01-01T09:05:00,0.0531,0.9469,0.0489,0.0574,0.0085,1482.99
2024-01-01T09:05:30,0.052,0.948,0.0458,0.0582,0.0125,2078.34
2024-01-01T09:06:00,0.0478,0.9522,0.0416,0.054,0.0125,1940.76
2024-01-01T09:06:30,0.0511,0.9489,0.0448,0.0574,0.0126,1711.77
2024-01-01T09:07:00,0.0543,0.9457,0.0504,0.0582,0.0078,1509.96
2024-01-01T09:07:30,0.048,0.952,0.0448,0.0512,0.0064,1156.59
2024-01-01T09:08:00,0.0477,0.9523,0.0434,0.0519,0.0085,1089.7
2024-01-01T09:08:30,0.0458,0.9542,0.0433,0.0483,0.005,1831.08
2024-01-01T09:09:00,0.0496,0.9504,0.0428,0.0563,0.0135,1877.72
2024-01-01T09:09:30,0.0464,0.9536,0.0414,0.0514,0.01,2005.51
2024-01-01T09:10:00,0.0453,0.9547,0.0424,0.0481,0.0057,1405.42
2024-01-01T09:10:30,0.0476,0.9524,0.0456,0.0497,0.0041,1882.29
2024-01-01T09:11:00,0.0497,0.9503,0.047,0.0523,0.0054,2397.0
2024-01-01T09:11:30,0.0455,0.9545,0.0403,0.0508,0.0105,1405.09
2024-01-01T09:12:00,0.0432,0.9568,0.0361,0.0503,0.0142,1443.64
2024-01-01T09:12:30,0.049,0.951,0.0472,0.0509,0.0037,1397.8
2024-01-01T09:13:00,0.0463,0.9537,0.0429,0.0497,0.0069,1226.13
2024-01-01T09:13:30,0.0473,0.9527,0.0453,0.0493,0.0041,1359.8
2024-01-01T09:14:00,0.0483,0.9517,0.0422,0.0543,0.0121,2031.08
2024-01-01T09:14:30,0.05,0.95,0.0435,0.0565,0.013,1850.01
2024-01-01T09:15:00,0.0502,0.9498,0.0445,0.0559,0.0114,1326.67
2024-01-01T09:15:30,0.054,0.946,0.051,0.0569,0.0059,1773.4
2024-01-01T09:16:00,0.0511,0.9489,0.0457,0.0565,0.0108,1413.66
2024-01-01T09:16:30,0.0502,0.9498,0.0463,0.0542,0.0079,2333.99
2024-01-01T09:17:00,0.0485,0.9515,0.0457,0.0513,0.0056,1113.93
2024-01-01T09:17:30,0.0522,0.9478,0.0484,0.0561,0.0077,2204.53
2024-01-01T09:18:00,0.0532,0.9468,0.0465,0.0598,0.0133,2319.83
2024-01-01T09:18:30,0.053,0.947,0.0463,0.0597,0.0134,1873.17
2024-01-01T09:19:00,0.0519,0.9481,0.0493,0.0545,0.0051,1676.47
2024-01-01T09:19:30,0.0557,0.9443,0.0539,0.0576,0.0038,1355.41
2024-01-01T09:20:00,0.0516,0.9484,0.0479,0.0554,0.0074,1374.23
2024-01-01T09:20:30,0.0548,0.9452,0.051,0.0587,0.0076,1871.78
2024-01-01T09:21:00,0.0532,0.9468,0.0465,0.06,0.0134,1768.75
2024-01-01T09:21:30,0.0506,0.9494,0.0476,0.0536,0.0061,2350.66
2024-01-01T09:22:00,0.0533,0.9467,0.0467,0.0598,0.0131,1204.43
2024-01-01T09:22:30,0.0505,0.9495,0.047,0.054,0.007,2322.31
2024-01-01T09:23:00,0.0513,0.9487,0.0464,0.0562,0.0097,1967.72
2024-01-01T09:23:30,0.0508,0.9492,0.0482,0.0534,0.0051,2134.31
2024-01-01T09:24:00,0.0495,0.9505,0.0458,0.0532,0.0074,1295.11
2024-01-01T09:24:30,0.0544,0.9456,0.0512,0.0575,0.0063,1973.95
2024-01-01T09:25:00,0.0504,0.9496,0.0474,0.0534,0.006,1810.57
2024-01-01T09:25:30,0.0495,0.9505,0.0469,0.0521,0.0052,1814.59
2024-01-01T09:26:00,0.046,0.954,0.0399,0.0522,0.0123,1301.25
2024-01-01T09:26:30,0.0505,0.9495,0.0455,0.0555,0.0101,2333.2
2024-01-01T09:27:00,0.0461,0.9539,0.0405,0.0516,0.011,1760.62
2024-01-01T09:27:30,0.045,0.955,0.0412,0.0488,0.0077,1294.85
2024-01-01T09:28:00,0.0467,0.9533,0.0412,0.0522,0.011,1176.41
2024-01-01T09:28:30,0.0495,0.9505,0.0463,0.0527,0.0065,2249.48
2024-01-01T09:29:00,0.048,0.952,0.0438,0.0522,0.0084,2285.37
2024-01-01T09:29:30,0.0496,0.9504,0.0427,0.0566,0.0139,2398.03
2024-01-01T09:30:00,0.0507,0.9493,0.0487,0.0526,0.0038,1662.84
2024-01-01T09:30:30,0.0473,0.9527,0.0403,0.0543,0.014,1255.71
2024-01-01T09:31:00,0.049,0.951,0.0423,0.0557,0.0134,2000.8
2024-01-01T09:31:30,0.0522,0.9478,0.0465,0.0579,0.0114,2523.93
2024-01-01T09:32:00,0.0463,0.9537,0.0437,0.049,0.0053,2267.57
2024-01-01T09:32:30,0.0517,0.9483,0.0452,0.0583,0.0131,1384.13
2024-01-01T09:33:00,0.0531,0.9469,0.0476,0.0585,0.0109,1334.99
2024-01-01T09:33:30,0.0525,0.9475,0.0472,0.0577,0.0106,2198.7
2024-01-01T09:34:00,0.045,0.955,0.0384,0.0517,0.0133,2144.87
2024-01-01T09:34:30,0.0486,0.9514,0.046,0.0512,0.0051,2344.1
2024-01-01T09:35:00,0.0446,0.9554,0.041,0.0483,0.0074,1245.9
2024-01-01T09:35:30,0.0493,0.9507,0.0425,0.0561,0.0136,2057.07
2024-01-01T09:36:00,0.048,0.952,0.0439,0.0522,0.0083,1921.22
2024-01-01T09:36:30,0.0503,0.9497,0.0476,0.0531,0.0055,1801.96
2024-01-01T09:37:00,0.047,0.953,0.042,0.0519,0.0099,2045.99
2024-01-01T09:37:30,0.0476,0.9524,0.0411,0.0541,0.013,1091.45
2024-01-01T09:38:00,0.05,0.95,0.0442,0.0558,0.0116,2339.48
2024-01-01T09:38:30,0.0515,0.9485,0.0473,0.0557,0.0084,2074.91
2024-01-01T09:39:00,0.0528,0.9472,0.0475,0.058,0.0105,1396.35
2024-01-01T09:39:30,0.0495,0.9505,0.0442,0.0549,0.0107,1183.9
2024-01-01T09:40:00,0.0485,0.9515,0.0449,0.0522,0.0073,1511.38
2024-01-01T09:40:30,0.05,0.95,0.046,0.054,0.0081,1557.87
2024-01-01T09:41:00,0.0511,0.9489,0.0461,0.0561,0.01,2212.53
2024-01-01T09:41:30,0.05,0.95,0.0445,0.0556,0.011,1452.07
2024-01-01T09:42:00,0.0511,0.9489,0.044,0.0582,0.0142,1886.51
2024-01-01T09:42:30,0.0501,0.9499,0.0439,0.0564,0.0125,1136.18
2024-01-01T09:43:00,0.0522,0.9478,0.0454,0.059,0.0136,2167.82
2024-01-01T09:43:30,0.0523,0.9477,0.0481,0.0564,0.0083,2427.09
2024-01-01T09:44:00,0.0549,0.9451,0.052,0.0578,0.0059,2379.1
2024-01-01T09:44:30,0.0511,0.9489,0.0437,0.0585,0.0147,1554.93
2024-01-01T09:45:00,0.0491,0.9509,0.0437,0.0546,0.0108,2068.9
2024-01-01T09:45:30,0.0469,0.9531,0.0439,0.05,0.0062,1074.5
2024-01-01T09:46:00,0.0472,0.9528,0.0453,0.0492,0.0039,2213.67
2024-01-01T09:46:30,0.0487,0.9513,0.0417,0.0557,0.0139,1132.75
2024-01-01T09:47:00,0.0518,0.9482,0.0487,0.0548,0.0061,2195.7
2024-01-01T09:47:30,0.0488,0.9512,0.0415,0.0562,0.0147,2324.61
2024-01-01T09:48:00,0.0452,0.9548,0.039,0.0515,0.0125,2191.74
2024-01-01T09:48:30,0.0451,0.9549,0.0408,0.0493,0.0085,1784.2
2024-01-01T09:49:00,0.0482,0.9518,0.045,0.0514,0.0064,2282.13
2024-01-01T09:49:30,0.0507,0.9493,0.0473,0.0541,0.0068,2307.29
2024-01-01T09:50:00,0.0516,0.9484,0.0477,0.0555,0.0077,1759.56
2024-01-01T09:50:30,0.0518,0.9482,0.0482,0.0553,0.0071,2453.03
2024-01-01T09:51:00,0.0476,0.9524,0.0414,0.0539,0.0125,1612.72
2024-01-01T09:51:30,0.0498,0.9502,0.0463,0.0533,0.007,1434.03
2024-01-01T09:52:00,0.0519,0.9481,0.0465,0.0572,0.0107,1198.88
2024-01-01T09:52:30,0.0483,0.9517,0.0429,0.0537,0.0109,1301.28
2024-01-01T09:53:00,0.0493,0.9507,0.0456,0.0531,0.0075,1874.73
2024-01-01T09:53:30,0.0491,0.9509,0.0428,0.0553,0.0125,1451.91
2024-01-01T09:54:00,0.0533,0.9467,0.0506,0.056,0.0054,2155.61
2024-01-01T09:54:30,0.0541,0.9459,0.0472,0.0611,0.014,1943.46
2024-01-01T09:55:00,0.0516,0.9484,0.0445,0.0587,0.0142,1649.57
2024-01-01T09:55:30,0.0506,0.9494,0.0433,0.058,0.0148,2039.27
2024-01-01T09:56:00,0.0517,0.9483,0.0456,0.0578,0.0122,1720.88
2024-01-01T09:56:30,0.0506,0.9494,0.0488,0.0523,0.0035,2379.89
2024-01-01T09:57:00,0.0518,0.9482,0.0454,0.0582,0.0127,1242.22
2024-01-01T09:57:30,0.0511,0.9489,0.0486,0.0535,0.0049,2351.86
2024-01-01T09:58:00,0.0475,0.9525,0.0452,0.0499,0.0046,2421.83
2024-01-01T09:58:30,0.0508,0.9492,0.0489,0.0527,0.0038,2304.15
2024-01-01T09:59:00,0.05,0.95,0.0432,0.0569,0.0137,1193.44
2024-01-01T09:59:30,0.049,0.951,0.0447,0.0534,0.0087,1374.8
2024-01-01T10:00:00,0.05,0.95,0.045,0.055,0.01,1932.79
2024-01-01T10:00:30,0.0476,0.9524,0.0408,0.0545,0.0137,1177.06
2024-01-01T10:01:00,0.0508,0.9492,0.047,0.0546,0.0076,1287.14
2024-01-01T10:01:30,0.0496,0.9504,0.0436,0.0555,0.012,2257.74
2024-01-01T10:02:00,0.0484,0.9516,0.0441,0.0528,0.0087,1875.81
2024-01-01T10:02:30,0.0499,0.9501,0.0432,0.0565,0.0134,2472.59
2024-01-01T10:03:00,0.0498,0.9502,0.0451,0.0545,0.0094,1168.92
2024-01-01T10:03:30,0.0497,0.9503,0.0425,0.0569,0.0144,1627.37
2024-01-01T10:04:00,0.0502,0.9498,0.0472,0.0533,0.0061,1090.38
2024-01-01T10:04:30,0.051,0.949,0.0463,0.0557,0.0094,1584.41
2024-01-01T10:05:00,0.047,0.953,0.0438,0.0503,0.0065,1762.0
2024-01-01T10:05:30,0.0479,0.9521,0.0436,0.0521,0.0085,2080.63
2024-01-01T10:06:00,0.0512,0.9488,0.0457,0.0567,0.0109,1413.09
2024-01-01T10:06:30,0.0529,0.9471,0.0499,0.0558,0.0059,2497.11
2024-01-01T10:07:00,0.0501,0.9499,0.0444,0.0557,0.0113,1738.36
2024-01-01T10:07:30,0.0575,0.9425,0.0545,0.0606,0.0061,2469.9
2024-01-01T10:08:00,0.0528,0.9472,0.0494,0.0563,0.007,1514.58
2024-01-01T10:08:30,0.0536,0.9464,0.0473,0.0599,0.0125,1575.8
2024-01-01T10:09:00,0.0517,0.9483,0.0476,0.0558,0.0083,1666.38
2024-01-01T10:09:30,0.0484,0.9516,0.0454,0.0515,0.0061,1699.13
2024-01-01T10:10:00,0.0544,0.9456,0.0519,0.0569,0.005,1661.44
2024-01-01T10:10:30,0.0534,0.9466,0.0499,0.0569,0.007,1233.6
2024-01-01T10:11:00,0.053,0.947,0.0459,0.0602,0.0143,2518.46
2024-01-01T10:11:30,0.0516,0.9484,0.0444,0.0589,0.0146,1170.33
2024-01-01T10:12:00,0.0529,0.9471,0.0458,0.0601,0.0143,1682.19
2024-01-01T10:12:30,0.0519,0.9481,0.0451,0.0587,0.0136,2115.6
2024-01-01T10:13:00,0.0538,0.9462,0.0471,0.0606,0.0135,1746.15
2024-01-01T10:13:30,0.0529,0.9471,0.0466,0.0592,0.0126,1371.99
2024-01-01T10:14:00,0.0517,0.9483,0.0487,0.0547,0.006,2137.79
2024-01-01T10:14:30,0.0543,0.9457,0.0492,0.0594,0.0102,1565.52
2024-01-01T10:15:00,0.0534,0.9466,0.0487,0.0581,0.0095,1476.55
2024-01-01T10:15:30,0.0554,0.9446,0.048,0.0627,0.0147,2492.82
2024-01-01T10:16:00,0.0576,0.9424,0.0527,0.0626,0.0099,1495.48
2024-01-01T10:16:30,0.0598,0.9402,0.054,0.0656,0.0116,1859.19
2024-01-01T10:17:00,0.0616,0.9384,0.0543,0.0688,0.0145,2592.05
2024-01-01T10:17:30,0.061,0.939,0.059,0.063,0.0039,2335.78
2024-01-01T10:18:00,0.0605,0.9395,0.0572,0.0638,0.0066,2288.51
2024-01-01T10:18:30,0.0654,0.9346,0.0609,0.0699,0.009,1673.13
2024-01-01T10:19:00,0.0688,0.9312,0.0657,0.072,0.0062,1555.73
2024-01-01T10:19:30,0.0696,0.9304,0.0656,0.0737,0.0081,2243.35
2024-01-01T10:20:00,0.0705,0.9295,0.0674,0.0735,0.0061,1588.99
2024-01-01T10:20:30,0.0718,0.9282,0.0643,0.0794,0.015,2752.81
2024-01-01T10:21:00,0.0714,0.9286,0.0687,0.0741,0.0054,2918.35
2024-01-01T10:21:30,0.0737,0.9263,0.0691,0.0784,0.0093,2659.13
2024-01-01T10:22:00,0.0749,0.9251,0.0684,0.0814,0.013,1566.3
2024-01-01T10:22:30,0.0797,0.9203,0.0755,0.084,0.0086,1480.3
2024-01-01T10:23:00,0.0779,0.9221,0.0754,0.0803,0.005,2280.1
2024-01-01T10:23:30,0.0807,0.9193,0.0749,0.0866,0.0117,3047.62
2024-01-01T10:24:00,0.0785,0.9215,0.0753,0.0817,0.0064,3041.53
2024-01-01T10:24:30,0.0862,0.9138,0.079,0.0933,0.0143,1978.46
2024-01-01T10:25:00,0.0886,0.9114,0.081,0.0961,0.0151,2133.74
2024-01-01T10:25:30,0.0874,0.9126,0.085,0.0898,0.0048,1580.87
2024-01-01T10:26:00,0.0893,0.9107,0.0865,0.0921,0.0056,1701.87
2024-01-01T10:26:30,0.09,0.91,0.0874,0.0925,0.005,3219.84
2024-01-01T10:27:00,0.0919,0.9081,0.0841,0.0997,0.0155,1584.52
2024-01-01T10:27:30,0.0907,0.9093,0.0868,0.0946,0.0079,2517.08
2024-01-01T10:28:00,0.0919,0.9081,0.0843,0.0996,0.0153,1510.36
2024-01-01T10:28:30,0.0949,0.9051,0.0879,0.1019,0.014,1899.59
2024-01-01T10:29:00,0.0973,0.9027,0.0901,0.1045,0.0144,3488.29
2024-01-01T10:29:30,0.099,0.901,0.0938,0.1042,0.0104,2953.46
2024-01-01T10:30:00,0.1007,0.8993,0.097,0.1043,0.0073,1970.81
2024-01-01T10:30:30,0.1052,0.8948,0.0994,0.111,0.0117,2828.22
2024-01-01T10:31:00,0.104,0.896,0.0965,0.1115,0.015,2503.49
2024-01-01T10:31:30,0.1053,0.8947,0.0977,0.113,0.0154,2781.46
2024-01-01T10:32:00,0.1089,0.8911,0.1063,0.1116,0.0052,2938.97
2024-01-01T10:32:30,0.1105,0.8895,0.1059,0.1151,0.0092,2570.12
2024-01-01T10:33:00,0.1089,0.8911,0.1041,0.1136,0.0095,1988.01
2024-01-01T10:33:30,0.1087,0.8913,0.1028,0.1146,0.0119,3393.07
2024-01-01T10:34:00,0.1131,0.8869,0.1059,0.1203,0.0144,1971.08
2024-01-01T10:34:30,0.1143,0.8857,0.1114,0.1173,0.0058,2572.24
2024-01-01T10:35:00,0.1145,0.8855,0.1084,0.1207,0.0123,1998.91
2024-01-01T10:35:30,0.1175,0.8825,0.1104,0.1246,0.0143,3840.44
2024-01-01T10:36:00,0.1149,0.8851,0.1115,0.1182,0.0068,3174.47
2024-01-01T10:36:30,0.1182,0.8818,0.1111,0.1253,0.0143,2354.77
2024-01-01T10:37:00,0.1218,0.8782,0.1151,0.1286,0.0135,3209.83
2024-01-01T10:37:30,0.1234,0.8766,0.1197,0.1272,0.0075,4043.41
2024-01-01T10:38:00,0.1218,0.8782,0.1147,0.129,0.0143,4116.05
2024-01-01T10:38:30,0.1251,0.8749,0.118,0.1323,0.0143,4001.26
2024-01-01T10:39:00,0.1251,0.8749,0.1211,0.1291,0.008,3174.81
2024-01-01T10:39:30,0.131,0.869,0.1246,0.1374,0.0127,3858.49
2024-01-01T10:40:00,0.1361,0.8639,0.1335,0.1388,0.0054,2356.4
2024-01-01T10:40:30,0.1383,0.8617,0.1337,0.1429,0.0092,3795.77
2024-01-01T10:41:00,0.1388,0.8612,0.1325,0.1452,0.0127,2215.88
2024-01-01T10:41:30,0.1407,0.8593,0.1343,0.1471,0.0128,4517.41
2024-01-01T10:42:00,0.1404,0.8596,0.1367,0.1442,0.0075,2180.93
2024-01-01T10:42:30,0.1414,0.8586,0.1375,0.1453,0.0078,3526.82
2024-01-01T10:43:00,0.1416,0.8584,0.1333,0.1499,0.0167,2130.62
2024-01-01T10:43:30,0.1431,0.8569,0.1376,0.1487,0.0111,3654.31
2024-01-01T10:44:00,0.147,0.853,0.1394,0.1546,0.0152,2186.32
2024-01-01T10:44:30,0.144,0.856,0.1396,0.1484,0.0088,2543.05
2024-01-01T10:45:00,0.1462,0.8538,0.1377,0.1547,0.017,3226.02
2024-01-01T10:45:30,0.149,0.851,0.1464,0.1516,0.0052,2315.37
2024-01-01T10:46:00,0.1467,0.8533,0.1433,0.1502,0.0069,4250.25
2024-01-01T10:46:30,0.1485,0.8515,0.1423,0.1546,0.0123,4567.84
2024-01-01T10:47:00,0.1521,0.8479,0.1458,0.1583,0.0124,3077.45
2024-01-01T10:47:30,0.1539,0.8461,0.1457,0.1621,0.0164,4274.87
2024-01-01T10:48:00,0.1575,0.8425,0.1513,0.1636,0.0123,3946.25
2024-01-01T10:48:30,0.1568,0.8432,0.1521,0.1615,0.0094,2431.4
2024-01-01T10:49:00,0.1595,0.8405,0.1518,0.1671,0.0153,3233.81
2024-01-01T10:49:30,0.1605,0.8395,0.1583,0.1628,0.0045,4296.4
2024-01-01T10:50:00,0.1636,0.8364,0.1574,0.1697,0.0123,4133.64
2024-01-01T10:50:30,0.1618,0.8382,0.1547,0.1689,0.0143,2452.26
2024-01-01T10:51:00,0.1649,0.8351,0.1604,0.1695,0.0092,2701.82
2024-01-01T10:51:30,0.166,0.834,0.1587,0.1733,0.0146,4373.92
2024-01-01T10:52:00,0.1699,0.8301,0.1637,0.1762,0.0124,4782.78
2024-01-01T10:52:30,0.1692,0.8308,0.1626,0.1758,0.0132,4804.17
2024-01-01T10:53:00,0.1709,0.8291,0.1682,0.1736,0.0055,2719.25
2024-01-01T10:53:30,0.1711,0.8289,0.1633,0.179,0.0157,5067.32
2024-01-01T10:54:00,0.1745,0.8255,0.166,0.1829,0.0169,4058.55
2024-01-01T10:54:30,0.1761,0.8239,0.168,0.1842,0.0161,4756.64
2024-01-01T10:55:00,0.1774,0.8226,0.1745,0.1802,0.0057,3953.99
2024-01-01T10:55:30,0.1812,0.8188,0.1757,0.1868,0.0111,4390.4
2024-01-01T10:56:00,0.1818,0.8182,0.1729,0.1907,0.0178,2885.29
2024-01-01T10:56:30,0.1819,0.8181,0.1763,0.1875,0.0111,3193.41
2024-01-01T10:57:00,0.1818,0.8182,0.1766,0.1869,0.0103,5447.51
2024-01-01T10:57:30,0.1855,0.8145,0.177,0.1939,0.0169,3960.96
2024-01-01T10:58:00,0.1877,0.8123,0.1799,0.1955,0.0155,3981.13
2024-01-01T10:58:30,0.187,0.813,0.1782,0.1958,0.0176,5550.85
2024-01-01T10:59:00,0.1897,0.8103,0.1859,0.1934,0.0075,5587.56
2024-01-01T10:59:30,0.1887,0.8113,0.1804,0.1971,0.0167,2987.96
2024-01-01T11:00:00,0.1929,0.8071,0.1862,0.1996,0.0134,4611.47
2024-01-01T11:00:30,0.1928,0.8072,0.1847,0.2009,0.0163,2962.26
2024-01-01T11:01:00,0.1996,0.8004,0.1946,0.2047,0.0101,4344.65
2024-01-01T11:01:30,0.1987,0.8013,0.1965,0.2009,0.0044,3282.54
2024-01-01T11:02:00,0.1998,0.8002,0.1928,0.2068,0.014,3298.82
2024-01-01T11:02:30,0.2013,0.7987,0.1965,0.2061,0.0096,3955.95
2024-01-01T11:03:00,0.2039,0.7961,0.1983,0.2094,0.0112,4212.34
2024-01-01T11:03:30,0.2054,0.7946,0.1989,0.2119,0.013,4602.68
2024-01-01T11:04:00,0.2051,0.7949,0.1966,0.2136,0.017,4604.55
2024-01-01T11:04:30,0.2118,0.7882,0.2035,0.2201,0.0166,3520.26
2024-01-01T11:05:00,0.2089,0.7911,0.2029,0.215,0.0121,5083.87
2024-01-01T11:05:30,0.2127,0.7873,0.2074,0.218,0.0106,2756.35
2024-01-01T11:06:00,0.2103,0.7897,0.2047,0.2159,0.0111,2870.54
2024-01-01T11:06:30,0.2145,0.7855,0.2111,0.2179,0.0067,3422.12
2024-01-01T11:07:00,0.2183,0.7817,0.2096,0.227,0.0174,2830.43
2024-01-01T11:07:30,0.2178,0.7822,0.2101,0.2254,0.0152,4021.02
2024-01-01T11:08:00,0.2157,0.7843,0.2083,0.2232,0.0149,4975.14
2024-01-01T11:08:30,0.2225,0.7775,0.2148,0.2303,0.0156,5611.0
2024-01-01T11:09:00,0.2242,0.7758,0.2207,0.2276,0.0069,4822.62
2024-01-01T11:09:30,0.2274,0.7726,0.2229,0.232,0.0091,5802.08
2024-01-01T11:10:00,0.2227,0.7773,0.2134,0.232,0.0186,4941.97
2024-01-01T11:10:30,0.2259,0.7741,0.2214,0.2304,0.0091,3748.01
2024-01-01T11:11:00,0.2302,0.7698,0.2265,0.2339,0.0075,4872.84
2024-01-01T11:11:30,0.2295,0.7705,0.2211,0.2378,0.0167,5668.14
2024-01-01T11:12:00,0.2305,0.7695,0.2231,0.2379,0.0148,6157.06
2024-01-01T11:12:30,0.2363,0.7637,0.2292,0.2433,0.0141,5369.1
2024-01-01T11:13:00,0.2337,0.7663,0.2259,0.2415,0.0157,3110.06
2024-01-01T11:13:30,0.232,0.768,0.2241,0.2399,0.0158,3094.63
2024-01-01T11:14:00,0.2357,0.7643,0.2318,0.2397,0.0079,3916.75
2024-01-01T11:14:30,0.2382,0.7618,0.2304,0.246,0.0156,3980.53
2024-01-01T11:15:00,0.2422,0.7578,0.2395,0.2449,0.0054,6222.05
2024-01-01T11:15:30,0.2392,0.7608,0.2297,0.2488,0.019,5747.05
2024-01-01T11:16:00,0.2438,0.7562,0.2377,0.2499,0.0122,6378.4
2024-01-01T11:16:30,0.2452,0.7548,0.242,0.2483,0.0064,6139.83
2024-01-01T11:17:00,0.2483,0.7517,0.2432,0.2533,0.0102,6689.87
2024-01-01T11:17:30,0.2514,0.7486,0.2457,0.257,0.0113,6083.19
2024-01-01T11:18:00,0.251,0.749,0.2445,0.2574,0.0129,4094.3
2024-01-01T11:18:30,0.2559,0.7441,0.2489,0.2628,0.0139,3263.67
2024-01-01T11:19:00,0.2541,0.7459,0.2452,0.263,0.0178,6564.48
2024-01-01T11:19:30,0.2542,0.7458,0.2506,0.2579,0.0074,6007.54
2024-01-01T11:20:00,0.2569,0.7431,0.2536,0.2601,0.0065,3837.25
2024-01-01T11:20:30,0.2569,0.7431,0.252,0.2618,0.0098,6818.79
2024-01-01T11:21:00,0.2557,0.7443,0.2485,0.2629,0.0144,3082.46
2024-01-01T11:21:30,0.2596,0.7404,0.252,0.2671,0.0151,3217.03
2024-01-01T11:22:00,0.2607,0.7393,0.251,0.2705,0.0195,3128.29
2024-01-01T11:22:30,0.2665,0.7335,0.2582,0.2748,0.0167,4774.22
2024-01-01T11:23:00,0.267,0.733,0.264,0.2699,0.0059,5685.38
2024-01-01T11:23:30,0.2663,0.7337,0.2569,0.2756,0.0187,4728.14
2024-01-01T11:24:00,0.2707,0.7293,0.2678,0.2737,0.0059,5803.09
2024-01-01T11:24:30,0.2713,0.7287,0.2639,0.2788,0.0149,7015.62
2024-01-01T11:25:00,0.2742,0.7258,0.2688,0.2796,0.0108,6870.18
2024-01-01T11:25:30,0.1602,0.8398,0.1582,0.1622,0.004,2644.89
2024-01-01T11:26:00,0.1517,0.8483,0.1498,0.1536,0.0038,3964.86
2024-01-01T11:26:30,0.1492,0.8508,0.1465,0.152,0.0055,4219.62
2024-01-01T11:27:00,0.1499,0.8501,0.1454,0.1543,0.0089,3842.66
2024-01-01T11:27:30,0.1487,0.8513,0.1457,0.1517,0.006,3626.95
2024-01-01T11:28:00,0.153,0.847,0.146,0.1599,0.014,3548.93
2024-01-01T11:28:30,0.15,0.85,0.1457,0.1544,0.0087,3569.94
2024-01-01T11:29:00,0.1513,0.8487,0.1443,0.1583,0.014,4509.18
2024-01-01T11:29:30,0.1505,0.8495,0.1463,0.1548,0.0085,4745.41
2024-01-01T11:30:00,0.1509,0.8491,0.1468,0.1549,0.0081,2555.83
2024-01-01T11:30:30,0.1536,0.8464,0.147,0.1602,0.0132,2363.17
2024-01-01T11:31:00,0.1571,0.8429,0.1548,0.1594,0.0045,2357.7
2024-01-01T11:31:30,0.1584,0.8416,0.1544,0.1623,0.0079,4150.51
2024-01-01T11:32:00,0.1576,0.8424,0.1514,0.1638,0.0124,4150.13
2024-01-01T11:32:30,0.1608,0.8392,0.1577,0.1638,0.006,4723.01
2024-01-01T11:33:00,0.1592,0.8408,0.1537,0.1647,0.011,4410.28
2024-01-01T11:33:30,0.1643,0.8357,0.1615,0.1672,0.0057,4971.4
2024-01-01T11:34:00,0.1656,0.8344,0.1625,0.1687,0.0062,2586.37
2024-01-01T11:34:30,0.1672,0.8328,0.1612,0.1733,0.0121,3963.11
2024-01-01T11:35:00,0.17,0.83,0.1642,0.1759,0.0117,4709.34
2024-01-01T11:35:30,0.1716,0.8284,0.1628,0.1803,0.0175,4052.25
2024-01-01T11:36:00,0.1716,0.8284,0.1698,0.1734,0.0036,2901.58
2024-01-01T11:36:30,0.1755,0.8245,0.1671,0.1838,0.0167,3722.4
2024-01-01T11:37:00,0.1739,0.8261,0.1709,0.1769,0.006,4466.94
2024-01-01T11:37:30,0.1754,0.8246,0.1714,0.1795,0.0081,2880.77
2024-01-01T11:38:00,0.1741,0.8259,0.1661,0.1822,0.0161,3279.59
2024-01-01T11:38:30,0.1789,0.8211,0.1762,0.1817,0.0055,2658.65
2024-01-01T11:39:00,0.1796,0.8204,0.1713,0.1879,0.0166,3823.43
2024-01-01T11:39:30,0.1781,0.8219,0.1722,0.184,0.0118,4996.29
2024-01-01T11:40:00,0.1826,0.8174,0.1763,0.1889,0.0125,5188.25
2024-01-01T11:40:30,0.1845,0.8155,0.1772,0.1917,0.0145,4814.73
2024-01-01T11:41:00,0.1886,0.8114,0.1832,0.194,0.0108,3312.35
2024-01-01T11:41:30,0.188,0.812,0.183,0.193,0.01,5476.58
2024-01-01T11:42:00,0.1904,0.8096,0.1868,0.194,0.0072,3740.66
2024-01-01T11:42:30,0.1903,0.8097,0.1833,0.1974,0.0141,4330.96
2024-01-01T11:43:00,0.1909,0.8091,0.185,0.1968,0.0118,3419.87
2024-01-01T11:43:30,0.1934,0.8066,0.1843,0.2024,0.0181,5613.64
2024-01-01T11:44:00,0.1974,0.8026,0.1913,0.2034,0.0121,2554.35
2024-01-01T11:44:30,0.2008,0.7992,0.1956,0.2061,0.0105,5504.34
2024-01-01T11:45:00,0.2004,0.7996,0.1962,0.2046,0.0084,5749.2
2024-01-01T11:45:30,0.2054,0.7946,0.1998,0.211,0.0112,4869.65
2024-01-01T11:46:00,0.2031,0.7969,0.201,0.2053,0.0043,4784.79
2024-01-01T11:46:30,0.2074,0.7926,0.2007,0.2142,0.0135,2921.69
2024-01-01T11:47:00,0.2063,0.7937,0.1992,0.2134,0.0141,4034.93
2024-01-01T11:47:30,0.208,0.792,0.2052,0.2107,0.0055,4055.77
2024-01-01T11:48:00,0.209,0.791,0.2068,0.2112,0.0044,4698.49
2024-01-01T11:48:30,0.2099,0.7901,0.2023,0.2176,0.0152,2963.2
2024-01-01T11:49:00,0.2095,0.7905,0.2007,0.2184,0.0176,3015.47
2024-01-01T11:49:30,0.2144,0.7856,0.2065,0.2224,0.016,4264.75
2024-01-01T11:50:00,0.2165,0.7835,0.2081,0.225,0.0169,4177.32
2024-01-01T11:50:30,0.2159,0.7841,0.2131,0.2186,0.0055,4416.01
2024-01-01T11:51:00,0.221,0.779,0.2165,0.2255,0.009,3178.11
2024-01-01T11:51:30,0.2197,0.7803,0.2114,0.228,0.0166,3735.56
2024-01-01T11:52:00,0.2226,0.7774,0.2195,0.2257,0.0062,3774.79
2024-01-01T11:52:30,0.2211,0.7789,0.2119,0.2303,0.0184,3977.64
2024-01-01T11:53:00,0.2213,0.7787,0.2125,0.2301,0.0176,2783.83
2024-01-01T11:53:30,0.2268,0.7732,0.2192,0.2345,0.0154,5257.91
2024-01-01T11:54:00,0.2302,0.7698,0.2234,0.2371,0.0138,3371.68
2024-01-01T11:54:30,0.2288,0.7712,0.2227,0.2349,0.0122,6355.69
2024-01-01T11:55:00,0.2279,0.7721,0.2228,0.233,0.0102,3800.91
2024-01-01T11:55:30,0.2293,0.7707,0.2201,0.2386,0.0185,5846.42
2024-01-01T11:56:00,0.2318,0.7682,0.2271,0.2365,0.0093,5316.48
2024-01-01T11:56:30,0.2326,0.7674,0.2294,0.2359,0.0065,4551.76
2024-01-01T11:57:00,0.2337,0.7663,0.2315,0.236,0.0045,5059.44
2024-01-01T11:57:30,0.2362,0.7638,0.2334,0.239,0.0056,4040.46
2024-01-01T11:58:00,0.2364,0.7636,0.2309,0.2418,0.0109,3264.52
2024-01-01T11:58:30,0.2397,0.7603,0.2322,0.2473,0.0151,3282.9
2024-01-01T11:59:00,0.2405,0.7595,0.2363,0.2447,0.0083,3221.27
2024-01-01T11:59:30,0.2436,0.7564,0.2401,0.2471,0.0071,3017.58
2024-01-01T12:00:00,0.2431,0.7569,0.2393,0.2469,0.0076,6217.5
2024-01-01T12:00:30,0.2453,0.7547,0.2388,0.2519,0.0131,5980.46
2024-01-01T12:01:00,0.2443,0.7557,0.2349,0.2537,0.0188,4100.95
2024-01-01T12:01:30,0.2484,0.7516,0.2389,0.258,0.0191,4939.27
2024-01-01T12:02:00,0.2494,0.7506,0.2401,0.2587,0.0187,3085.87
2024-01-01T12:02:30,0.2506,0.7494,0.2431,0.2581,0.0149,5160.92
2024-01-01T12:03:00,0.2542,0.7458,0.2449,0.2635,0.0186,4718.22
2024-01-01T12:03:30,0.2557,0.7443,0.2495,0.2619,0.0124,6829.48
2024-01-01T12:04:00,0.2557,0.7443,0.2527,0.2587,0.006,5254.63
2024-01-01T12:04:30,0.26,0.74,0.2517,0.2682,0.0165,4049.42
2024-01-01T12:05:00,0.2594,0.7406,0.2555,0.2633,0.0078,6774.41
2024-01-01T12:05:30,0.2644,0.7356,0.2616,0.2672,0.0056,6135.41
2024-01-01T12:06:00,0.2663,0.7337,0.2627,0.27,0.0073,7332.17
2024-01-01T12:06:30,0.2669,0.7331,0.2633,0.2705,0.0072,7341.96
2024-01-01T12:07:00,0.2698,0.7302,0.2603,0.2793,0.0189,3900.17
2024-01-01T12:07:30,0.2667,0.7333,0.2613,0.2721,0.0108,3364.21
2024-01-01T12:08:00,0.2705,0.7295,0.2617,0.2793,0.0176,7413.88
2024-01-01T12:08:30,0.2739,0.7261,0.2675,0.2804,0.0129,5735.42
2024-01-01T12:09:00,0.2746,0.7254,0.2653,0.2838,0.0185,6859.39
2024-01-01T12:09:30,0.276,0.724,0.2715,0.2806,0.0091,5598.78
2024-01-01T12:10:00,0.2766,0.7234,0.2688,0.2844,0.0156,5276.21
2024-01-01T12:10:30,0.2816,0.7184,0.2755,0.2877,0.0122,3813.52
2024-01-01T12:11:00,0.2813,0.7187,0.2791,0.2836,0.0046,4656.81
2024-01-01T12:11:30,0.2852,0.7148,0.2784,0.2921,0.0137,4032.03
2024-01-01T12:12:00,0.2854,0.7146,0.2762,0.2947,0.0184,7635.79
2024-01-01T12:12:30,0.2872,0.7128,0.2823,0.2921,0.0098,6267.61
2024-01-01T12:13:00,0.2929,0.7071,0.2891,0.2966,0.0075,6920.88
2024-01-01T12:13:30,0.2902,0.7098,0.2826,0.2978,0.0152,7647.66
2024-01-01T12:14:00,0.293,0.707,0.2877,0.2983,0.0106,4320.67
2024-01-01T12:14:30,0.2947,0.7053,0.287,0.3023,0.0153,6695.7
2024-01-01T12:15:00,0.294,0.706,0.2899,0.298,0.0081,6771.58
2024-01-01T12:15:30,0.2918,0.7082,0.2887,0.295,0.0063,4515.3
2024-01-01T12:16:00,0.292,0.708,0.2843,0.2997,0.0154,3947.57
2024-01-01T12:16:30,0.2918,0.7082,0.284,0.2997,0.0157,3742.34
2024-01-01T12:17:00,0.2925,0.7075,0.2862,0.2989,0.0127,5717.06
2024-01-01T12:17:30,0.2901,0.7099,0.2847,0.2954,0.0107,7570.13
2024-01-01T12:18:00,0.2899,0.7101,0.2878,0.292,0.0042,5300.41
2024-01-01T12:18:30,0.2903,0.7097,0.2869,0.2938,0.0068,6593.1
2024-01-01T12:19:00,0.29,0.71,0.2869,0.2931,0.0061,7048.11
2024-01-01T12:19:30,0.2909,0.7091,0.2851,0.2967,0.0116,5048.11
2024-01-01T12:20:00,0.2908,0.7092,0.2826,0.2991,0.0165,6035.55
2024-01-01T12:20:30,0.2967,0.7033,0.294,0.2993,0.0052,7115.74
2024-01-01T12:21:00,0.293,0.707,0.2871,0.2988,0.0117,4110.79
2024-01-01T12:21:30,0.2966,0.7034,0.2879,0.3052,0.0173,5764.94
2024-01-01T12:22:00,0.2933,0.7067,0.2853,0.3013,0.0159,6995.2
2024-01-01T12:22:30,0.2932,0.7068,0.2879,0.2985,0.0107,4044.89
2024-01-01T12:23:00,0.2917,0.7083,0.2816,0.3018,0.0203,4717.63
2024-01-01T12:23:30,0.29,0.71,0.2811,0.2989,0.0178,7319.31
2024-01-01T12:24:00,0.294,0.706,0.2908,0.2972,0.0064,4915.48
2024-01-01T12:24:30,0.2948,0.7052,0.2925,0.2971,0.0046,3615.43
2024-01-01T12:25:00,0.2944,0.7056,0.2904,0.2984,0.008,4467.28
2024-01-01T12:25:30,0.2942,0.7058,0.2893,0.2991,0.0099,7764.68
2024-01-01T12:26:00,0.2948,0.7052,0.2887,0.301,0.0123,3916.6
2024-01-01T12:26:30,0.2977,0.7023,0.2916,0.3038,0.0122,4602.84
2024-01-01T12:27:00,0.2984,0.7016,0.2932,0.3036,0.0104,4907.71
2024-01-01T12:27:30,0.2976,0.7024,0.2893,0.3059,0.0166,7101.05
2024-01-01T12:28:00,0.3001,0.6999,0.2953,0.3048,0.0095,4903.66
2024-01-01T12:28:30,0.2982,0.7018,0.2923,0.304,0.0117,5187.52
2024-01-01T12:29:00,0.2989,0.7011,0.2888,0.309,0.0202,4265.04
2024-01-01T12:29:30,0.2989,0.7011,0.2957,0.302,0.0064,4380.32
2024-01-01T12:30:00,0.3009,0.6991,0.2936,0.3081,0.0146,7123.08
2024-01-01T12:30:30,0.2965,0.7035,0.2926,0.3004,0.0078,5733.91
2024-01-01T12:31:00,0.2943,0.7057,0.2863,0.3024,0.0162,3989.32
2024-01-01T12:31:30,0.2962,0.7038,0.2875,0.3049,0.0174,5603.12
2024-01-01T12:32:00,0.2956,0.7044,0.2896,0.3016,0.012,7967.79
2024-01-01T12:32:30,0.2921,0.7079,0.2852,0.299,0.0138,4289.87
2024-01-01T12:33:00,0.297,0.703,0.2905,0.3034,0.0129,6210.18
2024-01-01T12:33:30,0.2956,0.7044,0.293,0.2982,0.0052,6095.08
2024-01-01T12:34:00,0.2978,0.7022,0.2879,0.3078,0.0198,7122.41
2024-01-01T12:34:30,0.297,0.703,0.2943,0.2998,0.0055,4347.26
2024-01-01T12:35:00,0.2913,0.7087,0.2885,0.2941,0.0056,6798.49
2024-01-01T12:35:30,0.2929,0.7071,0.2895,0.2963,0.0068,6610.42
2024-01-01T12:36:00,0.2984,0.7016,0.2927,0.3042,0.0115,5148.78
2024-01-01T12:36:30,0.2976,0.7024,0.2917,0.3036,0.0119,7833.1
2024-01-01T12:37:00,0.2967,0.7033,0.2913,0.302,0.0107,5891.8
2024-01-01T12:37:30,0.2964,0.7036,0.2875,0.3053,0.0178,7010.35
2024-01-01T12:38:00,0.295,0.705,0.2896,0.3005,0.011,5831.44
2024-01-01T12:38:30,0.296,0.704,0.2893,0.3027,0.0134,6593.32
2024-01-01T12:39:00,0.2925,0.7075,0.2875,0.2976,0.0101,7936.99
2024-01-01T12:39:30,0.2918,0.7082,0.2844,0.2992,0.0148,5705.09
2024-01-01T12:40:00,0.2991,0.7009,0.2937,0.3045,0.0108,7059.06
2024-01-01T12:40:30,0.3002,0.6998,0.2953,0.305,0.0097,6982.74
2024-01-01T12:41:00,0.2979,0.7021,0.2937,0.3021,0.0084,6595.46
2024-01-01T12:41:30,0.2951,0.7049,0.2903,0.2999,0.0096,4157.18
2024-01-01T12:42:00,0.2929,0.7071,0.2886,0.2972,0.0086,6305.53
2024-01-01T12:42:30,0.2935,0.7065,0.2867,0.3004,0.0136,4346.71
2024-01-01T12:43:00,0.2952,0.7048,0.289,0.3015,0.0126,5788.32
2024-01-01T12:43:30,0.297,0.703,0.2927,0.3014,0.0086,5774.35
2024-01-01T12:44:00,0.2986,0.7014,0.2936,0.3037,0.0101,7508.72
2024-01-01T12:44:30,0.2953,0.7047,0.2921,0.2985,0.0064,4762.37
2024-01-01T12:45:00,0.3,0.7,0.2916,0.3083,0.0167,7015.6
2024-01-01T12:45:30,0.2987,0.7013,0.294,0.3034,0.0094,7856.65
2024-01-01T12:46:00,0.296,0.704,0.2923,0.2997,0.0074,6795.27
2024-01-01T12:46:30,0.2962,0.7038,0.2862,0.3063,0.0201,6630.77
2024-01-01T12:47:00,0.2938,0.7062,0.2846,0.303,0.0183,7182.58
2024-01-01T12:47:30,0.297,0.703,0.2887,0.3054,0.0167,6711.9
2024-01-01T12:48:00,0.2966,0.7034,0.2904,0.3029,0.0125,5505.89
2024-01-01T12:48:30,0.2942,0.7058,0.289,0.2995,0.0104,5478.28
2024-01-01T12:49:00,0.2959,0.7041,0.2903,0.3015,0.0112,7310.99
2024-01-01T12:49:30,0.2942,0.7058,0.2847,0.3037,0.019,5334.52
2024-01-01T12:50:00,0.2914,0.7086,0.2852,0.2977,0.0126,6169.75
2024-01-01T12:50:30,0.2929,0.7071,0.2902,0.2956,0.0054,6228.37
2024-01-01T12:51:00,0.2946,0.7054,0.2901,0.2991,0.009,6172.92
2024-01-01T12:51:30,0.2959,0.7041,0.2904,0.3015,0.0112,5972.61
2024-01-01T12:52:00,0.2947,0.7053,0.2875,0.3019,0.0144,7752.36
2024-01-01T12:52:30,0.296,0.704,0.2896,0.3023,0.0127,3892.14
2024-01-01T12:53:00,0.2989,0.7011,0.2938,0.304,0.0102,3789.68
2024-01-01T12:53:30,0.2979,0.7021,0.2938,0.3021,0.0082,4021.19
2024-01-01T12:54:00,0.2953,0.7047,0.2859,0.3047,0.0188,3704.83
2024-01-01T12:54:30,0.296,0.704,0.2933,0.2987,0.0054,7192.69
2024-01-01T12:55:00,0.2942,0.7058,0.2883,0.3001,0.0119,6677.97
2024-01-01T12:55:30,0.2938,0.7062,0.288,0.2996,0.0116,4677.11
2024-01-01T12:56:00,0.2898,0.7102,0.2802,0.2993,0.0191,4478.92
2024-01-01T12:56:30,0.2934,0.7066,0.2886,0.2983,0.0096,5008.09
2024-01-01T12:57:00,0.2946,0.7054,0.2866,0.3026,0.016,4521.56
2024-01-01T12:57:30,0.2932,0.7068,0.2877,0.2987,0.011,7412.17
2024-01-01T12:58:00,0.2901,0.7099,0.2842,0.2959,0.0116,7274.91
2024-01-01T12:58:30,0.2926,0.7074,0.2826,0.3026,0.02,6361.41
2024-01-01T12:59:00,0.2947,0.7053,0.2861,0.3034,0.0174,7092.7
2024-01-01T12:59:30,0.2929,0.7071,0.2871,0.2986,0.0115,6412.77
2024-01-01T13:00:00,0.2951,0.7049,0.2902,0.3,0.0099,4132.65
2024-01-01T13:00:30,0.2973,0.7027,0.293,0.3016,0.0086,5417.86
2024-01-01T13:01:00,0.293,0.707,0.2886,0.2975,0.0089,7844.66
2024-01-01T13:01:30,0.2929,0.7071,0.2904,0.2953,0.0049,5782.41
2024-01-01T13:02:00,0.2885,0.7115,0.2792,0.2979,0.0187,5185.02
2024-01-01T13:02:30,0.2933,0.7067,0.2839,0.3026,0.0186,6967.88
2024-01-01T13:03:00,0.2926,0.7074,0.2839,0.3013,0.0174,7374.77
2024-01-01T13:03:30,0.2912,0.7088,0.2821,0.3003,0.0182,5837.08
2024-01-01T13:04:00,0.2957,0.7043,0.2918,0.2996,0.0078,7235.47
2024-01-01T13:04:30,0.2916,0.7084,0.2866,0.2966,0.0101,4911.59
2024-01-01T13:05:00,0.2903,0.7097,0.287,0.2936,0.0066,7112.66
2024-01-01T13:05:30,0.2918,0.7082,0.2879,0.2956,0.0077,4549.64
2024-01-01T13:06:00,0.2939,0.7061,0.2843,0.3035,0.0192,4504.13
2024-01-01T13:06:30,0.2946,0.7054,0.289,0.3002,0.0112,5183.2
2024-01-01T13:07:00,0.2952,0.7048,0.2924,0.2979,0.0055,5515.69
2024-01-01T13:07:30,0.2922,0.7078,0.2863,0.2981,0.0118,7629.68
2024-01-01T13:08:00,0.2968,0.7032,0.2894,0.3042,0.0148,6135.1
2024-01-01T13:08:30,0.2924,0.7076,0.2882,0.2966,0.0083,7385.45
2024-01-01T13:09:00,0.2965,0.7035,0.292,0.301,0.009,3669.54
2024-01-01T13:09:30,0.2924,0.7076,0.2836,0.3013,0.0177,3460.54
2024-01-01T13:10:00,0.295,0.705,0.2886,0.3014,0.0128,3484.91
2024-01-01T13:10:30,0.2934,0.7066,0.2871,0.2996,0.0124,5825.22
2024-01-01T13:11:00,0.3009,0.6991,0.2947,0.3071,0.0123,3530.07
2024-01-01T13:11:30,0.2961,0.7039,0.2876,0.3045,0.0169,5796.43
2024-01-01T13:12:00,0.2978,0.7022,0.295,0.3007,0.0057,7707.04
2024-01-01T13:12:30,0.2959,0.7041,0.2894,0.3024,0.0131,4240.11
2024-01-01T13:13:00,0.2976,0.7024,0.2908,0.3043,0.0135,3523.61
2024-01-01T13:13:30,0.2966,0.7034,0.2912,0.302,0.0108,3801.15
2024-01-01T13:14:00,0.3005,0.6995,0.2963,0.3046,0.0082,4574.36
2024-01-01T13:14:30,0.2986,0.7014,0.2888,0.3084,0.0197,4917.19
2024-01-01T13:15:00,0.2942,0.7058,0.2896,0.2987,0.0092,7814.97
2024-01-01T13:15:30,0.2973,0.7027,0.2893,0.3054,0.0161,7016.52
2024-01-01T13:16:00,0.2949,0.7051,0.2884,0.3015,0.0132,3710.41
2024-01-01T13:16:30,0.2922,0.7078,0.285,0.2993,0.0143,5969.8
2024-01-01T13:17:00,0.2946,0.7054,0.2917,0.2974,0.0057,6139.54
2024-01-01T13:17:30,0.2949,0.7051,0.2864,0.3035,0.0171,7847.53
2024-01-01T13:18:00,0.2937,0.7063,0.2875,0.2999,0.0124,7532.49
2024-01-01T13:18:30,0.2951,0.7049,0.2904,0.2999,0.0095,4584.46
2024-01-01T13:19:00,0.2973,0.7027,0.2915,0.3031,0.0115,3835.7
2024-01-01T13:19:30,0.2963,0.7037,0.2926,0.3001,0.0074,5178.68
2024-01-01T13:20:00,0.2951,0.7049,0.29,0.3002,0.0103,3783.83
2024-01-01T13:20:30,0.3003,0.6997,0.2907,0.3099,0.0192,7094.1
2024-01-01T13:21:00,0.2996,0.7004,0.2945,0.3048,0.0104,7402.45
2024-01-01T13:21:30,0.3078,0.6922,0.299,0.3166,0.0176,4813.35
2024-01-01T13:22:00,0.3099,0.6901,0.3005,0.3193,0.0187,3690.66
2024-01-01T13:22:30,0.3151,0.6849,0.3082,0.322,0.0138,6135.67
2024-01-01T13:23:00,0.323,0.677,0.3171,0.3289,0.0118,7347.1
2024-01-01T13:23:30,0.3296,0.6704,0.3233,0.3359,0.0126,5911.27
2024-01-01T13:24:00,0.3317,0.6683,0.3275,0.3359,0.0084,7245.14
2024-01-01T13:24:30,0.3363,0.6637,0.3262,0.3464,0.0203,8404.56
2024-01-01T13:25:00,0.3382,0.6618,0.3359,0.3405,0.0045,8106.66
2024-01-01T13:25:30,0.3464,0.6536,0.3407,0.3521,0.0115,7953.06
2024-01-01T13:26:00,0.3562,0.6438,0.3478,0.3647,0.0169,9033.9
2024-01-01T13:26:30,0.3565,0.6435,0.3517,0.3612,0.0096,7513.28
2024-01-01T13:27:00,0.355,0.645,0.3504,0.3597,0.0093,8720.0
2024-01-01T13:27:30,0.3596,0.6404,0.3523,0.367,0.0147,5050.15
2024-01-01T13:28:00,0.3609,0.6391,0.3568,0.3651,0.0083,7719.2
2024-01-01T13:28:30,0.3681,0.6319,0.3604,0.3759,0.0155,7770.69
2024-01-01T13:29:00,0.3728,0.6272,0.3668,0.3788,0.012,8182.05
2024-01-01T13:29:30,0.3801,0.6199,0.3726,0.3877,0.0151,6726.38
2024-01-01T13:30:00,0.3861,0.6139,0.3794,0.3928,0.0134,4497.86
2024-01-01T13:30:30,0.3886,0.6114,0.3858,0.3913,0.0056,8684.41
2024-01-01T13:31:00,0.3918,0.6082,0.3816,0.4019,0.0203,7282.52
2024-01-01T13:31:30,0.3921,0.6079,0.3847,0.3994,0.0147,5999.48
2024-01-01T13:32:00,0.4022,0.5978,0.3996,0.4048,0.0052,5760.53
2024-01-01T13:32:30,0.4057,0.5943,0.402,0.4094,0.0074,8393.53
2024-01-01T13:33:00,0.4107,0.5893,0.4006,0.4209,0.0202,9447.91
2024-01-01T13:33:30,0.413,0.587,0.4029,0.4231,0.0202,9233.1
2024-01-01T13:34:00,0.4184,0.5816,0.4113,0.4256,0.0143,6289.39
2024-01-01T13:34:30,0.4266,0.5734,0.4202,0.433,0.0128,8226.4
2024-01-01T13:35:00,0.432,0.568,0.4243,0.4398,0.0155,5619.28
2024-01-01T13:35:30,0.4369,0.5631,0.4341,0.4398,0.0057,10915.56
2024-01-01T13:36:00,0.4409,0.5591,0.4323,0.4494,0.017,7285.55
2024-01-01T13:36:30,0.4443,0.5557,0.4374,0.4512,0.0138,7551.9
2024-01-01T13:37:00,0.4448,0.5552,0.4351,0.4545,0.0194,8281.23
2024-01-01T13:37:30,0.4489,0.5511,0.4437,0.4541,0.0104,6476.32
2024-01-01T13:38:00,0.4531,0.5469,0.4475,0.4587,0.0112,8266.66
2024-01-01T13:38:30,0.4562,0.5438,0.4456,0.4669,0.0213,10482.75
2024-01-01T13:39:00,0.4629,0.5371,0.4595,0.4663,0.0068,6609.33
2024-01-01T13:39:30,0.4651,0.5349,0.4596,0.4706,0.011,11359.73
2024-01-01T13:40:00,0.4676,0.5324,0.4587,0.4765,0.0178,7877.85
2024-01-01T13:40:30,0.4734,0.5266,0.4697,0.4771,0.0074,7700.74
2024-01-01T13:41:00,0.4794,0.5206,0.4698,0.4891,0.0192,5681.81
2024-01-01T13:41:30,0.484,0.516,0.4797,0.4883,0.0086,6735.24
2024-01-01T13:42:00,0.4887,0.5113,0.4777,0.4997,0.022,6094.81
2024-01-01T13:42:30,0.4908,0.5092,0.4792,0.5024,0.0232,11516.88
2024-01-01T13:43:00,0.4946,0.5054,0.4856,0.5037,0.0181,9252.55
2024-01-01T13:43:30,0.5,0.5,0.4963,0.5038,0.0075,7867.22
2024-01-01T13:44:00,0.5011,0.4989,0.4955,0.5068,0.0113,8733.68
2024-01-01T13:44:30,0.5025,0.4975,0.493,0.512,0.0189,10356.91
2024-01-01T13:45:00,0.5072,0.4928,0.5043,0.5101,0.0058,11860.66
2024-01-01T13:45:30,0.5116,0.4884,0.5013,0.5219,0.0206,5687.93
2024-01-01T13:46:00,0.5155,0.4845,0.5098,0.5212,0.0114,8153.15
2024-01-01T13:46:30,0.5208,0.4792,0.5155,0.5261,0.0106,9239.1
2024-01-01T13:47:00,0.5202,0.4798,0.5107,0.5297,0.019,10782.96
2024-01-01T13:47:30,0.523,0.477,0.5123,0.5336,0.0213,11583.86
2024-01-01T13:48:00,0.524,0.476,0.5195,0.5284,0.0089,6426.15
2024-01-01T13:48:30,0.5282,0.4718,0.5172,0.5392,0.022,9008.63
2024-01-01T13:49:00,0.5356,0.4644,0.5244,0.5469,0.0225,6698.39
2024-01-01T13:49:30,0.5401,0.4599,0.5335,0.5468,0.0133,6714.5
2024-01-01T13:50:00,0.5434,0.4566,0.5331,0.5538,0.0207,11218.27
2024-01-01T13:50:30,0.5443,0.4557,0.5389,0.5497,0.0108,10837.35
2024-01-01T13:51:00,0.5508,0.4492,0.5403,0.5614,0.0212,9201.49
2024-01-01T13:51:30,0.5529,0.4471,0.5489,0.5569,0.008,6110.73
2024-01-01T13:52:00,0.5569,0.4431,0.5525,0.5613,0.0087,10758.38
2024-01-01T13:52:30,0.5583,0.4417,0.554,0.5625,0.0085,6626.77
2024-01-01T13:53:00,0.5619,0.4381,0.554,0.5698,0.0157,7662.8
2024-01-01T13:53:30,0.5623,0.4377,0.5554,0.5691,0.0137,10097.93
2024-01-01T13:54:00,0.5646,0.4354,0.5606,0.5685,0.0079,9997.35
2024-01-01T13:54:30,0.5698,0.4302,0.5664,0.5731,0.0067,4942.91
2024-01-01T13:55:00,0.5717,0.4283,0.5619,0.5815,0.0196,8707.44
2024-01-01T13:55:30,0.5778,0.4222,0.5724,0.5831,0.0107,4985.69
2024-01-01T13:56:00,0.5798,0.4202,0.577,0.5827,0.0058,8756.56
2024-01-01T13:56:30,0.5805,0.4195,0.5733,0.5877,0.0145,9896.67
2024-01-01T13:57:00,0.5819,0.4181,0.5719,0.5919,0.02,9866.48
2024-01-01T13:57:30,0.5863,0.4137,0.578,0.5946,0.0165,7199.37
2024-01-01T13:58:00,0.5896,0.4104,0.5844,0.5948,0.0104,6913.44
2024-01-01T13:58:30,0.5937,0.4063,0.5905,0.5968,0.0063,7052.16
2024-01-01T13:59:00,0.5947,0.4053,0.588,0.6014,0.0134,5554.97
2024-01-01T13:59:30,0.5996,0.4004,0.5971,0.602,0.0049,7470.46
2024-01-01T14:00:00,0.6041,0.3959,0.5968,0.6113,0.0145,4873.31
2024-01-01T14:00:30,0.6073,0.3927,0.6015,0.6131,0.0116,6542.52
2024-01-01T14:01:00,0.6102,0.3898,0.6063,0.6141,0.0078,6613.62
2024-01-01T14:01:30,0.6102,0.3898,0.6069,0.6134,0.0065,9967.67
2024-01-01T14:02:00,0.6168,0.3832,0.6091,0.6245,0.0153,9801.23
2024-01-01T14:02:30,0.6201,0.3799,0.6144,0.6258,0.0114,9200.92
2024-01-01T14:03:00,0.6236,0.3764,0.6197,0.6274,0.0077,9090.57
2024-01-01T14:03:30,0.6243,0.3757,0.6216,0.6269,0.0053,7708.72
2024-01-01T14:04:00,0.6254,0.3746,0.6202,0.6305,0.0103,7890.79
2024-01-01T14:04:30,0.6249,0.3751,0.6171,0.6327,0.0155,8039.28
2024-01-01T14:05:00,0.631,0.369,0.6279,0.6341,0.0062,8155.39
2024-01-01T14:05:30,0.6334,0.3666,0.6268,0.6399,0.0132,6578.96
2024-01-01T14:06:00,0.6356,0.3644,0.6265,0.6446,0.0182,5290.87
2024-01-01T14:06:30,0.6395,0.3605,0.6369,0.6421,0.0052,8169.82
2024-01-01T14:07:00,0.6418,0.3582,0.6335,0.6502,0.0167,7285.83
2024-01-01T14:07:30,0.6409,0.3591,0.637,0.6447,0.0077,4858.98
2024-01-01T14:08:00,0.648,0.352,0.6414,0.6546,0.0131,7824.02
2024-01-01T14:08:30,0.6515,0.3485,0.6483,0.6548,0.0065,4063.3
2024-01-01T14:09:00,0.6556,0.3444,0.6462,0.6649,0.0187,4081.45
2024-01-01T14:09:30,0.6564,0.3436,0.6493,0.6634,0.0142,6143.4
2024-01-01T14:10:00,0.6609,0.3391,0.6582,0.6635,0.0053,5845.1
2024-01-01T14:10:30,0.6626,0.3374,0.6529,0.6723,0.0195,8245.82
2024-01-01T14:11:00,0.661,0.339,0.6505,0.6715,0.021,6409.67
2024-01-01T14:11:30,0.6681,0.3319,0.6602,0.6759,0.0157,5577.63
2024-01-01T14:12:00,0.6659,0.3341,0.6604,0.6715,0.0112,4750.9
2024-01-01T14:12:30,0.6651,0.3349,0.6604,0.6699,0.0094,5903.14
2024-01-01T14:13:00,0.6669,0.3331,0.6646,0.6692,0.0045,5113.35
2024-01-01T14:13:30,0.6695,0.3305,0.6666,0.6723,0.0057,3995.44
2024-01-01T14:14:00,0.6709,0.3291,0.668,0.6738,0.0057,6240.31
2024-01-01T14:14:30,0.6715,0.3285,0.666,0.677,0.0109,7356.96
2024-01-01T14:15:00,0.6775,0.3225,0.6703,0.6847,0.0144,4392.95
2024-01-01T14:15:30,0.6773,0.3227,0.6672,0.6874,0.0201,4809.65
2024-01-01T14:16:00,0.6814,0.3186,0.6749,0.6879,0.013,6330.75
2024-01-01T14:16:30,0.6849,0.3151,0.6759,0.694,0.0181,6302.27
2024-01-01T14:17:00,0.6837,0.3163,0.6751,0.6924,0.0173,4046.29
2024-01-01T14:17:30,0.6851,0.3149,0.6784,0.6918,0.0134,6167.16
2024-01-01T14:18:00,0.6888,0.3112,0.6799,0.6977,0.0177,4199.39
2024-01-01T14:18:30,0.6905,0.3095,0.6839,0.697,0.0131,4592.4
2024-01-01T14:19:00,0.6888,0.3112,0.6848,0.6929,0.0081,8182.47
2024-01-01T14:19:30,0.694,0.306,0.6886,0.6995,0.0109,7536.13
2024-01-01T14:20:00,0.6949,0.3051,0.688,0.7019,0.0139,5046.41
2024-01-01T14:20:30,0.696,0.304,0.6883,0.7037,0.0154,5760.62
2024-01-01T14:21:00,0.6966,0.3034,0.6887,0.7045,0.0158,4119.07
2024-01-01T14:21:30,0.6988,0.3012,0.6939,0.7036,0.0097,6188.52
2024-01-01T14:22:00,0.702,0.298,0.6934,0.7106,0.0172,3567.83
2024-01-01T14:22:30,0.7056,0.2944,0.6965,0.7146,0.0181,4065.83
2024-01-01T14:23:00,0.7049,0.2951,0.6978,0.7121,0.0143,6137.97
2024-01-01T14:23:30,0.7118,0.2882,0.7079,0.7157,0.0078,6054.4
2024-01-01T14:24:00,0.713,0.287,0.7059,0.7202,0.0143,6265.35
2024-01-01T14:24:30,0.7146,0.2854,0.707,0.7223,0.0153,3774.39
2024-01-01T14:25:00,0.7163,0.2837,0.7142,0.7184,0.0042,6056.56
2024-01-01T14:25:30,0.7207,0.2793,0.7182,0.7233,0.0051,4614.87
2024-01-01T14:26:00,0.7211,0.2789,0.7151,0.7272,0.0121,5558.75
2024-01-01T14:26:30,0.7257,0.2743,0.7159,0.7355,0.0196,4201.65
2024-01-01T14:27:00,0.7227,0.2773,0.7189,0.7264,0.0075,5230.47
2024-01-01T14:27:30,0.7225,0.2775,0.72,0.7251,0.005,6880.25
2024-01-01T14:28:00,0.7277,0.2723,0.7248,0.7306,0.0058,4437.27
2024-01-01T14:28:30,0.7265,0.2735,0.7228,0.7301,0.0073,6434.56
2024-01-01T14:29:00,0.7278,0.2722,0.7215,0.7341,0.0127,3218.4
2024-01-01T14:29:30,0.7255,0.2745,0.7156,0.7354,0.0199,6685.36
2024-01-01T14:30:00,0.729,0.271,0.7202,0.7378,0.0176,4379.23
2024-01-01T14:30:30,0.7259,0.2741,0.72,0.7319,0.0119,7244.26
2024-01-01T14:31:00,0.7278,0.2722,0.724,0.7317,0.0077,5710.93
2024-01-01T14:31:30,0.7256,0.2744,0.7235,0.7277,0.0042,3930.36
2024-01-01T14:32:00,0.729,0.271,0.7199,0.738,0.0182,6613.23
2024-01-01T14:32:30,0.7266,0.2734,0.72,0.7332,0.0132,6956.94
2024-01-01T14:33:00,0.7274,0.2726,0.7186,0.7362,0.0177,4629.96
2024-01-01T14:33:30,0.7309,0.2691,0.7262,0.7355,0.0094,4590.78
2024-01-01T14:34:00,0.7281,0.2719,0.7189,0.7374,0.0184,6883.59
2024-01-01T14:34:30,0.7303,0.2697,0.7246,0.7361,0.0116,7228.45
2024-01-01T14:35:00,0.7322,0.2678,0.7272,0.7373,0.0101,6187.76
2024-01-01T14:35:30,0.7305,0.2695,0.7252,0.7358,0.0106,6100.81
2024-01-01T14:36:00,0.7317,0.2683,0.7222,0.7413,0.019,7275.2
2024-01-01T14:36:30,0.7313,0.2687,0.7216,0.7411,0.0196,3480.15
2024-01-01T14:37:00,0.7357,0.2643,0.7317,0.7398,0.008,6941.98
2024-01-01T14:37:30,0.7342,0.2658,0.7311,0.7373,0.0061,4956.37
2024-01-01T14:38:00,0.7334,0.2666,0.7312,0.7357,0.0045,6476.87
2024-01-01T14:38:30,0.7319,0.2681,0.7284,0.7354,0.007,4692.21
2024-01-01T14:39:00,0.7333,0.2667,0.7238,0.7429,0.0191,3252.0
2024-01-01T14:39:30,0.7338,0.2662,0.7251,0.7425,0.0174,5269.03
2024-01-01T14:40:00,0.7355,0.2645,0.7322,0.7388,0.0066,6833.56
2024-01-01T14:40:30,0.7383,0.2617,0.7324,0.7442,0.0117,4857.4
2024-01-01T14:41:00,0.738,0.262,0.73,0.7461,0.0161,3796.52
2024-01-01T14:41:30,0.7381,0.2619,0.7304,0.7457,0.0153,4705.29
2024-01-01T14:42:00,0.7379,0.2621,0.7334,0.7423,0.0089,6619.67
2024-01-01T14:42:30,0.7363,0.2637,0.7315,0.7411,0.0096,5246.52
2024-01-01T14:43:00,0.7356,0.2644,0.7301,0.7411,0.011,4382.97
2024-01-01T14:43:30,0.737,0.263,0.7306,0.7435,0.0128,6023.44
2024-01-01T14:44:00,0.7385,0.2615,0.7303,0.7467,0.0164,3276.87
2024-01-01T14:44:30,0.7374,0.2626,0.7311,0.7437,0.0126,5303.6
2024-01-01T14:45:00,0.7366,0.2634,0.7298,0.7433,0.0135,6245.36
2024-01-01T14:45:30,0.7383,0.2617,0.7325,0.7441,0.0116,5343.12
2024-01-01T14:46:00,0.7408,0.2592,0.7354,0.7463,0.0109,3679.63
2024-01-01T14:46:30,0.7387,0.2613,0.7345,0.7429,0.0084,5684.17
2024-01-01T14:47:00,0.7377,0.2623,0.7308,0.7447,0.0139,6173.15
2024-01-01T14:47:30,0.738,0.262,0.7295,0.7465,0.017,6151.47
2024-01-01T14:48:00,0.7389,0.2611,0.737,0.7409,0.004,5792.14
2024-01-01T14:48:30,0.743,0.257,0.7372,0.7487,0.0114,4609.48
2024-01-01T14:49:00,0.739,0.261,0.7355,0.7425,0.0071,5385.07
2024-01-01T14:49:30,0.7427,0.2573,0.7376,0.7479,0.0103,5608.3
2024-01-01T14:50:00,0.7401,0.2599,0.7353,0.745,0.0097,3345.58
2024-01-01T14:50:30,0.7405,0.2595,0.7373,0.7437,0.0064,6944.38
2024-01-01T14:51:00,0.743,0.257,0.7348,0.7511,0.0163,6901.65
2024-01-01T14:51:30,0.7432,0.2568,0.7398,0.7466,0.0068,3568.98
2024-01-01T14:52:00,0.7407,0.2593,0.7345,0.747,0.0125,5471.08
2024-01-01T14:52:30,0.7418,0.2582,0.7386,0.745,0.0063,6124.71
2024-01-01T14:53:00,0.7417,0.2583,0.7328,0.7507,0.0179,4195.32
2024-01-01T14:53:30,0.7445,0.2555,0.7401,0.7489,0.0089,5747.98
2024-01-01T14:54:00,0.7449,0.2551,0.7391,0.7508,0.0117,5678.09
2024-01-01T14:54:30,0.7404,0.2596,0.7331,0.7478,0.0148,6487.07
2024-01-01T14:55:00,0.7433,0.2567,0.7343,0.7524,0.0181,6336.98
2024-01-01T14:55:30,0.7448,0.2552,0.7423,0.7474,0.0051,5378.49
2024-01-01T14:56:00,0.7464,0.2536,0.7374,0.7554,0.0181,3174.98
2024-01-01T14:56:30,0.745,0.255,0.7364,0.7536,0.0172,4989.17
2024-01-01T14:57:00,0.7447,0.2553,0.7401,0.7492,0.0091,5741.95
2024-01-01T14:57:30,0.7488,0.2512,0.7451,0.7524,0.0073,3936.77
2024-01-01T14:58:00,0.7463,0.2537,0.7412,0.7513,0.0101,4219.54
2024-01-01T14:58:30,0.7437,0.2563,0.734,0.7534,0.0194,5417.47
2024-01-01T14:59:00,0.7491,0.2509,0.7414,0.7567,0.0153,4311.27
2024-01-01T14:59:30,0.7455,0.2545,0.7376,0.7535,0.0159,5713.44
2024-01-01T15:00:00,0.7449,0.2551,0.7373,0.7524,0.0151,4482.74
2024-01-01T15:00:30,0.7467,0.2533,0.7371,0.7563,0.0192,5132.09
2024-01-01T15:01:00,0.7476,0.2524,0.7441,0.7512,0.007,6014.11
2024-01-01T15:01:30,0.7457,0.2543,0.7422,0.7493,0.0071,3371.82
2024-01-01T15:02:00,0.7473,0.2527,0.7404,0.7542,0.0138,4742.8
2024-01-01T15:02:30,0.7492,0.2508,0.746,0.7523,0.0064,4063.79
2024-01-01T15:03:00,0.749,0.251,0.7462,0.7517,0.0055,6195.86
2024-01-01T15:03:30,0.7483,0.2517,0.7403,0.7563,0.016,3666.46
2024-01-01T15:04:00,0.7503,0.2497,0.7454,0.7552,0.0099,6706.75
2024-01-01T15:04:30,0.75,0.25,0.745,0.755,0.0101,4761.25
2024-01-01T15:05:00,0.7515,0.2485,0.7487,0.7543,0.0057,4267.33
2024-01-01T15:05:30,0.7499,0.2501,0.7414,0.7585,0.0172,6610.51
2024-01-01T15:06:00,0.7512,0.2488,0.7491,0.7533,0.0042,5466.39
2024-01-01T15:06:30,0.7519,0.2481,0.7446,0.7592,0.0146,6472.34
2024-01-01T15:07:00,0.7517,0.2483,0.7497,0.7538,0.0042,4263.48
2024-01-01T15:07:30,0.7525,0.2475,0.7499,0.755,0.0051,4068.25
2024-01-01T15:08:00,0.7504,0.2496,0.7417,0.7592,0.0175,6429.83
2024-01-01T15:08:30,0.7498,0.2502,0.741,0.7587,0.0177,6757.35
2024-01-01T15:09:00,0.7513,0.2487,0.7432,0.7595,0.0163,4433.54
2024-01-01T15:09:30,0.753,0.247,0.7485,0.7575,0.009,3103.36
2024-01-01T15:10:00,0.7488,0.2512,0.7442,0.7534,0.0092,5599.39
2024-01-01T15:10:30,0.7536,0.2464,0.7456,0.7616,0.016,3382.73
2024-01-01T15:11:00,0.7549,0.2451,0.7495,0.7602,0.0107,5145.58
2024-01-01T15:11:30,0.7555,0.2445,0.7465,0.7646,0.0181,3198.85
2024-01-01T15:12:00,0.754,0.246,0.7459,0.7621,0.0162,5158.21
2024-01-01T15:12:30,0.7554,0.2446,0.7534,0.7574,0.004,5776.35
2024-01-01T15:13:00,0.7555,0.2445,0.7488,0.7622,0.0134,3346.1
2024-01-01T15:13:30,0.7552,0.2448,0.75,0.7603,0.0102,5121.85
2024-01-01T15:14:00,0.7529,0.2471,0.7475,0.7583,0.0108,6917.06
2024-01-01T15:14:30,0.751,0.249,0.7475,0.7545,0.007,5850.37
2024-01-01T15:15:00,0.7523,0.2477,0.7471,0.7576,0.0105,6323.78
2024-01-01T15:15:30,0.7561,0.2439,0.7536,0.7586,0.005,3665.01
2024-01-01T15:16:00,0.7516,0.2484,0.7435,0.7597,0.0163,3524.19
2024-01-01T15:16:30,0.7563,0.2437,0.7523,0.7604,0.0081,6354.19
2024-01-01T15:17:00,0.7535,0.2465,0.7457,0.7613,0.0156,3890.93
2024-01-01T15:17:30,0.7531,0.2469,0.7509,0.7553,0.0044,3573.3
2024-01-01T15:18:00,0.7521,0.2479,0.7487,0.7555,0.0067,6274.41
2024-01-01T15:18:30,0.755,0.245,0.7505,0.7595,0.009,5028.93
2024-01-01T15:19:00,0.7529,0.2471,0.7445,0.7614,0.0169,3128.93
2024-01-01T15:19:30,0.7558,0.2442,0.7473,0.7643,0.017,3102.23
2024-01-01T15:20:00,0.7561,0.2439,0.7525,0.7597,0.0072,4227.85
2024-01-01T15:20:30,0.7549,0.2451,0.7497,0.76,0.0103,4991.84
2024-01-01T15:21:00,0.7556,0.2444,0.7502,0.7609,0.0107,5302.69
2024-01-01T15:21:30,0.7597,0.2403,0.7529,0.7666,0.0137,3052.34
2024-01-01T15:22:00,0.7608,0.2392,0.7541,0.7674,0.0132,5598.65
2024-01-01T15:22:30,0.7583,0.2417,0.7533,0.7632,0.0099,3928.25
2024-01-01T15:23:00,0.7588,0.2412,0.7531,0.7646,0.0115,6468.05
2024-01-01T15:23:30,0.7587,0.2413,0.7551,0.7622,0.0072,5781.5
2024-01-01T15:24:00,0.7613,0.2387,0.7536,0.769,0.0154,6288.51
2024-01-01T15:24:30,0.758,0.242,0.7491,0.7669,0.0178,6190.33
2024-01-01T15:25:00,0.758,0.242,0.7545,0.7616,0.0071,6207.19
2024-01-01T15:25:30,0.7585,0.2415,0.7529,0.7642,0.0113,5529.32
2024-01-01T15:26:00,0.7585,0.2415,0.7559,0.7612,0.0052,5743.57
2024-01-01T15:26:30,0.7555,0.2445,0.7513,0.7597,0.0084,5364.74
2024-01-01T15:27:00,0.7528,0.2472,0.7466,0.759,0.0124,5871.38
2024-01-01T15:27:30,0.7595,0.2405,0.7516,0.7673,0.0157,4243.72
2024-01-01T15:28:00,0.7613,0.2387,0.7586,0.7641,0.0055,5879.95
2024-01-01T15:28:30,0.7609,0.2391,0.7546,0.7671,0.0125,5144.5
2024-01-01T15:29:00,0.7584,0.2416,0.7511,0.7658,0.0147,4741.71
2024-01-01T15:29:30,0.7629,0.2371,0.7564,0.7694,0.013,4851.26
2024-01-01T15:30:00,0.7615,0.2385,0.7548,0.7683,0.0135,6043.69
2024-01-01T15:30:30,0.7618,0.2382,0.7591,0.7645,0.0054,5506.96
2024-01-01T15:31:00,0.7603,0.2397,0.7542,0.7664,0.0122,3393.78
2024-01-01T15:31:30,0.7586,0.2414,0.7517,0.7655,0.0138,5853.24
2024-01-01T15:32:00,0.7588,0.2412,0.7554,0.7622,0.0067,5881.8
2024-01-01T15:32:30,0.7595,0.2405,0.7563,0.7627,0.0064,6581.44
2024-01-01T15:33:00,0.7629,0.2371,0.7573,0.7685,0.0111,6608.12
2024-01-01T15:33:30,0.7611,0.2389,0.7587,0.7635,0.0048,6568.27
2024-01-01T15:34:00,0.7639,0.2361,0.7575,0.7704,0.0129,3380.0
2024-01-01T15:34:30,0.7595,0.2405,0.7501,0.769,0.0189,5499.83
2024-01-01T15:35:00,0.7606,0.2394,0.7572,0.7639,0.0067,4153.73
2024-01-01T15:35:30,0.7591,0.2409,0.7505,0.7677,0.0172,6772.66
2024-01-01T15:36:00,0.7645,0.2355,0.7583,0.7706,0.0123,5395.74
2024-01-01T15:36:30,0.7635,0.2365,0.7559,0.7711,0.0152,4801.41
2024-01-01T15:37:00,0.7656,0.2344,0.7591,0.7721,0.013,4585.72
2024-01-01T15:37:30,0.7651,0.2349,0.7604,0.7698,0.0093,4815.19
2024-01-01T15:38:00,0.7605,0.2395,0.7556,0.7653,0.0097,4799.66
2024-01-01T15:38:30,0.6062,0.3938,0.5988,0.6137,0.0149,4700.7
2024-01-01T15:39:00,0.5967,0.4033,0.5866,0.6068,0.0202,4994.83
2024-01-01T15:39:30,0.5898,0.4102,0.5808,0.5988,0.0179,8092.01
2024-01-01T15:40:00,0.586,0.414,0.5818,0.5902,0.0085,7046.83
2024-01-01T15:40:30,0.5834,0.4166,0.5741,0.5928,0.0187,10170.76
2024-01-01T15:41:00,0.5831,0.4169,0.5744,0.5918,0.0174,5331.69
2024-01-01T15:41:30,0.5884,0.4116,0.5857,0.5912,0.0055,6394.78
2024-01-01T15:42:00,0.5853,0.4147,0.576,0.5946,0.0187,5778.85
2024-01-01T15:42:30,0.5894,0.4106,0.5852,0.5935,0.0083,10290.59
2024-01-01T15:43:00,0.5921,0.4079,0.5874,0.5969,0.0095,5466.17
2024-01-01T15:43:30,0.5944,0.4056,0.5871,0.6017,0.0146,9974.44
2024-01-01T15:44:00,0.5978,0.4022,0.5945,0.6011,0.0066,10343.29
2024-01-01T15:44:30,0.5957,0.4043,0.5917,0.5996,0.0079,7162.73
2024-01-01T15:45:00,0.5999,0.4001,0.5952,0.6046,0.0093,6655.38
2024-01-01T15:45:30,0.5999,0.4001,0.5904,0.6093,0.0189,4984.29
2024-01-01T15:46:00,0.5993,0.4007,0.5915,0.607,0.0155,7169.45
2024-01-01T15:46:30,0.6006,0.3994,0.596,0.6052,0.0092,7357.09
2024-01-01T15:47:00,0.6019,0.3981,0.5946,0.6091,0.0145,6599.84
2024-01-01T15:47:30,0.6034,0.3966,0.5988,0.6081,0.0093,5850.89
2024-01-01T15:48:00,0.6028,0.3972,0.5986,0.607,0.0084,9413.47
2024-01-01T15:48:30,0.6048,0.3952,0.5941,0.6155,0.0214,9193.2
2024-01-01T15:49:00,0.6062,0.3938,0.6015,0.6109,0.0094,5845.96
2024-01-01T15:49:30,0.606,0.394,0.5968,0.6152,0.0183,6851.47
2024-01-01T15:50:00,0.6065,0.3935,0.5959,0.6172,0.0213,8570.66
2024-01-01T15:50:30,0.6072,0.3928,0.6004,0.614,0.0136,5961.9
2024-01-01T15:51:00,0.6107,0.3893,0.6004,0.621,0.0206,5473.51
2024-01-01T15:51:30,0.6114,0.3886,0.6065,0.6164,0.01,6457.55
2024-01-01T15:52:00,0.6117,0.3883,0.6035,0.62,0.0165,6507.73
2024-01-01T15:52:30,0.6161,0.3839,0.608,0.6242,0.0162,8799.23
2024-01-01T15:53:00,0.6162,0.3838,0.6092,0.6233,0.0141,8293.76
2024-01-01T15:53:30,0.6162,0.3838,0.6073,0.6251,0.0179,5883.23
2024-01-01T15:54:00,0.6216,0.3784,0.6121,0.6312,0.0191,6033.29
2024-01-01T15:54:30,0.6226,0.3774,0.6156,0.6297,0.0141,9466.59
2024-01-01T15:55:00,0.6204,0.3796,0.6154,0.6253,0.0099,9805.32
2024-01-01T15:55:30,0.6244,0.3756,0.6156,0.6331,0.0175,7403.68
2024-01-01T15:56:00,0.6269,0.3731,0.6228,0.6309,0.0081,6077.99
2024-01-01T15:56:30,0.6294,0.3706,0.6263,0.6326,0.0063,7948.74
2024-01-01T15:57:00,0.6295,0.3705,0.622,0.637,0.015,5990.88
2024-01-01T15:57:30,0.6312,0.3688,0.6262,0.6362,0.0101,9531.42
2024-01-01T15:58:00,0.6281,0.3719,0.6184,0.6379,0.0195,6378.28
2024-01-01T15:58:30,0.6312,0.3688,0.6256,0.6368,0.0112,8407.16
2024-01-01T15:59:00,0.6309,0.3691,0.6202,0.6417,0.0216,4562.02
2024-01-01T15:59:30,0.6357,0.3643,0.6333,0.6381,0.0048,7577.81
2024-01-01T16:00:00,0.6346,0.3654,0.6279,0.6413,0.0134,4256.19
2024-01-01T16:00:30,0.6385,0.3615,0.6302,0.6467,0.0165,6151.57
2024-01-01T16:01:00,0.6368,0.3632,0.6294,0.6442,0.0148,8194.96
2024-01-01T16:01:30,0.64,0.36,0.6344,0.6455,0.0111,8196.04
2024-01-01T16:02:00,0.6424,0.3576,0.6333,0.6516,0.0183,8292.25
2024-01-01T16:02:30,0.6413,0.3587,0.6386,0.6439,0.0053,7283.54
2024-01-01T16:03:00,0.6437,0.3563,0.6359,0.6515,0.0157,5718.32
2024-01-01T16:03:30,0.6397,0.3603,0.6339,0.6454,0.0115,4833.67
2024-01-01T16:04:00,0.6429,0.3571,0.6356,0.6501,0.0146,6221.82
2024-01-01T16:04:30,0.6407,0.3593,0.6319,0.6495,0.0177,8035.26
2024-01-01T16:05:00,0.6461,0.3539,0.64,0.6522,0.0122,6642.06
2024-01-01T16:05:30,0.6471,0.3529,0.6417,0.6526,0.0109,8548.03
2024-01-01T16:06:00,0.6489,0.3511,0.641,0.6568,0.0158,5818.59
2024-01-01T16:06:30,0.6474,0.3526,0.6433,0.6515,0.0082,8497.52
2024-01-01T16:07:00,0.6518,0.3482,0.6412,0.6624,0.0212,5442.56
2024-01-01T16:07:30,0.6518,0.3482,0.6471,0.6565,0.0094,8888.09
2024-01-01T16:08:00,0.6524,0.3476,0.6445,0.6603,0.0159,7341.97
2024-01-01T16:08:30,0.6551,0.3449,0.6471,0.6631,0.0161,6610.15
2024-01-01T16:09:00,0.655,0.345,0.6498,0.6602,0.0104,5149.59
2024-01-01T16:09:30,0.6586,0.3414,0.6559,0.6613,0.0054,6550.54
2024-01-01T16:10:00,0.6608,0.3392,0.652,0.6695,0.0176,7229.16
2024-01-01T16:10:30,0.6571,0.3429,0.6496,0.6646,0.015,6361.53
2024-01-01T16:11:00,0.6589,0.3411,0.6501,0.6678,0.0178,5492.0
2024-01-01T16:11:30,0.661,0.339,0.6517,0.6703,0.0186,6671.55
2024-01-01T16:12:00,0.6621,0.3379,0.6549,0.6693,0.0144,8907.11
2024-01-01T16:12:30,0.6624,0.3376,0.66,0.6649,0.0049,5753.58
2024-01-01T16:13:00,0.6597,0.3403,0.6574,0.6621,0.0047,7993.24
2024-01-01T16:13:30,0.6614,0.3386,0.651,0.6718,0.0208,7103.1
2024-01-01T16:14:00,0.6611,0.3389,0.6512,0.671,0.0197,8318.43
2024-01-01T16:14:30,0.6642,0.3358,0.6585,0.6698,0.0113,6806.02
2024-01-01T16:15:00,0.6661,0.3339,0.6608,0.6714,0.0106,4459.2
2024-01-01T16:15:30,0.6667,0.3333,0.6579,0.6755,0.0176,8561.08
2024-01-01T16:16:00,0.6653,0.3347,0.6608,0.6699,0.0091,4145.27
2024-01-01T16:16:30,0.6682,0.3318,0.6624,0.674,0.0115,6433.66
2024-01-01T16:17:00,0.669,0.331,0.6637,0.6743,0.0107,8052.62
2024-01-01T16:17:30,0.6662,0.3338,0.6613,0.6711,0.0098,8080.01
2024-01-01T16:18:00,0.6732,0.3268,0.6705,0.6759,0.0054,5889.91
2024-01-01T16:18:30,0.6732,0.3268,0.6704,0.676,0.0057,5346.2
2024-01-01T16:19:00,0.6771,0.3229,0.6691,0.6851,0.016,6698.44
2024-01-01T16:19:30,0.6737,0.3263,0.6655,0.6819,0.0164,6223.93
2024-01-01T16:20:00,0.6752,0.3248,0.6668,0.6835,0.0168,4273.05
2024-01-01T16:20:30,0.6773,0.3227,0.6719,0.6826,0.0107,5931.62
2024-01-01T16:21:00,0.6762,0.3238,0.6716,0.6809,0.0093,5949.25
2024-01-01T16:21:30,0.6774,0.3226,0.672,0.6829,0.0109,4450.51
2024-01-01T16:22:00,0.6764,0.3236,0.6661,0.6866,0.0205,4009.89
2024-01-01T16:22:30,0.6788,0.3212,0.6749,0.6827,0.0079,5325.12
2024-01-01T16:23:00,0.6822,0.3178,0.6793,0.6851,0.0058,3738.78
2024-01-01T16:23:30,0.6805,0.3195,0.6754,0.6856,0.0102,5908.8
2024-01-01T16:24:00,0.678,0.322,0.6731,0.6829,0.0098,7169.58
2024-01-01T16:24:30,0.6785,0.3215,0.6745,0.6825,0.0079,8380.66
2024-01-01T16:25:00,0.6836,0.3164,0.6813,0.6859,0.0047,6572.01
2024-01-01T16:25:30,0.683,0.317,0.6773,0.6887,0.0114,4022.64
2024-01-01T16:26:00,0.6804,0.3196,0.6746,0.6863,0.0116,8279.28
2024-01-01T16:26:30,0.6872,0.3128,0.6801,0.6943,0.0142,4914.46
2024-01-01T16:27:00,0.6859,0.3141,0.6757,0.6961,0.0204,6481.61
2024-01-01T16:27:30,0.6874,0.3126,0.6829,0.692,0.0091,5388.12
2024-01-01T16:28:00,0.6891,0.3109,0.6819,0.6964,0.0145,6594.61
2024-01-01T16:28:30,0.6929,0.3071,0.6883,0.6976,0.0093,5959.27
2024-01-01T16:29:00,0.6917,0.3083,0.6878,0.6955,0.0077,7378.31
2024-01-01T16:29:30,0.6971,0.3029,0.6891,0.7052,0.016,6097.07
2024-01-01T16:30:00,0.695,0.305,0.6923,0.6977,0.0054,5316.04
2024-01-01T16:30:30,0.6941,0.3059,0.6839,0.7043,0.0204,5656.98
2024-01-01T16:31:00,0.7,0.3,0.6934,0.7066,0.0132,7491.47
2024-01-01T16:31:30,0.7035,0.2965,0.6936,0.7134,0.0198,5291.27
2024-01-01T16:32:00,0.704,0.296,0.6981,0.7099,0.0118,3661.92
2024-01-01T16:32:30,0.7066,0.2934,0.7042,0.709,0.0049,5725.76
2024-01-01T16:33:00,0.7083,0.2917,0.704,0.7126,0.0086,5907.15
2024-01-01T16:33:30,0.7067,0.2933,0.7042,0.7093,0.005,7480.3
2024-01-01T16:34:00,0.7078,0.2922,0.7055,0.71,0.0045,6007.17
2024-01-01T16:34:30,0.7112,0.2888,0.7087,0.7137,0.0049,5676.61
2024-01-01T16:35:00,0.7151,0.2849,0.7095,0.7207,0.0112,4144.94
2024-01-01T16:35:30,0.716,0.284,0.7076,0.7243,0.0167,6667.73
2024-01-01T16:36:00,0.7171,0.2829,0.7078,0.7263,0.0185,5929.5
2024-01-01T16:36:30,0.7206,0.2794,0.7134,0.7279,0.0145,4661.3
2024-01-01T16:37:00,0.72,0.28,0.7129,0.727,0.0141,5088.71
2024-01-01T16:37:30,0.7252,0.2748,0.7174,0.733,0.0156,4068.92
2024-01-01T16:38:00,0.7275,0.2725,0.7216,0.7334,0.0118,4819.0
2024-01-01T16:38:30,0.7298,0.2702,0.7275,0.7321,0.0046,5824.18
2024-01-01T16:39:00,0.7292,0.2708,0.7249,0.7336,0.0087,4351.35
2024-01-01T16:39:30,0.7318,0.2682,0.7237,0.7399,0.0162,5400.9
