timestamp,yes_price,no_price,best_bid,best_ask,spread,volume_24h
2024-01-01T00:00:00,0.5479,0.4521,0.5384,0.5573,0.0189,10965.06
2024-01-01T00:00:30,0.5488,0.4512,0.5376,0.56,0.0224,8038.02
2024-01-01T00:01:00,0.5468,0.4532,0.543,0.5507,0.0078,10693.61
2024-01-01T00:01:30,0.5479,0.4521,0.5446,0.5512,0.0066,10713.61
2024-01-01T00:02:00,0.5519,0.4481,0.5462,0.5577,0.0116,5009.0
2024-01-01T00:02:30,0.5522,0.4478,0.5435,0.5608,0.0172,6237.62
2024-01-01T00:03:00,0.5497,0.4503,0.5469,0.5525,0.0057,5673.45
2024-01-01T00:03:30,0.5497,0.4503,0.5472,0.5521,0.0049,7291.0
2024-01-01T00:04:00,0.5493,0.4507,0.5383,0.5603,0.022,10807.71
2024-01-01T00:04:30,0.5478,0.4522,0.5363,0.5594,0.0231,10341.01
2024-01-01T00:05:00,0.5454,0.4546,0.5373,0.5536,0.0163,10769.0
2024-01-01T00:05:30,0.5486,0.4514,0.5457,0.5514,0.0058,10864.8
2024-01-01T00:06:00,0.5504,0.4496,0.5419,0.5589,0.017,10237.39
2024-01-01T00:06:30,0.5484,0.4516,0.5382,0.5586,0.0203,9133.66
2024-01-01T00:07:00,0.5512,0.4488,0.5461,0.5563,0.0102,10992.5
2024-01-01T00:07:30,0.5501,0.4499,0.54,0.5601,0.0201,7932.58
2024-01-01T00:08:00,0.5503,0.4497,0.5387,0.562,0.0233,5997.82
2024-01-01T00:08:30,0.5529,0.4471,0.544,0.5617,0.0177,11122.65
2024-01-01T00:09:00,0.5496,0.4504,0.5424,0.5568,0.0144,9767.69
2024-01-01T00:09:30,0.5473,0.4527,0.5389,0.5557,0.0168,5179.39
2024-01-01T00:10:00,0.5492,0.4508,0.5452,0.5532,0.008,10023.56
2024-01-01T00:10:30,0.5504,0.4496,0.542,0.5587,0.0167,7280.53
2024-01-01T00:11:00,0.5512,0.4488,0.5478,0.5546,0.0067,9568.29
2024-01-01T00:11:30,0.5521,0.4479,0.5437,0.5605,0.0169,8934.76
2024-01-01T00:12:00,0.5469,0.4531,0.5368,0.5569,0.0201,5512.31
2024-01-01T00:12:30,0.5494,0.4506,0.5457,0.5531,0.0074,5312.35
2024-01-01T00:13:00,0.5491,0.4509,0.5456,0.5526,0.007,5547.03
2024-01-01T00:13:30,0.5484,0.4516,0.543,0.5537,0.0106,7300.4
2024-01-01T00:14:00,0.5528,0.4472,0.5444,0.5613,0.0169,6452.25
2024-01-01T00:14:30,0.5526,0.4474,0.5486,0.5567,0.0081,10190.04
2024-01-01T00:15:00,0.5514,0.4486,0.5432,0.5597,0.0164,6920.42
2024-01-01T00:15:30,0.5498,0.4502,0.538,0.5616,0.0235,10970.74
2024-01-01T00:16:00,0.5458,0.4542,0.5431,0.5485,0.0054,11515.25
2024-01-01T00:16:30,0.5506,0.4494,0.5417,0.5594,0.0177,8835.71
2024-01-01T00:17:00,0.5479,0.4521,0.5437,0.5521,0.0084,11064.28
2024-01-01T00:17:30,0.5538,0.4462,0.5477,0.56,0.0124,7927.94
2024-01-01T00:18:00,0.5525,0.4475,0.5455,0.5594,0.0139,5729.38
2024-01-01T00:18:30,0.5513,0.4487,0.5409,0.5618,0.0209,6578.31
2024-01-01T00:19:00,0.5471,0.4529,0.5355,0.5588,0.0233,7092.95
2024-01-01T00:19:30,0.5471,0.4529,0.5401,0.554,0.0138,11220.75
2024-01-01T00:20:00,0.5504,0.4496,0.5465,0.5544,0.0079,9190.63
2024-01-01T00:20:30,0.5498,0.4502,0.5459,0.5538,0.0079,6366.56
2024-01-01T00:21:00,0.5517,0.4483,0.5403,0.5632,0.023,10475.31
2024-01-01T00:21:30,0.5482,0.4518,0.5416,0.5549,0.0133,11096.67
2024-01-01T00:22:00,0.5522,0.4478,0.5497,0.5546,0.0049,7957.05
2024-01-01T00:22:30,0.5502,0.4498,0.5427,0.5578,0.0151,7466.76
2024-01-01T00:23:00,0.5492,0.4508,0.5458,0.5526,0.0068,11118.51
2024-01-01T00:23:30,0.5483,0.4517,0.5429,0.5537,0.0108,9168.62
2024-01-01T00:24:00,0.5523,0.4477,0.5468,0.5579,0.011,8553.86
2024-01-01T00:24:30,0.5519,0.4481,0.5448,0.559,0.0141,10777.58
2024-01-01T00:25:00,0.5509,0.4491,0.5477,0.5541,0.0064,5569.69
2024-01-01T00:25:30,0.551,0.449,0.5452,0.5568,0.0116,7914.53
2024-01-01T00:26:00,0.5546,0.4454,0.5506,0.5585,0.0078,8144.16
2024-01-01T00:26:30,0.554,0.446,0.5456,0.5624,0.0168,8714.01
2024-01-01T00:27:00,0.5537,0.4463,0.5489,0.5586,0.0096,5085.72
2024-01-01T00:27:30,0.547,0.453,0.5352,0.5588,0.0235,11231.72
2024-01-01T00:28:00,0.5512,0.4488,0.5485,0.5539,0.0054,6518.72
2024-01-01T00:28:30,0.5506,0.4494,0.5453,0.5558,0.0105,9121.46
2024-01-01T00:29:00,0.5517,0.4483,0.5429,0.5606,0.0177,9075.01
2024-01-01T00:29:30,0.5472,0.4528,0.5438,0.5506,0.0068,5679.28
2024-01-01T00:30:00,0.5453,0.4547,0.5397,0.5508,0.0111,6450.53
2024-01-01T00:30:30,0.5499,0.4501,0.5414,0.5583,0.0169,6902.76
2024-01-01T00:31:00,0.5494,0.4506,0.545,0.5538,0.0088,5173.31
2024-01-01T00:31:30,0.5491,0.4509,0.5454,0.5529,0.0075,10622.26
2024-01-01T00:32:00,0.5478,0.4522,0.5441,0.5515,0.0074,9390.41
2024-01-01T00:32:30,0.5485,0.4515,0.5391,0.5579,0.0188,5897.74
2024-01-01T00:33:00,0.5516,0.4484,0.5428,0.5603,0.0176,7550.62
2024-01-01T00:33:30,0.5495,0.4505,0.5376,0.5614,0.0238,8308.22
2024-01-01T00:34:00,0.5544,0.4456,0.5463,0.5625,0.0162,9846.51
2024-01-01T00:34:30,0.556,0.444,0.5465,0.5656,0.0191,6901.26
2024-01-01T00:35:00,0.552,0.448,0.5414,0.5626,0.0212,8354.46
2024-01-01T00:35:30,0.5494,0.4506,0.5397,0.559,0.0193,10339.59
2024-01-01T00:36:00,0.5522,0.4478,0.5433,0.5611,0.0178,10119.53
2024-01-01T00:36:30,0.5502,0.4498,0.5451,0.5552,0.0101,5075.35
2024-01-01T00:37:00,0.5505,0.4495,0.5432,0.5578,0.0146,10238.24
2024-01-01T00:37:30,0.5479,0.4521,0.5372,0.5586,0.0215,10064.13
2024-01-01T00:38:00,0.5481,0.4519,0.5406,0.5555,0.0149,6280.07
2024-01-01T00:38:30,0.5452,0.4548,0.5393,0.551,0.0116,6158.13
2024-01-01T00:39:00,0.5496,0.4504,0.541,0.5583,0.0172,6382.24
2024-01-01T00:39:30,0.5495,0.4505,0.5443,0.5547,0.0104,9247.87
2024-01-01T00:40:00,0.5475,0.4525,0.5411,0.5538,0.0127,5579.96
2024-01-01T00:40:30,0.549,0.451,0.5464,0.5517,0.0053,5168.16
2024-01-01T00:41:00,0.549,0.451,0.5399,0.5582,0.0184,7173.71
2024-01-01T00:41:30,0.5493,0.4507,0.539,0.5595,0.0205,6472.52
2024-01-01T00:42:00,0.5523,0.4477,0.5406,0.564,0.0234,7313.08
2024-01-01T00:42:30,0.5521,0.4479,0.5412,0.563,0.0217,9594.92
2024-01-01T00:43:00,0.551,0.449,0.5422,0.5598,0.0176,5237.64
2024-01-01T00:43:30,0.5505,0.4495,0.5392,0.5618,0.0226,8303.16
2024-01-01T00:44:00,0.5498,0.4502,0.5406,0.559,0.0184,9386.3
2024-01-01T00:44:30,0.5544,0.4456,0.5507,0.5581,0.0074,7377.98
2024-01-01T00:45:00,0.5487,0.4513,0.5414,0.556,0.0147,8815.79
2024-01-01T00:45:30,0.5539,0.4461,0.5514,0.5564,0.005,5915.83
2024-01-01T00:46:00,0.5524,0.4476,0.5484,0.5564,0.0081,9183.26
2024-01-01T00:46:30,0.5531,0.4469,0.5422,0.5641,0.0219,9439.29
2024-01-01T00:47:00,0.5538,0.4462,0.5423,0.5654,0.0231,7916.07
2024-01-01T00:47:30,0.5522,0.4478,0.5435,0.561,0.0175,9187.28
2024-01-01T00:48:00,0.5486,0.4514,0.5418,0.5554,0.0136,8769.92
2024-01-01T00:48:30,0.5465,0.4535,0.536,0.557,0.021,7805.0
2024-01-01T00:49:00,0.551,0.449,0.5394,0.5627,0.0233,10978.23
2024-01-01T00:49:30,0.5492,0.4508,0.5424,0.5561,0.0136,8698.99
2024-01-01T00:50:00,0.5464,0.4536,0.5414,0.5515,0.0101,6752.48
2024-01-01T00:50:30,0.5484,0.4516,0.5456,0.5511,0.0054,11365.76
2024-01-01T00:51:00,0.549,0.451,0.5439,0.5542,0.0103,5970.13
2024-01-01T00:51:30,0.5513,0.4487,0.5426,0.56,0.0174,10137.92
2024-01-01T00:52:00,0.55,0.45,0.5458,0.5543,0.0085,10649.24
2024-01-01T00:52:30,0.5491,0.4509,0.5463,0.5518,0.0054,11145.87
2024-01-01T00:53:00,0.5497,0.4503,0.5389,0.5605,0.0215,10730.45
2024-01-01T00:53:30,0.5494,0.4506,0.5381,0.5607,0.0226,10399.4
2024-01-01T00:54:00,0.5498,0.4502,0.539,0.5607,0.0217,7048.9
2024-01-01T00:54:30,0.5473,0.4527,0.5447,0.5499,0.0052,6926.14
2024-01-01T00:55:00,0.5494,0.4506,0.5422,0.5566,0.0143,5927.17
2024-01-01T00:55:30,0.5567,0.4433,0.5513,0.5621,0.0109,8670.2
2024-01-01T00:56:00,0.5529,0.4471,0.5444,0.5615,0.0171,11408.81
2024-01-01T00:56:30,0.5488,0.4512,0.5381,0.5596,0.0215,5411.03
2024-01-01T00:57:00,0.5497,0.4503,0.5453,0.5542,0.0088,5649.59
2024-01-01T00:57:30,0.5517,0.4483,0.5408,0.5627,0.0219,10516.17
2024-01-01T00:58:00,0.5526,0.4474,0.5415,0.5638,0.0223,9582.96
2024-01-01T00:58:30,0.55,0.45,0.5436,0.5564,0.0127,6002.83
2024-01-01T00:59:00,0.5534,0.4466,0.547,0.5599,0.0129,5560.34
2024-01-01T00:59:30,0.5522,0.4478,0.5419,0.5626,0.0208,10098.96
2024-01-01T01:00:00,0.5501,0.4499,0.5409,0.5593,0.0184,5845.14
2024-01-01T01:00:30,0.5542,0.4458,0.5517,0.5566,0.0049,7902.21
2024-01-01T01:01:00,0.5534,0.4466,0.5445,0.5622,0.0177,5154.72
2024-01-01T01:01:30,0.551,0.449,0.5483,0.5536,0.0053,9874.11
2024-01-01T01:02:00,0.5549,0.4451,0.5518,0.5581,0.0063,8879.59
2024-01-01T01:02:30,0.5499,0.4501,0.5467,0.5531,0.0064,9118.91
2024-01-01T01:03:00,0.5527,0.4473,0.5477,0.5576,0.0099,7927.84
2024-01-01T01:03:30,0.5503,0.4497,0.5441,0.5565,0.0124,5714.12
2024-01-01T01:04:00,0.5473,0.4527,0.5424,0.5522,0.0098,7584.32
2024-01-01T01:04:30,0.5528,0.4472,0.5436,0.5621,0.0185,6458.79
2024-01-01T01:05:00,0.5495,0.4505,0.5452,0.5539,0.0087,7751.96
2024-01-01T01:05:30,0.5479,0.4521,0.5394,0.5565,0.0171,6627.16
2024-01-01T01:06:00,0.5511,0.4489,0.5442,0.5579,0.0137,7961.27
2024-01-01T01:06:30,0.5516,0.4484,0.5442,0.559,0.0148,4905.29
2024-01-01T01:07:00,0.5503,0.4497,0.545,0.5557,0.0107,7880.65
2024-01-01T01:07:30,0.5515,0.4485,0.5482,0.5549,0.0067,11143.39
2024-01-01T01:08:00,0.5495,0.4505,0.5443,0.5547,0.0104,9989.44
2024-01-01T01:08:30,0.5479,0.4521,0.5374,0.5584,0.021,10517.71
2024-01-01T01:09:00,0.5483,0.4517,0.5386,0.558,0.0194,7959.82
2024-01-01T01:09:30,0.5457,0.4543,0.5385,0.5528,0.0143,10249.1
2024-01-01T01:10:00,0.5453,0.4547,0.5409,0.5498,0.0089,9364.19
2024-01-01T01:10:30,0.5463,0.4537,0.5413,0.5512,0.0099,8698.11
2024-01-01T01:11:00,0.5507,0.4493,0.5453,0.5561,0.0107,5256.5
2024-01-01T01:11:30,0.5474,0.4526,0.5428,0.5521,0.0093,6960.95
2024-01-01T01:12:00,0.5522,0.4478,0.5422,0.5622,0.02,7188.42
2024-01-01T01:12:30,0.5514,0.4486,0.5401,0.5627,0.0226,8846.03
2024-01-01T01:13:00,0.5525,0.4475,0.5466,0.5584,0.0119,6313.37
2024-01-01T01:13:30,0.5556,0.4444,0.5477,0.5635,0.0158,9497.3
2024-01-01T01:14:00,0.5551,0.4449,0.5527,0.5575,0.0048,6506.0
2024-01-01T01:14:30,0.5537,0.4463,0.5475,0.5599,0.0123,6816.88
2024-01-01T01:15:00,0.5497,0.4503,0.5471,0.5524,0.0053,7676.23
2024-01-01T01:15:30,0.5517,0.4483,0.5462,0.5573,0.0111,5301.63
2024-01-01T01:16:00,0.5511,0.4489,0.5431,0.5591,0.016,5183.1
2024-01-01T01:16:30,0.5528,0.4472,0.5468,0.5587,0.0119,6192.14
2024-01-01T01:17:00,0.555,0.445,0.55,0.56,0.0101,8119.97
2024-01-01T01:17:30,0.5524,0.4476,0.5444,0.5603,0.0159,9982.19
2024-01-01T01:18:00,0.5523,0.4477,0.5458,0.5588,0.013,6996.05
2024-01-01T01:18:30,0.5499,0.4501,0.5443,0.5556,0.0113,8686.0
2024-01-01T01:19:00,0.548,0.452,0.5431,0.553,0.0099,8503.6
2024-01-01T01:19:30,0.549,0.451,0.5417,0.5563,0.0146,6249.26
2024-01-01T01:20:00,0.5492,0.4508,0.5391,0.5593,0.0202,6761.46
2024-01-01T01:20:30,0.5517,0.4483,0.5466,0.5568,0.0101,9764.21
2024-01-01T01:21:00,0.5499,0.4501,0.5393,0.5604,0.0211,5449.33
2024-01-01T01:21:30,0.5479,0.4521,0.5383,0.5576,0.0193,10831.77
2024-01-01T01:22:00,0.5478,0.4522,0.536,0.5596,0.0236,8291.19
2024-01-01T01:22:30,0.5492,0.4508,0.5448,0.5537,0.0089,9021.51
2024-01-01T01:23:00,0.5509,0.4491,0.5445,0.5573,0.0128,7100.01
2024-01-01T01:23:30,0.5458,0.4542,0.5392,0.5523,0.0131,6176.59
2024-01-01T01:24:00,0.5466,0.4534,0.5403,0.553,0.0127,9300.7
2024-01-01T01:24:30,0.5472,0.4528,0.5439,0.5506,0.0067,10853.63
2024-01-01T01:25:00,0.5447,0.4553,0.5345,0.5549,0.0204,8568.56
2024-01-01T01:25:30,0.5469,0.4531,0.5436,0.5503,0.0067,7009.12
2024-01-01T01:26:00,0.5461,0.4539,0.5423,0.5498,0.0076,10008.81
2024-01-01T01:26:30,0.548,0.452,0.542,0.554,0.012,7068.76
2024-01-01T01:27:00,0.55,0.45,0.5436,0.5563,0.0127,9023.37
2024-01-01T01:27:30,0.5477,0.4523,0.5366,0.5587,0.0221,11205.52
2024-01-01T01:28:00,0.5511,0.4489,0.5439,0.5583,0.0144,10860.95
2024-01-01T01:28:30,0.5492,0.4508,0.5431,0.5552,0.0122,5466.12
2024-01-01T01:29:00,0.5541,0.4459,0.5451,0.5632,0.0182,9758.65
2024-01-01T01:29:30,0.5552,0.4448,0.5526,0.5579,0.0053,11032.34
2024-01-01T01:30:00,0.5505,0.4495,0.5438,0.5572,0.0134,11383.58
2024-01-01T01:30:30,0.5552,0.4448,0.5451,0.5653,0.0201,10137.93
2024-01-01T01:31:00,0.558,0.442,0.5462,0.5697,0.0235,5171.75
2024-01-01T01:31:30,0.5529,0.4471,0.547,0.5588,0.0118,8658.7
2024-01-01T01:32:00,0.5543,0.4457,0.5439,0.5647,0.0208,5126.9
2024-01-01T01:32:30,0.5501,0.4499,0.5421,0.5581,0.016,9660.33
2024-01-01T01:33:00,0.5492,0.4508,0.5396,0.5589,0.0192,8701.21
2024-01-01T01:33:30,0.5487,0.4513,0.5445,0.5529,0.0084,9176.87
2024-01-01T01:34:00,0.5483,0.4517,0.5429,0.5538,0.0109,9448.04
2024-01-01T01:34:30,0.5508,0.4492,0.5439,0.5577,0.0138,9123.85
2024-01-01T01:35:00,0.5483,0.4517,0.5385,0.5581,0.0197,5233.18
2024-01-01T01:35:30,0.5502,0.4498,0.5449,0.5555,0.0106,7738.86
2024-01-01T01:36:00,0.5508,0.4492,0.5397,0.5619,0.0222,9110.17
2024-01-01T01:36:30,0.551,0.449,0.5471,0.5548,0.0077,9314.74
2024-01-01T01:37:00,0.5545,0.4455,0.5432,0.5658,0.0226,10001.25
2024-01-01T01:37:30,0.5521,0.4479,0.5494,0.5548,0.0054,5473.88
2024-01-01T01:38:00,0.5507,0.4493,0.5469,0.5545,0.0076,10276.63
2024-01-01T01:38:30,0.5524,0.4476,0.5492,0.5557,0.0065,10252.31
2024-01-01T01:39:00,0.5474,0.4526,0.5409,0.5538,0.0129,5557.31
2024-01-01T01:39:30,0.5481,0.4519,0.5432,0.553,0.0098,8145.03
2024-01-01T01:40:00,0.5491,0.4509,0.5442,0.554,0.0098,5986.56
2024-01-01T01:40:30,0.5503,0.4497,0.5434,0.5573,0.014,9399.41
2024-01-01T01:41:00,0.5467,0.4533,0.5386,0.5548,0.0162,9072.35
2024-01-01T01:41:30,0.5496,0.4504,0.5452,0.554,0.0088,11345.57
2024-01-01T01:42:00,0.5537,0.4463,0.5431,0.5643,0.0211,5295.66
2024-01-01T01:42:30,0.5507,0.4493,0.5475,0.554,0.0065,6529.74
2024-01-01T01:43:00,0.5505,0.4495,0.545,0.5559,0.0109,9403.58
2024-01-01T01:43:30,0.546,0.454,0.5352,0.5568,0.0215,7606.33
2024-01-01T01:44:00,0.5513,0.4487,0.5481,0.5545,0.0064,9283.22
2024-01-01T01:44:30,0.5503,0.4497,0.546,0.5546,0.0086,5910.78
2024-01-01T01:45:00,0.5498,0.4502,0.5395,0.5602,0.0207,8071.48
2024-01-01T01:45:30,0.5465,0.4535,0.5347,0.5584,0.0238,8362.15
2024-01-01T01:46:00,0.5532,0.4468,0.5459,0.5605,0.0147,11193.35
2024-01-01T01:46:30,0.5512,0.4488,0.5451,0.5574,0.0123,6054.55
2024-01-01T01:47:00,0.5502,0.4498,0.5426,0.5579,0.0153,9810.15
2024-01-01T01:47:30,0.5518,0.4482,0.5423,0.5613,0.019,9835.31
2024-01-01T01:48:00,0.5563,0.4437,0.5527,0.5599,0.0073,10417.92
2024-01-01T01:48:30,0.5508,0.4492,0.5432,0.5584,0.0152,5030.93
2024-01-01T01:49:00,0.5488,0.4512,0.5399,0.5577,0.0178,10304.8
2024-01-01T01:49:30,0.549,0.451,0.5382,0.5598,0.0216,10079.69
2024-01-01T01:50:00,0.5531,0.4469,0.5459,0.5602,0.0143,8380.57
2024-01-01T01:50:30,0.5528,0.4472,0.5471,0.5584,0.0113,9700.76
2024-01-01T01:51:00,0.5515,0.4485,0.5437,0.5594,0.0156,4995.33
2024-01-01T01:51:30,0.5507,0.4493,0.5471,0.5544,0.0073,5937.11
2024-01-01T01:52:00,0.5521,0.4479,0.5483,0.5559,0.0076,8547.55
2024-01-01T01:52:30,0.554,0.446,0.548,0.56,0.012,6119.88
2024-01-01T01:53:00,0.5499,0.4501,0.5474,0.5525,0.0051,9236.74
2024-01-01T01:53:30,0.5481,0.4519,0.5452,0.551,0.0058,6662.42
2024-01-01T01:54:00,0.5517,0.4483,0.5409,0.5625,0.0216,9716.48
2024-01-01T01:54:30,0.5454,0.4546,0.5368,0.5541,0.0173,8570.39
2024-01-01T01:55:00,0.544,0.456,0.5395,0.5484,0.0089,5997.44
2024-01-01T01:55:30,0.5492,0.4508,0.5401,0.5583,0.0183,8058.08
2024-01-01T01:56:00,0.5514,0.4486,0.541,0.5618,0.0208,11293.78
2024-01-01T01:56:30,0.552,0.448,0.5448,0.5592,0.0144,11285.8
2024-01-01T01:57:00,0.5536,0.4464,0.551,0.5563,0.0053,4913.43
2024-01-01T01:57:30,0.5494,0.4506,0.5455,0.5533,0.0079,9350.91
2024-01-01T01:58:00,0.5497,0.4503,0.5457,0.5537,0.008,11145.19
2024-01-01T01:58:30,0.5497,0.4503,0.5399,0.5594,0.0196,7641.08
2024-01-01T01:59:00,0.5482,0.4518,0.5428,0.5537,0.0108,7746.65
2024-01-01T01:59:30,0.551,0.449,0.5476,0.5543,0.0067,9669.71
2024-01-01T02:00:00,0.5504,0.4496,0.5401,0.5607,0.0207,5896.79
2024-01-01T02:00:30,0.5473,0.4527,0.5403,0.5544,0.0142,7387.72
2024-01-01T02:01:00,0.5522,0.4478,0.5424,0.5619,0.0195,5277.92
2024-01-01T02:01:30,0.5523,0.4477,0.5481,0.5566,0.0085,6035.11
2024-01-01T02:02:00,0.5508,0.4492,0.5456,0.5559,0.0103,4933.0
2024-01-01T02:02:30,0.55,0.45,0.5463,0.5536,0.0073,7678.55
2024-01-01T02:03:00,0.5478,0.4522,0.5435,0.552,0.0084,5249.04
2024-01-01T02:03:30,0.5498,0.4502,0.5386,0.5611,0.0225,10620.14
2024-01-01T02:04:00,0.5529,0.4471,0.5488,0.5569,0.0081,8545.33
2024-01-01T02:04:30,0.5466,0.4534,0.5356,0.5575,0.0219,8469.98
2024-01-01T02:05:00,0.5439,0.4561,0.5379,0.55,0.0121,5533.02
2024-01-01T02:05:30,0.5488,0.4512,0.5435,0.5541,0.0106,9084.49
2024-01-01T02:06:00,0.545,0.455,0.5395,0.5504,0.0109,11157.1
2024-01-01T02:06:30,0.55,0.45,0.5417,0.5583,0.0166,5667.75
2024-01-01T02:07:00,0.5441,0.4559,0.5349,0.5533,0.0184,10064.59
2024-01-01T02:07:30,0.5458,0.4542,0.5374,0.5543,0.0169,6912.68
2024-01-01T02:08:00,0.5487,0.4513,0.5456,0.5518,0.0062,10603.17
2024-01-01T02:08:30,0.5463,0.4537,0.5415,0.5511,0.0096,6245.13
2024-01-01T02:09:00,0.5504,0.4496,0.5462,0.5546,0.0083,10885.14
2024-01-01T02:09:30,0.5481,0.4519,0.5439,0.5524,0.0085,8465.03
2024-01-01T02:10:00,0.5504,0.4496,0.5438,0.5571,0.0134,5467.24
2024-01-01T02:10:30,0.552,0.448,0.5456,0.5585,0.0129,9468.34
2024-01-01T02:11:00,0.5482,0.4518,0.5457,0.5507,0.005,8833.45
2024-01-01T02:11:30,0.5445,0.4555,0.5407,0.5482,0.0075,6297.14
2024-01-01T02:12:00,0.5474,0.4526,0.543,0.5519,0.0089,10380.36
2024-01-01T02:12:30,0.55,0.45,0.541,0.559,0.018,11462.94
2024-01-01T02:13:00,0.5514,0.4486,0.5402,0.5626,0.0224,9022.16
2024-01-01T02:13:30,0.5503,0.4497,0.5433,0.5574,0.0141,7814.8
2024-01-01T02:14:00,0.5482,0.4518,0.5413,0.5551,0.0138,8901.39
2024-01-01T02:14:30,0.5498,0.4502,0.5415,0.5581,0.0165,9849.04
2024-01-01T02:15:00,0.5486,0.4514,0.5438,0.5534,0.0096,7062.59
2024-01-01T02:15:30,0.55,0.45,0.5394,0.5607,0.0213,7371.44
2024-01-01T02:16:00,0.5518,0.4482,0.5422,0.5615,0.0192,8598.33
2024-01-01T02:16:30,0.5532,0.4468,0.543,0.5635,0.0205,9150.14
2024-01-01T02:17:00,0.5553,0.4447,0.5448,0.5657,0.0209,9081.02
2024-01-01T02:17:30,0.5532,0.4468,0.5443,0.562,0.0177,5754.1
2024-01-01T02:18:00,0.5591,0.4409,0.5529,0.5654,0.0124,8229.33
2024-01-01T02:18:30,0.5607,0.4393,0.5536,0.5677,0.0141,5440.83
2024-01-01T02:19:00,0.5647,0.4353,0.5622,0.5673,0.0051,7181.24
2024-01-01T02:19:30,0.5606,0.4394,0.5518,0.5693,0.0176,10519.25
2024-01-01T02:20:00,0.5642,0.4358,0.5543,0.574,0.0197,7259.8
2024-01-01T02:20:30,0.5637,0.4363,0.5542,0.5732,0.0191,8157.57
2024-01-01T02:21:00,0.5657,0.4343,0.5578,0.5736,0.0158,9347.58
2024-01-01T02:21:30,0.5649,0.4351,0.5604,0.5693,0.0089,8917.05
2024-01-01T02:22:00,0.5728,0.4272,0.5624,0.5831,0.0207,6737.8
2024-01-01T02:22:30,0.5724,0.4276,0.5694,0.5755,0.0061,7819.61
2024-01-01T02:23:00,0.5766,0.4234,0.5739,0.5792,0.0052,5115.75
2024-01-01T02:23:30,0.5776,0.4224,0.5737,0.5815,0.0078,10115.28
2024-01-01T02:24:00,0.581,0.419,0.5744,0.5875,0.0131,8501.73
2024-01-01T02:24:30,0.5809,0.4191,0.5705,0.5913,0.0208,5669.88
2024-01-01T02:25:00,0.5839,0.4161,0.5795,0.5884,0.009,7253.82
2024-01-01T02:25:30,0.5825,0.4175,0.5779,0.5871,0.0092,5663.46
2024-01-01T02:26:00,0.5862,0.4138,0.5814,0.5911,0.0097,4779.63
2024-01-01T02:26:30,0.5851,0.4149,0.5804,0.5899,0.0095,5675.11
2024-01-01T02:27:00,0.5908,0.4092,0.58,0.6016,0.0215,8551.33
2024-01-01T02:27:30,0.5918,0.4082,0.5887,0.5949,0.0062,8881.26
2024-01-01T02:28:00,0.5929,0.4071,0.5877,0.5982,0.0105,4736.51
2024-01-01T02:28:30,0.5928,0.4072,0.5871,0.5985,0.0114,7025.53
2024-01-01T02:29:00,0.5993,0.4007,0.5926,0.6061,0.0135,8397.27
2024-01-01T02:29:30,0.6002,0.3998,0.5966,0.6039,0.0074,5920.23
2024-01-01T02:30:00,0.6018,0.3982,0.5953,0.6082,0.0129,8976.86
2024-01-01T02:30:30,0.6058,0.3942,0.6017,0.6098,0.0081,6312.02
2024-01-01T02:31:00,0.6094,0.3906,0.6011,0.6178,0.0167,6082.46
2024-01-01T02:31:30,0.6073,0.3927,0.6009,0.6136,0.0127,4444.76
2024-01-01T02:32:00,0.6134,0.3866,0.6104,0.6163,0.0059,4883.5
2024-01-01T02:32:30,0.6151,0.3849,0.6115,0.6187,0.0073,6162.34
2024-01-01T02:33:00,0.6176,0.3824,0.6086,0.6266,0.0179,9525.09
2024-01-01T02:33:30,0.623,0.377,0.618,0.6281,0.01,8250.7
2024-01-01T02:34:00,0.6206,0.3794,0.6141,0.627,0.0129,6537.91
2024-01-01T02:34:30,0.6228,0.3772,0.6136,0.632,0.0184,4931.24
2024-01-01T02:35:00,0.6244,0.3756,0.6163,0.6326,0.0163,7577.13
2024-01-01T02:35:30,0.6286,0.3714,0.6177,0.6394,0.0217,4875.59
2024-01-01T02:36:00,0.6311,0.3689,0.6255,0.6368,0.0113,5006.56
2024-01-01T02:36:30,0.6339,0.3661,0.6259,0.642,0.0161,8272.56
2024-01-01T02:37:00,0.6333,0.3667,0.6237,0.6429,0.0192,8468.18
2024-01-01T02:37:30,0.6344,0.3656,0.6274,0.6413,0.0139,4636.2
2024-01-01T02:38:00,0.6364,0.3636,0.6337,0.6392,0.0055,5815.57
2024-01-01T02:38:30,0.6365,0.3635,0.6268,0.6462,0.0193,6883.92
2024-01-01T02:39:00,0.6374,0.3626,0.6319,0.6429,0.011,5190.92
2024-01-01T02:39:30,0.6433,0.3567,0.6386,0.648,0.0094,6490.32
2024-01-01T02:40:00,0.6439,0.3561,0.6357,0.6521,0.0165,5765.59
2024-01-01T02:40:30,0.6472,0.3528,0.642,0.6524,0.0104,5927.51
2024-01-01T02:41:00,0.6527,0.3473,0.6492,0.6562,0.007,5224.78
2024-01-01T02:41:30,0.6487,0.3513,0.6428,0.6545,0.0116,6080.02
2024-01-01T02:42:00,0.6545,0.3455,0.6445,0.6645,0.02,6247.04
2024-01-01T02:42:30,0.6582,0.3418,0.6554,0.6611,0.0057,7258.96
2024-01-01T02:43:00,0.6622,0.3378,0.6597,0.6647,0.005,5137.85
2024-01-01T02:43:30,0.6606,0.3394,0.6578,0.6634,0.0056,5346.19
2024-01-01T02:44:00,0.6645,0.3355,0.661,0.668,0.007,4230.18
2024-01-01T02:44:30,0.6648,0.3352,0.6556,0.674,0.0183,8191.99
2024-01-01T02:45:00,0.6681,0.3319,0.6637,0.6725,0.0088,6559.62
2024-01-01T02:45:30,0.6697,0.3303,0.6607,0.6786,0.0179,5349.3
2024-01-01T02:46:00,0.6686,0.3314,0.6649,0.6722,0.0073,7367.59
2024-01-01T02:46:30,0.6712,0.3288,0.6612,0.6812,0.02,5164.78
2024-01-01T02:47:00,0.6737,0.3263,0.6634,0.684,0.0206,5820.18
2024-01-01T02:47:30,0.6722,0.3278,0.6671,0.6772,0.0101,4979.21
2024-01-01T02:48:00,0.6747,0.3253,0.669,0.6805,0.0115,8400.61
2024-01-01T02:48:30,0.678,0.322,0.6746,0.6814,0.0067,3891.14
2024-01-01T02:49:00,0.6806,0.3194,0.6707,0.6905,0.0197,5906.32
2024-01-01T02:49:30,0.6852,0.3148,0.6825,0.6878,0.0053,4267.37
2024-01-01T02:50:00,0.6881,0.3119,0.679,0.6972,0.0182,4848.86
2024-01-01T02:50:30,0.6859,0.3141,0.6825,0.6893,0.0068,4448.77
2024-01-01T02:51:00,0.6916,0.3084,0.6854,0.6977,0.0123,4819.78
2024-01-01T02:51:30,0.6941,0.3059,0.6915,0.6966,0.005,4165.52
2024-01-01T02:52:00,0.6915,0.3085,0.6829,0.7001,0.0173,7991.29
2024-01-01T02:52:30,0.6946,0.3054,0.6884,0.7009,0.0125,4827.39
2024-01-01T02:53:00,0.6959,0.3041,0.6873,0.7044,0.0171,6221.38
2024-01-01T02:53:30,0.7015,0.2985,0.695,0.708,0.013,7197.69
2024-01-01T02:54:00,0.7034,0.2966,0.7005,0.7063,0.0058,5396.71
2024-01-01T02:54:30,0.7044,0.2956,0.698,0.7109,0.0129,6941.96
2024-01-01T02:55:00,0.7072,0.2928,0.7049,0.7096,0.0046,7326.27
2024-01-01T02:55:30,0.7096,0.2904,0.707,0.7122,0.0053,5338.51
2024-01-01T02:56:00,0.7095,0.2905,0.7021,0.717,0.0149,3463.45
2024-01-01T02:56:30,0.7153,0.2847,0.7129,0.7177,0.0048,3635.48
2024-01-01T02:57:00,0.718,0.282,0.7123,0.7238,0.0115,5036.12
2024-01-01T02:57:30,0.7163,0.2837,0.7071,0.7255,0.0184,6710.97
2024-01-01T02:58:00,0.7192,0.2808,0.7095,0.7288,0.0193,5111.69
2024-01-01T02:58:30,0.7198,0.2802,0.7107,0.7289,0.0181,6314.7
2024-01-01T02:59:00,0.7228,0.2772,0.7202,0.7254,0.0051,3294.67
2024-01-01T02:59:30,0.7243,0.2757,0.7189,0.7297,0.0108,5366.45
2024-01-01T03:00:00,0.7306,0.2694,0.7257,0.7354,0.0097,3795.22
2024-01-01T03:00:30,0.7293,0.2707,0.7257,0.7329,0.0073,7197.66
2024-01-01T03:01:00,0.7282,0.2718,0.7246,0.7317,0.007,7474.04
2024-01-01T03:01:30,0.7337,0.2663,0.7259,0.7415,0.0156,7238.87
2024-01-01T03:02:00,0.7344,0.2656,0.7263,0.7426,0.0163,3805.14
2024-01-01T03:02:30,0.7365,0.2635,0.7279,0.745,0.017,6917.81
2024-01-01T03:03:00,0.7375,0.2625,0.7321,0.743,0.0109,7266.19
2024-01-01T03:03:30,0.7415,0.2585,0.7366,0.7464,0.0098,3264.23
2024-01-01T03:04:00,0.7445,0.2555,0.7363,0.7527,0.0163,6869.15
2024-01-01T03:04:30,0.7464,0.2536,0.7396,0.7531,0.0135,5233.61
2024-01-01T03:05:00,0.7432,0.2568,0.7364,0.75,0.0136,4067.3
2024-01-01T03:05:30,0.7487,0.2513,0.7455,0.7518,0.0063,3139.29
2024-01-01T03:06:00,0.7485,0.2515,0.742,0.755,0.0131,3210.72
2024-01-01T03:06:30,0.75,0.25,0.7462,0.7538,0.0076,5111.58
2024-01-01T03:07:00,0.7522,0.2478,0.7496,0.7549,0.0054,5712.7
2024-01-01T03:07:30,0.7549,0.2451,0.7465,0.7633,0.0168,4067.58
2024-01-01T03:08:00,0.7582,0.2418,0.7535,0.763,0.0095,4085.27
2024-01-01T03:08:30,0.7583,0.2417,0.7532,0.7633,0.0102,5530.8
2024-01-01T03:09:00,0.7592,0.2408,0.7531,0.7652,0.0121,5406.4
2024-01-01T03:09:30,0.7634,0.2366,0.7568,0.77,0.0132,4604.28
2024-01-01T03:10:00,0.7627,0.2373,0.7579,0.7674,0.0096,6392.2
2024-01-01T03:10:30,0.7664,0.2336,0.7623,0.7705,0.0081,4760.32
2024-01-01T03:11:00,0.7718,0.2282,0.7673,0.7763,0.009,6376.6
2024-01-01T03:11:30,0.7741,0.2259,0.7691,0.7792,0.0101,3058.62
2024-01-01T03:12:00,0.7744,0.2256,0.772,0.7768,0.0048,5611.8
2024-01-01T03:12:30,0.7768,0.2232,0.7707,0.7829,0.0121,6030.77
2024-01-01T03:13:00,0.7775,0.2225,0.7712,0.7837,0.0125,4845.46
2024-01-01T03:13:30,0.7826,0.2174,0.7765,0.7887,0.0122,3345.38
2024-01-01T03:14:00,0.7834,0.2166,0.7751,0.7917,0.0166,3406.25
2024-01-01T03:14:30,0.7846,0.2154,0.7806,0.7886,0.008,4329.75
2024-01-01T03:15:00,0.7872,0.2128,0.7801,0.7942,0.0141,3771.49
2024-01-01T03:15:30,0.7898,0.2102,0.7846,0.795,0.0104,4231.08
2024-01-01T03:16:00,0.7944,0.2056,0.7855,0.8033,0.0178,4672.88
2024-01-01T03:16:30,0.7955,0.2045,0.7927,0.7983,0.0055,2614.76
2024-01-01T03:17:00,0.7975,0.2025,0.7942,0.8008,0.0066,4366.51
2024-01-01T03:17:30,0.7973,0.2027,0.7893,0.8053,0.016,5415.03
2024-01-01T03:18:00,0.8021,0.1979,0.7939,0.8102,0.0163,4241.42
2024-01-01T03:18:30,0.8012,0.1988,0.7925,0.8098,0.0173,4070.41
2024-01-01T03:19:00,0.8038,0.1962,0.7966,0.8111,0.0145,4117.97
2024-01-01T03:19:30,0.806,0.194,0.8001,0.8119,0.0118,4062.5
2024-01-01T03:20:00,0.8073,0.1927,0.7986,0.8159,0.0173,2638.6
2024-01-01T03:20:30,0.8083,0.1917,0.8021,0.8145,0.0125,4070.68
2024-01-01T03:21:00,0.8136,0.1864,0.8094,0.8178,0.0084,4179.86
2024-01-01T03:21:30,0.8113,0.1887,0.8061,0.8164,0.0104,4923.12
2024-01-01T03:22:00,0.8147,0.1853,0.8081,0.8212,0.013,4343.64
2024-01-01T03:22:30,0.8178,0.1822,0.8122,0.8234,0.0112,3237.69
2024-01-01T03:23:00,0.8165,0.1835,0.8103,0.8227,0.0124,4725.8
2024-01-01T03:23:30,0.8206,0.1794,0.8139,0.8273,0.0134,4905.46
2024-01-01T03:24:00,0.8224,0.1776,0.82,0.8248,0.0048,2777.04
2024-01-01T03:24:30,0.8234,0.1766,0.8204,0.8264,0.006,3441.33
2024-01-01T03:25:00,0.8279,0.1721,0.8206,0.8352,0.0146,2813.29
2024-01-01T03:25:30,0.8318,0.1682,0.8279,0.8357,0.0077,2476.32
2024-01-01T03:26:00,0.8289,0.1711,0.8217,0.8361,0.0144,4972.12
2024-01-01T03:26:30,0.8366,0.1634,0.8316,0.8416,0.01,3197.05
2024-01-01T03:27:00,0.8377,0.1623,0.836,0.8395,0.0036,4822.4
2024-01-01T03:27:30,0.8451,0.1549,0.8378,0.8524,0.0146,3070.27
2024-01-01T03:28:00,0.8426,0.1574,0.8397,0.8454,0.0057,3349.21
2024-01-01T03:28:30,0.8477,0.1523,0.8402,0.8551,0.0149,2650.86
2024-01-01T03:29:00,0.8463,0.1537,0.8423,0.8503,0.0079,4159.08
2024-01-01T03:29:30,0.8479,0.1521,0.8422,0.8536,0.0114,4332.31
2024-01-01T03:30:00,0.8492,0.1508,0.8424,0.856,0.0136,2505.28
2024-01-01T03:30:30,0.8513,0.1487,0.8462,0.8564,0.0102,2804.26
2024-01-01T03:31:00,0.8508,0.1492,0.8467,0.8548,0.0081,2827.86
2024-01-01T03:31:30,0.8542,0.1458,0.8518,0.8567,0.0049,2261.89
2024-01-01T03:32:00,0.8564,0.1436,0.852,0.8608,0.0088,3659.69
2024-01-01T03:32:30,0.8556,0.1444,0.8483,0.8628,0.0146,3939.15
2024-01-01T03:33:00,0.8586,0.1414,0.8518,0.8654,0.0136,2424.9
2024-01-01T03:33:30,0.8606,0.1394,0.8578,0.8635,0.0057,2875.97
2024-01-01T03:34:00,0.862,0.138,0.8537,0.8703,0.0165,3645.51
2024-01-01T03:34:30,0.8649,0.1351,0.8612,0.8686,0.0074,3266.37
2024-01-01T03:35:00,0.8648,0.1352,0.8614,0.8682,0.0068,3228.23
2024-01-01T03:35:30,0.8678,0.1322,0.8612,0.8743,0.0132,3881.13
2024-01-01T03:36:00,0.8721,0.1279,0.867,0.8772,0.0103,3373.67
2024-01-01T03:36:30,0.8772,0.1228,0.8714,0.8831,0.0117,2689.3
2024-01-01T03:37:00,0.8757,0.1243,0.8734,0.8779,0.0045,3358.31
2024-01-01T03:37:30,0.8804,0.1196,0.8739,0.8869,0.0129,3731.26
2024-01-01T03:38:00,0.8853,0.1147,0.8781,0.8924,0.0143,3619.01
2024-01-01T03:38:30,0.8846,0.1154,0.8774,0.8917,0.0143,2509.25
2024-01-01T03:39:00,0.8856,0.1144,0.8776,0.8937,0.0161,1742.19
2024-01-01T03:39:30,0.8869,0.1131,0.8842,0.8897,0.0054,1752.55
2024-01-01T03:40:00,0.8877,0.1123,0.883,0.8925,0.0095,3150.21
2024-01-01T03:40:30,0.8907,0.1093,0.8866,0.8948,0.0082,2206.48
2024-01-01T03:41:00,0.8939,0.1061,0.8869,0.9009,0.0141,2069.36
2024-01-01T03:41:30,0.8919,0.1081,0.8887,0.895,0.0063,2870.73
2024-01-01T03:42:00,0.8976,0.1024,0.8897,0.9055,0.0159,2773.82
2024-01-01T03:42:30,0.8997,0.1003,0.895,0.9043,0.0093,2239.98
2024-01-01T03:43:00,0.9011,0.0989,0.8932,0.909,0.0158,2894.13
2024-01-01T03:43:30,0.9058,0.0942,0.9038,0.9078,0.004,2502.8
2024-01-01T03:44:00,0.9058,0.0942,0.9031,0.9084,0.0054,1779.56
2024-01-01T03:44:30,0.9061,0.0939,0.9005,0.9116,0.0111,2919.47
2024-01-01T03:45:00,0.9049,0.0951,0.9015,0.9082,0.0067,2623.46
2024-01-01T03:45:30,0.974,0.026,0.9695,0.9785,0.0089,1088.06
2024-01-01T03:46:00,0.9639,0.0361,0.9581,0.9697,0.0115,1687.0
2024-01-01T03:46:30,0.9587,0.0413,0.9543,0.963,0.0086,1159.25
2024-01-01T03:47:00,0.959,0.041,0.954,0.964,0.01,1792.15
2024-01-01T03:47:30,0.9566,0.0434,0.955,0.9583,0.0034,1779.28
2024-01-01T03:48:00,0.957,0.043,0.9531,0.961,0.0079,2107.65
2024-01-01T03:48:30,0.955,0.045,0.9505,0.9596,0.0091,1598.54
2024-01-01T03:49:00,0.9546,0.0454,0.9494,0.9597,0.0104,2257.84
2024-01-01T03:49:30,0.9541,0.0459,0.9523,0.9559,0.0036,1474.31
2024-01-01T03:50:00,0.9516,0.0484,0.946,0.9573,0.0113,1982.55
2024-01-01T03:50:30,0.9513,0.0487,0.9442,0.9584,0.0141,2121.16
2024-01-01T03:51:00,0.9499,0.0501,0.9477,0.9522,0.0045,1084.18
2024-01-01T03:51:30,0.9513,0.0487,0.9495,0.9532,0.0037,2459.22
2024-01-01T03:52:00,0.9498,0.0502,0.9431,0.9565,0.0134,1788.37
2024-01-01T03:52:30,0.9489,0.0511,0.9434,0.9545,0.0111,1423.0
2024-01-01T03:53:00,0.9526,0.0474,0.9488,0.9564,0.0076,2133.93
2024-01-01T03:53:30,0.9524,0.0476,0.9469,0.9579,0.011,2438.45
2024-01-01T03:54:00,0.9476,0.0524,0.9402,0.955,0.0147,1547.03
2024-01-01T03:54:30,0.9502,0.0498,0.9466,0.9538,0.0071,2039.32
2024-01-01T03:55:00,0.9525,0.0475,0.9497,0.9552,0.0055,1583.31
2024-01-01T03:55:30,0.9478,0.0522,0.9435,0.952,0.0085,1590.64
2024-01-01T03:56:00,0.9488,0.0512,0.9458,0.9518,0.006,2207.54
2024-01-01T03:56:30,0.9475,0.0525,0.94,0.9549,0.0149,1433.13
2024-01-01T03:57:00,0.9495,0.0505,0.943,0.9561,0.0131,1500.11
2024-01-01T03:57:30,0.9497,0.0503,0.9469,0.9525,0.0056,1912.57
2024-01-01T03:58:00,0.9482,0.0518,0.9459,0.9505,0.0045,2431.08
2024-01-01T03:58:30,0.9462,0.0538,0.939,0.9535,0.0145,2223.39
2024-01-01T03:59:00,0.9513,0.0487,0.947,0.9557,0.0087,2149.79
2024-01-01T03:59:30,0.9492,0.0508,0.9419,0.9565,0.0146,2165.58
2024-01-01T04:00:00,0.952,0.048,0.9486,0.9553,0.0067,1883.87
2024-01-01T04:00:30,0.9493,0.0507,0.9456,0.9531,0.0076,1902.78
2024-01-01T04:01:00,0.9521,0.0479,0.9499,0.9542,0.0043,1239.98
2024-01-01T04:01:30,0.9504,0.0496,0.9468,0.954,0.0072,2434.44
2024-01-01T04:02:00,0.9529,0.0471,0.9472,0.9586,0.0115,1601.73
2024-01-01T04:02:30,0.9495,0.0505,0.9479,0.951,0.0031,1427.06
2024-01-01T04:03:00,0.953,0.047,0.9457,0.9604,0.0147,1482.46
2024-01-01T04:03:30,0.9495,0.0505,0.9463,0.9527,0.0064,1498.4
2024-01-01T04:04:00,0.9455,0.0545,0.9434,0.9477,0.0043,1378.55
2024-01-01T04:04:30,0.9493,0.0507,0.9438,0.9548,0.011,1631.6
2024-01-01T04:05:00,0.9498,0.0502,0.9438,0.9557,0.0119,1436.93
2024-01-01T04:05:30,0.9466,0.0534,0.9411,0.9521,0.0109,2028.89
2024-01-01T04:06:00,0.952,0.048,0.9467,0.9574,0.0107,2448.3
2024-01-01T04:06:30,0.9538,0.0462,0.95,0.9576,0.0076,1178.38
2024-01-01T04:07:00,0.9533,0.0467,0.9474,0.9592,0.0119,2271.53
2024-01-01T04:07:30,0.9466,0.0534,0.9401,0.953,0.0129,2074.98
2024-01-01T04:08:00,0.951,0.049,0.9468,0.9552,0.0085,2381.09
2024-01-01T04:08:30,0.9499,0.0501,0.9429,0.9569,0.014,1691.7
2024-01-01T04:09:00,0.9491,0.0509,0.9458,0.9523,0.0065,2425.71
2024-01-01T04:09:30,0.9477,0.0523,0.9431,0.9522,0.0091,2191.01
2024-01-01T04:10:00,0.948,0.052,0.9417,0.9542,0.0125,1231.25
2024-01-01T04:10:30,0.951,0.049,0.9493,0.9527,0.0034,1386.12
2024-01-01T04:11:00,0.9499,0.0501,0.9468,0.9529,0.0061,1247.17
2024-01-01T04:11:30,0.9481,0.0519,0.9449,0.9513,0.0064,1203.22
2024-01-01T04:12:00,0.9446,0.0554,0.9392,0.9501,0.0109,1309.25
2024-01-01T04:12:30,0.9463,0.0537,0.9431,0.9494,0.0063,1666.79
2024-01-01T04:13:00,0.949,0.051,0.9429,0.9552,0.0124,1817.82
2024-01-01T04:13:30,0.9502,0.0498,0.9456,0.9549,0.0093,1829.27
2024-01-01T04:14:00,0.9511,0.0489,0.9477,0.9546,0.0069,2152.91
2024-01-01T04:14:30,0.9486,0.0514,0.9424,0.9548,0.0124,1521.88
2024-01-01T04:15:00,0.9504,0.0496,0.9465,0.9544,0.0079,1371.33
2024-01-01T04:15:30,0.9501,0.0499,0.9476,0.9526,0.005,1667.47
2024-01-01T04:16:00,0.9492,0.0508,0.9469,0.9515,0.0046,1613.04
2024-01-01T04:16:30,0.9493,0.0507,0.9462,0.9525,0.0063,1222.68
2024-01-01T04:17:00,0.9492,0.0508,0.9454,0.953,0.0075,1162.08
2024-01-01T04:17:30,0.9498,0.0502,0.9461,0.9535,0.0074,2432.93
2024-01-01T04:18:00,0.9498,0.0502,0.9428,0.9567,0.0139,1347.27
2024-01-01T04:18:30,0.9489,0.0511,0.943,0.9548,0.0117,2421.46
2024-01-01T04:19:00,0.9481,0.0519,0.943,0.9533,0.0103,1165.52
2024-01-01T04:19:30,0.9479,0.0521,0.9457,0.9502,0.0045,2286.54
2024-01-01T04:20:00,0.9483,0.0517,0.9455,0.9511,0.0057,2182.29
2024-01-01T04:20:30,0.9482,0.0518,0.9427,0.9537,0.0109,1243.92
2024-01-01T04:21:00,0.9496,0.0504,0.943,0.9562,0.0131,1360.41
2024-01-01T04:21:30,0.9507,0.0493,0.944,0.9574,0.0134,1908.46
2024-01-01T04:22:00,0.9515,0.0485,0.95,0.953,0.003,1066.69
2024-01-01T04:22:30,0.9517,0.0483,0.9494,0.9541,0.0047,1924.12
2024-01-01T04:23:00,0.9491,0.0509,0.9465,0.9516,0.0051,2192.61
2024-01-01T04:23:30,0.948,0.052,0.9438,0.9522,0.0084,1670.88
2024-01-01T04:24:00,0.9529,0.0471,0.9502,0.9557,0.0055,2451.9
2024-01-01T04:24:30,0.9476,0.0524,0.9446,0.9506,0.006,1790.84
2024-01-01T04:25:00,0.9516,0.0484,0.9482,0.955,0.0068,1593.53
2024-01-01T04:25:30,0.9471,0.0529,0.9449,0.9492,0.0043,1521.32
2024-01-01T04:26:00,0.9488,0.0512,0.9444,0.9531,0.0088,2122.25
2024-01-01T04:26:30,0.9484,0.0516,0.9416,0.9552,0.0136,1765.1
2024-01-01T04:27:00,0.9476,0.0524,0.9411,0.9541,0.0129,2337.22
2024-01-01T04:27:30,0.9465,0.0535,0.9445,0.9485,0.004,2055.76
2024-01-01T04:28:00,0.9495,0.0505,0.9423,0.9567,0.0145,2141.69
2024-01-01T04:28:30,0.9512,0.0488,0.9467,0.9557,0.009,1390.56
2024-01-01T04:29:00,0.9521,0.0479,0.949,0.9551,0.0061,1408.8
2024-01-01T04:29:30,0.9535,0.0465,0.9499,0.9571,0.0071,1593.58
2024-01-01T04:30:00,0.9492,0.0508,0.9432,0.9553,0.0121,1581.41
2024-01-01T04:30:30,0.9515,0.0485,0.9479,0.9551,0.0072,2175.59
2024-01-01T04:31:00,0.9501,0.0499,0.943,0.9572,0.0142,2168.95
2024-01-01T04:31:30,0.9486,0.0514,0.9433,0.9539,0.0106,1763.66
2024-01-01T04:32:00,0.9495,0.0505,0.9436,0.9553,0.0117,2229.27
2024-01-01T04:32:30,0.952,0.048,0.9479,0.9562,0.0083,1191.62
2024-01-01T04:33:00,0.9503,0.0497,0.9435,0.9571,0.0137,1718.56
2024-01-01T04:33:30,0.9488,0.0512,0.9424,0.9552,0.0128,1573.89
2024-01-01T04:34:00,0.9504,0.0496,0.9441,0.9566,0.0125,2095.45
2024-01-01T04:34:30,0.9427,0.0573,0.9405,0.9448,0.0044,1593.71
2024-01-01T04:35:00,0.9476,0.0524,0.9429,0.9523,0.0094,2247.7
2024-01-01T04:35:30,0.949,0.051,0.9473,0.9507,0.0033,1769.67
2024-01-01T04:36:00,0.9504,0.0496,0.9449,0.9558,0.0109,2302.29
2024-01-01T04:36:30,0.9481,0.0519,0.9421,0.9541,0.012,2032.48
2024-01-01T04:37:00,0.9456,0.0544,0.9418,0.9494,0.0076,2429.24
2024-01-01T04:37:30,0.9489,0.0511,0.9433,0.9544,0.011,2356.01
2024-01-01T04:38:00,0.9536,0.0464,0.9465,0.9607,0.0142,2294.38
2024-01-01T04:38:30,0.9466,0.0534,0.9426,0.9507,0.0081,2193.15
2024-01-01T04:39:00,0.9469,0.0531,0.9452,0.9486,0.0034,1369.77
2024-01-01T04:39:30,0.9495,0.0505,0.9438,0.9553,0.0115,2289.61
2024-01-01T04:40:00,0.9505,0.0495,0.9482,0.9528,0.0046,1279.18
2024-01-01T04:40:30,0.9498,0.0502,0.9464,0.9531,0.0067,1766.93
2024-01-01T04:41:00,0.9503,0.0497,0.9429,0.9577,0.0148,1545.63
2024-01-01T04:41:30,0.9524,0.0476,0.9481,0.9567,0.0086,1504.22
2024-01-01T04:42:00,0.9526,0.0474,0.9458,0.9595,0.0137,1582.53
2024-01-01T04:42:30,0.9502,0.0498,0.9477,0.9527,0.0051,1156.41
2024-01-01T04:43:00,0.9527,0.0473,0.9486,0.9567,0.0081,2270.97
2024-01-01T04:43:30,0.9536,0.0464,0.9518,0.9555,0.0036,1292.45
2024-01-01T04:44:00,0.9499,0.0501,0.9437,0.956,0.0123,1978.54
2024-01-01T04:44:30,0.9503,0.0497,0.9487,0.952,0.0033,1519.72
2024-01-01T04:45:00,0.949,0.051,0.9439,0.9542,0.0104,2023.33
2024-01-01T04:45:30,0.9479,0.0521,0.9434,0.9524,0.009,2414.43
2024-01-01T04:46:00,0.9489,0.0511,0.9439,0.9539,0.01,2304.01
2024-01-01T04:46:30,0.9484,0.0516,0.9455,0.9514,0.0059,1197.0
2024-01-01T04:47:00,0.9451,0.0549,0.9409,0.9492,0.0084,1569.5
2024-01-01T04:47:30,0.9482,0.0518,0.9414,0.955,0.0135,2513.31
2024-01-01T04:48:00,0.9488,0.0512,0.9437,0.9538,0.0101,2157.29
2024-01-01T04:48:30,0.9502,0.0498,0.9432,0.9571,0.0139,2330.36
2024-01-01T04:49:00,0.9501,0.0499,0.9485,0.9516,0.0031,2356.76
2024-01-01T04:49:30,0.9466,0.0534,0.9398,0.9533,0.0135,2482.27
2024-01-01T04:50:00,0.9497,0.0503,0.9426,0.9568,0.0141,1479.77
2024-01-01T04:50:30,0.9474,0.0526,0.941,0.9538,0.0128,1866.32
2024-01-01T04:51:00,0.9474,0.0526,0.9408,0.954,0.0132,1352.99
2024-01-01T04:51:30,0.9495,0.0505,0.9437,0.9554,0.0118,1571.81
2024-01-01T04:52:00,0.9499,0.0501,0.9449,0.955,0.0101,2183.7
2024-01-01T04:52:30,0.9521,0.0479,0.9457,0.9585,0.0127,1953.67
2024-01-01T04:53:00,0.9505,0.0495,0.9464,0.9545,0.0081,1513.92
2024-01-01T04:53:30,0.954,0.046,0.948,0.9601,0.0121,1690.53
2024-01-01T04:54:00,0.9516,0.0484,0.9469,0.9562,0.0093,1780.6
2024-01-01T04:54:30,0.9515,0.0485,0.9457,0.9573,0.0116,1217.61
2024-01-01T04:55:00,0.9531,0.0469,0.9478,0.9584,0.0105,1142.15
2024-01-01T04:55:30,0.9534,0.0466,0.9514,0.9553,0.004,1462.02
2024-01-01T04:56:00,0.9504,0.0496,0.9433,0.9575,0.0142,1153.2
2024-01-01T04:56:30,0.9478,0.0522,0.9463,0.9493,0.003,1873.78
2024-01-01T04:57:00,0.9462,0.0538,0.9409,0.9516,0.0107,2182.19
2024-01-01T04:57:30,0.9473,0.0527,0.9456,0.9489,0.0032,2042.18
2024-01-01T04:58:00,0.9454,0.0546,0.9438,0.9469,0.0031,2118.56
2024-01-01T04:58:30,0.9482,0.0518,0.9459,0.9506,0.0047,2067.67
2024-01-01T04:59:00,0.9481,0.0519,0.9451,0.9511,0.006,2313.78
2024-01-01T04:59:30,0.9508,0.0492,0.9449,0.9567,0.0118,2318.01
2024-01-01T05:00:00,0.9526,0.0474,0.9503,0.9548,0.0045,1988.33
2024-01-01T05:00:30,0.9516,0.0484,0.9496,0.9536,0.004,1751.46
2024-01-01T05:01:00,0.9523,0.0477,0.9507,0.9539,0.0032,1749.32
2024-01-01T05:01:30,0.945,0.055,0.9375,0.9525,0.015,2378.96
2024-01-01T05:02:00,0.9504,0.0496,0.9433,0.9575,0.0141,1880.21
2024-01-01T05:02:30,0.95,0.05,0.9441,0.9559,0.0118,1302.07
2024-01-01T05:03:00,0.9502,0.0498,0.9483,0.9521,0.0038,1388.36
2024-01-01T05:03:30,0.9482,0.0518,0.9423,0.9541,0.0118,1793.72
2024-01-01T05:04:00,0.9485,0.0515,0.9462,0.9508,0.0047,1956.14
2024-01-01T05:04:30,0.9487,0.0513,0.9463,0.9511,0.0048,2436.84
2024-01-01T05:05:00,0.9455,0.0545,0.9389,0.9521,0.0132,2289.94
2024-01-01T05:05:30,0.9433,0.0567,0.9397,0.9468,0.0072,2136.12
2024-01-01T05:06:00,0.9453,0.0547,0.9424,0.9482,0.0057,1272.63
2024-01-01T05:06:30,0.9485,0.0515,0.9436,0.9534,0.0098,1472.2
2024-01-01T05:07:00,0.9497,0.0503,0.9432,0.9562,0.013,1677.96
2024-01-01T05:07:30,0.9534,0.0466,0.9515,0.9553,0.0038,1098.06
2024-01-01T05:08:00,0.945,0.055,0.9411,0.949,0.0079,1378.55
2024-01-01T05:08:30,0.9482,0.0518,0.9418,0.9546,0.0128,1723.43
2024-01-01T05:09:00,0.9535,0.0465,0.9511,0.9559,0.0047,2431.86
2024-01-01T05:09:30,0.9518,0.0482,0.9465,0.957,0.0105,1954.26
2024-01-01T05:10:00,0.9525,0.0475,0.9467,0.9582,0.0114,1267.08
2024-01-01T05:10:30,0.9512,0.0488,0.9461,0.9563,0.0102,2243.79
2024-01-01T05:11:00,0.9498,0.0502,0.9458,0.9537,0.0079,2512.88
2024-01-01T05:11:30,0.9524,0.0476,0.9476,0.9573,0.0097,1888.92
2024-01-01T05:12:00,0.9547,0.0453,0.9527,0.9567,0.0039,1995.38
2024-01-01T05:12:30,0.9508,0.0492,0.9443,0.9572,0.0129,1817.56
2024-01-01T05:13:00,0.9506,0.0494,0.9435,0.9578,0.0143,1290.07
2024-01-01T05:13:30,0.9477,0.0523,0.9441,0.9513,0.0072,1450.05
2024-01-01T05:14:00,0.9477,0.0523,0.9415,0.9538,0.0123,2132.71
2024-01-01T05:14:30,0.9479,0.0521,0.9441,0.9517,0.0077,1827.8
2024-01-01T05:15:00,0.9499,0.0501,0.9471,0.9526,0.0055,1597.22
2024-01-01T05:15:30,0.9479,0.0521,0.9445,0.9514,0.0069,1542.01
2024-01-01T05:16:00,0.9472,0.0528,0.945,0.9493,0.0043,2464.21
2024-01-01T05:16:30,0.9461,0.0539,0.939,0.9531,0.0141,2364.98
2024-01-01T05:17:00,0.9506,0.0494,0.9451,0.9562,0.0111,2173.21
2024-01-01T05:17:30,0.9486,0.0514,0.9435,0.9538,0.0103,2027.9
2024-01-01T05:18:00,0.9527,0.0473,0.9468,0.9586,0.0118,1411.6
2024-01-01T05:18:30,0.9563,0.0437,0.9547,0.9579,0.0032,2079.54
2024-01-01T05:19:00,0.9531,0.0469,0.9503,0.9558,0.0055,1132.1
2024-01-01T05:19:30,0.9494,0.0506,0.9475,0.9512,0.0037,1422.86
2024-01-01T05:20:00,0.953,0.047,0.9511,0.9549,0.0038,1920.28
2024-01-01T05:20:30,0.9493,0.0507,0.9467,0.9519,0.0053,2196.42
2024-01-01T05:21:00,0.9474,0.0526,0.9404,0.9544,0.014,1110.46
2024-01-01T05:21:30,0.9447,0.0553,0.9375,0.9518,0.0143,1276.17
2024-01-01T05:22:00,0.9446,0.0554,0.9394,0.9499,0.0104,2435.34
2024-01-01T05:22:30,0.9497,0.0503,0.9435,0.9558,0.0124,2279.39
2024-01-01T05:23:00,0.9501,0.0499,0.9476,0.9526,0.005,2484.37
2024-01-01T05:23:30,0.9464,0.0536,0.9417,0.9511,0.0094,1347.7
2024-01-01T05:24:00,0.9523,0.0477,0.9491,0.9556,0.0064,1490.43
2024-01-01T05:24:30,0.9493,0.0507,0.9475,0.9512,0.0038,1193.81
2024-01-01T05:25:00,0.9483,0.0517,0.9453,0.9514,0.0061,1472.5
2024-01-01T05:25:30,0.9501,0.0499,0.9431,0.9571,0.014,2294.98
2024-01-01T05:26:00,0.9481,0.0519,0.9439,0.9523,0.0084,2390.67
2024-01-01T05:26:30,0.9492,0.0508,0.9448,0.9536,0.0088,1421.15
2024-01-01T05:27:00,0.9481,0.0519,0.9407,0.9554,0.0148,1979.3
2024-01-01T05:27:30,0.9523,0.0477,0.9473,0.9574,0.0101,2300.81
2024-01-01T05:28:00,0.9514,0.0486,0.9496,0.9532,0.0036,1997.69
2024-01-01T05:28:30,0.9492,0.0508,0.9468,0.9516,0.0049,1421.69
2024-01-01T05:29:00,0.9536,0.0464,0.9497,0.9575,0.0078,1795.88
2024-01-01T05:29:30,0.9517,0.0483,0.9498,0.9536,0.0038,2200.01
2024-01-01T05:30:00,0.9472,0.0528,0.9456,0.9488,0.0031,1208.28
2024-01-01T05:30:30,0.9504,0.0496,0.9434,0.9575,0.0141,1891.13
2024-01-01T05:31:00,0.95,0.05,0.9433,0.9567,0.0133,1759.08
2024-01-01T05:31:30,0.9529,0.0471,0.9464,0.9593,0.0129,2183.11
2024-01-01T05:32:00,0.9495,0.0505,0.9473,0.9518,0.0046,1479.26
2024-01-01T05:32:30,0.9477,0.0523,0.9461,0.9494,0.0033,2523.61
2024-01-01T05:33:00,0.9487,0.0513,0.9415,0.9559,0.0144,1957.59
2024-01-01T05:33:30,0.9485,0.0515,0.9442,0.9529,0.0087,1358.61
2024-01-01T05:34:00,0.9489,0.0511,0.9443,0.9536,0.0093,2473.7
2024-01-01T05:34:30,0.9488,0.0512,0.9441,0.9535,0.0094,2148.29
2024-01-01T05:35:00,0.9496,0.0504,0.9442,0.9549,0.0106,1545.1
2024-01-01T05:35:30,0.9506,0.0494,0.9433,0.9579,0.0147,2385.66
2024-01-01T05:36:00,0.9534,0.0466,0.9515,0.9553,0.0038,2284.17
2024-01-01T05:36:30,0.9542,0.0458,0.9522,0.9561,0.0039,1624.37
2024-01-01T05:37:00,0.95,0.05,0.9447,0.9553,0.0106,1307.8
2024-01-01T05:37:30,0.9458,0.0542,0.9414,0.9502,0.0088,2441.77
2024-01-01T05:38:00,0.9481,0.0519,0.9423,0.954,0.0117,1244.57
2024-01-01T05:38:30,0.9472,0.0528,0.9414,0.9529,0.0115,1224.53
2024-01-01T05:39:00,0.9458,0.0542,0.9407,0.9508,0.0102,1347.56
2024-01-01T05:39:30,0.9466,0.0534,0.9407,0.9525,0.0117,1893.39
2024-01-01T05:40:00,0.9483,0.0517,0.9447,0.9518,0.0071,2377.22
2024-01-01T05:40:30,0.9486,0.0514,0.9471,0.9501,0.0031,1873.78
2024-01-01T05:41:00,0.9488,0.0512,0.9453,0.9523,0.007,2306.43
2024-01-01T05:41:30,0.9497,0.0503,0.9459,0.9535,0.0076,2019.32
2024-01-01T05:42:00,0.9557,0.0443,0.9493,0.9621,0.0128,1124.15
2024-01-01T05:42:30,0.9528,0.0472,0.9454,0.9601,0.0147,1653.75
2024-01-01T05:43:00,0.9494,0.0506,0.942,0.9567,0.0147,1594.02
2024-01-01T05:43:30,0.9475,0.0525,0.9439,0.9511,0.0072,1642.79
2024-01-01T05:44:00,0.9506,0.0494,0.9434,0.9579,0.0145,2299.69
2024-01-01T05:44:30,0.9506,0.0494,0.947,0.9543,0.0073,1770.05
2024-01-01T05:45:00,0.9467,0.0533,0.9428,0.9506,0.0078,2428.89
2024-01-01T05:45:30,0.9512,0.0488,0.9471,0.9552,0.0081,2301.29
2024-01-01T05:46:00,0.9463,0.0537,0.9422,0.9505,0.0083,1594.69
2024-01-01T05:46:30,0.9462,0.0538,0.9416,0.9508,0.0092,1435.21
2024-01-01T05:47:00,0.9502,0.0498,0.9479,0.9525,0.0046,1136.24
2024-01-01T05:47:30,0.9489,0.0511,0.9447,0.9531,0.0084,2279.69
2024-01-01T05:48:00,0.9504,0.0496,0.9464,0.9544,0.008,1448.49
2024-01-01T05:48:30,0.9533,0.0467,0.9486,0.9579,0.0093,2348.04
2024-01-01T05:49:00,0.9513,0.0487,0.9455,0.957,0.0115,1193.18
2024-01-01T05:49:30,0.9501,0.0499,0.9463,0.9538,0.0075,2168.08
2024-01-01T05:50:00,0.9497,0.0503,0.9477,0.9517,0.004,1624.84
2024-01-01T05:50:30,0.9506,0.0494,0.9442,0.957,0.0128,1430.56
2024-01-01T05:51:00,0.9522,0.0478,0.9463,0.958,0.0116,1217.61
2024-01-01T05:51:30,0.9508,0.0492,0.9491,0.9525,0.0034,2216.54
2024-01-01T05:52:00,0.9499,0.0501,0.9473,0.9525,0.0052,2318.09
2024-01-01T05:52:30,0.9504,0.0496,0.9476,0.9531,0.0054,1197.74
2024-01-01T05:53:00,0.9546,0.0454,0.9521,0.9571,0.005,1669.64
2024-01-01T05:53:30,0.9472,0.0528,0.9446,0.9497,0.005,1583.9
2024-01-01T05:54:00,0.9466,0.0534,0.9432,0.9501,0.0069,1267.83
2024-01-01T05:54:30,0.9483,0.0517,0.9423,0.9543,0.012,2149.09
2024-01-01T05:55:00,0.9462,0.0538,0.9445,0.948,0.0035,1280.49
2024-01-01T05:55:30,0.9468,0.0532,0.9397,0.9539,0.0142,1494.43
2024-01-01T05:56:00,0.9497,0.0503,0.9427,0.9567,0.014,1571.32
2024-01-01T05:56:30,0.9477,0.0523,0.9414,0.954,0.0126,2369.88
2024-01-01T05:57:00,0.9481,0.0519,0.946,0.9501,0.0041,1576.61
2024-01-01T05:57:30,0.9501,0.0499,0.9482,0.952,0.0038,1124.13
2024-01-01T05:58:00,0.9496,0.0504,0.948,0.9512,0.0031,2524.57
2024-01-01T05:58:30,0.951,0.049,0.9449,0.9571,0.0122,1931.57
2024-01-01T05:59:00,0.9523,0.0477,0.9485,0.9561,0.0076,1087.41
2024-01-01T05:59:30,0.9477,0.0523,0.9444,0.9509,0.0066,1547.27
2024-01-01T06:00:00,0.9489,0.0511,0.9432,0.9546,0.0114,1773.25
2024-01-01T06:00:30,0.9508,0.0492,0.9467,0.9549,0.0082,1269.99
2024-01-01T06:01:00,0.9501,0.0499,0.9476,0.9527,0.0051,1257.35
2024-01-01T06:01:30,0.9465,0.0535,0.9433,0.9497,0.0063,2275.19
2024-01-01T06:02:00,0.9459,0.0541,0.9433,0.9484,0.0051,2259.54
2024-01-01T06:02:30,0.9428,0.0572,0.9412,0.9444,0.0032,1528.52
2024-01-01T06:03:00,0.9449,0.0551,0.941,0.9487,0.0078,1922.63
2024-01-01T06:03:30,0.9464,0.0536,0.9447,0.948,0.0033,2011.77
2024-01-01T06:04:00,0.9474,0.0526,0.9445,0.9504,0.0058,1634.75
2024-01-01T06:04:30,0.948,0.052,0.9447,0.9513,0.0066,1865.33
2024-01-01T06:05:00,0.9516,0.0484,0.948,0.9552,0.0072,2055.59
2024-01-01T06:05:30,0.947,0.053,0.9408,0.9532,0.0124,1512.0
2024-01-01T06:06:00,0.9517,0.0483,0.9488,0.9546,0.0057,1685.42
2024-01-01T06:06:30,0.9511,0.0489,0.9483,0.9538,0.0054,2425.89
2024-01-01T06:07:00,0.9477,0.0523,0.9438,0.9516,0.0078,1679.88
2024-01-01T06:07:30,0.9495,0.0505,0.9433,0.9557,0.0124,2229.22
2024-01-01T06:08:00,0.9499,0.0501,0.9464,0.9533,0.007,1559.21
2024-01-01T06:08:30,0.9481,0.0519,0.9432,0.9529,0.0098,1112.7
2024-01-01T06:09:00,0.9498,0.0502,0.946,0.9536,0.0076,2291.91
2024-01-01T06:09:30,0.9476,0.0524,0.9461,0.9492,0.0031,2284.22
2024-01-01T06:10:00,0.9536,0.0464,0.9463,0.961,0.0147,2190.25
2024-01-01T06:10:30,0.9521,0.0479,0.9498,0.9545,0.0046,1699.8
2024-01-01T06:11:00,0.9539,0.0461,0.948,0.9599,0.0119,2209.99
2024-01-01T06:11:30,0.9484,0.0516,0.9441,0.9527,0.0086,1582.2
2024-01-01T06:12:00,0.9529,0.0471,0.9511,0.9547,0.0036,1929.16
2024-01-01T06:12:30,0.9486,0.0514,0.9436,0.9536,0.01,1119.6
2024-01-01T06:13:00,0.9493,0.0507,0.945,0.9536,0.0087,1875.06
2024-01-01T06:13:30,0.9541,0.0459,0.9522,0.956,0.0038,1390.5
2024-01-01T06:14:00,0.9552,0.0448,0.9499,0.9604,0.0105,1799.03
2024-01-01T06:14:30,0.954,0.046,0.9495,0.9586,0.0092,2342.26
2024-01-01T06:15:00,0.9513,0.0487,0.9458,0.9569,0.0111,1304.4
2024-01-01T06:15:30,0.9507,0.0493,0.9482,0.9532,0.005,1490.72
2024-01-01T06:16:00,0.9505,0.0495,0.9449,0.956,0.0111,2341.22
2024-01-01T06:16:30,0.9507,0.0493,0.945,0.9564,0.0114,1286.36
2024-01-01T06:17:00,0.9508,0.0492,0.9447,0.9569,0.0122,1969.9
2024-01-01T06:17:30,0.9487,0.0513,0.9437,0.9536,0.0099,1725.55
2024-01-01T06:18:00,0.9507,0.0493,0.9444,0.957,0.0126,1232.28
2024-01-01T06:18:30,0.9467,0.0533,0.9417,0.9517,0.01,1880.23
2024-01-01T06:19:00,0.9531,0.0469,0.9473,0.9588,0.0115,1876.14
2024-01-01T06:19:30,0.9454,0.0546,0.9392,0.9516,0.0124,2177.87
2024-01-01T06:20:00,0.9506,0.0494,0.9451,0.9562,0.0111,1596.82
2024-01-01T06:20:30,0.9504,0.0496,0.9484,0.9525,0.0041,1650.32
2024-01-01T06:21:00,0.9522,0.0478,0.949,0.9555,0.0065,2254.59
2024-01-01T06:21:30,0.9495,0.0505,0.947,0.9521,0.0052,2022.53
2024-01-01T06:22:00,0.9519,0.0481,0.9456,0.9582,0.0126,1109.42
2024-01-01T06:22:30,0.9518,0.0482,0.9472,0.9565,0.0093,1265.36
2024-01-01T06:23:00,0.9503,0.0497,0.9459,0.9547,0.0088,2153.62
2024-01-01T06:23:30,0.9506,0.0494,0.9473,0.9539,0.0065,2111.16
2024-01-01T06:24:00,0.9504,0.0496,0.9481,0.9526,0.0045,2018.64
2024-01-01T06:24:30,0.9488,0.0512,0.9449,0.9527,0.0078,1108.05
2024-01-01T06:25:00,0.952,0.048,0.9464,0.9575,0.0112,1418.51
2024-01-01T06:25:30,0.9517,0.0483,0.9448,0.9586,0.0139,2216.48
2024-01-01T06:26:00,0.949,0.051,0.9427,0.9553,0.0126,1518.93
2024-01-01T06:26:30,0.9498,0.0502,0.943,0.9566,0.0136,1411.91
2024-01-01T06:27:00,0.954,0.046,0.9493,0.9588,0.0095,1594.67
2024-01-01T06:27:30,0.954,0.046,0.9503,0.9576,0.0073,2253.02
2024-01-01T06:28:00,0.9511,0.0489,0.9437,0.9586,0.0148,2401.9
2024-01-01T06:28:30,0.9478,0.0522,0.9412,0.9544,0.0132,1109.37
2024-01-01T06:29:00,0.9441,0.0559,0.94,0.9482,0.0082,1624.54
2024-01-01T06:29:30,0.9416,0.0584,0.9398,0.9435,0.0038,1900.68
2024-01-01T06:30:00,0.9448,0.0552,0.9415,0.9482,0.0068,2230.13
2024-01-01T06:30:30,0.9428,0.0572,0.9358,0.9499,0.0141,1961.45
2024-01-01T06:31:00,0.946,0.054,0.9391,0.953,0.0139,1349.44
2024-01-01T06:31:30,0.9457,0.0543,0.9425,0.9488,0.0063,1183.91
2024-01-01T06:32:00,0.9482,0.0518,0.9467,0.9498,0.0031,1742.32
2024-01-01T06:32:30,0.9448,0.0552,0.9417,0.9478,0.0061,1486.74
2024-01-01T06:33:00,0.9481,0.0519,0.9416,0.9545,0.0129,1259.83
2024-01-01T06:33:30,0.9475,0.0525,0.9415,0.9534,0.0118,1271.14
2024-01-01T06:34:00,0.9501,0.0499,0.946,0.9541,0.0081,2252.39
2024-01-01T06:34:30,0.9501,0.0499,0.9455,0.9546,0.0091,1474.61
2024-01-01T06:35:00,0.9506,0.0494,0.946,0.9552,0.0092,2131.79
2024-01-01T06:35:30,0.9516,0.0484,0.9482,0.9551,0.0069,1620.92
2024-01-01T06:36:00,0.9507,0.0493,0.9481,0.9533,0.0052,1552.27
2024-01-01T06:36:30,0.9528,0.0472,0.9503,0.9553,0.005,1285.98
2024-01-01T06:37:00,0.9492,0.0508,0.9429,0.9555,0.0127,1526.64
2024-01-01T06:37:30,0.9518,0.0482,0.9466,0.957,0.0104,2405.33
2024-01-01T06:38:00,0.9514,0.0486,0.9486,0.9542,0.0055,1348.94
2024-01-01T06:38:30,0.9514,0.0486,0.9465,0.9563,0.0098,1669.83
2024-01-01T06:39:00,0.9522,0.0478,0.9488,0.9557,0.0069,2210.33
2024-01-01T06:39:30,0.9468,0.0532,0.9399,0.9537,0.0138,2375.89
2024-01-01T06:40:00,0.9479,0.0521,0.9435,0.9524,0.0089,2198.56
2024-01-01T06:40:30,0.9515,0.0485,0.9481,0.9548,0.0067,1238.12
2024-01-01T06:41:00,0.9478,0.0522,0.9427,0.9529,0.0101,1394.21
2024-01-01T06:41:30,0.9486,0.0514,0.9427,0.9545,0.0119,1233.37
2024-01-01T06:42:00,0.9514,0.0486,0.9484,0.9544,0.006,1786.04
2024-01-01T06:42:30,0.949,0.051,0.9453,0.9526,0.0073,1544.18
2024-01-01T06:43:00,0.946,0.054,0.9434,0.9486,0.0053,1442.0
2024-01-01T06:43:30,0.9475,0.0525,0.9437,0.9514,0.0077,2371.68
2024-01-01T06:44:00,0.9504,0.0496,0.9488,0.9521,0.0033,2006.05
2024-01-01T06:44:30,0.9471,0.0529,0.9446,0.9495,0.0048,2148.23
2024-01-01T06:45:00,0.9558,0.0442,0.9507,0.9609,0.0102,2338.16
2024-01-01T06:45:30,0.9496,0.0504,0.948,0.9511,0.0031,1239.25
2024-01-01T06:46:00,0.9484,0.0516,0.9431,0.9538,0.0107,2197.2
2024-01-01T06:46:30,0.9504,0.0496,0.9447,0.956,0.0112,1315.33
2024-01-01T06:47:00,0.9485,0.0515,0.9462,0.9507,0.0044,2452.39
2024-01-01T06:47:30,0.9449,0.0551,0.942,0.9479,0.0059,2606.73
2024-01-01T06:48:00,0.9481,0.0519,0.9458,0.9504,0.0046,2372.32
2024-01-01T06:48:30,0.9458,0.0542,0.9417,0.9499,0.0082,2258.11
2024-01-01T06:49:00,0.9462,0.0538,0.9443,0.9481,0.0039,2409.97
2024-01-01T06:49:30,0.9444,0.0556,0.9419,0.9468,0.0048,1976.15
2024-01-01T06:50:00,0.9451,0.0549,0.9431,0.9471,0.004,2175.53
2024-01-01T06:50:30,0.9505,0.0495,0.9439,0.957,0.013,1712.41
2024-01-01T06:51:00,0.9475,0.0525,0.945,0.95,0.0051,2166.91
2024-01-01T06:51:30,0.9501,0.0499,0.9454,0.9549,0.0095,1438.11
2024-01-01T06:52:00,0.9454,0.0546,0.9426,0.9481,0.0056,1545.08
2024-01-01T06:52:30,0.9479,0.0521,0.9418,0.9539,0.0121,1711.51
2024-01-01T06:53:00,0.95,0.05,0.9438,0.9561,0.0124,1264.0
2024-01-01T06:53:30,0.9489,0.0511,0.9443,0.9535,0.0092,1686.26
2024-01-01T06:54:00,0.9538,0.0462,0.9494,0.9581,0.0087,1281.16
2024-01-01T06:54:30,0.9526,0.0474,0.9503,0.9548,0.0045,1097.66
2024-01-01T06:55:00,0.9516,0.0484,0.9487,0.9544,0.0056,1779.82
2024-01-01T06:55:30,0.9505,0.0495,0.9434,0.9576,0.0142,1289.17
2024-01-01T06:56:00,0.9518,0.0482,0.9462,0.9574,0.0112,1326.29
2024-01-01T06:56:30,0.9487,0.0513,0.9456,0.9517,0.0061,1192.02
2024-01-01T06:57:00,0.9536,0.0464,0.9506,0.9566,0.006,1415.41
2024-01-01T06:57:30,0.9536,0.0464,0.9489,0.9584,0.0095,2020.76
2024-01-01T06:58:00,0.9527,0.0473,0.9498,0.9557,0.0059,1237.26
2024-01-01T06:58:30,0.9548,0.0452,0.9512,0.9584,0.0071,1052.58
2024-01-01T06:59:00,0.9548,0.0452,0.9492,0.9604,0.0113,1523.0
2024-01-01T06:59:30,0.9536,0.0464,0.9481,0.9591,0.0111,1928.65
2024-01-01T07:00:00,0.9512,0.0488,0.9489,0.9535,0.0046,2380.2
2024-01-01T07:00:30,0.9506,0.0494,0.9478,0.9533,0.0055,1603.2
2024-01-01T07:01:00,0.9525,0.0475,0.9451,0.9599,0.0147,1840.8
2024-01-01T07:01:30,0.9543,0.0457,0.9499,0.9587,0.0087,1767.16
2024-01-01T07:02:00,0.9497,0.0503,0.9425,0.957,0.0145,1977.4
2024-01-01T07:02:30,0.9517,0.0483,0.9452,0.9582,0.0129,1452.23
2024-01-01T07:03:00,0.9455,0.0545,0.9413,0.9498,0.0084,1544.33
2024-01-01T07:03:30,0.9452,0.0548,0.9428,0.9476,0.0048,1556.47
2024-01-01T07:04:00,0.9496,0.0504,0.9465,0.9528,0.0063,1196.13
2024-01-01T07:04:30,0.949,0.051,0.9464,0.9516,0.0053,1267.39
2024-01-01T07:05:00,0.9532,0.0468,0.9507,0.9557,0.005,1217.18
2024-01-01T07:05:30,0.9509,0.0491,0.9476,0.9542,0.0066,1614.54
2024-01-01T07:06:00,0.9505,0.0495,0.9433,0.9577,0.0144,1365.5
2024-01-01T07:06:30,0.9481,0.0519,0.9438,0.9524,0.0085,2211.76
2024-01-01T07:07:00,0.9462,0.0538,0.9401,0.9523,0.0122,2262.35
2024-01-01T07:07:30,0.9464,0.0536,0.9413,0.9515,0.0102,2281.55
2024-01-01T07:08:00,0.9431,0.0569,0.9386,0.9476,0.0089,1158.73
2024-01-01T07:08:30,0.9435,0.0565,0.9404,0.9466,0.0062,1961.41
2024-01-01T07:09:00,0.939,0.061,0.934,0.944,0.01,2346.25
2024-01-01T07:09:30,0.9399,0.0601,0.9379,0.9419,0.004,2237.97
2024-01-01T07:10:00,0.9395,0.0605,0.9344,0.9445,0.0101,1983.53
2024-01-01T07:10:30,0.9385,0.0615,0.9368,0.9403,0.0035,2285.02
2024-01-01T07:11:00,0.9362,0.0638,0.9305,0.9419,0.0114,1971.24
2024-01-01T07:11:30,0.9342,0.0658,0.929,0.9393,0.0103,1280.64
2024-01-01T07:12:00,0.9322,0.0678,0.9306,0.9339,0.0033,2298.93
2024-01-01T07:12:30,0.9246,0.0754,0.9196,0.9296,0.01,1624.56
2024-01-01T07:13:00,0.9251,0.0749,0.9199,0.9302,0.0103,1704.31
2024-01-01T07:13:30,0.923,0.077,0.9198,0.9262,0.0064,2105.9
2024-01-01T07:14:00,0.9211,0.0789,0.9173,0.9249,0.0076,3068.02
2024-01-01T07:14:30,0.9225,0.0775,0.9156,0.9295,0.0139,2717.0
2024-01-01T07:15:00,0.9215,0.0785,0.9145,0.9284,0.0139,2090.81
2024-01-01T07:15:30,0.9207,0.0793,0.918,0.9233,0.0053,3066.42
2024-01-01T07:16:00,0.9168,0.0832,0.9113,0.9224,0.0111,2393.38
2024-01-01T07:16:30,0.9146,0.0854,0.9105,0.9187,0.0082,1980.4
2024-01-01T07:17:00,0.915,0.085,0.9085,0.9216,0.0131,2145.23
2024-01-01T07:17:30,0.9108,0.0892,0.908,0.9136,0.0056,1489.63
2024-01-01T07:18:00,0.9057,0.0943,0.9023,0.9091,0.0067,3427.86
2024-01-01T07:18:30,0.9093,0.0907,0.9059,0.9128,0.0068,2347.8
2024-01-01T07:19:00,0.9065,0.0935,0.9016,0.9115,0.0099,1788.88
2024-01-01T07:19:30,0.9041,0.0959,0.8977,0.9105,0.0129,3042.72
2024-01-01T07:20:00,0.9008,0.0992,0.8945,0.907,0.0125,2423.7
2024-01-01T07:20:30,0.8972,0.1028,0.8924,0.9021,0.0097,2125.78
2024-01-01T07:21:00,0.8957,0.1043,0.8881,0.9033,0.0152,1955.28
2024-01-01T07:21:30,0.8935,0.1065,0.8888,0.8982,0.0094,2455.31
2024-01-01T07:22:00,0.8944,0.1056,0.8916,0.8972,0.0057,3596.95
2024-01-01T07:22:30,0.8924,0.1076,0.889,0.8958,0.0068,2185.48
2024-01-01T07:23:00,0.8925,0.1075,0.8877,0.8972,0.0094,3608.55
2024-01-01T07:23:30,0.886,0.114,0.8836,0.8885,0.0049,2016.54
2024-01-01T07:24:00,0.8871,0.1129,0.8793,0.8949,0.0156,3591.99
2024-01-01T07:24:30,0.8884,0.1116,0.885,0.8918,0.0068,2908.77
2024-01-01T07:25:00,0.8852,0.1148,0.8798,0.8907,0.0109,1950.65
2024-01-01T07:25:30,0.8796,0.1204,0.8759,0.8833,0.0073,4089.78
2024-01-01T07:26:00,0.8791,0.1209,0.8773,0.8808,0.0035,3511.92
2024-01-01T07:26:30,0.8798,0.1202,0.8752,0.8844,0.0092,2825.26
2024-01-01T07:27:00,0.8712,0.1288,0.8631,0.8792,0.0161,3220.81
2024-01-01T07:27:30,0.8735,0.1265,0.8661,0.8809,0.0148,1848.08
2024-01-01T07:28:00,0.8745,0.1255,0.8688,0.8802,0.0115,2276.56
2024-01-01T07:28:30,0.8729,0.1271,0.8659,0.8799,0.014,2615.34
2024-01-01T07:29:00,0.8723,0.1277,0.8668,0.8778,0.011,3431.04
2024-01-01T07:29:30,0.8641,0.1359,0.8621,0.8662,0.004,4292.12
2024-01-01T07:30:00,0.8669,0.1331,0.8647,0.8692,0.0044,2898.2
2024-01-01T07:30:30,0.8645,0.1355,0.8566,0.8723,0.0157,3231.05
2024-01-01T07:31:00,0.8649,0.1351,0.8576,0.8723,0.0148,2694.16
2024-01-01T07:31:30,0.8604,0.1396,0.857,0.8638,0.0068,2094.42
2024-01-01T07:32:00,0.8597,0.1403,0.8547,0.8646,0.0099,3032.3
2024-01-01T07:32:30,0.8592,0.1408,0.8556,0.8629,0.0073,2177.44
2024-01-01T07:33:00,0.859,0.141,0.851,0.8669,0.0159,4290.21
2024-01-01T07:33:30,0.8592,0.1408,0.8522,0.8662,0.0139,3450.44
2024-01-01T07:34:00,0.8557,0.1443,0.8519,0.8595,0.0075,2206.56
2024-01-01T07:34:30,0.8549,0.1451,0.8511,0.8586,0.0075,3796.49
2024-01-01T07:35:00,0.8533,0.1467,0.8468,0.8598,0.0129,4415.96
2024-01-01T07:35:30,0.8485,0.1515,0.8402,0.8568,0.0166,4086.58
2024-01-01T07:36:00,0.8483,0.1517,0.8436,0.8531,0.0095,2627.49
2024-01-01T07:36:30,0.8488,0.1512,0.8444,0.8532,0.0088,2694.72
2024-01-01T07:37:00,0.8485,0.1515,0.8466,0.8504,0.0038,3057.94
2024-01-01T07:37:30,0.8482,0.1518,0.8401,0.8563,0.0162,3331.35
2024-01-01T07:38:00,0.8434,0.1566,0.8381,0.8486,0.0105,2966.94
2024-01-01T07:38:30,0.8447,0.1553,0.8427,0.8467,0.004,2351.62
2024-01-01T07:39:00,0.8391,0.1609,0.8324,0.8459,0.0134,3505.08
2024-01-01T07:39:30,0.8377,0.1623,0.8349,0.8405,0.0056,2893.64
2024-01-01T07:40:00,0.833,0.167,0.8245,0.8416,0.017,2389.82
2024-01-01T07:40:30,0.8322,0.1678,0.8284,0.836,0.0075,5033.16
2024-01-01T07:41:00,0.8324,0.1676,0.826,0.8387,0.0127,3884.97
2024-01-01T07:41:30,0.8257,0.1743,0.817,0.8345,0.0175,4357.65
2024-01-01T07:42:00,0.8236,0.1764,0.8216,0.8256,0.004,4143.43
2024-01-01T07:42:30,0.8252,0.1748,0.821,0.8294,0.0084,2905.57
2024-01-01T07:43:00,0.8235,0.1765,0.8164,0.8306,0.0142,4079.26
2024-01-01T07:43:30,0.8204,0.1796,0.8122,0.8286,0.0164,3981.44
2024-01-01T07:44:00,0.8224,0.1776,0.8187,0.8262,0.0075,2314.96
2024-01-01T07:44:30,0.821,0.179,0.8172,0.8248,0.0075,4034.33
2024-01-01T07:45:00,0.8169,0.1831,0.8087,0.8251,0.0164,2671.86
2024-01-01T07:45:30,0.8168,0.1832,0.8085,0.8251,0.0166,5120.99
2024-01-01T07:46:00,0.8156,0.1844,0.8076,0.8236,0.016,2525.17
2024-01-01T07:46:30,0.8162,0.1838,0.8081,0.8244,0.0163,2635.25
2024-01-01T07:47:00,0.8112,0.1888,0.8055,0.817,0.0115,2499.38
2024-01-01T07:47:30,0.809,0.191,0.8021,0.8159,0.0138,2964.3
2024-01-01T07:48:00,0.8108,0.1892,0.8059,0.8156,0.0097,3574.66
2024-01-01T07:48:30,0.809,0.191,0.8009,0.817,0.0161,4197.97
2024-01-01T07:49:00,0.8054,0.1946,0.7987,0.8122,0.0135,2822.3
2024-01-01T07:49:30,0.8026,0.1974,0.7967,0.8085,0.0118,5656.13
2024-01-01T07:50:00,0.8026,0.1974,0.7952,0.8101,0.015,4433.35
2024-01-01T07:50:30,0.8005,0.1995,0.7942,0.8068,0.0126,5240.62
2024-01-01T07:51:00,0.7996,0.2004,0.7939,0.8053,0.0115,3224.8
2024-01-01T07:51:30,0.7958,0.2042,0.7877,0.8039,0.0162,5664.32
2024-01-01T07:52:00,0.793,0.207,0.7898,0.7963,0.0066,3539.96
2024-01-01T07:52:30,0.7952,0.2048,0.7919,0.7985,0.0067,5206.31
2024-01-01T07:53:00,0.7928,0.2072,0.7905,0.7951,0.0045,3149.4
2024-01-01T07:53:30,0.7926,0.2074,0.7892,0.7959,0.0068,3473.69
2024-01-01T07:54:00,0.7918,0.2082,0.7854,0.7982,0.0128,3120.29
2024-01-01T07:54:30,0.7841,0.2159,0.7751,0.7931,0.018,3725.58
2024-01-01T07:55:00,0.6871,0.3129,0.6813,0.6929,0.0116,5435.24
2024-01-01T07:55:30,0.6804,0.3196,0.6736,0.6873,0.0138,7735.38
2024-01-01T07:56:00,0.6811,0.3189,0.6786,0.6837,0.0051,6306.41
2024-01-01T07:56:30,0.6769,0.3231,0.6731,0.6807,0.0076,4677.16
2024-01-01T07:57:00,0.6715,0.3285,0.6654,0.6775,0.0122,4476.96
2024-01-01T07:57:30,0.6693,0.3307,0.664,0.6745,0.0105,6750.36
2024-01-01T07:58:00,0.6657,0.3343,0.6565,0.675,0.0185,7663.92
2024-01-01T07:58:30,0.6624,0.3376,0.6521,0.6727,0.0206,4823.83
2024-01-01T07:59:00,0.6643,0.3357,0.6595,0.6692,0.0097,4017.38
2024-01-01T07:59:30,0.6598,0.3402,0.6517,0.6679,0.0161,8681.58
2024-01-01T08:00:00,0.6567,0.3433,0.6476,0.6658,0.0181,3976.63
2024-01-01T08:00:30,0.659,0.341,0.6563,0.6617,0.0054,8567.62
2024-01-01T08:01:00,0.6524,0.3476,0.6445,0.6603,0.0158,3939.82
2024-01-01T08:01:30,0.6531,0.3469,0.6457,0.6604,0.0147,8092.55
2024-01-01T08:02:00,0.6518,0.3482,0.6459,0.6577,0.0119,5117.64
2024-01-01T08:02:30,0.6518,0.3482,0.6453,0.6583,0.0129,7468.37
2024-01-01T08:03:00,0.6484,0.3516,0.6386,0.6582,0.0196,8547.63
2024-01-01T08:03:30,0.6426,0.3574,0.6378,0.6474,0.0096,5104.97
2024-01-01T08:04:00,0.6405,0.3595,0.6371,0.6439,0.0068,7993.46
2024-01-01T08:04:30,0.6413,0.3587,0.6358,0.6468,0.011,4297.46
2024-01-01T08:05:00,0.6387,0.3613,0.6354,0.6421,0.0066,6010.66
2024-01-01T08:05:30,0.6361,0.3639,0.6295,0.6426,0.0131,5496.45
2024-01-01T08:06:00,0.636,0.364,0.6274,0.6446,0.0171,6845.58
2024-01-01T08:06:30,0.6374,0.3626,0.6294,0.6453,0.0159,6870.2
2024-01-01T08:07:00,0.6322,0.3678,0.6296,0.6349,0.0053,6318.2
2024-01-01T08:07:30,0.631,0.369,0.6233,0.6387,0.0154,6558.79
2024-01-01T08:08:00,0.634,0.366,0.6257,0.6423,0.0166,4881.2
2024-01-01T08:08:30,0.6316,0.3684,0.629,0.6341,0.005,9101.14
2024-01-01T08:09:00,0.6287,0.3713,0.6206,0.6369,0.0163,8824.33
2024-01-01T08:09:30,0.6261,0.3739,0.6185,0.6336,0.0152,5097.21
2024-01-01T08:10:00,0.6217,0.3783,0.611,0.6323,0.0213,8397.47
2024-01-01T08:10:30,0.6238,0.3762,0.6189,0.6286,0.0097,9100.8
2024-01-01T08:11:00,0.6251,0.3749,0.6153,0.6349,0.0196,6970.62
2024-01-01T08:11:30,0.6202,0.3798,0.6162,0.6242,0.008,8500.72
2024-01-01T08:12:00,0.6158,0.3842,0.605,0.6266,0.0216,6009.47
2024-01-01T08:12:30,0.612,0.388,0.6092,0.6149,0.0056,8189.49
2024-01-01T08:13:00,0.6132,0.3868,0.6084,0.6179,0.0095,9329.41
2024-01-01T08:13:30,0.6151,0.3849,0.6077,0.6225,0.0147,5101.03
2024-01-01T08:14:00,0.6116,0.3884,0.6068,0.6164,0.0096,8303.34
2024-01-01T08:14:30,0.6117,0.3883,0.6022,0.6213,0.0191,5076.74
2024-01-01T08:15:00,0.6077,0.3923,0.6047,0.6107,0.006,6667.62
2024-01-01T08:15:30,0.6067,0.3933,0.604,0.6093,0.0053,4591.14
2024-01-01T08:16:00,0.6042,0.3958,0.6009,0.6075,0.0065,10166.71
2024-01-01T08:16:30,0.6032,0.3968,0.596,0.6105,0.0145,9376.77
2024-01-01T08:17:00,0.6022,0.3978,0.5939,0.6105,0.0165,8976.88
2024-01-01T08:17:30,0.5982,0.4018,0.5947,0.6016,0.0069,9311.36
2024-01-01T08:18:00,0.5955,0.4045,0.5857,0.6053,0.0196,9778.37
2024-01-01T08:18:30,0.5906,0.4094,0.5871,0.5942,0.0071,4592.7
2024-01-01T08:19:00,0.5911,0.4089,0.5827,0.5995,0.0168,8613.78
2024-01-01T08:19:30,0.5894,0.4106,0.5856,0.5931,0.0075,5845.91
2024-01-01T08:20:00,0.5901,0.4099,0.5868,0.5934,0.0067,8877.28
2024-01-01T08:20:30,0.5862,0.4138,0.5834,0.589,0.0056,9575.53
2024-01-01T08:21:00,0.5854,0.4146,0.5801,0.5907,0.0106,7615.71
2024-01-01T08:21:30,0.5846,0.4154,0.5754,0.5937,0.0182,6926.41
2024-01-01T08:22:00,0.5828,0.4172,0.58,0.5857,0.0057,9548.48
2024-01-01T08:22:30,0.5763,0.4237,0.5739,0.5787,0.0048,7997.9
2024-01-01T08:23:00,0.5797,0.4203,0.5767,0.5828,0.0061,9609.83
2024-01-01T08:23:30,0.5771,0.4229,0.5738,0.5805,0.0067,9604.87
2024-01-01T08:24:00,0.5764,0.4236,0.5664,0.5865,0.0201,10652.75
2024-01-01T08:24:30,0.5736,0.4264,0.5631,0.5841,0.021,5412.87
2024-01-01T08:25:00,0.5699,0.4301,0.5596,0.5803,0.0206,10881.42
2024-01-01T08:25:30,0.5719,0.4281,0.5693,0.5744,0.0051,8232.18
2024-01-01T08:26:00,0.5696,0.4304,0.5662,0.5729,0.0067,10254.53
2024-01-01T08:26:30,0.5686,0.4314,0.5582,0.579,0.0209,8705.14
2024-01-01T08:27:00,0.5669,0.4331,0.5592,0.5746,0.0154,5667.34
2024-01-01T08:27:30,0.5669,0.4331,0.5601,0.5738,0.0138,10264.79
2024-01-01T08:28:00,0.5611,0.4389,0.5566,0.5657,0.0092,10135.26
2024-01-01T08:28:30,0.5603,0.4397,0.5492,0.5714,0.0222,11137.94
2024-01-01T08:29:00,0.558,0.442,0.5487,0.5673,0.0186,6214.83
2024-01-01T08:29:30,0.5559,0.4441,0.5511,0.5607,0.0096,10673.07
2024-01-01T08:30:00,0.5536,0.4464,0.5463,0.561,0.0147,8676.02
2024-01-01T08:30:30,0.5523,0.4477,0.544,0.5605,0.0165,8758.52
2024-01-01T08:31:00,0.5547,0.4453,0.5431,0.5664,0.0234,9347.54
2024-01-01T08:31:30,0.5517,0.4483,0.5476,0.5559,0.0083,7450.49
2024-01-01T08:32:00,0.5469,0.4531,0.5373,0.5565,0.0193,11359.96
2024-01-01T08:32:30,0.5478,0.4522,0.5425,0.5532,0.0108,7971.93
2024-01-01T08:33:00,0.5458,0.4542,0.5389,0.5527,0.0138,9550.52
2024-01-01T08:33:30,0.5474,0.4526,0.5368,0.558,0.0212,6004.9
2024-01-01T08:34:00,0.5407,0.4593,0.5345,0.5469,0.0124,5253.02
2024-01-01T08:34:30,0.5405,0.4595,0.5336,0.5473,0.0136,8226.37
2024-01-01T08:35:00,0.5338,0.4662,0.5244,0.5433,0.0189,9419.52
2024-01-01T08:35:30,0.5345,0.4655,0.532,0.5369,0.0049,7757.5
2024-01-01T08:36:00,0.5337,0.4663,0.5294,0.5379,0.0085,5739.93
2024-01-01T08:36:30,0.5311,0.4689,0.5251,0.537,0.012,5294.52
2024-01-01T08:37:00,0.5304,0.4696,0.5273,0.5334,0.0061,9724.65
2024-01-01T08:37:30,0.5327,0.4673,0.5223,0.5431,0.0209,8665.46
2024-01-01T08:38:00,0.5264,0.4736,0.5235,0.5293,0.0058,7013.7
2024-01-01T08:38:30,0.5262,0.4738,0.517,0.5354,0.0185,11953.21
2024-01-01T08:39:00,0.5285,0.4715,0.5248,0.5322,0.0074,9520.8
2024-01-01T08:39:30,0.5234,0.4766,0.5124,0.5343,0.022,7640.44
2024-01-01T08:40:00,0.5194,0.4806,0.5158,0.5229,0.0072,5362.94
2024-01-01T08:40:30,0.5171,0.4829,0.5123,0.5219,0.0096,10244.49
2024-01-01T08:41:00,0.5166,0.4834,0.5097,0.5236,0.0139,10871.64
2024-01-01T08:41:30,0.5149,0.4851,0.5046,0.5252,0.0205,11876.36
2024-01-01T08:42:00,0.5081,0.4919,0.5055,0.5108,0.0053,10426.27
2024-01-01T08:42:30,0.5102,0.4898,0.5066,0.5139,0.0073,7854.55
2024-01-01T08:43:00,0.509,0.491,0.5041,0.5139,0.0098,6151.43
2024-01-01T08:43:30,0.5077,0.4923,0.4994,0.5161,0.0168,7791.83
2024-01-01T08:44:00,0.5062,0.4938,0.4952,0.5172,0.022,6250.01
2024-01-01T08:44:30,0.5044,0.4956,0.4943,0.5145,0.0202,9194.18
2024-01-01T08:45:00,0.5048,0.4952,0.4925,0.5172,0.0247,7320.77
2024-01-01T08:45:30,0.5007,0.4993,0.4902,0.5111,0.0209,8961.74
2024-01-01T08:46:00,0.4968,0.5032,0.4845,0.5091,0.0246,7596.83
2024-01-01T08:46:30,0.4995,0.5005,0.4924,0.5066,0.0142,11501.85
2024-01-01T08:47:00,0.4952,0.5048,0.4856,0.5048,0.0192,8618.94
2024-01-01T08:47:30,0.4956,0.5044,0.4876,0.5036,0.016,7795.55
2024-01-01T08:48:00,0.4947,0.5053,0.4858,0.5036,0.0178,9473.63
2024-01-01T08:48:30,0.4936,0.5064,0.4844,0.5029,0.0185,11915.57
2024-01-01T08:49:00,0.4905,0.5095,0.4784,0.5027,0.0243,7448.27
2024-01-01T08:49:30,0.4881,0.5119,0.477,0.4992,0.0222,8315.72
2024-01-01T08:50:00,0.4852,0.5148,0.4815,0.4889,0.0073,7788.13
2024-01-01T08:50:30,0.4844,0.5156,0.4805,0.4884,0.008,8052.28
2024-01-01T08:51:00,0.4826,0.5174,0.4779,0.4874,0.0095,8580.15
2024-01-01T08:51:30,0.4802,0.5198,0.4772,0.4833,0.006,9679.37
2024-01-01T08:52:00,0.4785,0.5215,0.475,0.4819,0.0069,10965.28
2024-01-01T08:52:30,0.4813,0.5187,0.4713,0.4913,0.02,9380.92
2024-01-01T08:53:00,0.4751,0.5249,0.4676,0.4826,0.0149,10361.27
2024-01-01T08:53:30,0.4773,0.5227,0.4746,0.4799,0.0053,10484.59
2024-01-01T08:54:00,0.4751,0.5249,0.4643,0.486,0.0217,11782.7
2024-01-01T08:54:30,0.478,0.522,0.4683,0.4878,0.0195,8506.12
2024-01-01T08:55:00,0.4758,0.5242,0.4639,0.4878,0.024,6644.15
2024-01-01T08:55:30,0.475,0.525,0.4643,0.4857,0.0215,10954.6
2024-01-01T08:56:00,0.4747,0.5253,0.4702,0.4791,0.0089,6450.25
2024-01-01T08:56:30,0.4721,0.5279,0.4669,0.4774,0.0105,10470.51
2024-01-01T08:57:00,0.4739,0.5261,0.4617,0.486,0.0244,9819.17
2024-01-01T08:57:30,0.473,0.527,0.4699,0.4762,0.0063,10657.36
2024-01-01T08:58:00,0.4737,0.5263,0.4616,0.4858,0.0243,9290.24
2024-01-01T08:58:30,0.4754,0.5246,0.4712,0.4796,0.0085,10792.09
2024-01-01T08:59:00,0.478,0.522,0.475,0.4811,0.0061,6975.36
2024-01-01T08:59:30,0.4747,0.5253,0.4667,0.4828,0.0161,5591.25
2024-01-01T09:00:00,0.4777,0.5223,0.4655,0.4899,0.0244,6072.58
2024-01-01T09:00:30,0.4746,0.5254,0.469,0.4803,0.0113,11476.85
2024-01-01T09:01:00,0.475,0.525,0.4718,0.4782,0.0064,7366.44
2024-01-01T09:01:30,0.4733,0.5267,0.4689,0.4778,0.0089,9621.12
2024-01-01T09:02:00,0.4736,0.5264,0.4644,0.4828,0.0185,11768.57
2024-01-01T09:02:30,0.4726,0.5274,0.4667,0.4784,0.0118,8401.45
2024-01-01T09:03:00,0.4736,0.5264,0.4619,0.4852,0.0233,11511.32
2024-01-01T09:03:30,0.4721,0.5279,0.4677,0.4765,0.0087,9828.22
2024-01-01T09:04:00,0.4726,0.5274,0.4616,0.4837,0.0222,8735.13
2024-01-01T09:04:30,0.4722,0.5278,0.4639,0.4805,0.0166,9076.27
2024-01-01T09:05:00,0.4761,0.5239,0.4663,0.4859,0.0196,5175.68
2024-01-01T09:05:30,0.4725,0.5275,0.4687,0.4762,0.0075,9053.79
2024-01-01T09:06:00,0.4747,0.5253,0.4706,0.4789,0.0083,5694.89
2024-01-01T09:06:30,0.4756,0.5244,0.4659,0.4852,0.0193,8427.06
2024-01-01T09:07:00,0.4756,0.5244,0.4714,0.4798,0.0084,7207.71
2024-01-01T09:07:30,0.477,0.523,0.4658,0.4882,0.0224,11127.36
2024-01-01T09:08:00,0.4772,0.5228,0.4654,0.4891,0.0237,6381.39
2024-01-01T09:08:30,0.4754,0.5246,0.4633,0.4876,0.0243,7427.3
2024-01-01T09:09:00,0.4773,0.5227,0.4727,0.4819,0.0092,9723.48
2024-01-01T09:09:30,0.4795,0.5205,0.4701,0.489,0.0189,10717.36
2024-01-01T09:10:00,0.4732,0.5268,0.461,0.4854,0.0244,5985.49
2024-01-01T09:10:30,0.4696,0.5304,0.4602,0.479,0.0187,8585.1
2024-01-01T09:11:00,0.472,0.528,0.4635,0.4805,0.017,9645.03
2024-01-01T09:11:30,0.4746,0.5254,0.4651,0.4842,0.0191,5884.47
2024-01-01T09:12:00,0.4737,0.5263,0.4691,0.4783,0.0093,10745.15
2024-01-01T09:12:30,0.477,0.523,0.4666,0.4874,0.0208,7192.34
2024-01-01T09:13:00,0.4744,0.5256,0.4638,0.485,0.0212,5966.41
2024-01-01T09:13:30,0.4746,0.5254,0.4672,0.482,0.0148,9706.52
2024-01-01T09:14:00,0.4741,0.5259,0.4707,0.4774,0.0066,10390.74
2024-01-01T09:14:30,0.4745,0.5255,0.4675,0.4814,0.0139,6548.82
2024-01-01T09:15:00,0.4719,0.5281,0.461,0.4829,0.0219,5608.63
2024-01-01T09:15:30,0.4727,0.5273,0.4695,0.476,0.0065,10995.62
2024-01-01T09:16:00,0.4772,0.5228,0.4658,0.4886,0.0227,6311.03
2024-01-01T09:16:30,0.4735,0.5265,0.4694,0.4775,0.0081,9484.74
2024-01-01T09:17:00,0.4722,0.5278,0.465,0.4793,0.0143,9074.03
2024-01-01T09:17:30,0.4769,0.5231,0.4668,0.487,0.0202,10640.18
2024-01-01T09:18:00,0.4762,0.5238,0.471,0.4814,0.0105,10574.92
2024-01-01T09:18:30,0.4734,0.5266,0.4622,0.4846,0.0223,7288.67
2024-01-01T09:19:00,0.4764,0.5236,0.4711,0.4818,0.0106,6157.48
2024-01-01T09:19:30,0.4715,0.5285,0.46,0.483,0.023,5154.92
2024-01-01T09:20:00,0.4717,0.5283,0.4652,0.4781,0.0129,5173.13
2024-01-01T09:20:30,0.4743,0.5257,0.4646,0.4841,0.0195,10741.06
2024-01-01T09:21:00,0.4749,0.5251,0.4709,0.4789,0.0081,9455.03
2024-01-01T09:21:30,0.47,0.53,0.4632,0.4769,0.0137,7395.63
2024-01-01T09:22:00,0.4729,0.5271,0.4659,0.4798,0.0139,6548.03
2024-01-01T09:22:30,0.4756,0.5244,0.4722,0.479,0.0068,10887.11
2024-01-01T09:23:00,0.4729,0.5271,0.4652,0.4807,0.0155,9011.33
2024-01-01T09:23:30,0.4744,0.5256,0.4709,0.4779,0.0069,7342.36
2024-01-01T09:24:00,0.4734,0.5266,0.4689,0.4779,0.009,7674.48
2024-01-01T09:24:30,0.4731,0.5269,0.4656,0.4805,0.0149,6625.96
2024-01-01T09:25:00,0.4754,0.5246,0.4691,0.4817,0.0126,6752.52
2024-01-01T09:25:30,0.4754,0.5246,0.4711,0.4796,0.0086,7520.34
2024-01-01T09:26:00,0.4751,0.5249,0.4646,0.4856,0.021,7221.16
2024-01-01T09:26:30,0.4756,0.5244,0.4682,0.4829,0.0147,8073.32
2024-01-01T09:27:00,0.4758,0.5242,0.4703,0.4812,0.0109,9712.67
2024-01-01T09:27:30,0.4726,0.5274,0.4657,0.4794,0.0137,9793.07
2024-01-01T09:28:00,0.4756,0.5244,0.4636,0.4877,0.0241,5326.89
2024-01-01T09:28:30,0.473,0.527,0.4632,0.4829,0.0197,7671.79
2024-01-01T09:29:00,0.4731,0.5269,0.4616,0.4847,0.0231,10925.15
2024-01-01T09:29:30,0.4742,0.5258,0.4706,0.4778,0.0073,9745.06
2024-01-01T09:30:00,0.4781,0.5219,0.468,0.4881,0.0201,11422.87
2024-01-01T09:30:30,0.4778,0.5222,0.4685,0.4871,0.0186,7142.89
2024-01-01T09:31:00,0.4813,0.5187,0.4781,0.4845,0.0064,8879.11
2024-01-01T09:31:30,0.4731,0.5269,0.4639,0.4823,0.0184,11501.49
2024-01-01T09:32:00,0.4748,0.5252,0.4722,0.4774,0.0051,12005.41
2024-01-01T09:32:30,0.4769,0.5231,0.4723,0.4816,0.0093,9567.08
2024-01-01T09:33:00,0.4731,0.5269,0.4689,0.4773,0.0084,6902.17
2024-01-01T09:33:30,0.4787,0.5213,0.4735,0.4838,0.0104,11288.02
2024-01-01T09:34:00,0.4718,0.5282,0.4638,0.4797,0.0158,11198.64
2024-01-01T09:34:30,0.4752,0.5248,0.4651,0.4853,0.0202,5402.25
2024-01-01T09:35:00,0.4689,0.5311,0.4575,0.4803,0.0228,5542.48
2024-01-01T09:35:30,0.4734,0.5266,0.4642,0.4826,0.0185,5600.19
2024-01-01T09:36:00,0.4734,0.5266,0.4686,0.4781,0.0095,8571.1
2024-01-01T09:36:30,0.4772,0.5228,0.4694,0.485,0.0156,11163.69
2024-01-01T09:37:00,0.4726,0.5274,0.4639,0.4813,0.0174,7888.93
2024-01-01T09:37:30,0.4702,0.5298,0.4621,0.4783,0.0162,7105.97
2024-01-01T09:38:00,0.4704,0.5296,0.4645,0.4764,0.0118,10665.17
2024-01-01T09:38:30,0.4717,0.5283,0.467,0.4764,0.0094,7168.23
2024-01-01T09:39:00,0.4715,0.5285,0.4599,0.4831,0.0232,10559.99
2024-01-01T09:39:30,0.4751,0.5249,0.4685,0.4816,0.0131,6660.05
2024-01-01T09:40:00,0.4733,0.5267,0.4701,0.4764,0.0063,11945.27
2024-01-01T09:40:30,0.4749,0.5251,0.471,0.4788,0.0078,10666.07
2024-01-01T09:41:00,0.4731,0.5269,0.4687,0.4774,0.0087,8917.96
2024-01-01T09:41:30,0.4715,0.5285,0.4658,0.4771,0.0113,10075.07
2024-01-01T09:42:00,0.4731,0.5269,0.4633,0.4829,0.0196,11751.44
2024-01-01T09:42:30,0.4704,0.5296,0.4633,0.4774,0.0142,8965.71
2024-01-01T09:43:00,0.4722,0.5278,0.469,0.4755,0.0065,5780.91
2024-01-01T09:43:30,0.473,0.527,0.4643,0.4816,0.0173,5564.6
2024-01-01T09:44:00,0.4725,0.5275,0.4608,0.4843,0.0235,9313.42
2024-01-01T09:44:30,0.4764,0.5236,0.4681,0.4848,0.0167,9714.49
2024-01-01T09:45:00,0.4727,0.5273,0.4696,0.4758,0.0062,9885.11
2024-01-01T09:45:30,0.4705,0.5295,0.4669,0.4741,0.0071,6990.13
2024-01-01T09:46:00,0.4718,0.5282,0.4627,0.481,0.0183,5217.38
2024-01-01T09:46:30,0.4747,0.5253,0.4716,0.4777,0.0061,11970.27
2024-01-01T09:47:00,0.4739,0.5261,0.4659,0.4819,0.016,6136.75
2024-01-01T09:47:30,0.4751,0.5249,0.4709,0.4792,0.0083,9746.56
2024-01-01T09:48:00,0.4758,0.5242,0.4699,0.4817,0.0118,10452.32
2024-01-01T09:48:30,0.4776,0.5224,0.4734,0.4818,0.0084,10803.51
2024-01-01T09:49:00,0.4796,0.5204,0.4713,0.4879,0.0166,9628.56
2024-01-01T09:49:30,0.4791,0.5209,0.4701,0.4881,0.018,7260.82
2024-01-01T09:50:00,0.4773,0.5227,0.469,0.4855,0.0165,6477.86
2024-01-01T09:50:30,0.4805,0.5195,0.4729,0.4881,0.0152,8707.27
2024-01-01T09:51:00,0.4802,0.5198,0.4741,0.4864,0.0123,10251.62
2024-01-01T09:51:30,0.4726,0.5274,0.4677,0.4774,0.0097,6527.11
2024-01-01T09:52:00,0.4746,0.5254,0.4659,0.4833,0.0174,11882.17
2024-01-01T09:52:30,0.4775,0.5225,0.4706,0.4843,0.0137,8024.45
2024-01-01T09:53:00,0.478,0.522,0.4707,0.4852,0.0145,5986.03
2024-01-01T09:53:30,0.4821,0.5179,0.471,0.4932,0.0222,10740.78
2024-01-01T09:54:00,0.4821,0.5179,0.4783,0.4859,0.0076,5511.21
2024-01-01T09:54:30,0.4784,0.5216,0.4663,0.4906,0.0243,5948.73
2024-01-01T09:55:00,0.4741,0.5259,0.4647,0.4836,0.019,10860.21
2024-01-01T09:55:30,0.4721,0.5279,0.4647,0.4795,0.0147,6109.36
2024-01-01T09:56:00,0.4717,0.5283,0.4677,0.4757,0.008,7871.23
2024-01-01T09:56:30,0.4733,0.5267,0.4612,0.4855,0.0243,10499.78
2024-01-01T09:57:00,0.4734,0.5266,0.4624,0.4843,0.0219,9263.06
2024-01-01T09:57:30,0.4712,0.5288,0.4658,0.4766,0.0108,11094.38
2024-01-01T09:58:00,0.474,0.526,0.4681,0.4798,0.0117,6386.01
2024-01-01T09:58:30,0.4743,0.5257,0.4663,0.4823,0.0161,10420.57
2024-01-01T09:59:00,0.4692,0.5308,0.4575,0.4809,0.0234,7438.09
2024-01-01T09:59:30,0.4702,0.5298,0.467,0.4735,0.0065,6037.43
2024-01-01T10:00:00,0.4705,0.5295,0.4625,0.4785,0.016,8386.93
2024-01-01T10:00:30,0.4717,0.5283,0.4624,0.4811,0.0186,7430.34
2024-01-01T10:01:00,0.4714,0.5286,0.4629,0.48,0.0171,5338.04
2024-01-01T10:01:30,0.4742,0.5258,0.4669,0.4815,0.0145,7610.96
2024-01-01T10:02:00,0.4736,0.5264,0.464,0.4832,0.0192,11178.15
2024-01-01T10:02:30,0.4712,0.5288,0.4686,0.4739,0.0053,8128.46
2024-01-01T10:03:00,0.4728,0.5272,0.4665,0.4791,0.0126,11552.6
2024-01-01T10:03:30,0.4755,0.5245,0.4707,0.4804,0.0097,11268.79
2024-01-01T10:04:00,0.4777,0.5223,0.4685,0.4869,0.0184,9094.97
2024-01-01T10:04:30,0.4756,0.5244,0.4666,0.4845,0.0179,11637.71
2024-01-01T10:05:00,0.4724,0.5276,0.4632,0.4815,0.0183,11010.32
2024-01-01T10:05:30,0.4742,0.5258,0.4654,0.4831,0.0178,6142.0
2024-01-01T10:06:00,0.4715,0.5285,0.4674,0.4756,0.0082,7985.76
2024-01-01T10:06:30,0.4704,0.5296,0.4623,0.4786,0.0163,6922.91
2024-01-01T10:07:00,0.471,0.529,0.4684,0.4736,0.0052,6341.19
2024-01-01T10:07:30,0.4702,0.5298,0.4608,0.4796,0.0188,9017.53
2024-01-01T10:08:00,0.4732,0.5268,0.4703,0.4762,0.0059,7946.08
2024-01-01T10:08:30,0.4733,0.5267,0.4684,0.4782,0.0098,10525.16
2024-01-01T10:09:00,0.4763,0.5237,0.4662,0.4863,0.02,6551.28
2024-01-01T10:09:30,0.4707,0.5293,0.46,0.4815,0.0215,6666.34
2024-01-01T10:10:00,0.4685,0.5315,0.4567,0.4803,0.0236,11624.34
2024-01-01T10:10:30,0.4732,0.5268,0.4697,0.4768,0.0071,8326.77
2024-01-01T10:11:00,0.4713,0.5287,0.4631,0.4795,0.0164,11385.02
2024-01-01T10:11:30,0.474,0.526,0.4707,0.4773,0.0065,10545.45
2024-01-01T10:12:00,0.4741,0.5259,0.4683,0.4799,0.0116,10532.61
2024-01-01T10:12:30,0.4753,0.5247,0.4664,0.4841,0.0177,5630.47
2024-01-01T10:13:00,0.4768,0.5232,0.4663,0.4873,0.021,9041.38
2024-01-01T10:13:30,0.4733,0.5267,0.4652,0.4814,0.0162,7513.01
2024-01-01T10:14:00,0.4743,0.5257,0.4637,0.4849,0.0211,5442.6
2024-01-01T10:14:30,0.4715,0.5285,0.465,0.4779,0.013,7583.82
2024-01-01T10:15:00,0.4702,0.5298,0.4623,0.478,0.0157,6196.5
2024-01-01T10:15:30,0.4692,0.5308,0.4585,0.4799,0.0214,11081.87
2024-01-01T10:16:00,0.4712,0.5288,0.467,0.4754,0.0084,8482.34
2024-01-01T10:16:30,0.4702,0.5298,0.4595,0.4808,0.0212,6114.31
2024-01-01T10:17:00,0.469,0.531,0.4598,0.4782,0.0184,8932.78
2024-01-01T10:17:30,0.4669,0.5331,0.4601,0.4738,0.0137,8263.22
2024-01-01T10:18:00,0.4668,0.5332,0.4625,0.4711,0.0086,6504.55
2024-01-01T10:18:30,0.4623,0.5377,0.4591,0.4655,0.0064,6783.54
2024-01-01T10:19:00,0.4598,0.5402,0.4527,0.4669,0.0142,7780.96
2024-01-01T10:19:30,0.4549,0.5451,0.4517,0.4581,0.0064,7310.9
2024-01-01T10:20:00,0.4494,0.5506,0.4415,0.4573,0.0158,9154.47
2024-01-01T10:20:30,0.4452,0.5548,0.4411,0.4494,0.0082,11276.71
2024-01-01T10:21:00,0.4442,0.5558,0.4336,0.4547,0.0211,7926.19
2024-01-01T10:21:30,0.4396,0.5604,0.4361,0.4432,0.0071,10685.55
2024-01-01T10:22:00,0.4318,0.5682,0.4275,0.4362,0.0087,8841.85
2024-01-01T10:22:30,0.4343,0.5657,0.4304,0.4381,0.0078,7290.56
2024-01-01T10:23:00,0.4336,0.5664,0.4245,0.4428,0.0183,10152.38
2024-01-01T10:23:30,0.4274,0.5726,0.425,0.4297,0.0047,7228.05
2024-01-01T10:24:00,0.4248,0.5752,0.4191,0.4305,0.0114,6921.52
2024-01-01T10:24:30,0.4179,0.5821,0.4101,0.4256,0.0155,9283.33
2024-01-01T10:25:00,0.4172,0.5828,0.4101,0.4243,0.0142,9172.48
2024-01-01T10:25:30,0.4153,0.5847,0.4092,0.4214,0.0122,10434.77
2024-01-01T10:26:00,0.4123,0.5877,0.4087,0.4158,0.007,6284.23
2024-01-01T10:26:30,0.4058,0.5942,0.4035,0.4081,0.0046,8304.95
2024-01-01T10:27:00,0.4024,0.5976,0.393,0.4118,0.0189,5659.33
2024-01-01T10:27:30,0.4017,0.5983,0.3911,0.4123,0.0212,10296.86
2024-01-01T10:28:00,0.3924,0.6076,0.3828,0.402,0.0192,4447.22
2024-01-01T10:28:30,0.3946,0.6054,0.3842,0.4049,0.0208,5765.73
2024-01-01T10:29:00,0.3873,0.6127,0.3834,0.3912,0.0078,7247.15
2024-01-01T10:29:30,0.3866,0.6134,0.3784,0.3948,0.0165,8829.5
2024-01-01T10:30:00,0.3853,0.6147,0.3762,0.3945,0.0184,5000.89
2024-01-01T10:30:30,0.3778,0.6222,0.3685,0.387,0.0185,8620.35
2024-01-01T10:31:00,0.3771,0.6229,0.3741,0.3802,0.0061,7075.77
2024-01-01T10:31:30,0.3716,0.6284,0.3622,0.3809,0.0187,4615.93
2024-01-01T10:32:00,0.3695,0.6305,0.3605,0.3785,0.018,4876.93
2024-01-01T10:32:30,0.3674,0.6326,0.3612,0.3736,0.0124,5375.15
2024-01-01T10:33:00,0.3685,0.6315,0.3594,0.3777,0.0183,8568.8
2024-01-01T10:33:30,0.362,0.638,0.3578,0.3662,0.0084,8569.37
2024-01-01T10:34:00,0.3552,0.6448,0.3474,0.363,0.0156,5885.44
2024-01-01T10:34:30,0.3519,0.6481,0.3446,0.3593,0.0147,8099.22
2024-01-01T10:35:00,0.3516,0.6484,0.3415,0.3616,0.0201,7233.18
2024-01-01T10:35:30,0.3491,0.6509,0.3406,0.3576,0.0171,5482.74
2024-01-01T10:36:00,0.3436,0.6564,0.3355,0.3517,0.0162,8681.15
2024-01-01T10:36:30,0.3431,0.6569,0.3401,0.3461,0.0061,5444.43
2024-01-01T10:37:00,0.3381,0.6619,0.3281,0.3481,0.02,7484.93
2024-01-01T10:37:30,0.3366,0.6634,0.3271,0.3461,0.019,5775.46
2024-01-01T10:38:00,0.3292,0.6708,0.3221,0.3363,0.0142,4322.21
2024-01-01T10:38:30,0.3284,0.6716,0.3255,0.3313,0.0058,3990.82
2024-01-01T10:39:00,0.3211,0.6789,0.3178,0.3245,0.0067,6120.34
2024-01-01T10:39:30,0.3161,0.6839,0.3116,0.3206,0.009,8308.92
2024-01-01T10:40:00,0.3155,0.6845,0.3106,0.3204,0.0098,8033.42
2024-01-01T10:40:30,0.3125,0.6875,0.303,0.3219,0.0189,5986.66
2024-01-01T10:41:00,0.3056,0.6944,0.3016,0.3096,0.008,6250.02
2024-01-01T10:41:30,0.3031,0.6969,0.2939,0.3122,0.0183,5955.92
2024-01-01T10:42:00,0.3026,0.6974,0.2938,0.3114,0.0176,6219.9
2024-01-01T10:42:30,0.2989,0.7011,0.2893,0.3085,0.0192,7233.29
2024-01-01T10:43:00,0.2953,0.7047,0.2915,0.299,0.0075,6680.72
2024-01-01T10:43:30,0.29,0.71,0.282,0.298,0.016,6489.66
2024-01-01T10:44:00,0.2888,0.7112,0.2819,0.2958,0.0138,7789.46
2024-01-01T10:44:30,0.2886,0.7114,0.2833,0.2938,0.0106,7187.89
2024-01-01T10:45:00,0.2817,0.7183,0.2752,0.2883,0.0132,6970.08
2024-01-01T10:45:30,0.2787,0.7213,0.2704,0.2871,0.0167,6407.85
2024-01-01T10:46:00,0.2743,0.7257,0.267,0.2816,0.0146,3493.78
2024-01-01T10:46:30,0.2733,0.7267,0.2668,0.2799,0.0132,4199.76
2024-01-01T10:47:00,0.2665,0.7335,0.2634,0.2697,0.0063,6748.99
2024-01-01T10:47:30,0.2624,0.7376,0.257,0.2679,0.0109,3686.4
2024-01-01T10:48:00,0.2582,0.7418,0.2512,0.2652,0.014,5679.7
2024-01-01T10:48:30,0.2571,0.7429,0.2495,0.2646,0.0151,6621.57
2024-01-01T10:49:00,0.256,0.744,0.253,0.259,0.0059,5564.76
2024-01-01T10:49:30,0.2515,0.7485,0.2482,0.2548,0.0066,5522.79
2024-01-01T10:50:00,0.2492,0.7508,0.241,0.2574,0.0164,5900.08
2024-01-01T10:50:30,0.2453,0.7547,0.2414,0.2491,0.0077,6628.83
2024-01-01T10:51:00,0.2401,0.7599,0.2362,0.2441,0.0079,3540.38
2024-01-01T10:51:30,0.2373,0.7627,0.2319,0.2426,0.0107,4166.2
2024-01-01T10:52:00,0.2319,0.7681,0.226,0.2378,0.0118,6274.02
2024-01-01T10:52:30,0.228,0.772,0.2214,0.2346,0.0132,3980.56
2024-01-01T10:53:00,0.2253,0.7747,0.218,0.2327,0.0146,3220.36
2024-01-01T10:53:30,0.2236,0.7764,0.2192,0.2279,0.0088,3880.97
2024-01-01T10:54:00,0.2182,0.7818,0.2142,0.2223,0.0081,3637.36
2024-01-01T10:54:30,0.2156,0.7844,0.2099,0.2213,0.0114,4566.02
2024-01-01T10:55:00,0.2115,0.7885,0.2061,0.2169,0.0108,4760.72
2024-01-01T10:55:30,0.2093,0.7907,0.2005,0.2181,0.0176,4354.7
2024-01-01T10:56:00,0.2009,0.7991,0.198,0.2038,0.0059,4983.48
2024-01-01T10:56:30,0.2005,0.7995,0.1953,0.2056,0.0103,5778.67
2024-01-01T10:57:00,0.1975,0.8025,0.1942,0.2008,0.0067,3882.52
2024-01-01T10:57:30,0.1909,0.8091,0.1856,0.1962,0.0107,3871.4
2024-01-01T10:58:00,0.1889,0.8111,0.1837,0.1941,0.0104,4472.57
2024-01-01T10:58:30,0.187,0.813,0.1786,0.1955,0.017,2886.32
2024-01-01T10:59:00,0.1835,0.8165,0.1773,0.1896,0.0122,3726.16
2024-01-01T10:59:30,0.1805,0.8195,0.1754,0.1856,0.0102,4341.48
2024-01-01T11:00:00,0.1758,0.8242,0.1722,0.1794,0.0072,3585.36
2024-01-01T11:00:30,0.1752,0.8248,0.1668,0.1835,0.0168,3658.33
2024-01-01T11:01:00,0.1733,0.8267,0.1645,0.1821,0.0176,4877.17
2024-01-01T11:01:30,0.173,0.827,0.1662,0.1799,0.0136,2415.24
2024-01-01T11:02:00,0.1719,0.8281,0.1647,0.179,0.0144,2491.6
2024-01-01T11:02:30,0.1704,0.8296,0.1663,0.1746,0.0083,3152.99
2024-01-01T11:03:00,0.174,0.826,0.1658,0.1822,0.0164,3758.14
2024-01-01T11:03:30,0.1714,0.8286,0.1629,0.1799,0.017,5075.61
2024-01-01T11:04:00,0.1762,0.8238,0.1691,0.1834,0.0143,3494.27
2024-01-01T11:04:30,0.1775,0.8225,0.1699,0.1852,0.0154,3780.88
2024-01-01T11:05:00,0.1779,0.8221,0.173,0.1829,0.0098,5221.34
2024-01-01T11:05:30,0.1798,0.8202,0.1771,0.1825,0.0054,3369.34
2024-01-01T11:06:00,0.1761,0.8239,0.1729,0.1794,0.0065,2608.03
2024-01-01T11:06:30,0.1735,0.8265,0.167,0.18,0.013,3094.49
2024-01-01T11:07:00,0.1751,0.8249,0.1698,0.1805,0.0108,3806.62
2024-01-01T11:07:30,0.1751,0.8249,0.1684,0.1819,0.0135,4961.0
2024-01-01T11:08:00,0.1716,0.8284,0.1663,0.1769,0.0106,2281.76
2024-01-01T11:08:30,0.1734,0.8266,0.1699,0.177,0.0071,2353.02
2024-01-01T11:09:00,0.1752,0.8248,0.1667,0.1837,0.0171,2620.55
2024-01-01T11:09:30,0.1732,0.8268,0.1708,0.1756,0.0049,2762.22
2024-01-01T11:10:00,0.18,0.82,0.1722,0.1879,0.0156,2740.18
2024-01-01T11:10:30,0.1763,0.8237,0.174,0.1786,0.0046,3576.51
2024-01-01T11:11:00,0.1744,0.8256,0.1675,0.1813,0.0138,4421.92
2024-01-01T11:11:30,0.1733,0.8267,0.1661,0.1806,0.0145,2480.18
2024-01-01T11:12:00,0.1697,0.8303,0.1645,0.1749,0.0104,2375.46
2024-01-01T11:12:30,0.1727,0.8273,0.1653,0.1801,0.0149,3516.42
2024-01-01T11:13:00,0.1679,0.8321,0.1622,0.1736,0.0114,4754.82
2024-01-01T11:13:30,0.1748,0.8252,0.1699,0.1798,0.0099,3848.5
2024-01-01T11:14:00,0.1749,0.8251,0.1727,0.177,0.0043,3972.96
2024-01-01T11:14:30,0.1749,0.8251,0.169,0.1807,0.0117,2921.76
2024-01-01T11:15:00,0.1749,0.8251,0.167,0.1827,0.0157,5043.7
2024-01-01T11:15:30,0.1736,0.8264,0.1654,0.1818,0.0164,4741.52
2024-01-01T11:16:00,0.1736,0.8264,0.1666,0.1806,0.0141,2440.08
2024-01-01T11:16:30,0.1751,0.8249,0.1684,0.1818,0.0134,4127.5
2024-01-01T11:17:00,0.1712,0.8288,0.1655,0.1769,0.0114,2409.59
2024-01-01T11:17:30,0.1721,0.8279,0.1656,0.1786,0.013,4520.0
2024-01-01T11:18:00,0.1719,0.8281,0.1636,0.1803,0.0166,3531.66
2024-01-01T11:18:30,0.1716,0.8284,0.1675,0.1758,0.0083,4987.36
2024-01-01T11:19:00,0.1752,0.8248,0.1697,0.1808,0.0111,5296.34
2024-01-01T11:19:30,0.1756,0.8244,0.1714,0.1797,0.0083,4823.98
2024-01-01T11:20:00,0.175,0.825,0.1698,0.1802,0.0104,5267.92
2024-01-01T11:20:30,0.1734,0.8266,0.1671,0.1798,0.0127,3671.39
2024-01-01T11:21:00,0.1759,0.8241,0.1701,0.1818,0.0117,3714.23
2024-01-01T11:21:30,0.1745,0.8255,0.1725,0.1765,0.0039,3665.14
2024-01-01T11:22:00,0.1715,0.8285,0.1692,0.1738,0.0046,2695.6
2024-01-01T11:22:30,0.1725,0.8275,0.1641,0.1809,0.0168,2676.14
2024-01-01T11:23:00,0.1672,0.8328,0.1599,0.1745,0.0146,5054.98
2024-01-01T11:23:30,0.1712,0.8288,0.1644,0.1779,0.0135,4982.91
2024-01-01T11:24:00,0.1724,0.8276,0.1703,0.1745,0.0042,3287.34
2024-01-01T11:24:30,0.1744,0.8256,0.1659,0.1829,0.0169,4879.88
2024-01-01T11:25:00,0.1679,0.8321,0.1604,0.1755,0.0151,4844.08
2024-01-01T11:25:30,0.1731,0.8269,0.1681,0.1781,0.01,2585.09
2024-01-01T11:26:00,0.1747,0.8253,0.1718,0.1775,0.0057,4340.16
2024-01-01T11:26:30,0.1777,0.8223,0.1699,0.1855,0.0156,4751.89
2024-01-01T11:27:00,0.1759,0.8241,0.1724,0.1794,0.007,5208.31
2024-01-01T11:27:30,0.174,0.826,0.1701,0.1779,0.0078,2449.79
2024-01-01T11:28:00,0.1754,0.8246,0.1678,0.1831,0.0153,2801.85
2024-01-01T11:28:30,0.301,0.699,0.2968,0.3053,0.0085,4831.35
2024-01-01T11:29:00,0.3063,0.6937,0.3021,0.3105,0.0084,5960.71
2024-01-01T11:29:30,0.3128,0.6872,0.3073,0.3184,0.0111,3634.6
2024-01-01T11:30:00,0.3098,0.6902,0.301,0.3186,0.0175,8217.11
2024-01-01T11:30:30,0.3169,0.6831,0.313,0.3209,0.0079,8222.35
2024-01-01T11:31:00,0.3177,0.6823,0.3123,0.3231,0.0109,4995.6
2024-01-01T11:31:30,0.319,0.681,0.309,0.329,0.0199,7630.27
2024-01-01T11:32:00,0.319,0.681,0.3119,0.326,0.0142,6311.5
2024-01-01T11:32:30,0.3187,0.6813,0.3161,0.3212,0.0051,7773.57
2024-01-01T11:33:00,0.3169,0.6831,0.3099,0.324,0.0141,4835.96
2024-01-01T11:33:30,0.3148,0.6852,0.3047,0.3248,0.0201,7115.98
2024-01-01T11:34:00,0.318,0.682,0.3087,0.3273,0.0186,4867.19
2024-01-01T11:34:30,0.3165,0.6835,0.3092,0.3237,0.0144,3906.97
2024-01-01T11:35:00,0.3172,0.6828,0.3128,0.3215,0.0087,6399.09
2024-01-01T11:35:30,0.3173,0.6827,0.3146,0.32,0.0053,6415.91
2024-01-01T11:36:00,0.3191,0.6809,0.3166,0.3215,0.0049,5288.26
2024-01-01T11:36:30,0.3174,0.6826,0.309,0.3259,0.0169,5833.68
2024-01-01T11:37:00,0.3209,0.6791,0.3121,0.3297,0.0175,8386.49
2024-01-01T11:37:30,0.3199,0.6801,0.3123,0.3274,0.0151,3839.4
2024-01-01T11:38:00,0.3214,0.6786,0.315,0.3278,0.0128,4657.38
2024-01-01T11:38:30,0.3168,0.6832,0.3101,0.3235,0.0135,3883.16
2024-01-01T11:39:00,0.3234,0.6766,0.3154,0.3314,0.016,7862.56
2024-01-01T11:39:30,0.3186,0.6814,0.3124,0.3247,0.0124,4199.91
2024-01-01T11:40:00,0.3191,0.6809,0.3151,0.3231,0.008,4255.21
2024-01-01T11:40:30,0.3199,0.6801,0.3111,0.3287,0.0176,6365.03
2024-01-01T11:41:00,0.3195,0.6805,0.3127,0.3264,0.0137,6629.99
2024-01-01T11:41:30,0.3208,0.6792,0.3132,0.3284,0.0153,5742.85
2024-01-01T11:42:00,0.321,0.679,0.3187,0.3232,0.0045,5908.89
2024-01-01T11:42:30,0.3188,0.6812,0.3112,0.3265,0.0153,4397.87
2024-01-01T11:43:00,0.318,0.682,0.3105,0.3255,0.015,6468.22
2024-01-01T11:43:30,0.318,0.682,0.3124,0.3235,0.0111,5270.11
2024-01-01T11:44:00,0.3203,0.6797,0.314,0.3266,0.0126,3775.13
2024-01-01T11:44:30,0.3165,0.6835,0.3064,0.3266,0.0202,6600.84
2024-01-01T11:45:00,0.3226,0.6774,0.3125,0.3328,0.0204,3952.79
2024-01-01T11:45:30,0.3214,0.6786,0.3113,0.3316,0.0204,7501.1
2024-01-01T11:46:00,0.3218,0.6782,0.3186,0.3251,0.0066,4433.96
2024-01-01T11:46:30,0.3229,0.6771,0.319,0.3268,0.0078,4575.83
2024-01-01T11:47:00,0.3217,0.6783,0.3141,0.3293,0.0152,4232.61
2024-01-01T11:47:30,0.3238,0.6762,0.3176,0.33,0.0124,4271.97
2024-01-01T11:48:00,0.3227,0.6773,0.3135,0.3318,0.0183,6872.51
2024-01-01T11:48:30,0.3202,0.6798,0.3162,0.3243,0.0081,4276.84
2024-01-01T11:49:00,0.3207,0.6793,0.3148,0.3266,0.0119,4518.65
2024-01-01T11:49:30,0.3204,0.6796,0.3119,0.329,0.0171,8437.48
2024-01-01T11:50:00,0.319,0.681,0.3143,0.3237,0.0094,6221.04
2024-01-01T11:50:30,0.3196,0.6804,0.31,0.3292,0.0192,5305.08
2024-01-01T11:51:00,0.3152,0.6848,0.3118,0.3186,0.0068,5366.54
2024-01-01T11:51:30,0.3176,0.6824,0.3101,0.3252,0.0152,7827.84
2024-01-01T11:52:00,0.316,0.684,0.3124,0.3196,0.0072,6840.48
2024-01-01T11:52:30,0.3183,0.6817,0.3081,0.3285,0.0204,5384.27
2024-01-01T11:53:00,0.3147,0.6853,0.3109,0.3186,0.0077,6372.94
2024-01-01T11:53:30,0.3172,0.6828,0.3112,0.3233,0.0121,7873.19
2024-01-01T11:54:00,0.3177,0.6823,0.3144,0.321,0.0066,7449.92
2024-01-01T11:54:30,0.3199,0.6801,0.3105,0.3292,0.0187,4460.43
2024-01-01T11:55:00,0.3207,0.6793,0.3136,0.3277,0.0141,7949.02
2024-01-01T11:55:30,0.3143,0.6857,0.3122,0.3164,0.0042,5548.5
2024-01-01T11:56:00,0.3186,0.6814,0.3087,0.3284,0.0198,5390.18
2024-01-01T11:56:30,0.3159,0.6841,0.3065,0.3253,0.0188,4510.79
2024-01-01T11:57:00,0.3152,0.6848,0.3058,0.3246,0.0188,4106.85
2024-01-01T11:57:30,0.3166,0.6834,0.3104,0.3227,0.0123,7241.62
2024-01-01T11:58:00,0.3171,0.6829,0.3068,0.3275,0.0207,5209.36
2024-01-01T11:58:30,0.3222,0.6778,0.3161,0.3283,0.0122,8148.51
2024-01-01T11:59:00,0.3211,0.6789,0.3157,0.3264,0.0107,5363.87
2024-01-01T11:59:30,0.3211,0.6789,0.3174,0.3247,0.0073,4386.05
2024-01-01T12:00:00,0.3186,0.6814,0.3099,0.3272,0.0172,5705.42
2024-01-01T12:00:30,0.3228,0.6772,0.318,0.3276,0.0096,5904.63
2024-01-01T12:01:00,0.3224,0.6776,0.3125,0.3322,0.0197,4484.47
2024-01-01T12:01:30,0.3246,0.6754,0.318,0.3313,0.0132,6187.16
2024-01-01T12:02:00,0.3198,0.6802,0.3156,0.3239,0.0083,8117.09
2024-01-01T12:02:30,0.3234,0.6766,0.3156,0.3311,0.0155,8090.22
2024-01-01T12:03:00,0.3257,0.6743,0.3191,0.3322,0.0131,3878.27
2024-01-01T12:03:30,0.3197,0.6803,0.3142,0.3253,0.011,5575.67
2024-01-01T12:04:00,0.3207,0.6793,0.3167,0.3246,0.0079,6773.74
2024-01-01T12:04:30,0.3242,0.6758,0.3191,0.3292,0.01,4192.52
2024-01-01T12:05:00,0.3149,0.6851,0.3106,0.3193,0.0087,7871.13
2024-01-01T12:05:30,0.3193,0.6807,0.315,0.3235,0.0085,4494.54
2024-01-01T12:06:00,0.3214,0.6786,0.3146,0.3283,0.0137,4952.01
2024-01-01T12:06:30,0.3197,0.6803,0.3156,0.3238,0.0082,4565.23
2024-01-01T12:07:00,0.3184,0.6816,0.3163,0.3205,0.0042,4726.22
2024-01-01T12:07:30,0.3174,0.6826,0.3086,0.3261,0.0175,5186.06
2024-01-01T12:08:00,0.3166,0.6834,0.3121,0.3212,0.0092,7240.16
2024-01-01T12:08:30,0.3198,0.6802,0.3153,0.3243,0.009,5374.41
2024-01-01T12:09:00,0.3143,0.6857,0.3077,0.3208,0.0131,4337.81
2024-01-01T12:09:30,0.3183,0.6817,0.3136,0.3231,0.0095,6769.43
2024-01-01T12:10:00,0.3155,0.6845,0.3092,0.3219,0.0126,7431.09
2024-01-01T12:10:30,0.3201,0.6799,0.3172,0.323,0.0058,4005.14
2024-01-01T12:11:00,0.3167,0.6833,0.3112,0.3222,0.011,4754.88
2024-01-01T12:11:30,0.3165,0.6835,0.3101,0.3229,0.0127,4535.21
2024-01-01T12:12:00,0.3167,0.6833,0.3079,0.3256,0.0177,3764.46
2024-01-01T12:12:30,0.3155,0.6845,0.3072,0.3237,0.0165,5402.61
2024-01-01T12:13:00,0.32,0.68,0.3123,0.3277,0.0153,8535.37
2024-01-01T12:13:30,0.3215,0.6785,0.3188,0.3242,0.0053,5912.31
2024-01-01T12:14:00,0.3215,0.6785,0.3177,0.3254,0.0076,7443.11
2024-01-01T12:14:30,0.3151,0.6849,0.3103,0.32,0.0096,6484.81
2024-01-01T12:15:00,0.318,0.682,0.3119,0.3241,0.0122,3782.89
2024-01-01T12:15:30,0.3205,0.6795,0.3171,0.3239,0.0068,4189.27
2024-01-01T12:16:00,0.3214,0.6786,0.311,0.3318,0.0208,6405.51
2024-01-01T12:16:30,0.3208,0.6792,0.3123,0.3292,0.0169,5190.42
2024-01-01T12:17:00,0.3206,0.6794,0.314,0.3271,0.0132,4162.55
2024-01-01T12:17:30,0.3205,0.6795,0.3172,0.3238,0.0066,6081.73
2024-01-01T12:18:00,0.3203,0.6797,0.3124,0.3283,0.016,4081.56
2024-01-01T12:18:30,0.3247,0.6753,0.3189,0.3305,0.0116,8390.69
2024-01-01T12:19:00,0.3228,0.6772,0.3148,0.3308,0.016,5611.2
2024-01-01T12:19:30,0.3207,0.6793,0.3184,0.3231,0.0047,5863.48
2024-01-01T12:20:00,0.3188,0.6812,0.3096,0.328,0.0184,6430.16
2024-01-01T12:20:30,0.3202,0.6798,0.3137,0.3266,0.0129,8011.13
2024-01-01T12:21:00,0.3242,0.6758,0.3176,0.3308,0.0133,4443.58
2024-01-01T12:21:30,0.3215,0.6785,0.3121,0.3308,0.0187,7654.53
2024-01-01T12:22:00,0.3211,0.6789,0.3124,0.3299,0.0175,8156.83
2024-01-01T12:22:30,0.3194,0.6806,0.3111,0.3276,0.0165,6935.82
2024-01-01T12:23:00,0.3211,0.6789,0.3159,0.3263,0.0104,5983.71
2024-01-01T12:23:30,0.3189,0.6811,0.3118,0.326,0.0142,6505.69
2024-01-01T12:24:00,0.3232,0.6768,0.3181,0.3283,0.0102,6585.28
2024-01-01T12:24:30,0.3186,0.6814,0.3104,0.3268,0.0164,5245.81
2024-01-01T12:25:00,0.3245,0.6755,0.3155,0.3336,0.0181,4008.12
2024-01-01T12:25:30,0.326,0.674,0.3219,0.3301,0.0082,5460.49
2024-01-01T12:26:00,0.3183,0.6817,0.3129,0.3237,0.0108,4835.54
2024-01-01T12:26:30,0.3186,0.6814,0.3099,0.3274,0.0176,7556.58
2024-01-01T12:27:00,0.3147,0.6853,0.3074,0.322,0.0146,5684.64
2024-01-01T12:27:30,0.3177,0.6823,0.3076,0.3278,0.0202,6490.86
2024-01-01T12:28:00,0.3208,0.6792,0.3142,0.3275,0.0133,6866.3
2024-01-01T12:28:30,0.3183,0.6817,0.3134,0.3231,0.0097,6795.58
2024-01-01T12:29:00,0.3201,0.6799,0.3152,0.3251,0.0099,5656.34
2024-01-01T12:29:30,0.318,0.682,0.3095,0.3265,0.017,6982.55
2024-01-01T12:30:00,0.319,0.681,0.3147,0.3233,0.0086,6952.01
2024-01-01T12:30:30,0.3182,0.6818,0.3138,0.3225,0.0087,3996.85
2024-01-01T12:31:00,0.3184,0.6816,0.3113,0.3255,0.0142,5895.18
2024-01-01T12:31:30,0.3193,0.6807,0.3155,0.3231,0.0077,6658.5
2024-01-01T12:32:00,0.3217,0.6783,0.3146,0.3288,0.0142,7825.48
2024-01-01T12:32:30,0.3234,0.6766,0.3198,0.3271,0.0073,5865.6
2024-01-01T12:33:00,0.3174,0.6826,0.3088,0.3259,0.0171,5958.93
2024-01-01T12:33:30,0.3203,0.6797,0.3174,0.3233,0.0059,8115.11
2024-01-01T12:34:00,0.3213,0.6787,0.3155,0.327,0.0115,6012.16
2024-01-01T12:34:30,0.3186,0.6814,0.3111,0.326,0.0149,6074.68
2024-01-01T12:35:00,0.3223,0.6777,0.3149,0.3297,0.0148,6554.1
2024-01-01T12:35:30,0.3192,0.6808,0.3148,0.3236,0.0088,6060.17
2024-01-01T12:36:00,0.3178,0.6822,0.3096,0.3261,0.0165,5654.67
2024-01-01T12:36:30,0.3199,0.6801,0.3117,0.3281,0.0163,8311.98
2024-01-01T12:37:00,0.3215,0.6785,0.3133,0.3296,0.0163,6197.13
2024-01-01T12:37:30,0.3229,0.6771,0.3138,0.3319,0.0181,5677.7
2024-01-01T12:38:00,0.3232,0.6768,0.3168,0.3297,0.0129,4111.13
2024-01-01T12:38:30,0.3229,0.6771,0.3189,0.3269,0.008,6888.29
2024-01-01T12:39:00,0.3214,0.6786,0.3148,0.328,0.0132,3936.04
2024-01-01T12:39:30,0.3159,0.6841,0.3121,0.3196,0.0074,6766.04
2024-01-01T12:40:00,0.3197,0.6803,0.3095,0.3299,0.0204,5014.2
2024-01-01T12:40:30,0.3192,0.6808,0.3105,0.328,0.0175,7271.84
2024-01-01T12:41:00,0.3161,0.6839,0.3102,0.322,0.0118,7712.42
2024-01-01T12:41:30,0.3133,0.6867,0.309,0.3176,0.0086,7196.13
2024-01-01T12:42:00,0.3152,0.6848,0.3091,0.3213,0.0123,6549.13
2024-01-01T12:42:30,0.3179,0.6821,0.3145,0.3212,0.0067,5440.25
2024-01-01T12:43:00,0.3205,0.6795,0.312,0.329,0.017,7554.07
2024-01-01T12:43:30,0.3187,0.6813,0.3107,0.3267,0.016,5484.55
2024-01-01T12:44:00,0.3241,0.6759,0.3174,0.3308,0.0134,6758.52
2024-01-01T12:44:30,0.3235,0.6765,0.3136,0.3334,0.0198,4102.85
2024-01-01T12:45:00,0.3215,0.6785,0.3139,0.3292,0.0153,4078.76
2024-01-01T12:45:30,0.3239,0.6761,0.32,0.3279,0.0079,6906.89
2024-01-01T12:46:00,0.3208,0.6792,0.3148,0.3268,0.012,6821.46
2024-01-01T12:46:30,0.3218,0.6782,0.3142,0.3293,0.0151,6836.92
2024-01-01T12:47:00,0.3173,0.6827,0.3093,0.3252,0.0159,4883.93
2024-01-01T12:47:30,0.3258,0.6742,0.3222,0.3293,0.0072,8683.56
2024-01-01T12:48:00,0.3234,0.6766,0.3181,0.3288,0.0107,8416.35
2024-01-01T12:48:30,0.3211,0.6789,0.3167,0.3255,0.0088,8567.77
2024-01-01T12:49:00,0.3213,0.6787,0.3112,0.3315,0.0202,6908.64
2024-01-01T12:49:30,0.3206,0.6794,0.3173,0.3239,0.0066,4080.86
2024-01-01T12:50:00,0.3203,0.6797,0.3156,0.325,0.0094,7188.11
2024-01-01T12:50:30,0.3232,0.6768,0.3199,0.3264,0.0065,4920.94
2024-01-01T12:51:00,0.3202,0.6798,0.3139,0.3264,0.0125,4687.18
2024-01-01T12:51:30,0.3207,0.6793,0.3104,0.3309,0.0205,4513.9
2024-01-01T12:52:00,0.3195,0.6805,0.311,0.328,0.017,7380.65
2024-01-01T12:52:30,0.3195,0.6805,0.3164,0.3226,0.0062,5894.12
2024-01-01T12:53:00,0.3207,0.6793,0.3145,0.3268,0.0123,5422.09
2024-01-01T12:53:30,0.3179,0.6821,0.3151,0.3208,0.0057,4428.69
2024-01-01T12:54:00,0.3154,0.6846,0.3062,0.3246,0.0184,5227.68
2024-01-01T12:54:30,0.3147,0.6853,0.3059,0.3235,0.0176,6049.57
2024-01-01T12:55:00,0.318,0.682,0.3085,0.3276,0.0191,3921.81
2024-01-01T12:55:30,0.3213,0.6787,0.3138,0.3289,0.0151,7429.28
2024-01-01T12:56:00,0.32,0.68,0.316,0.324,0.0081,8356.26
2024-01-01T12:56:30,0.3205,0.6795,0.3136,0.3273,0.0137,4696.01
2024-01-01T12:57:00,0.3202,0.6798,0.3161,0.3242,0.0082,7861.79
2024-01-01T12:57:30,0.3193,0.6807,0.3103,0.3283,0.0181,4885.45
2024-01-01T12:58:00,0.3186,0.6814,0.3112,0.326,0.0149,6847.53
2024-01-01T12:58:30,0.319,0.681,0.3161,0.3218,0.0057,4637.51
2024-01-01T12:59:00,0.3175,0.6825,0.3108,0.3241,0.0133,8391.38
2024-01-01T12:59:30,0.3135,0.6865,0.305,0.3221,0.017,4765.63
2024-01-01T13:00:00,0.3205,0.6795,0.3127,0.3284,0.0157,7333.18
2024-01-01T13:00:30,0.3171,0.6829,0.3068,0.3274,0.0206,4770.64
2024-01-01T13:01:00,0.3193,0.6807,0.3125,0.3262,0.0138,4873.15
2024-01-01T13:01:30,0.3213,0.6787,0.3119,0.3306,0.0187,8364.8
2024-01-01T13:02:00,0.3202,0.6798,0.3142,0.3262,0.0121,5917.59
2024-01-01T13:02:30,0.3171,0.6829,0.3121,0.3221,0.01,7140.79
2024-01-01T13:03:00,0.3185,0.6815,0.3095,0.3274,0.0179,7647.08
2024-01-01T13:03:30,0.3229,0.6771,0.3207,0.3252,0.0045,4501.95
2024-01-01T13:04:00,0.3205,0.6795,0.3178,0.3231,0.0053,7909.91
2024-01-01T13:04:30,0.3208,0.6792,0.3167,0.3249,0.0083,5808.06
2024-01-01T13:05:00,0.3213,0.6787,0.3185,0.3241,0.0057,7126.73
2024-01-01T13:05:30,0.3185,0.6815,0.3146,0.3225,0.0079,7660.03
2024-01-01T13:06:00,0.3149,0.6851,0.3069,0.3229,0.016,8253.62
2024-01-01T13:06:30,0.3172,0.6828,0.3149,0.3195,0.0047,6276.4
2024-01-01T13:07:00,0.3182,0.6818,0.3151,0.3213,0.0061,5510.52
2024-01-01T13:07:30,0.3166,0.6834,0.3126,0.3207,0.008,8060.71
2024-01-01T13:08:00,0.3202,0.6798,0.3179,0.3225,0.0047,4164.53
2024-01-01T13:08:30,0.3226,0.6774,0.3135,0.3318,0.0183,5698.46
2024-01-01T13:09:00,0.3217,0.6783,0.3133,0.33,0.0167,7777.77
2024-01-01T13:09:30,0.3183,0.6817,0.3086,0.3279,0.0193,5803.64
2024-01-01T13:10:00,0.3182,0.6818,0.3089,0.3276,0.0188,7514.22
2024-01-01T13:10:30,0.3164,0.6836,0.307,0.3258,0.0187,6630.46
2024-01-01T13:11:00,0.3191,0.6809,0.3152,0.3231,0.008,6305.9
2024-01-01T13:11:30,0.3135,0.6865,0.3111,0.3159,0.0048,7994.01
2024-01-01T13:12:00,0.3149,0.6851,0.3084,0.3214,0.0129,5738.61
2024-01-01T13:12:30,0.3149,0.6851,0.3085,0.3213,0.0129,8316.93
2024-01-01T13:13:00,0.3169,0.6831,0.3102,0.3237,0.0134,4695.68
2024-01-01T13:13:30,0.3175,0.6825,0.3111,0.3238,0.0128,3957.39
2024-01-01T13:14:00,0.3113,0.6887,0.3074,0.3153,0.0078,6456.11
2024-01-01T13:14:30,0.3149,0.6851,0.3108,0.3189,0.0081,7346.61
2024-01-01T13:15:00,0.3147,0.6853,0.3045,0.3249,0.0204,6167.51
2024-01-01T13:15:30,0.3144,0.6856,0.3105,0.3183,0.0079,7776.58
2024-01-01T13:16:00,0.316,0.684,0.3136,0.3183,0.0046,8136.45
2024-01-01T13:16:30,0.3189,0.6811,0.3087,0.3291,0.0204,6385.96
2024-01-01T13:17:00,0.322,0.678,0.3189,0.3251,0.0062,5774.81
2024-01-01T13:17:30,0.3173,0.6827,0.3094,0.3251,0.0157,5387.13
2024-01-01T13:18:00,0.3163,0.6837,0.3087,0.324,0.0153,3992.98
2024-01-01T13:18:30,0.3211,0.6789,0.311,0.3311,0.0201,5558.5
2024-01-01T13:19:00,0.3182,0.6818,0.3138,0.3225,0.0087,5120.26
2024-01-01T13:19:30,0.3157,0.6843,0.3115,0.3199,0.0084,4324.45
2024-01-01T13:20:00,0.3205,0.6795,0.316,0.325,0.009,6401.53
2024-01-01T13:20:30,0.3189,0.6811,0.3166,0.3212,0.0047,4260.32
2024-01-01T13:21:00,0.3223,0.6777,0.318,0.3265,0.0085,7673.03
2024-01-01T13:21:30,0.3229,0.6771,0.3189,0.3269,0.0081,7604.01
2024-01-01T13:22:00,0.3196,0.6804,0.3166,0.3227,0.006,6317.82
2024-01-01T13:22:30,0.3146,0.6854,0.3077,0.3215,0.0138,4684.51
2024-01-01T13:23:00,0.3186,0.6814,0.3086,0.3286,0.02,6017.68
2024-01-01T13:23:30,0.3169,0.6831,0.3082,0.3255,0.0173,4876.2
2024-01-01T13:24:00,0.3178,0.6822,0.3085,0.3271,0.0186,6242.29
2024-01-01T13:24:30,0.3182,0.6818,0.3143,0.322,0.0076,7520.73
2024-01-01T13:25:00,0.3192,0.6808,0.3142,0.3242,0.01,7302.63
2024-01-01T13:25:30,0.3166,0.6834,0.3108,0.3224,0.0116,4324.8
2024-01-01T13:26:00,0.3197,0.6803,0.3149,0.3244,0.0094,6618.87
2024-01-01T13:26:30,0.3176,0.6824,0.3136,0.3216,0.0081,4982.02
2024-01-01T13:27:00,0.3197,0.6803,0.3141,0.3253,0.0112,4988.52
2024-01-01T13:27:30,0.3186,0.6814,0.3106,0.3265,0.0159,7549.08
2024-01-01T13:28:00,0.3209,0.6791,0.3118,0.3299,0.0181,7284.93
2024-01-01T13:28:30,0.3221,0.6779,0.3196,0.3245,0.0049,7530.03
2024-01-01T13:29:00,0.3227,0.6773,0.3183,0.3271,0.0088,3779.12
2024-01-01T13:29:30,0.3189,0.6811,0.3109,0.327,0.0161,5023.19
2024-01-01T13:30:00,0.3212,0.6788,0.3177,0.3247,0.007,4851.7
2024-01-01T13:30:30,0.3179,0.6821,0.3151,0.3206,0.0054,7400.98
2024-01-01T13:31:00,0.3165,0.6835,0.3077,0.3253,0.0176,3878.6
2024-01-01T13:31:30,0.3188,0.6812,0.309,0.3286,0.0196,7029.41
2024-01-01T13:32:00,0.3171,0.6829,0.3117,0.3225,0.0108,7065.21
2024-01-01T13:32:30,0.3221,0.6779,0.3117,0.3325,0.0207,5962.82
2024-01-01T13:33:00,0.3215,0.6785,0.3153,0.3276,0.0124,6484.79
2024-01-01T13:33:30,0.3209,0.6791,0.3138,0.3279,0.0141,7832.14
2024-01-01T13:34:00,0.3203,0.6797,0.3176,0.323,0.0054,8484.93
2024-01-01T13:34:30,0.3195,0.6805,0.3157,0.3232,0.0074,7156.54
2024-01-01T13:35:00,0.3214,0.6786,0.3165,0.3263,0.0098,5745.36
2024-01-01T13:35:30,0.3208,0.6792,0.3177,0.3239,0.0061,5822.28
2024-01-01T13:36:00,0.3191,0.6809,0.3141,0.3241,0.01,5672.87
2024-01-01T13:36:30,0.3201,0.6799,0.3138,0.3263,0.0125,7920.91
2024-01-01T13:37:00,0.3212,0.6788,0.3187,0.3238,0.0051,5233.25
2024-01-01T13:37:30,0.3184,0.6816,0.3093,0.3275,0.0182,6977.46
2024-01-01T13:38:00,0.3229,0.6771,0.3133,0.3326,0.0193,5326.99
2024-01-01T13:38:30,0.3205,0.6795,0.3125,0.3285,0.016,4647.71
2024-01-01T13:39:00,0.3225,0.6775,0.3158,0.3291,0.0133,4231.19
2024-01-01T13:39:30,0.3197,0.6803,0.3133,0.3262,0.0129,6139.84
2024-01-01T13:40:00,0.3212,0.6788,0.3115,0.3308,0.0193,5470.09
2024-01-01T13:40:30,0.3222,0.6778,0.3153,0.329,0.0137,7981.76
2024-01-01T13:41:00,0.3192,0.6808,0.3122,0.3263,0.0141,5191.39
2024-01-01T13:41:30,0.3186,0.6814,0.3095,0.3276,0.0181,4025.66
2024-01-01T13:42:00,0.3234,0.6766,0.3184,0.3284,0.0099,4056.14
2024-01-01T13:42:30,0.3269,0.6731,0.3177,0.336,0.0183,7883.86
2024-01-01T13:43:00,0.3281,0.6719,0.3192,0.3371,0.0179,8333.74
2024-01-01T13:43:30,0.3275,0.6725,0.3196,0.3354,0.0159,4811.98
2024-01-01T13:44:00,0.3241,0.6759,0.314,0.3341,0.02,5263.55
2024-01-01T13:44:30,0.3232,0.6768,0.3149,0.3315,0.0166,4912.82
2024-01-01T13:45:00,0.3235,0.6765,0.3193,0.3276,0.0083,5725.28
2024-01-01T13:45:30,0.3257,0.6743,0.3204,0.331,0.0106,3964.42
2024-01-01T13:46:00,0.3261,0.6739,0.3186,0.3337,0.0151,8676.76
2024-01-01T13:46:30,0.324,0.676,0.3193,0.3286,0.0094,6271.45
2024-01-01T13:47:00,0.3244,0.6756,0.3181,0.3307,0.0126,3946.11
2024-01-01T13:47:30,0.3199,0.6801,0.3107,0.329,0.0183,4723.72
2024-01-01T13:48:00,0.3171,0.6829,0.3134,0.3208,0.0075,7120.78
2024-01-01T13:48:30,0.321,0.679,0.3175,0.3246,0.0071,7077.25
2024-01-01T13:49:00,0.319,0.681,0.3092,0.3289,0.0198,3872.14
2024-01-01T13:49:30,0.3205,0.6795,0.3149,0.326,0.0111,4324.12
2024-01-01T13:50:00,0.3205,0.6795,0.3137,0.3274,0.0136,7256.7
2024-01-01T13:50:30,0.3204,0.6796,0.316,0.3247,0.0087,5224.26
2024-01-01T13:51:00,0.3209,0.6791,0.3125,0.3294,0.0169,7678.58
2024-01-01T13:51:30,0.3272,0.6728,0.3229,0.3316,0.0087,3821.11
2024-01-01T13:52:00,0.3285,0.6715,0.3199,0.3371,0.0172,7323.36
2024-01-01T13:52:30,0.3244,0.6756,0.3143,0.3345,0.0202,5529.44
2024-01-01T13:53:00,0.3277,0.6723,0.3173,0.338,0.0207,3986.97
2024-01-01T13:53:30,0.3285,0.6715,0.3248,0.3322,0.0073,5096.21
2024-01-01T13:54:00,0.3287,0.6713,0.3185,0.3388,0.0203,8537.36
2024-01-01T13:54:30,0.3296,0.6704,0.3197,0.3395,0.0198,5268.22
2024-01-01T13:55:00,0.3333,0.6667,0.3305,0.3361,0.0056,7423.28
2024-01-01T13:55:30,0.3338,0.6662,0.3252,0.3424,0.0172,7213.92
2024-01-01T13:56:00,0.3363,0.6637,0.3334,0.3393,0.0059,6139.2
2024-01-01T13:56:30,0.336,0.664,0.3337,0.3384,0.0046,4826.59
2024-01-01T13:57:00,0.3386,0.6614,0.3349,0.3423,0.0074,7182.32
2024-01-01T13:57:30,0.3413,0.6587,0.3325,0.3502,0.0177,5011.01
2024-01-01T13:58:00,0.3447,0.6553,0.3375,0.352,0.0145,4717.7
2024-01-01T13:58:30,0.3427,0.6573,0.3379,0.3474,0.0095,4673.92
2024-01-01T13:59:00,0.3442,0.6558,0.3338,0.3547,0.0209,6229.02
2024-01-01T13:59:30,0.3473,0.6527,0.3375,0.3571,0.0196,7191.15
2024-01-01T14:00:00,0.3503,0.6497,0.3417,0.3589,0.0172,9111.78
2024-01-01T14:00:30,0.3481,0.6519,0.3433,0.3529,0.0096,4786.28
2024-01-01T14:01:00,0.3503,0.6497,0.3396,0.361,0.0214,5691.62
2024-01-01T14:01:30,0.3508,0.6492,0.3449,0.3567,0.0118,4136.08
2024-01-01T14:02:00,0.3525,0.6475,0.348,0.357,0.009,5947.37
2024-01-01T14:02:30,0.3493,0.6507,0.3452,0.3534,0.0082,5640.61
2024-01-01T14:03:00,0.3548,0.6452,0.3525,0.3572,0.0046,5404.47
2024-01-01T14:03:30,0.3598,0.6402,0.3554,0.3641,0.0086,5211.64
2024-01-01T14:04:00,0.3596,0.6404,0.356,0.3632,0.0072,5618.87
2024-01-01T14:04:30,0.3591,0.6409,0.3519,0.3664,0.0145,6582.39
2024-01-01T14:05:00,0.3598,0.6402,0.3576,0.362,0.0044,5335.2
2024-01-01T14:05:30,0.3592,0.6408,0.3506,0.3679,0.0173,7480.54
2024-01-01T14:06:00,0.3622,0.6378,0.36,0.3645,0.0046,4492.43
2024-01-01T14:06:30,0.3648,0.6352,0.3602,0.3693,0.0091,9492.53
2024-01-01T14:07:00,0.3646,0.6354,0.3594,0.3698,0.0104,5752.71
2024-01-01T14:07:30,0.3656,0.6344,0.3593,0.3719,0.0125,5317.39
2024-01-01T14:08:00,0.3681,0.6319,0.3582,0.378,0.0198,6232.0
2024-01-01T14:08:30,0.3685,0.6315,0.3581,0.3788,0.0208,5099.71
2024-01-01T14:09:00,0.3687,0.6313,0.3602,0.3772,0.0169,7520.88
2024-01-01T14:09:30,0.3744,0.6256,0.3655,0.3833,0.0179,4792.2
2024-01-01T14:10:00,0.3747,0.6253,0.3648,0.3846,0.0198,5329.87
2024-01-01T14:10:30,0.374,0.626,0.3643,0.3838,0.0195,4374.47
2024-01-01T14:11:00,0.3778,0.6222,0.3692,0.3864,0.0172,4867.2
2024-01-01T14:11:30,0.3782,0.6218,0.3753,0.381,0.0057,6274.19
2024-01-01T14:12:00,0.38,0.62,0.3743,0.3857,0.0113,9676.78
2024-01-01T14:12:30,0.382,0.618,0.3743,0.3896,0.0152,5506.71
2024-01-01T14:13:00,0.3838,0.6162,0.3795,0.3881,0.0086,5996.7
2024-01-01T14:13:30,0.3851,0.6149,0.3752,0.395,0.0198,6544.95
2024-01-01T14:14:00,0.3891,0.6109,0.3786,0.3995,0.0209,4605.1
2024-01-01T14:14:30,0.3846,0.6154,0.374,0.3951,0.0211,5163.02
2024-01-01T14:15:00,0.3894,0.6106,0.3858,0.3931,0.0072,5224.08
2024-01-01T14:15:30,0.3897,0.6103,0.3803,0.3992,0.0189,4731.65
2024-01-01T14:16:00,0.3892,0.6108,0.3848,0.3936,0.0088,8160.25
2024-01-01T14:16:30,0.3928,0.6072,0.3901,0.3955,0.0054,7239.96
2024-01-01T14:17:00,0.3964,0.6036,0.3894,0.4033,0.0139,4485.05
2024-01-01T14:17:30,0.394,0.606,0.3872,0.4008,0.0136,9178.78
2024-01-01T14:18:00,0.3987,0.6013,0.3874,0.4099,0.0225,7331.57
2024-01-01T14:18:30,0.4007,0.5993,0.3975,0.4039,0.0063,4916.56
2024-01-01T14:19:00,0.4003,0.5997,0.3928,0.4078,0.015,5208.37
2024-01-01T14:19:30,0.4002,0.5998,0.3891,0.4113,0.0223,8100.63
2024-01-01T14:20:00,0.4037,0.5963,0.399,0.4085,0.0095,9566.87
2024-01-01T14:20:30,0.4086,0.5914,0.3988,0.4184,0.0197,5081.27
2024-01-01T14:21:00,0.4061,0.5939,0.4034,0.4087,0.0053,9070.51
2024-01-01T14:21:30,0.4059,0.5941,0.3973,0.4145,0.0171,5760.28
2024-01-01T14:22:00,0.408,0.592,0.3994,0.4167,0.0172,5300.63
2024-01-01T14:22:30,0.4098,0.5902,0.4022,0.4173,0.0151,6136.84
2024-01-01T14:23:00,0.4124,0.5876,0.409,0.4159,0.0068,8078.35
2024-01-01T14:23:30,0.4136,0.5864,0.4026,0.4246,0.0221,5169.53
2024-01-01T14:24:00,0.413,0.587,0.406,0.4199,0.0139,7155.98
2024-01-01T14:24:30,0.4164,0.5836,0.4056,0.4273,0.0217,8065.43
2024-01-01T14:25:00,0.4184,0.5816,0.4119,0.4249,0.0129,5526.73
2024-01-01T14:25:30,0.417,0.583,0.4089,0.425,0.0161,6047.74
2024-01-01T14:26:00,0.4182,0.5818,0.4076,0.4289,0.0213,6950.56
2024-01-01T14:26:30,0.4216,0.5784,0.412,0.4311,0.0191,5348.27
2024-01-01T14:27:00,0.4188,0.5812,0.4128,0.4249,0.0121,8270.2
2024-01-01T14:27:30,0.4219,0.5781,0.4176,0.4262,0.0086,7592.74
2024-01-01T14:28:00,0.4208,0.5792,0.4129,0.4287,0.0158,10233.03
2024-01-01T14:28:30,0.4263,0.5737,0.4158,0.4368,0.021,7633.88
2024-01-01T14:29:00,0.4294,0.5706,0.4236,0.4352,0.0116,9810.95
2024-01-01T14:29:30,0.4269,0.5731,0.4162,0.4376,0.0214,7276.31
2024-01-01T14:30:00,0.4277,0.5723,0.422,0.4334,0.0115,10418.46
2024-01-01T14:30:30,0.4306,0.5694,0.427,0.4343,0.0073,7143.54
2024-01-01T14:31:00,0.4305,0.5695,0.4237,0.4373,0.0136,9200.51
2024-01-01T14:31:30,0.4301,0.5699,0.4248,0.4353,0.0105,9737.99
2024-01-01T14:32:00,0.4318,0.5682,0.4235,0.4402,0.0167,8576.14
2024-01-01T14:32:30,0.4328,0.5672,0.4285,0.4371,0.0086,8080.91
2024-01-01T14:33:00,0.4375,0.5625,0.4332,0.4418,0.0086,9878.89
2024-01-01T14:33:30,0.4406,0.5594,0.4358,0.4454,0.0096,8174.23
2024-01-01T14:34:00,0.4432,0.5568,0.4402,0.4463,0.0061,4947.83
2024-01-01T14:34:30,0.4466,0.5534,0.4349,0.4582,0.0233,10680.96
2024-01-01T14:35:00,0.4479,0.5521,0.4393,0.4566,0.0173,10543.65
2024-01-01T14:35:30,0.4463,0.5537,0.4368,0.4558,0.019,6001.68
2024-01-01T14:36:00,0.4481,0.5519,0.4442,0.4519,0.0077,6375.69
2024-01-01T14:36:30,0.4484,0.5516,0.4406,0.4562,0.0156,11388.35
2024-01-01T14:37:00,0.4532,0.5468,0.447,0.4594,0.0124,8706.42
2024-01-01T14:37:30,0.3329,0.6671,0.3271,0.3388,0.0117,7668.88
2024-01-01T14:38:00,0.3288,0.6712,0.3252,0.3323,0.007,8326.57
2024-01-01T14:38:30,0.324,0.676,0.3183,0.3298,0.0115,5721.88
2024-01-01T14:39:00,0.3218,0.6782,0.3153,0.3282,0.0129,5246.8
2024-01-01T14:39:30,0.3239,0.6761,0.3149,0.3328,0.018,8222.32
2024-01-01T14:40:00,0.3236,0.6764,0.3148,0.3324,0.0175,5018.69
2024-01-01T14:40:30,0.3229,0.6771,0.313,0.3328,0.0199,5585.75
2024-01-01T14:41:00,0.3242,0.6758,0.3145,0.3338,0.0193,4908.81
2024-01-01T14:41:30,0.3237,0.6763,0.3197,0.3277,0.008,7443.0
2024-01-01T14:42:00,0.3255,0.6745,0.3177,0.3333,0.0156,6607.99
2024-01-01T14:42:30,0.3279,0.6721,0.3175,0.3384,0.0209,8672.04
2024-01-01T14:43:00,0.3313,0.6687,0.3278,0.3348,0.0069,7959.05
2024-01-01T14:43:30,0.3296,0.6704,0.3224,0.3369,0.0145,5495.19
2024-01-01T14:44:00,0.3275,0.6725,0.3187,0.3364,0.0177,4802.84
2024-01-01T14:44:30,0.3318,0.6682,0.323,0.3406,0.0176,6521.51
2024-01-01T14:45:00,0.3334,0.6666,0.3299,0.3368,0.0069,4364.68
2024-01-01T14:45:30,0.3331,0.6669,0.3252,0.341,0.0158,8400.05
2024-01-01T14:46:00,0.3373,0.6627,0.3326,0.342,0.0094,5111.96
2024-01-01T14:46:30,0.339,0.661,0.3348,0.3432,0.0084,5513.09
2024-01-01T14:47:00,0.3417,0.6583,0.3331,0.3502,0.0171,5030.95
2024-01-01T14:47:30,0.3445,0.6555,0.342,0.347,0.0049,5121.92
2024-01-01T14:48:00,0.3447,0.6553,0.3354,0.3541,0.0186,5664.85
2024-01-01T14:48:30,0.3414,0.6586,0.3371,0.3457,0.0086,6153.45
2024-01-01T14:49:00,0.3431,0.6569,0.3347,0.3515,0.0168,4883.0
2024-01-01T14:49:30,0.3429,0.6571,0.3336,0.3522,0.0186,6186.59
2024-01-01T14:50:00,0.3447,0.6553,0.3388,0.3506,0.0118,6460.62
2024-01-01T14:50:30,0.3487,0.6513,0.3382,0.3592,0.021,8660.41
2024-01-01T14:51:00,0.3483,0.6517,0.3403,0.3564,0.0161,7714.08
2024-01-01T14:51:30,0.3499,0.6501,0.3417,0.3581,0.0164,6391.82
2024-01-01T14:52:00,0.352,0.648,0.3448,0.3591,0.0143,8765.64
2024-01-01T14:52:30,0.3524,0.6476,0.3447,0.3602,0.0155,7800.42
2024-01-01T14:53:00,0.3557,0.6443,0.3516,0.3598,0.0081,6195.53
2024-01-01T14:53:30,0.3543,0.6457,0.3451,0.3635,0.0185,8109.03
2024-01-01T14:54:00,0.358,0.642,0.3524,0.3636,0.0113,7046.22
2024-01-01T14:54:30,0.3601,0.6399,0.353,0.3672,0.0142,6047.96
2024-01-01T14:55:00,0.3597,0.6403,0.351,0.3685,0.0175,8395.29
2024-01-01T14:55:30,0.3636,0.6364,0.3545,0.3728,0.0183,8329.57
2024-01-01T14:56:00,0.3625,0.6375,0.3585,0.3666,0.0081,5715.5
2024-01-01T14:56:30,0.3653,0.6347,0.3631,0.3676,0.0045,5541.68
2024-01-01T14:57:00,0.3626,0.6374,0.3558,0.3694,0.0137,9387.35
2024-01-01T14:57:30,0.3676,0.6324,0.3603,0.3749,0.0146,7513.7
2024-01-01T14:58:00,0.3686,0.6314,0.3654,0.3718,0.0063,6732.09
2024-01-01T14:58:30,0.3695,0.6305,0.3589,0.38,0.0211,6825.8
2024-01-01T14:59:00,0.3729,0.6271,0.3671,0.3788,0.0117,7509.93
2024-01-01T14:59:30,0.3752,0.6248,0.3654,0.385,0.0196,7978.83
2024-01-01T15:00:00,0.3772,0.6228,0.3678,0.3866,0.0188,8864.94
2024-01-01T15:00:30,0.3753,0.6247,0.3649,0.3856,0.0207,5409.98
2024-01-01T15:01:00,0.3724,0.6276,0.3649,0.38,0.0152,8521.87
2024-01-01T15:01:30,0.3784,0.6216,0.3747,0.382,0.0073,7482.35
2024-01-01T15:02:00,0.381,0.619,0.3763,0.3857,0.0094,8173.03
2024-01-01T15:02:30,0.3832,0.6168,0.3746,0.3917,0.0171,8371.6
2024-01-01T15:03:00,0.3837,0.6163,0.3736,0.3939,0.0203,7451.46
2024-01-01T15:03:30,0.3855,0.6145,0.3785,0.3925,0.014,6798.42
2024-01-01T15:04:00,0.3873,0.6127,0.3785,0.396,0.0175,6103.54
2024-01-01T15:04:30,0.3936,0.6064,0.3912,0.3959,0.0047,7655.64
2024-01-01T15:05:00,0.3896,0.6104,0.3862,0.3931,0.0069,6423.86
2024-01-01T15:05:30,0.3907,0.6093,0.3883,0.3931,0.0048,4483.93
2024-01-01T15:06:00,0.3929,0.6071,0.3883,0.3975,0.0092,6820.06
2024-01-01T15:06:30,0.3921,0.6079,0.3857,0.3985,0.0127,6009.95
2024-01-01T15:07:00,0.3945,0.6055,0.3861,0.4028,0.0167,7459.34
2024-01-01T15:07:30,0.3953,0.6047,0.3864,0.4042,0.0178,7944.19
2024-01-01T15:08:00,0.398,0.602,0.3871,0.4089,0.0218,8389.46
2024-01-01T15:08:30,0.3963,0.6037,0.3896,0.403,0.0134,7034.97
2024-01-01T15:09:00,0.399,0.601,0.3957,0.4024,0.0067,7772.15
2024-01-01T15:09:30,0.4026,0.5974,0.3994,0.4058,0.0063,6532.28
2024-01-01T15:10:00,0.4055,0.5945,0.3974,0.4135,0.0162,7602.89
2024-01-01T15:10:30,0.4075,0.5925,0.3994,0.4157,0.0162,6372.14
2024-01-01T15:11:00,0.4052,0.5948,0.4,0.4104,0.0103,10102.53
2024-01-01T15:11:30,0.4078,0.5922,0.3972,0.4184,0.0212,6691.39
2024-01-01T15:12:00,0.4076,0.5924,0.3963,0.4189,0.0227,7659.66
2024-01-01T15:12:30,0.406,0.594,0.3991,0.4129,0.0138,4953.66
2024-01-01T15:13:00,0.4097,0.5903,0.4052,0.4143,0.009,6699.34
2024-01-01T15:13:30,0.4089,0.5911,0.4044,0.4135,0.0091,5196.85
2024-01-01T15:14:00,0.4103,0.5897,0.3989,0.4217,0.0228,8924.98
2024-01-01T15:14:30,0.4121,0.5879,0.4062,0.4181,0.0119,8352.9
2024-01-01T15:15:00,0.4109,0.5891,0.4014,0.4205,0.019,5794.09
2024-01-01T15:15:30,0.419,0.581,0.4143,0.4238,0.0095,8030.57
2024-01-01T15:16:00,0.419,0.581,0.4097,0.4284,0.0186,6252.15
2024-01-01T15:16:30,0.4218,0.5782,0.4159,0.4277,0.0118,6627.55
2024-01-01T15:17:00,0.4191,0.5809,0.4155,0.4226,0.0071,8719.34
2024-01-01T15:17:30,0.4224,0.5776,0.4155,0.4293,0.0138,7631.23
2024-01-01T15:18:00,0.4258,0.5742,0.4144,0.4373,0.0229,9794.75
2024-01-01T15:18:30,0.4262,0.5738,0.4187,0.4338,0.0151,7651.34
2024-01-01T15:19:00,0.4264,0.5736,0.4221,0.4307,0.0086,5468.77
2024-01-01T15:19:30,0.4287,0.5713,0.4182,0.4393,0.0211,5940.74
2024-01-01T15:20:00,0.4323,0.5677,0.4214,0.4432,0.0217,8025.23
2024-01-01T15:20:30,0.4325,0.5675,0.4224,0.4426,0.0202,6738.17
2024-01-01T15:21:00,0.4337,0.5663,0.4232,0.4442,0.021,10067.56
2024-01-01T15:21:30,0.435,0.565,0.43,0.44,0.01,7284.45
2024-01-01T15:22:00,0.4349,0.5651,0.4277,0.4422,0.0145,11084.85
2024-01-01T15:22:30,0.4373,0.5627,0.4308,0.4438,0.0129,11059.81
2024-01-01T15:23:00,0.4373,0.5627,0.4346,0.4401,0.0055,7475.72
2024-01-01T15:23:30,0.4363,0.5637,0.4321,0.4406,0.0085,5678.41
2024-01-01T15:24:00,0.44,0.56,0.4298,0.4502,0.0204,10953.31
2024-01-01T15:24:30,0.4388,0.5612,0.4321,0.4455,0.0134,11003.69
2024-01-01T15:25:00,0.4407,0.5593,0.4324,0.4489,0.0164,9042.39
2024-01-01T15:25:30,0.4418,0.5582,0.431,0.4526,0.0216,5965.47
2024-01-01T15:26:00,0.4485,0.5515,0.4452,0.4518,0.0066,7119.19
2024-01-01T15:26:30,0.4502,0.5498,0.4397,0.4607,0.0211,11458.35
2024-01-01T15:27:00,0.4517,0.5483,0.4444,0.4589,0.0146,4994.27
2024-01-01T15:27:30,0.452,0.548,0.4435,0.4605,0.017,6625.17
2024-01-01T15:28:00,0.4567,0.5433,0.4469,0.4665,0.0196,6128.93
2024-01-01T15:28:30,0.4573,0.5427,0.4528,0.4617,0.0089,7506.76
2024-01-01T15:29:00,0.4551,0.5449,0.4442,0.466,0.0218,10792.63
2024-01-01T15:29:30,0.4559,0.5441,0.4441,0.4677,0.0236,7015.85
2024-01-01T15:30:00,0.4617,0.5383,0.4578,0.4655,0.0077,5737.47
2024-01-01T15:30:30,0.4588,0.5412,0.4497,0.468,0.0183,7016.16
2024-01-01T15:31:00,0.4568,0.5432,0.4516,0.462,0.0104,7337.48
2024-01-01T15:31:30,0.4612,0.5388,0.4562,0.4662,0.01,8701.84
2024-01-01T15:32:00,0.4639,0.5361,0.4549,0.473,0.0182,10557.55
2024-01-01T15:32:30,0.4622,0.5378,0.4536,0.4708,0.0172,8213.43
2024-01-01T15:33:00,0.4616,0.5384,0.4556,0.4676,0.012,9676.59
2024-01-01T15:33:30,0.4668,0.5332,0.4634,0.4701,0.0068,8442.32
2024-01-01T15:34:00,0.4689,0.5311,0.4592,0.4786,0.0194,7682.55
2024-01-01T15:34:30,0.4664,0.5336,0.4588,0.4739,0.0151,6762.05
2024-01-01T15:35:00,0.4677,0.5323,0.4634,0.472,0.0086,8673.59
2024-01-01T15:35:30,0.4667,0.5333,0.4557,0.4777,0.0221,9841.36
2024-01-01T15:36:00,0.4674,0.5326,0.4577,0.4772,0.0195,11613.15
2024-01-01T15:36:30,0.4674,0.5326,0.4627,0.472,0.0093,10851.94
2024-01-01T15:37:00,0.4693,0.5307,0.4601,0.4786,0.0185,8806.09
2024-01-01T15:37:30,0.4641,0.5359,0.4545,0.4738,0.0194,6934.71
2024-01-01T15:38:00,0.4666,0.5334,0.4631,0.4702,0.0072,5650.48
2024-01-01T15:38:30,0.4648,0.5352,0.4614,0.4681,0.0066,5463.89
2024-01-01T15:39:00,0.4715,0.5285,0.468,0.475,0.007,5701.82
2024-01-01T15:39:30,0.4716,0.5284,0.4639,0.4794,0.0155,11150.33
2024-01-01T15:40:00,0.4698,0.5302,0.4651,0.4746,0.0095,9046.56
2024-01-01T15:40:30,0.4651,0.5349,0.462,0.4681,0.0061,8699.07
2024-01-01T15:41:00,0.4657,0.5343,0.4547,0.4767,0.022,6728.73
2024-01-01T15:41:30,0.4695,0.5305,0.4639,0.4751,0.0112,10926.27
2024-01-01T15:42:00,0.4629,0.5371,0.4583,0.4675,0.0092,10441.9
2024-01-01T15:42:30,0.4663,0.5337,0.4582,0.4744,0.0162,9163.06
2024-01-01T15:43:00,0.4649,0.5351,0.4601,0.4698,0.0098,6839.35
2024-01-01T15:43:30,0.4636,0.5364,0.4583,0.4688,0.0105,8249.14
2024-01-01T15:44:00,0.4633,0.5367,0.4543,0.4723,0.0179,9696.7
2024-01-01T15:44:30,0.4629,0.5371,0.458,0.4677,0.0097,10710.0
2024-01-01T15:45:00,0.4663,0.5337,0.4623,0.4704,0.0081,11662.37
2024-01-01T15:45:30,0.4659,0.5341,0.4604,0.4715,0.0111,6510.61
2024-01-01T15:46:00,0.4626,0.5374,0.4538,0.4715,0.0177,11709.04
2024-01-01T15:46:30,0.4623,0.5377,0.4505,0.4741,0.0236,9422.64
2024-01-01T15:47:00,0.4661,0.5339,0.456,0.4763,0.0203,9246.78
2024-01-01T15:47:30,0.4675,0.5325,0.4633,0.4717,0.0084,8262.45
2024-01-01T15:48:00,0.4645,0.5355,0.4614,0.4677,0.0064,8335.45
2024-01-01T15:48:30,0.4687,0.5313,0.4587,0.4787,0.02,8220.02
2024-01-01T15:49:00,0.4701,0.5299,0.4591,0.4811,0.022,10095.6
2024-01-01T15:49:30,0.4666,0.5334,0.4639,0.4692,0.0054,9203.78
2024-01-01T15:50:00,0.4703,0.5297,0.4678,0.4728,0.005,9163.01
2024-01-01T15:50:30,0.4685,0.5315,0.4642,0.4727,0.0085,8437.84
2024-01-01T15:51:00,0.4676,0.5324,0.4569,0.4782,0.0213,5995.12
2024-01-01T15:51:30,0.4695,0.5305,0.4584,0.4805,0.0221,11177.25
2024-01-01T15:52:00,0.4645,0.5355,0.4612,0.4678,0.0066,8109.14
2024-01-01T15:52:30,0.4656,0.5344,0.4569,0.4743,0.0174,7174.13
2024-01-01T15:53:00,0.4645,0.5355,0.4559,0.4731,0.0172,11491.51
2024-01-01T15:53:30,0.4663,0.5337,0.4613,0.4713,0.0099,10097.12
2024-01-01T15:54:00,0.4643,0.5357,0.4585,0.4701,0.0117,8642.39
2024-01-01T15:54:30,0.4627,0.5373,0.4556,0.4698,0.0141,6272.74
2024-01-01T15:55:00,0.4622,0.5378,0.4521,0.4724,0.0203,5917.28
2024-01-01T15:55:30,0.4619,0.5381,0.4542,0.4696,0.0153,7614.86
2024-01-01T15:56:00,0.4625,0.5375,0.4541,0.471,0.0169,8222.33
2024-01-01T15:56:30,0.4669,0.5331,0.4597,0.4742,0.0146,10947.47
2024-01-01T15:57:00,0.4675,0.5325,0.464,0.4709,0.0068,7871.3
2024-01-01T15:57:30,0.4691,0.5309,0.4657,0.4725,0.0068,7149.87
2024-01-01T15:58:00,0.4675,0.5325,0.4638,0.4712,0.0074,10331.17
2024-01-01T15:58:30,0.4689,0.5311,0.4645,0.4732,0.0087,8437.35
2024-01-01T15:59:00,0.469,0.531,0.4585,0.4794,0.0209,11211.09
2024-01-01T15:59:30,0.4666,0.5334,0.4629,0.4704,0.0075,9149.75
2024-01-01T16:00:00,0.4692,0.5308,0.4585,0.4799,0.0214,6857.52
2024-01-01T16:00:30,0.4671,0.5329,0.4619,0.4723,0.0104,8691.38
2024-01-01T16:01:00,0.471,0.529,0.4621,0.4798,0.0176,11581.61
2024-01-01T16:01:30,0.4718,0.5282,0.4687,0.4749,0.0062,9545.43
2024-01-01T16:02:00,0.4657,0.5343,0.4598,0.4717,0.0119,8882.28
2024-01-01T16:02:30,0.4686,0.5314,0.4651,0.4721,0.007,7914.93
2024-01-01T16:03:00,0.4672,0.5328,0.458,0.4765,0.0185,11465.42
2024-01-01T16:03:30,0.4666,0.5334,0.4557,0.4776,0.0219,8005.45
2024-01-01T16:04:00,0.4667,0.5333,0.4627,0.4707,0.008,5283.99
2024-01-01T16:04:30,0.4643,0.5357,0.4549,0.4738,0.0188,9384.45
2024-01-01T16:05:00,0.4667,0.5333,0.4565,0.4769,0.0204,7389.67
2024-01-01T16:05:30,0.4649,0.5351,0.4552,0.4746,0.0194,7737.75
2024-01-01T16:06:00,0.4638,0.5362,0.4578,0.4698,0.012,5952.83
2024-01-01T16:06:30,0.4671,0.5329,0.4633,0.471,0.0078,9294.1
2024-01-01T16:07:00,0.4687,0.5313,0.4595,0.4779,0.0185,10542.16
2024-01-01T16:07:30,0.4665,0.5335,0.4635,0.4694,0.0059,10089.41
2024-01-01T16:08:00,0.4693,0.5307,0.4605,0.4781,0.0177,6003.59
2024-01-01T16:08:30,0.4701,0.5299,0.459,0.4811,0.0221,9617.2
2024-01-01T16:09:00,0.4704,0.5296,0.4592,0.4816,0.0223,8855.09
2024-01-01T16:09:30,0.4688,0.5312,0.4645,0.4732,0.0087,10650.46
2024-01-01T16:10:00,0.4726,0.5274,0.4656,0.4796,0.014,8183.75
2024-01-01T16:10:30,0.4713,0.5287,0.4632,0.4794,0.0162,5480.16
2024-01-01T16:11:00,0.4732,0.5268,0.468,0.4784,0.0104,8824.28
2024-01-01T16:11:30,0.472,0.528,0.4641,0.4799,0.0158,11745.82
2024-01-01T16:12:00,0.4672,0.5328,0.4562,0.4782,0.022,11280.8
2024-01-01T16:12:30,0.4692,0.5308,0.4603,0.478,0.0177,10703.8
2024-01-01T16:13:00,0.4735,0.5265,0.4677,0.4794,0.0117,11278.56
2024-01-01T16:13:30,0.4756,0.5244,0.4648,0.4863,0.0215,8607.29
2024-01-01T16:14:00,0.4688,0.5312,0.4626,0.4749,0.0123,8441.8
2024-01-01T16:14:30,0.4712,0.5288,0.4592,0.4833,0.0241,8123.49
2024-01-01T16:15:00,0.4694,0.5306,0.4658,0.4729,0.0071,6808.02
2024-01-01T16:15:30,0.4663,0.5337,0.4543,0.4782,0.0239,11411.63
2024-01-01T16:16:00,0.4676,0.5324,0.4617,0.4735,0.0118,11597.61
2024-01-01T16:16:30,0.469,0.531,0.4613,0.4768,0.0155,6137.82
2024-01-01T16:17:00,0.4677,0.5323,0.4624,0.473,0.0106,5521.66
2024-01-01T16:17:30,0.4677,0.5323,0.4596,0.4759,0.0162,8472.1
2024-01-01T16:18:00,0.4665,0.5335,0.4627,0.4703,0.0076,6556.37
2024-01-01T16:18:30,0.4698,0.5302,0.4614,0.4782,0.0168,5756.94
2024-01-01T16:19:00,0.4664,0.5336,0.4568,0.476,0.0193,11086.82
2024-01-01T16:19:30,0.4649,0.5351,0.456,0.4739,0.0179,6628.72
2024-01-01T16:20:00,0.4672,0.5328,0.4575,0.4768,0.0194,5471.61
2024-01-01T16:20:30,0.4664,0.5336,0.4608,0.4721,0.0113,6062.48
2024-01-01T16:21:00,0.4674,0.5326,0.4582,0.4766,0.0184,8218.65
2024-01-01T16:21:30,0.4637,0.5363,0.4612,0.4662,0.005,10676.47
2024-01-01T16:22:00,0.4676,0.5324,0.4607,0.4745,0.0138,9768.9
2024-01-01T16:22:30,0.4683,0.5317,0.4637,0.4729,0.0092,5367.09
2024-01-01T16:23:00,0.4651,0.5349,0.4534,0.4767,0.0233,10647.48
2024-01-01T16:23:30,0.4656,0.5344,0.4601,0.4711,0.011,7984.94
2024-01-01T16:24:00,0.4668,0.5332,0.4639,0.4697,0.0058,5505.68
2024-01-01T16:24:30,0.466,0.534,0.4573,0.4746,0.0173,8865.81
2024-01-01T16:25:00,0.4662,0.5338,0.4636,0.4688,0.0052,5357.43
2024-01-01T16:25:30,0.4671,0.5329,0.4644,0.4697,0.0052,10720.29
2024-01-01T16:26:00,0.4686,0.5314,0.4571,0.4801,0.023,10206.3
2024-01-01T16:26:30,0.4658,0.5342,0.4555,0.4761,0.0206,11457.48
2024-01-01T16:27:00,0.4671,0.5329,0.4617,0.4725,0.0108,10161.4
2024-01-01T16:27:30,0.466,0.534,0.4629,0.4691,0.0061,5639.38
2024-01-01T16:28:00,0.4676,0.5324,0.4601,0.475,0.0149,7679.37
2024-01-01T16:28:30,0.4676,0.5324,0.461,0.4743,0.0133,6511.21
2024-01-01T16:29:00,0.4678,0.5322,0.4599,0.4756,0.0157,9297.85
2024-01-01T16:29:30,0.4671,0.5329,0.4623,0.4719,0.0097,7501.65
2024-01-01T16:30:00,0.4662,0.5338,0.4558,0.4766,0.0209,11723.5
2024-01-01T16:30:30,0.4679,0.5321,0.463,0.4729,0.0099,8210.02
2024-01-01T16:31:00,0.4716,0.5284,0.4635,0.4797,0.0162,10014.71
2024-01-01T16:31:30,0.4682,0.5318,0.458,0.4784,0.0204,8066.05
2024-01-01T16:32:00,0.4612,0.5388,0.4499,0.4725,0.0226,11181.84
2024-01-01T16:32:30,0.4665,0.5335,0.4549,0.478,0.0231,11033.84
2024-01-01T16:33:00,0.4658,0.5342,0.461,0.4705,0.0095,6121.31
2024-01-01T16:33:30,0.4698,0.5302,0.458,0.4817,0.0237,10654.29
2024-01-01T16:34:00,0.4666,0.5334,0.4571,0.4762,0.0191,10965.25
2024-01-01T16:34:30,0.4617,0.5383,0.4553,0.4681,0.0127,10714.75
2024-01-01T16:35:00,0.4648,0.5352,0.4563,0.4734,0.017,11612.29
2024-01-01T16:35:30,0.4629,0.5371,0.4527,0.4731,0.0204,6055.66
2024-01-01T16:36:00,0.4643,0.5357,0.4573,0.4712,0.0138,8926.16
2024-01-01T16:36:30,0.4641,0.5359,0.4552,0.4729,0.0177,5290.43
2024-01-01T16:37:00,0.466,0.534,0.4608,0.4712,0.0103,7799.01
2024-01-01T16:37:30,0.4673,0.5327,0.4617,0.4729,0.0113,5546.98
2024-01-01T16:38:00,0.4674,0.5326,0.4581,0.4767,0.0185,6565.94
2024-01-01T16:38:30,0.4691,0.5309,0.4624,0.4759,0.0135,6641.7
2024-01-01T16:39:00,0.4689,0.5311,0.457,0.4808,0.0237,9993.99
2024-01-01T16:39:30,0.4681,0.5319,0.4641,0.4721,0.008,10401.71
2024-01-01T16:40:00,0.4652,0.5348,0.4575,0.473,0.0154,10898.33
2024-01-01T16:40:30,0.4653,0.5347,0.456,0.4746,0.0186,10961.71
2024-01-01T16:41:00,0.4682,0.5318,0.4565,0.4799,0.0234,10038.74
2024-01-01T16:41:30,0.4669,0.5331,0.4639,0.4698,0.0059,10857.58
2024-01-01T16:42:00,0.469,0.531,0.4643,0.4737,0.0094,6665.0
2024-01-01T16:42:30,0.4673,0.5327,0.4605,0.4742,0.0137,10643.36
2024-01-01T16:43:00,0.469,0.531,0.4615,0.4765,0.015,8440.19
2024-01-01T16:43:30,0.4706,0.5294,0.4613,0.4799,0.0186,7538.4
2024-01-01T16:44:00,0.4741,0.5259,0.4664,0.4817,0.0152,7858.53
2024-01-01T16:44:30,0.4701,0.5299,0.4597,0.4804,0.0207,8583.84
2024-01-01T16:45:00,0.4686,0.5314,0.4633,0.4738,0.0105,11609.44
2024-01-01T16:45:30,0.4672,0.5328,0.4641,0.4702,0.0061,5644.54
2024-01-01T16:46:00,0.4681,0.5319,0.461,0.4753,0.0143,9339.49
2024-01-01T16:46:30,0.4668,0.5332,0.4569,0.4767,0.0197,9322.99
2024-01-01T16:47:00,0.4693,0.5307,0.4583,0.4803,0.022,9678.96
2024-01-01T16:47:30,0.4643,0.5357,0.4522,0.4764,0.0242,6307.88
2024-01-01T16:48:00,0.4699,0.5301,0.4617,0.4782,0.0166,6140.29
2024-01-01T16:48:30,0.4678,0.5322,0.4631,0.4725,0.0094,6272.77
2024-01-01T16:49:00,0.4672,0.5328,0.4568,0.4775,0.0207,7547.88
2024-01-01T16:49:30,0.4684,0.5316,0.4578,0.4789,0.0211,10417.58
2024-01-01T16:50:00,0.4671,0.5329,0.464,0.4702,0.0062,5503.44
2024-01-01T16:50:30,0.4654,0.5346,0.4589,0.4719,0.013,5747.18
2024-01-01T16:51:00,0.4663,0.5337,0.4603,0.4723,0.012,7151.04
2024-01-01T16:51:30,0.4686,0.5314,0.4607,0.4764,0.0156,9449.79
2024-01-01T16:52:00,0.4698,0.5302,0.4665,0.4732,0.0067,7636.09
2024-01-01T16:52:30,0.4664,0.5336,0.4556,0.4772,0.0215,5155.86
2024-01-01T16:53:00,0.469,0.531,0.4612,0.4769,0.0157,11787.98
2024-01-01T16:53:30,0.4664,0.5336,0.4576,0.4752,0.0176,10637.51
2024-01-01T16:54:00,0.4668,0.5332,0.4634,0.4702,0.0068,7635.05
2024-01-01T16:54:30,0.4658,0.5342,0.4598,0.4717,0.0119,9923.32
2024-01-01T16:55:00,0.4672,0.5328,0.4573,0.4771,0.0198,5483.54
2024-01-01T16:55:30,0.4667,0.5333,0.4608,0.4725,0.0117,6663.48
2024-01-01T16:56:00,0.4668,0.5332,0.4633,0.4702,0.007,11452.59
2024-01-01T16:56:30,0.4688,0.5312,0.4616,0.476,0.0144,5464.98
2024-01-01T16:57:00,0.4634,0.5366,0.4597,0.467,0.0073,7788.36
2024-01-01T16:57:30,0.4637,0.5363,0.4541,0.4734,0.0193,11022.17
2024-01-01T16:58:00,0.4652,0.5348,0.4623,0.4681,0.0058,9584.96
2024-01-01T16:58:30,0.4735,0.5265,0.4661,0.4809,0.0149,7860.38
2024-01-01T16:59:00,0.4696,0.5304,0.4619,0.4774,0.0156,7722.26
2024-01-01T16:59:30,0.4697,0.5303,0.4667,0.4727,0.0061,7139.97
2024-01-01T17:00:00,0.4675,0.5325,0.4638,0.4712,0.0074,8977.88
2024-01-01T17:00:30,0.4648,0.5352,0.4614,0.4682,0.0068,5429.51
2024-01-01T17:01:00,0.4641,0.5359,0.4599,0.4683,0.0084,7711.4
2024-01-01T17:01:30,0.4659,0.5341,0.4618,0.47,0.0083,8626.27
2024-01-01T17:02:00,0.4621,0.5379,0.4546,0.4697,0.0151,7763.28
2024-01-01T17:02:30,0.4635,0.5365,0.4586,0.4685,0.0099,6373.46
2024-01-01T17:03:00,0.468,0.532,0.4631,0.4729,0.0097,10413.47
2024-01-01T17:03:30,0.4656,0.5344,0.4607,0.4705,0.0097,10042.13
2024-01-01T17:04:00,0.4662,0.5338,0.462,0.4704,0.0084,10671.17
2024-01-01T17:04:30,0.4631,0.5369,0.4567,0.4695,0.0127,10541.54
2024-01-01T17:05:00,0.4631,0.5369,0.4538,0.4723,0.0185,5381.92
2024-01-01T17:05:30,0.4585,0.5415,0.4524,0.4646,0.0122,10609.67
2024-01-01T17:06:00,0.4538,0.5462,0.4455,0.4621,0.0166,6161.48
2024-01-01T17:06:30,0.451,0.549,0.4477,0.4543,0.0066,6226.7
2024-01-01T17:07:00,0.4498,0.5502,0.4409,0.4587,0.0178,10848.86
2024-01-01T17:07:30,0.4482,0.5518,0.4393,0.457,0.0178,6517.52
2024-01-01T17:08:00,0.4493,0.5507,0.438,0.4607,0.0227,8423.26
2024-01-01T17:08:30,0.4456,0.5544,0.4425,0.4487,0.0062,8383.23
2024-01-01T17:09:00,0.4422,0.5578,0.4376,0.4467,0.0091,10679.7
2024-01-01T17:09:30,0.4395,0.5605,0.4292,0.4498,0.0206,6351.83
2024-01-01T17:10:00,0.4397,0.5603,0.4321,0.4474,0.0153,8228.68
2024-01-01T17:10:30,0.4362,0.5638,0.433,0.4394,0.0064,6476.22
2024-01-01T17:11:00,0.4287,0.5713,0.422,0.4354,0.0134,6919.67
2024-01-01T17:11:30,0.4295,0.5705,0.4213,0.4377,0.0164,7885.93
2024-01-01T17:12:00,0.4234,0.5766,0.4206,0.4262,0.0056,7111.78
2024-01-01T17:12:30,0.4188,0.5812,0.411,0.4265,0.0155,6338.29
2024-01-01T17:13:00,0.4174,0.5826,0.4131,0.4217,0.0086,9932.09
2024-01-01T17:13:30,0.4136,0.5864,0.4098,0.4174,0.0076,9540.93
2024-01-01T17:14:00,0.413,0.587,0.4043,0.4217,0.0174,9699.14
2024-01-01T17:14:30,0.4065,0.5935,0.4037,0.4093,0.0056,8050.85
2024-01-01T17:15:00,0.4079,0.5921,0.404,0.4118,0.0079,8792.18
2024-01-01T17:15:30,0.4025,0.5975,0.3951,0.4098,0.0147,6373.81
2024-01-01T17:16:00,0.4014,0.5986,0.3938,0.409,0.0152,9275.39
2024-01-01T17:16:30,0.3999,0.6001,0.3892,0.4106,0.0214,8915.86
2024-01-01T17:17:00,0.3997,0.6003,0.3974,0.402,0.0047,7161.12
2024-01-01T17:17:30,0.3961,0.6039,0.3859,0.4063,0.0203,9298.24
2024-01-01T17:18:00,0.3892,0.6108,0.3848,0.3935,0.0087,7210.93
2024-01-01T17:18:30,0.3868,0.6132,0.3773,0.3963,0.0191,9798.66
2024-01-01T17:19:00,0.3896,0.6104,0.3803,0.399,0.0187,7204.51
2024-01-01T17:19:30,0.3848,0.6152,0.3789,0.3908,0.0119,7934.49
2024-01-01T17:20:00,0.3809,0.6191,0.3705,0.3913,0.0208,5353.91
2024-01-01T17:20:30,0.3817,0.6183,0.3777,0.3856,0.0079,5343.58
2024-01-01T17:21:00,0.3744,0.6256,0.3655,0.3834,0.018,4228.95
2024-01-01T17:21:30,0.3736,0.6264,0.3658,0.3813,0.0155,6872.41
2024-01-01T17:22:00,0.3697,0.6303,0.359,0.3803,0.0212,9570.12
2024-01-01T17:22:30,0.3679,0.6321,0.3598,0.3759,0.0161,5603.56
2024-01-01T17:23:00,0.3691,0.6309,0.364,0.3741,0.0101,7591.37
2024-01-01T17:23:30,0.3656,0.6344,0.3553,0.376,0.0207,6186.11
2024-01-01T17:24:00,0.3631,0.6369,0.3602,0.3661,0.0059,4482.82
2024-01-01T17:24:30,0.3583,0.6417,0.3554,0.3613,0.0059,8808.8
2024-01-01T17:25:00,0.3573,0.6427,0.3544,0.3603,0.006,6159.46
2024-01-01T17:25:30,0.3563,0.6437,0.3465,0.3661,0.0196,9141.87
2024-01-01T17:26:00,0.352,0.648,0.3481,0.3559,0.0077,4102.68
2024-01-01T17:26:30,0.3486,0.6514,0.341,0.3563,0.0152,7083.85
2024-01-01T17:27:00,0.3469,0.6531,0.3428,0.351,0.0082,4582.32
2024-01-01T17:27:30,0.3458,0.6542,0.3426,0.3491,0.0066,8156.62
2024-01-01T17:28:00,0.3392,0.6608,0.3309,0.3474,0.0165,4911.11
2024-01-01T17:28:30,0.3369,0.6631,0.3266,0.3471,0.0205,6922.41
2024-01-01T17:29:00,0.3315,0.6685,0.3265,0.3364,0.0099,3905.04
2024-01-01T17:29:30,0.3319,0.6681,0.3241,0.3397,0.0156,4615.8
2024-01-01T17:30:00,0.3272,0.6728,0.3237,0.3308,0.007,8197.37
2024-01-01T17:30:30,0.3264,0.6736,0.3214,0.3314,0.01,8419.68
2024-01-01T17:31:00,0.3212,0.6788,0.311,0.3314,0.0205,6533.47
2024-01-01T17:31:30,0.3226,0.6774,0.3148,0.3303,0.0155,7256.07
2024-01-01T17:32:00,0.317,0.683,0.3081,0.3259,0.0178,4516.89
2024-01-01T17:32:30,0.3129,0.6871,0.3085,0.3172,0.0087,5651.31
2024-01-01T17:33:00,0.3118,0.6882,0.3022,0.3214,0.0192,7061.6
2024-01-01T17:33:30,0.3087,0.6913,0.3047,0.3127,0.0079,6606.48
2024-01-01T17:34:00,0.3076,0.6924,0.305,0.3102,0.0052,7124.82
2024-01-01T17:34:30,0.3041,0.6959,0.301,0.3072,0.0062,7143.64
2024-01-01T17:35:00,0.3005,0.6995,0.2961,0.3049,0.0088,7083.93
2024-01-01T17:35:30,0.2964,0.7036,0.2878,0.3051,0.0173,4185.05
2024-01-01T17:36:00,0.2941,0.7059,0.2914,0.2968,0.0054,7650.15
2024-01-01T17:36:30,0.294,0.706,0.2869,0.3011,0.0142,6282.54
2024-01-01T17:37:00,0.2914,0.7086,0.2848,0.298,0.0132,5011.25
2024-01-01T17:37:30,0.2859,0.7141,0.2761,0.2956,0.0195,6269.66
2024-01-01T17:38:00,0.2824,0.7176,0.2799,0.2849,0.0051,3931.67
2024-01-01T17:38:30,0.2819,0.7181,0.2772,0.2866,0.0094,6571.78
2024-01-01T17:39:00,0.2753,0.7247,0.2715,0.2791,0.0076,3791.78
2024-01-01T17:39:30,0.2742,0.7258,0.2695,0.2789,0.0094,7170.21
2024-01-01T17:40:00,0.2722,0.7278,0.2641,0.2804,0.0162,3576.97
2024-01-01T17:40:30,0.2738,0.7262,0.2688,0.2787,0.0099,4433.02
2024-01-01T17:41:00,0.2689,0.7311,0.259,0.2788,0.0198,4000.16
2024-01-01T17:41:30,0.2705,0.7295,0.2616,0.2794,0.0177,7415.67
2024-01-01T17:42:00,0.264,0.736,0.2563,0.2717,0.0154,4260.02
2024-01-01T17:42:30,0.2599,0.7401,0.2527,0.2671,0.0145,6083.51
2024-01-01T17:43:00,0.2579,0.7421,0.2532,0.2627,0.0095,4487.4
2024-01-01T17:43:30,0.2548,0.7452,0.2469,0.2627,0.0157,5094.52
2024-01-01T17:44:00,0.2553,0.7447,0.248,0.2627,0.0147,6389.65
2024-01-01T17:44:30,0.2528,0.7472,0.2494,0.2561,0.0067,3945.11
2024-01-01T17:45:00,0.2487,0.7513,0.2454,0.2519,0.0065,6090.23
2024-01-01T17:45:30,0.2449,0.7551,0.2388,0.251,0.0121,5054.66
2024-01-01T17:46:00,0.2443,0.7557,0.2416,0.2469,0.0054,6266.37
2024-01-01T17:46:30,0.2399,0.7601,0.2338,0.246,0.0123,6428.26
2024-01-01T17:47:00,0.2397,0.7603,0.2367,0.2426,0.0059,3549.7
2024-01-01T17:47:30,0.2337,0.7663,0.2264,0.241,0.0146,5523.23
2024-01-01T17:48:00,0.2321,0.7679,0.2301,0.2341,0.0041,4648.09
2024-01-01T17:48:30,0.2285,0.7715,0.2226,0.2343,0.0117,5333.01
2024-01-01T17:49:00,0.2246,0.7754,0.2208,0.2285,0.0077,6005.51
2024-01-01T17:49:30,0.227,0.773,0.2244,0.2296,0.0053,4469.93
2024-01-01T17:50:00,0.2246,0.7754,0.2211,0.2282,0.0071,6172.61
2024-01-01T17:50:30,0.2213,0.7787,0.2142,0.2285,0.0144,5158.05
2024-01-01T17:51:00,0.2135,0.7865,0.211,0.216,0.005,3513.31
2024-01-01T17:51:30,0.2117,0.7883,0.2025,0.2209,0.0184,5206.14
2024-01-01T17:52:00,0.2101,0.7899,0.2071,0.2131,0.0061,3612.48
2024-01-01T17:52:30,0.2077,0.7923,0.2029,0.2125,0.0097,5049.83
2024-01-01T17:53:00,0.2046,0.7954,0.2007,0.2086,0.0079,3233.21
2024-01-01T17:53:30,0.1988,0.8012,0.1901,0.2076,0.0175,5241.25
2024-01-01T17:54:00,0.1959,0.8041,0.1931,0.1987,0.0056,5499.66
2024-01-01T17:54:30,0.1946,0.8054,0.1906,0.1986,0.0081,3890.92
2024-01-01T17:55:00,0.1913,0.8087,0.1823,0.2002,0.0178,4815.65
2024-01-01T17:55:30,0.1905,0.8095,0.1843,0.1966,0.0123,2573.4
2024-01-01T17:56:00,0.1909,0.8091,0.1852,0.1965,0.0114,2949.95
2024-01-01T17:56:30,0.1842,0.8158,0.1798,0.1886,0.0088,3435.27
2024-01-01T17:57:00,0.186,0.814,0.1819,0.1901,0.0082,4862.87
2024-01-01T17:57:30,0.1804,0.8196,0.1776,0.1831,0.0055,2603.27
2024-01-01T17:58:00,0.1804,0.8196,0.1784,0.1825,0.0042,4870.42
2024-01-01T17:58:30,0.1731,0.8269,0.166,0.1802,0.0143,3312.01
2024-01-01T17:59:00,0.1721,0.8279,0.166,0.1782,0.0122,3380.45
2024-01-01T17:59:30,0.1669,0.8331,0.1607,0.1731,0.0125,5070.18
2024-01-01T18:00:00,0.1668,0.8332,0.1624,0.1712,0.0087,3950.83
2024-01-01T18:00:30,0.1645,0.8355,0.1608,0.1681,0.0073,3368.29
2024-01-01T18:01:00,0.1604,0.8396,0.1546,0.1663,0.0117,4288.02
2024-01-01T18:01:30,0.1598,0.8402,0.158,0.1616,0.0036,2941.9
2024-01-01T18:02:00,0.1583,0.8417,0.1558,0.1607,0.0049,4433.96
2024-01-01T18:02:30,0.1558,0.8442,0.1503,0.1614,0.0111,4290.56
2024-01-01T18:03:00,0.1506,0.8494,0.1442,0.157,0.0128,4008.3
2024-01-01T18:03:30,0.1474,0.8526,0.1419,0.153,0.0111,3232.4
2024-01-01T18:04:00,0.1435,0.8565,0.1386,0.1485,0.0099,3081.64
2024-01-01T18:04:30,0.1391,0.8609,0.1336,0.1446,0.0109,3341.8
2024-01-01T18:05:00,0.1426,0.8574,0.1389,0.1464,0.0075,2034.65
2024-01-01T18:05:30,0.1398,0.8602,0.1317,0.1478,0.0161,3341.84
2024-01-01T18:06:00,0.1336,0.8664,0.1311,0.1362,0.005,2368.82
2024-01-01T18:06:30,0.1314,0.8686,0.1283,0.1346,0.0063,2484.77
2024-01-01T18:07:00,0.1287,0.8713,0.1224,0.1349,0.0125,2261.02
2024-01-01T18:07:30,0.1276,0.8724,0.1241,0.131,0.0069,3571.15
2024-01-01T18:08:00,0.1237,0.8763,0.1164,0.131,0.0146,3397.2
2024-01-01T18:08:30,0.1204,0.8796,0.1182,0.1225,0.0043,3582.48
2024-01-01T18:09:00,0.1179,0.8821,0.1107,0.1252,0.0145,3886.01
2024-01-01T18:09:30,0.116,0.884,0.1092,0.1228,0.0137,2120.7
2024-01-01T18:10:00,0.1149,0.8851,0.1086,0.1212,0.0126,3331.12
2024-01-01T18:10:30,0.11,0.89,0.1029,0.1171,0.0142,2753.11
2024-01-01T18:11:00,0.1073,0.8927,0.1002,0.1143,0.0141,2586.18
2024-01-01T18:11:30,0.1053,0.8947,0.098,0.1126,0.0146,2772.21
2024-01-01T18:12:00,0.1036,0.8964,0.101,0.1063,0.0053,3431.54
2024-01-01T18:12:30,0.0983,0.9017,0.0967,0.1,0.0034,3323.36
2024-01-01T18:13:00,0.0929,0.9071,0.0867,0.0992,0.0125,1759.27
2024-01-01T18:13:30,0.0921,0.9079,0.0893,0.0949,0.0056,3422.44
2024-01-01T18:14:00,0.0921,0.9079,0.0863,0.098,0.0116,2088.51
2024-01-01T18:14:30,0.0881,0.9119,0.0815,0.0947,0.0133,1784.47
2024-01-01T18:15:00,0.0827,0.9173,0.0752,0.0903,0.0151,1597.67
2024-01-01T18:15:30,0.084,0.916,0.079,0.0889,0.0099,2033.8
2024-01-01T18:16:00,0.0801,0.9199,0.0774,0.0828,0.0054,3022.7
2024-01-01T18:16:30,0.0769,0.9231,0.0707,0.0831,0.0124,2468.31
2024-01-01T18:17:00,0.0735,0.9265,0.0681,0.0789,0.0108,2204.73
2024-01-01T18:17:30,0.0703,0.9297,0.0682,0.0725,0.0044,2909.38
2024-01-01T18:18:00,0.0679,0.9321,0.0659,0.07,0.0041,1323.45
2024-01-01T18:18:30,0.0679,0.9321,0.063,0.0728,0.0098,1544.1
2024-01-01T18:19:00,0.0662,0.9338,0.0612,0.0713,0.0101,1730.98
2024-01-01T18:19:30,0.0622,0.9378,0.0549,0.0694,0.0145,1515.92
2024-01-01T18:20:00,0.0589,0.9411,0.0528,0.065,0.0122,2326.14
2024-01-01T18:20:30,0.0568,0.9432,0.0527,0.0609,0.0082,1347.14
2024-01-01T18:21:00,0.0567,0.9433,0.0517,0.0617,0.01,2310.21
2024-01-01T18:21:30,0.0524,0.9476,0.0458,0.059,0.0132,2435.13
2024-01-01T18:22:00,0.0502,0.9498,0.0484,0.052,0.0037,2354.81
2024-01-01T18:22:30,0.0527,0.9473,0.047,0.0583,0.0113,1871.3
2024-01-01T18:23:00,0.0483,0.9517,0.0467,0.0499,0.0033,2343.59
2024-01-01T18:23:30,0.0497,0.9503,0.0442,0.0552,0.011,1848.65
2024-01-01T18:24:00,0.0517,0.9483,0.0446,0.0589,0.0143,1878.04
2024-01-01T18:24:30,0.0489,0.9511,0.0474,0.0504,0.003,1097.81
2024-01-01T18:25:00,0.0455,0.9545,0.0416,0.0494,0.0079,1256.53
2024-01-01T18:25:30,0.0541,0.9459,0.0525,0.0557,0.0032,2277.37
2024-01-01T18:26:00,0.0517,0.9483,0.0488,0.0545,0.0057,2424.41
2024-01-01T18:26:30,0.0501,0.9499,0.0447,0.0555,0.0108,1723.26
2024-01-01T18:27:00,0.0535,0.9465,0.0461,0.0608,0.0147,2062.06
2024-01-01T18:27:30,0.0535,0.9465,0.0471,0.06,0.0129,2509.95
2024-01-01T18:28:00,0.0512,0.9488,0.0443,0.0581,0.0138,2489.97
2024-01-01T18:28:30,0.051,0.949,0.0454,0.0565,0.0111,1596.07
2024-01-01T18:29:00,0.0457,0.9543,0.0417,0.0498,0.0081,1953.27
2024-01-01T18:29:30,0.0495,0.9505,0.0473,0.0518,0.0045,2216.16
2024-01-01T18:30:00,0.0479,0.9521,0.0447,0.0511,0.0064,1953.55
2024-01-01T18:30:30,0.0467,0.9533,0.0441,0.0493,0.0053,2234.55
2024-01-01T18:31:00,0.0486,0.9514,0.0428,0.0544,0.0116,1353.64
2024-01-01T18:31:30,0.0479,0.9521,0.044,0.0518,0.0079,1341.72
2024-01-01T18:32:00,0.0477,0.9523,0.0434,0.0521,0.0087,2009.94
2024-01-01T18:32:30,0.0494,0.9506,0.0447,0.054,0.0093,1173.25
2024-01-01T18:33:00,0.0465,0.9535,0.0414,0.0516,0.0102,2073.83
2024-01-01T18:33:30,0.0478,0.9522,0.0424,0.0533,0.0109,1441.93
2024-01-01T18:34:00,0.0519,0.9481,0.0492,0.0546,0.0054,2134.98
2024-01-01T18:34:30,0.0476,0.9524,0.0412,0.0541,0.0129,1664.57
2024-01-01T18:35:00,0.049,0.951,0.0469,0.0512,0.0043,1298.4
2024-01-01T18:35:30,0.0524,0.9476,0.047,0.0577,0.0107,1783.8
2024-01-01T18:36:00,0.0492,0.9508,0.0441,0.0544,0.0103,1861.44
2024-01-01T18:36:30,0.0505,0.9495,0.0445,0.0564,0.0119,2248.57
2024-01-01T18:37:00,0.0483,0.9517,0.0456,0.051,0.0054,1446.13
2024-01-01T18:37:30,0.0324,0.9676,0.0302,0.0346,0.0044,1602.95
2024-01-01T18:38:00,0.0386,0.9614,0.0367,0.0404,0.0036,1254.05
2024-01-01T18:38:30,0.038,0.962,0.035,0.041,0.0059,1513.11
2024-01-01T18:39:00,0.0419,0.9581,0.0386,0.0451,0.0065,1088.25
2024-01-01T18:39:30,0.0442,0.9558,0.0425,0.0458,0.0033,1170.68
2024-01-01T18:40:00,0.05,0.95,0.0455,0.0545,0.009,1804.92
2024-01-01T18:40:30,0.0461,0.9539,0.0414,0.0509,0.0095,1183.0
2024-01-01T18:41:00,0.0451,0.9549,0.0433,0.047,0.0038,1526.45
2024-01-01T18:41:30,0.0472,0.9528,0.0416,0.0529,0.0112,2423.33
2024-01-01T18:42:00,0.0462,0.9538,0.0419,0.0504,0.0085,2191.4
2024-01-01T18:42:30,0.0482,0.9518,0.0444,0.052,0.0076,1346.65
2024-01-01T18:43:00,0.055,0.945,0.0511,0.0589,0.0078,1292.59
2024-01-01T18:43:30,0.0511,0.9489,0.0472,0.055,0.0078,1291.22
2024-01-01T18:44:00,0.0493,0.9507,0.0427,0.056,0.0132,2345.64
2024-01-01T18:44:30,0.053,0.947,0.0493,0.0566,0.0073,1995.69
2024-01-01T18:45:00,0.0531,0.9469,0.0504,0.0559,0.0055,2059.84
2024-01-01T18:45:30,0.051,0.949,0.0444,0.0577,0.0133,1768.95
2024-01-01T18:46:00,0.0508,0.9492,0.0451,0.0566,0.0116,2145.37
2024-01-01T18:46:30,0.0509,0.9491,0.0462,0.0555,0.0093,1644.51
2024-01-01T18:47:00,0.0495,0.9505,0.0462,0.0527,0.0065,2244.48
2024-01-01T18:47:30,0.0513,0.9487,0.0479,0.0546,0.0067,2477.56
2024-01-01T18:48:00,0.0507,0.9493,0.0453,0.0562,0.0109,1151.74
2024-01-01T18:48:30,0.0526,0.9474,0.0456,0.0596,0.014,2482.71
2024-01-01T18:49:00,0.0474,0.9526,0.0436,0.0512,0.0076,1977.96
2024-01-01T18:49:30,0.0488,0.9512,0.0449,0.0527,0.0078,1710.95
2024-01-01T18:50:00,0.0503,0.9497,0.0467,0.0539,0.0073,2145.81
2024-01-01T18:50:30,0.0507,0.9493,0.0455,0.056,0.0105,2290.94
2024-01-01T18:51:00,0.0491,0.9509,0.0426,0.0555,0.0129,1160.5
2024-01-01T18:51:30,0.0473,0.9527,0.0401,0.0545,0.0144,2341.66
2024-01-01T18:52:00,0.0498,0.9502,0.0468,0.0528,0.006,2442.7
2024-01-01T18:52:30,0.0495,0.9505,0.0468,0.0522,0.0053,1600.53
2024-01-01T18:53:00,0.0522,0.9478,0.0491,0.0552,0.0061,2531.59
2024-01-01T18:53:30,0.0523,0.9477,0.0503,0.0543,0.004,2306.54
2024-01-01T18:54:00,0.0519,0.9481,0.0459,0.0579,0.012,1766.48
2024-01-01T18:54:30,0.0504,0.9496,0.0477,0.0531,0.0054,1996.06
2024-01-01T18:55:00,0.0495,0.9505,0.0436,0.0554,0.0118,2339.2
2024-01-01T18:55:30,0.05,0.95,0.0435,0.0565,0.013,2411.45
2024-01-01T18:56:00,0.0489,0.9511,0.0454,0.0525,0.0071,1780.49
2024-01-01T18:56:30,0.0516,0.9484,0.0495,0.0537,0.0042,1323.96
2024-01-01T18:57:00,0.0537,0.9463,0.0521,0.0553,0.0032,1941.87
2024-01-01T18:57:30,0.0488,0.9512,0.0419,0.0558,0.0138,1647.06
2024-01-01T18:58:00,0.047,0.953,0.0426,0.0514,0.0088,2233.13
2024-01-01T18:58:30,0.0539,0.9461,0.0521,0.0558,0.0037,1586.18
2024-01-01T18:59:00,0.0554,0.9446,0.0526,0.0582,0.0056,1206.55
2024-01-01T18:59:30,0.0501,0.9499,0.0478,0.0523,0.0045,1821.19
2024-01-01T19:00:00,0.049,0.951,0.0455,0.0526,0.0071,1540.07
2024-01-01T19:00:30,0.0515,0.9485,0.0498,0.0531,0.0033,1253.29
2024-01-01T19:01:00,0.0546,0.9454,0.0523,0.0569,0.0046,1365.11
2024-01-01T19:01:30,0.052,0.948,0.0494,0.0546,0.0052,1159.99
2024-01-01T19:02:00,0.056,0.944,0.0533,0.0588,0.0055,2151.65
2024-01-01T19:02:30,0.0539,0.9461,0.0493,0.0584,0.009,1766.17
2024-01-01T19:03:00,0.0535,0.9465,0.052,0.0551,0.0031,1759.25
2024-01-01T19:03:30,0.0516,0.9484,0.0445,0.0588,0.0143,1492.69
2024-01-01T19:04:00,0.0475,0.9525,0.0419,0.0531,0.0112,1648.86
2024-01-01T19:04:30,0.0521,0.9479,0.0474,0.0568,0.0095,1901.34
2024-01-01T19:05:00,0.0493,0.9507,0.0475,0.0511,0.0036,1197.56
2024-01-01T19:05:30,0.0472,0.9528,0.0405,0.0539,0.0134,2023.88
2024-01-01T19:06:00,0.0488,0.9512,0.0438,0.0537,0.0099,1411.29
2024-01-01T19:06:30,0.0517,0.9483,0.0481,0.0553,0.0072,2100.12
2024-01-01T19:07:00,0.0516,0.9484,0.0445,0.0586,0.0141,1174.4
2024-01-01T19:07:30,0.0538,0.9462,0.0511,0.0565,0.0054,1149.08
2024-01-01T19:08:00,0.0527,0.9473,0.0479,0.0574,0.0095,1900.4
2024-01-01T19:08:30,0.0527,0.9473,0.0475,0.0579,0.0103,1220.62
2024-01-01T19:09:00,0.056,0.944,0.0513,0.0607,0.0094,1458.42
2024-01-01T19:09:30,0.0511,0.9489,0.0481,0.0542,0.006,1388.05
2024-01-01T19:10:00,0.0531,0.9469,0.0513,0.0548,0.0036,2519.1
2024-01-01T19:10:30,0.0485,0.9515,0.0439,0.053,0.0091,1247.68
2024-01-01T19:11:00,0.0495,0.9505,0.0438,0.0553,0.0115,1113.84
2024-01-01T19:11:30,0.0527,0.9473,0.0477,0.0578,0.0101,1986.07
2024-01-01T19:12:00,0.0507,0.9493,0.0492,0.0523,0.0031,1693.08
2024-01-01T19:12:30,0.0477,0.9523,0.0412,0.0543,0.0131,1980.31
2024-01-01T19:13:00,0.0478,0.9522,0.0446,0.051,0.0064,1754.5
2024-01-01T19:13:30,0.0487,0.9513,0.0427,0.0547,0.012,1830.79
2024-01-01T19:14:00,0.046,0.954,0.0394,0.0526,0.0132,1213.79
2024-01-01T19:14:30,0.0488,0.9512,0.0446,0.053,0.0084,2327.68
2024-01-01T19:15:00,0.0471,0.9529,0.0413,0.0528,0.0115,1487.23
2024-01-01T19:15:30,0.0473,0.9527,0.0435,0.051,0.0075,1770.21
2024-01-01T19:16:00,0.0482,0.9518,0.0434,0.053,0.0096,1770.99
2024-01-01T19:16:30,0.0485,0.9515,0.0418,0.0552,0.0134,1385.0
2024-01-01T19:17:00,0.0493,0.9507,0.0421,0.0564,0.0142,1404.37
2024-01-01T19:17:30,0.0445,0.9555,0.0427,0.0463,0.0036,2261.15
2024-01-01T19:18:00,0.0481,0.9519,0.0466,0.0497,0.003,2260.56
2024-01-01T19:18:30,0.0483,0.9517,0.0423,0.0544,0.0121,1487.23
2024-01-01T19:19:00,0.046,0.954,0.04,0.0521,0.0121,2291.33
2024-01-01T19:19:30,0.0458,0.9542,0.0441,0.0475,0.0034,1788.92
2024-01-01T19:20:00,0.0458,0.9542,0.0426,0.049,0.0065,2387.94
2024-01-01T19:20:30,0.0504,0.9496,0.0487,0.0521,0.0034,2112.38
2024-01-01T19:21:00,0.0477,0.9523,0.0405,0.0549,0.0144,2228.97
2024-01-01T19:21:30,0.0453,0.9547,0.0428,0.0477,0.0049,2220.74
2024-01-01T19:22:00,0.0475,0.9525,0.0423,0.0527,0.0104,2297.52
2024-01-01T19:22:30,0.0476,0.9524,0.0421,0.053,0.0109,1241.64
2024-01-01T19:23:00,0.05,0.95,0.0456,0.0544,0.0088,1691.24
2024-01-01T19:23:30,0.0486,0.9514,0.0419,0.0552,0.0134,1586.83
2024-01-01T19:24:00,0.05,0.95,0.0445,0.0555,0.011,2215.55
2024-01-01T19:24:30,0.0466,0.9534,0.0444,0.0489,0.0045,2175.93
2024-01-01T19:25:00,0.0472,0.9528,0.0417,0.0527,0.011,1413.96
2024-01-01T19:25:30,0.0455,0.9545,0.0405,0.0505,0.01,1889.96
2024-01-01T19:26:00,0.0458,0.9542,0.0437,0.048,0.0043,2335.23
2024-01-01T19:26:30,0.0469,0.9531,0.0437,0.05,0.0062,1877.54
2024-01-01T19:27:00,0.0475,0.9525,0.0427,0.0523,0.0096,2414.37
2024-01-01T19:27:30,0.0494,0.9506,0.0459,0.0529,0.007,2431.76
2024-01-01T19:28:00,0.0489,0.9511,0.0446,0.0532,0.0087,1315.51
2024-01-01T19:28:30,0.0487,0.9513,0.0444,0.053,0.0086,2388.89
2024-01-01T19:29:00,0.0479,0.9521,0.0453,0.0506,0.0053,1137.91
2024-01-01T19:29:30,0.0499,0.9501,0.0458,0.0539,0.0082,1449.87
2024-01-01T19:30:00,0.0441,0.9559,0.0384,0.0497,0.0113,1961.54
2024-01-01T19:30:30,0.0503,0.9497,0.0436,0.0569,0.0133,1760.92
2024-01-01T19:31:00,0.0474,0.9526,0.0422,0.0526,0.0103,2173.69
2024-01-01T19:31:30,0.0464,0.9536,0.0411,0.0517,0.0106,1383.19
2024-01-01T19:32:00,0.0528,0.9472,0.0482,0.0574,0.0092,1779.8
2024-01-01T19:32:30,0.0494,0.9506,0.044,0.0548,0.0107,2081.99
2024-01-01T19:33:00,0.051,0.949,0.0473,0.0548,0.0076,1312.65
2024-01-01T19:33:30,0.0515,0.9485,0.0441,0.059,0.0149,1392.21
2024-01-01T19:34:00,0.0496,0.9504,0.0457,0.0535,0.0078,1271.86
2024-01-01T19:34:30,0.0511,0.9489,0.044,0.0582,0.0142,2353.01
2024-01-01T19:35:00,0.0495,0.9505,0.047,0.0519,0.0049,1387.06
2024-01-01T19:35:30,0.0509,0.9491,0.0471,0.0547,0.0076,2487.6
2024-01-01T19:36:00,0.0527,0.9473,0.0463,0.059,0.0127,2494.71
2024-01-01T19:36:30,0.0513,0.9487,0.0454,0.0573,0.0119,1826.79
2024-01-01T19:37:00,0.0461,0.9539,0.0422,0.0501,0.0079,2335.64
2024-01-01T19:37:30,0.0508,0.9492,0.0456,0.056,0.0105,2533.16
2024-01-01T19:38:00,0.0474,0.9526,0.043,0.0519,0.009,2268.48
2024-01-01T19:38:30,0.0487,0.9513,0.0459,0.0514,0.0056,1198.39
2024-01-01T19:39:00,0.0463,0.9537,0.0427,0.0499,0.0072,2334.58
2024-01-01T19:39:30,0.0508,0.9492,0.0437,0.0579,0.0143,2363.92
2024-01-01T19:40:00,0.0481,0.9519,0.0456,0.0505,0.005,1706.31
2024-01-01T19:40:30,0.0516,0.9484,0.0456,0.0576,0.012,2395.89
2024-01-01T19:41:00,0.0547,0.9453,0.0477,0.0617,0.014,1388.03
2024-01-01T19:41:30,0.0558,0.9442,0.0535,0.0581,0.0046,2523.17
2024-01-01T19:42:00,0.0537,0.9463,0.0499,0.0575,0.0076,1327.13
2024-01-01T19:42:30,0.0501,0.9499,0.0471,0.0531,0.0059,2394.96
2024-01-01T19:43:00,0.0453,0.9547,0.0416,0.049,0.0074,1811.98
2024-01-01T19:43:30,0.0481,0.9519,0.0463,0.0498,0.0035,2135.91
2024-01-01T19:44:00,0.0552,0.9448,0.0489,0.0615,0.0126,2264.87
2024-01-01T19:44:30,0.0508,0.9492,0.0459,0.0556,0.0097,1856.14
2024-01-01T19:45:00,0.0484,0.9516,0.0425,0.0542,0.0117,1866.63
2024-01-01T19:45:30,0.0476,0.9524,0.0459,0.0493,0.0034,1674.91
2024-01-01T19:46:00,0.0509,0.9491,0.047,0.0548,0.0079,1704.33
2024-01-01T19:46:30,0.0486,0.9514,0.045,0.0522,0.0072,1271.51
2024-01-01T19:47:00,0.0503,0.9497,0.046,0.0546,0.0086,2201.88
2024-01-01T19:47:30,0.05,0.95,0.0441,0.056,0.0119,1624.77
2024-01-01T19:48:00,0.0486,0.9514,0.0467,0.0505,0.0039,2008.78
2024-01-01T19:48:30,0.0501,0.9499,0.0477,0.0526,0.0049,1203.25
2024-01-01T19:49:00,0.0551,0.9449,0.0531,0.057,0.0039,1348.2
2024-01-01T19:49:30,0.0549,0.9451,0.0494,0.0604,0.011,1511.49
2024-01-01T19:50:00,0.0514,0.9486,0.0481,0.0547,0.0066,1269.4
2024-01-01T19:50:30,0.0501,0.9499,0.0455,0.0547,0.0091,1694.15
2024-01-01T19:51:00,0.0519,0.9481,0.045,0.0589,0.0139,2022.75
2024-01-01T19:51:30,0.0496,0.9504,0.0481,0.0511,0.003,2459.54
2024-01-01T19:52:00,0.0485,0.9515,0.0446,0.0524,0.0078,2057.81
2024-01-01T19:52:30,0.0541,0.9459,0.05,0.0581,0.0081,1684.51
2024-01-01T19:53:00,0.0504,0.9496,0.045,0.0558,0.0108,1559.19
2024-01-01T19:53:30,0.0481,0.9519,0.0455,0.0507,0.0052,1968.13
2024-01-01T19:54:00,0.0507,0.9493,0.0482,0.0533,0.0051,1760.5
2024-01-01T19:54:30,0.0512,0.9488,0.0446,0.0578,0.0132,1263.1
2024-01-01T19:55:00,0.0537,0.9463,0.0497,0.0577,0.008,1443.06
2024-01-01T19:55:30,0.0513,0.9487,0.0488,0.0539,0.0051,2075.32
2024-01-01T19:56:00,0.0547,0.9453,0.0531,0.0564,0.0033,1842.3
2024-01-01T19:56:30,0.0547,0.9453,0.0485,0.061,0.0125,1685.8
2024-01-01T19:57:00,0.0485,0.9515,0.0435,0.0535,0.01,1725.25
2024-01-01T19:57:30,0.0511,0.9489,0.0446,0.0576,0.013,1274.15
2024-01-01T19:58:00,0.0529,0.9471,0.0473,0.0585,0.0112,1837.75
2024-01-01T19:58:30,0.0499,0.9501,0.0484,0.0514,0.003,1903.63
2024-01-01T19:59:00,0.051,0.949,0.0454,0.0567,0.0113,2216.72
2024-01-01T19:59:30,0.048,0.952,0.041,0.0549,0.0139,1811.28
2024-01-01T20:00:00,0.0533,0.9467,0.0483,0.0582,0.0099,2361.18
2024-01-01T20:00:30,0.054,0.946,0.0468,0.0612,0.0144,1432.98
2024-01-01T20:01:00,0.0521,0.9479,0.0467,0.0575,0.0108,1192.07
2024-01-01T20:01:30,0.054,0.946,0.0518,0.0562,0.0044,1181.4
2024-01-01T20:02:00,0.0504,0.9496,0.0436,0.0572,0.0136,1118.6
2024-01-01T20:02:30,0.0467,0.9533,0.0449,0.0486,0.0037,1370.6
2024-01-01T20:03:00,0.0502,0.9498,0.0436,0.0567,0.013,1621.51
2024-01-01T20:03:30,0.0474,0.9526,0.0455,0.0492,0.0038,1647.56
2024-01-01T20:04:00,0.0522,0.9478,0.0495,0.055,0.0056,1700.6
2024-01-01T20:04:30,0.0545,0.9455,0.0483,0.0607,0.0124,1578.58
2024-01-01T20:05:00,0.0494,0.9506,0.0458,0.0531,0.0073,1386.84
2024-01-01T20:05:30,0.0511,0.9489,0.0456,0.0566,0.011,2202.93
2024-01-01T20:06:00,0.0536,0.9464,0.0467,0.0605,0.0138,2569.84
2024-01-01T20:06:30,0.0502,0.9498,0.0475,0.0529,0.0053,1806.61
2024-01-01T20:07:00,0.0496,0.9504,0.0455,0.0538,0.0083,1280.12
2024-01-01T20:07:30,0.0494,0.9506,0.0475,0.0513,0.0038,2273.42
2024-01-01T20:08:00,0.0508,0.9492,0.0473,0.0543,0.0069,1528.19
2024-01-01T20:08:30,0.0484,0.9516,0.0436,0.0533,0.0096,1421.49
2024-01-01T20:09:00,0.0514,0.9486,0.0453,0.0576,0.0123,1854.48
2024-01-01T20:09:30,0.0496,0.9504,0.048,0.0511,0.0031,2222.29
2024-01-01T20:10:00,0.0495,0.9505,0.0426,0.0563,0.0137,1767.17
2024-01-01T20:10:30,0.054,0.946,0.0509,0.057,0.0062,1360.41
2024-01-01T20:11:00,0.0525,0.9475,0.0507,0.0543,0.0036,1379.75
2024-01-01T20:11:30,0.0503,0.9497,0.0429,0.0577,0.0148,1744.08
2024-01-01T20:12:00,0.0551,0.9449,0.0494,0.0608,0.0114,1229.19
2024-01-01T20:12:30,0.0538,0.9462,0.0486,0.0589,0.0103,2046.78
2024-01-01T20:13:00,0.0515,0.9485,0.0443,0.0587,0.0144,1164.4
2024-01-01T20:13:30,0.0487,0.9513,0.0433,0.0541,0.0109,1919.54
2024-01-01T20:14:00,0.051,0.949,0.0468,0.0551,0.0082,2155.95
2024-01-01T20:14:30,0.0517,0.9483,0.0474,0.056,0.0086,1420.09
2024-01-01T20:15:00,0.0492,0.9508,0.0454,0.053,0.0077,1092.45
2024-01-01T20:15:30,0.05,0.95,0.0449,0.0551,0.0102,2395.79
2024-01-01T20:16:00,0.0508,0.9492,0.0477,0.0538,0.0061,1772.99
2024-01-01T20:16:30,0.0471,0.9529,0.0405,0.0537,0.0132,2276.77
2024-01-01T20:17:00,0.0516,0.9484,0.0479,0.0553,0.0074,1869.19
2024-01-01T20:17:30,0.0501,0.9499,0.0439,0.0563,0.0124,1160.27
2024-01-01T20:18:00,0.0482,0.9518,0.0441,0.0523,0.0082,1175.5
2024-01-01T20:18:30,0.0494,0.9506,0.0471,0.0517,0.0046,2452.91
2024-01-01T20:19:00,0.0471,0.9529,0.0454,0.0489,0.0034,2072.65
2024-01-01T20:19:30,0.0458,0.9542,0.0395,0.0521,0.0126,1243.03
2024-01-01T20:20:00,0.0491,0.9509,0.0471,0.0512,0.0041,1332.82
2024-01-01T20:20:30,0.0533,0.9467,0.046,0.0605,0.0145,1754.33
2024-01-01T20:21:00,0.0471,0.9529,0.0419,0.0524,0.0105,1519.56
2024-01-01T20:21:30,0.0481,0.9519,0.0465,0.0497,0.0033,1479.95
2024-01-01T20:22:00,0.0498,0.9502,0.0473,0.0523,0.0051,2476.07
2024-01-01T20:22:30,0.0533,0.9467,0.0509,0.0558,0.0049,1652.65
2024-01-01T20:23:00,0.0486,0.9514,0.0465,0.0507,0.0043,2370.41
2024-01-01T20:23:30,0.0511,0.9489,0.0484,0.0537,0.0053,1274.57
2024-01-01T20:24:00,0.0489,0.9511,0.0423,0.0554,0.0131,1780.97
2024-01-01T20:24:30,0.0483,0.9517,0.0463,0.0504,0.0041,2369.45
2024-01-01T20:25:00,0.0496,0.9504,0.0423,0.0569,0.0146,2240.9
2024-01-01T20:25:30,0.0523,0.9477,0.0484,0.0562,0.0079,1170.84
2024-01-01T20:26:00,0.0523,0.9477,0.0484,0.0561,0.0077,1966.2
2024-01-01T20:26:30,0.0502,0.9498,0.0477,0.0527,0.0051,1166.77
2024-01-01T20:27:00,0.0466,0.9534,0.0449,0.0483,0.0034,2370.28
2024-01-01T20:27:30,0.0527,0.9473,0.0489,0.0566,0.0077,1450.98
2024-01-01T20:28:00,0.0507,0.9493,0.0446,0.0567,0.0121,1103.6
2024-01-01T20:28:30,0.0483,0.9517,0.0465,0.0502,0.0037,1562.16
2024-01-01T20:29:00,0.0507,0.9493,0.0462,0.0552,0.009,2139.33
2024-01-01T20:29:30,0.049,0.951,0.0466,0.0514,0.0048,1248.04
2024-01-01T20:30:00,0.0501,0.9499,0.0469,0.0533,0.0064,1942.35
2024-01-01T20:30:30,0.0435,0.9565,0.0398,0.0472,0.0074,1258.44
2024-01-01T20:31:00,0.0474,0.9526,0.0436,0.0512,0.0076,2172.22
2024-01-01T20:31:30,0.047,0.953,0.0396,0.0544,0.0148,2219.35
2024-01-01T20:32:00,0.0474,0.9526,0.0442,0.0506,0.0064,1311.03
2024-01-01T20:32:30,0.0433,0.9567,0.038,0.0487,0.0107,1073.54
2024-01-01T20:33:00,0.0507,0.9493,0.047,0.0544,0.0075,2490.99
2024-01-01T20:33:30,0.0474,0.9526,0.0459,0.0489,0.0031,1337.76
2024-01-01T20:34:00,0.0518,0.9482,0.0447,0.0588,0.0141,1848.11
2024-01-01T20:34:30,0.0491,0.9509,0.0418,0.0564,0.0146,2133.89
2024-01-01T20:35:00,0.0496,0.9504,0.0447,0.0545,0.0098,1758.38
2024-01-01T20:35:30,0.0514,0.9486,0.0461,0.0567,0.0106,2480.82
2024-01-01T20:36:00,0.0556,0.9444,0.0502,0.061,0.0108,2178.53
2024-01-01T20:36:30,0.0505,0.9495,0.0468,0.0543,0.0075,2077.38
2024-01-01T20:37:00,0.0505,0.9495,0.0475,0.0536,0.0062,1542.64
2024-01-01T20:37:30,0.05,0.95,0.0444,0.0555,0.0112,1161.25
2024-01-01T20:38:00,0.0532,0.9468,0.0476,0.0589,0.0113,2480.39
2024-01-01T20:38:30,0.0545,0.9455,0.0508,0.0583,0.0076,1697.96
2024-01-01T20:39:00,0.0525,0.9475,0.0469,0.0582,0.0112,2058.99
2024-01-01T20:39:30,0.0525,0.9475,0.0498,0.0552,0.0054,1459.41
2024-01-01T20:40:00,0.0513,0.9487,0.0478,0.0549,0.0072,1571.46
2024-01-01T20:40:30,0.0548,0.9452,0.0521,0.0575,0.0054,1496.64
2024-01-01T20:41:00,0.0532,0.9468,0.0517,0.0547,0.003,1689.94
2024-01-01T20:41:30,0.0566,0.9434,0.0513,0.062,0.0107,1529.33
2024-01-01T20:42:00,0.0505,0.9495,0.0438,0.0571,0.0133,1932.61
2024-01-01T20:42:30,0.051,0.949,0.0453,0.0566,0.0113,1918.92
2024-01-01T20:43:00,0.052,0.948,0.0492,0.0547,0.0055,1704.77
2024-01-01T20:43:30,0.0513,0.9487,0.0454,0.0573,0.0119,2089.16
2024-01-01T20:44:00,0.0517,0.9483,0.0487,0.0547,0.006,1651.16
2024-01-01T20:44:30,0.0516,0.9484,0.0443,0.0589,0.0146,2224.98
2024-01-01T20:45:00,0.0527,0.9473,0.046,0.0593,0.0133,2315.31
2024-01-01T20:45:30,0.0479,0.9521,0.0437,0.052,0.0083,1812.7
2024-01-01T20:46:00,0.0482,0.9518,0.0452,0.0512,0.006,1719.42
2024-01-01T20:46:30,0.0507,0.9493,0.0444,0.057,0.0127,1412.03
2024-01-01T20:47:00,0.0471,0.9529,0.0413,0.0528,0.0115,1774.72
2024-01-01T20:47:30,0.0508,0.9492,0.0454,0.0563,0.0109,2337.09
2024-01-01T20:48:00,0.0487,0.9513,0.0462,0.0511,0.0049,1618.49
2024-01-01T20:48:30,0.0474,0.9526,0.0431,0.0516,0.0085,1448.85
2024-01-01T20:49:00,0.0495,0.9505,0.0425,0.0565,0.014,1323.39
2024-01-01T20:49:30,0.0493,0.9507,0.0432,0.0555,0.0123,1960.9
2024-01-01T20:50:00,0.048,0.952,0.044,0.052,0.008,1853.08
2024-01-01T20:50:30,0.0502,0.9498,0.0486,0.0518,0.0033,1843.25
2024-01-01T20:51:00,0.0466,0.9534,0.0392,0.0539,0.0147,1486.1
2024-01-01T20:51:30,0.0495,0.9505,0.0458,0.0531,0.0073,1798.96
2024-01-01T20:52:00,0.0466,0.9534,0.0439,0.0493,0.0053,1744.04
2024-01-01T20:52:30,0.0504,0.9496,0.0474,0.0534,0.0059,2446.8
2024-01-01T20:53:00,0.0511,0.9489,0.0489,0.0534,0.0045,1326.67
2024-01-01T20:53:30,0.0473,0.9527,0.0406,0.0541,0.0135,1667.69
2024-01-01T20:54:00,0.0489,0.9511,0.0418,0.0561,0.0143,2008.03
2024-01-01T20:54:30,0.0494,0.9506,0.0431,0.0558,0.0127,1906.9
2024-01-01T20:55:00,0.0488,0.9512,0.0437,0.0538,0.0101,1127.33
2024-01-01T20:55:30,0.0454,0.9546,0.0398,0.051,0.0112,2103.66
2024-01-01T20:56:00,0.0512,0.9488,0.0464,0.0559,0.0096,1252.08
2024-01-01T20:56:30,0.052,0.948,0.0502,0.0537,0.0036,1192.1
2024-01-01T20:57:00,0.0542,0.9458,0.0525,0.0558,0.0033,1588.53
2024-01-01T20:57:30,0.0491,0.9509,0.0428,0.0554,0.0126,1684.82
2024-01-01T20:58:00,0.0478,0.9522,0.0412,0.0545,0.0133,1675.0
2024-01-01T20:58:30,0.0505,0.9495,0.0452,0.0559,0.0108,1959.47
2024-01-01T20:59:00,0.0518,0.9482,0.0459,0.0578,0.0118,2547.13
2024-01-01T20:59:30,0.0523,0.9477,0.0484,0.0562,0.0078,1444.35
2024-01-01T21:00:00,0.0492,0.9508,0.0477,0.0508,0.0031,1461.44
2024-01-01T21:00:30,0.0486,0.9514,0.0446,0.0526,0.008,1360.87
2024-01-01T21:01:00,0.0495,0.9505,0.0461,0.0529,0.0068,1230.41
2024-01-01T21:01:30,0.0484,0.9516,0.0427,0.054,0.0113,1879.18
2024-01-01T21:02:00,0.051,0.949,0.0474,0.0547,0.0073,2099.38
2024-01-01T21:02:30,0.053,0.947,0.0472,0.0588,0.0117,1143.34
2024-01-01T21:03:00,0.0504,0.9496,0.0435,0.0573,0.0138,1677.5
2024-01-01T21:03:30,0.0517,0.9483,0.0458,0.0576,0.0118,1135.58
2024-01-01T21:04:00,0.0534,0.9466,0.0476,0.0592,0.0116,2329.47
2024-01-01T21:04:30,0.05,0.95,0.046,0.0541,0.008,1807.28
2024-01-01T21:05:00,0.0495,0.9505,0.0448,0.0543,0.0096,1139.98
2024-01-01T21:05:30,0.0488,0.9512,0.0414,0.0562,0.0148,2248.29
2024-01-01T21:06:00,0.0458,0.9542,0.041,0.0505,0.0095,2263.3
2024-01-01T21:06:30,0.0462,0.9538,0.0407,0.0517,0.011,1756.96
2024-01-01T21:07:00,0.0432,0.9568,0.0372,0.0492,0.012,1140.91
2024-01-01T21:07:30,0.0466,0.9534,0.0397,0.0536,0.0139,1829.94
2024-01-01T21:08:00,0.0485,0.9515,0.0417,0.0552,0.0135,1915.66
2024-01-01T21:08:30,0.0504,0.9496,0.0465,0.0542,0.0077,1790.57
2024-01-01T21:09:00,0.0463,0.9537,0.0425,0.0502,0.0076,1958.23
2024-01-01T21:09:30,0.0507,0.9493,0.0468,0.0546,0.0077,2364.54
2024-01-01T21:10:00,0.0514,0.9486,0.0442,0.0586,0.0144,1428.53
2024-01-01T21:10:30,0.0532,0.9468,0.0492,0.0572,0.008,1562.36
2024-01-01T21:11:00,0.0525,0.9475,0.049,0.0561,0.0072,1281.19
2024-01-01T21:11:30,0.05,0.95,0.0459,0.0541,0.0082,1890.44
2024-01-01T21:12:00,0.0523,0.9477,0.0455,0.059,0.0135,2211.13
2024-01-01T21:12:30,0.0516,0.9484,0.0452,0.058,0.0128,1252.79
2024-01-01T21:13:00,0.0506,0.9494,0.0455,0.0557,0.0101,1217.02
2024-01-01T21:13:30,0.0538,0.9462,0.0494,0.0582,0.0087,2265.62
2024-01-01T21:14:00,0.053,0.947,0.0475,0.0585,0.011,1503.19
2024-01-01T21:14:30,0.0525,0.9475,0.0457,0.0594,0.0137,2245.98
2024-01-01T21:15:00,0.0518,0.9482,0.0483,0.0552,0.007,1234.7
2024-01-01T21:15:30,0.0496,0.9504,0.0477,0.0514,0.0038,2502.93
2024-01-01T21:16:00,0.0525,0.9475,0.048,0.0569,0.0089,2436.56
2024-01-01T21:16:30,0.0508,0.9492,0.0451,0.0566,0.0115,1775.69
2024-01-01T21:17:00,0.0519,0.9481,0.0502,0.0535,0.0033,2354.69
2024-01-01T21:17:30,0.0504,0.9496,0.0479,0.0529,0.005,2029.34
2024-01-01T21:18:00,0.0524,0.9476,0.0484,0.0564,0.0081,1653.03
2024-01-01T21:18:30,0.0485,0.9515,0.0425,0.0545,0.012,1917.77
2024-01-01T21:19:00,0.0471,0.9529,0.0436,0.0505,0.0069,1934.29
2024-01-01T21:19:30,0.0483,0.9517,0.0446,0.052,0.0074,1599.85
2024-01-01T21:20:00,0.0457,0.9543,0.0441,0.0474,0.0033,1396.23
2024-01-01T21:20:30,0.0499,0.9501,0.0441,0.0557,0.0116,1679.42
2024-01-01T21:21:00,0.0501,0.9499,0.0481,0.0521,0.004,1318.16
2024-01-01T21:21:30,0.0494,0.9506,0.047,0.0518,0.0048,2456.17
2024-01-01T21:22:00,0.051,0.949,0.0457,0.0563,0.0106,2448.2
2024-01-01T21:22:30,0.0527,0.9473,0.0493,0.0561,0.0068,2224.08
2024-01-01T21:23:00,0.0509,0.9491,0.0472,0.0547,0.0075,1599.8
2024-01-01T21:23:30,0.0533,0.9467,0.0478,0.0588,0.011,1963.3
2024-01-01T21:24:00,0.0514,0.9486,0.0478,0.055,0.0072,1221.82
2024-01-01T21:24:30,0.0491,0.9509,0.0436,0.0545,0.0109,1323.85
2024-01-01T21:25:00,0.0505,0.9495,0.0465,0.0545,0.008,1366.86
2024-01-01T21:25:30,0.0501,0.9499,0.0475,0.0527,0.0052,1753.73
2024-01-01T21:26:00,0.0518,0.9482,0.0473,0.0564,0.0091,2406.12
2024-01-01T21:26:30,0.0534,0.9466,0.0516,0.0552,0.0036,2369.16
2024-01-01T21:27:00,0.0537,0.9463,0.0479,0.0594,0.0116,1435.23
2024-01-01T21:27:30,0.0496,0.9504,0.0422,0.0569,0.0146,1310.02
2024-01-01T21:28:00,0.0513,0.9487,0.0443,0.0582,0.0139,2150.15
2024-01-01T21:28:30,0.054,0.946,0.047,0.061,0.014,1205.96
2024-01-01T21:29:00,0.0474,0.9526,0.0451,0.0497,0.0046,1640.11
2024-01-01T21:29:30,0.0519,0.9481,0.0468,0.057,0.0103,1499.91
2024-01-01T21:30:00,0.0512,0.9488,0.0445,0.0578,0.0132,1442.93
2024-01-01T21:30:30,0.0493,0.9507,0.0473,0.0514,0.0041,2384.42
2024-01-01T21:31:00,0.0526,0.9474,0.0481,0.0572,0.0091,1267.81
2024-01-01T21:31:30,0.0475,0.9525,0.0449,0.0501,0.0052,2037.23
2024-01-01T21:32:00,0.0496,0.9504,0.0451,0.0541,0.009,1990.3
2024-01-01T21:32:30,0.0495,0.9505,0.0438,0.0552,0.0114,1614.86
2024-01-01T21:33:00,0.0505,0.9495,0.0462,0.0548,0.0086,2436.05
2024-01-01T21:33:30,0.0501,0.9499,0.0454,0.0549,0.0095,1912.61
2024-01-01T21:34:00,0.0502,0.9498,0.0452,0.0553,0.0102,2042.29
2024-01-01T21:34:30,0.05,0.95,0.0478,0.0522,0.0044,1439.17
2024-01-01T21:35:00,0.0537,0.9463,0.0481,0.0593,0.0112,1153.9
2024-01-01T21:35:30,0.0485,0.9515,0.0469,0.05,0.0031,1351.02
2024-01-01T21:36:00,0.0462,0.9538,0.0393,0.0531,0.0139,1772.38
2024-01-01T21:36:30,0.0516,0.9484,0.0484,0.0547,0.0063,2054.49
2024-01-01T21:37:00,0.0483,0.9517,0.0457,0.0509,0.0052,1887.94
2024-01-01T21:37:30,0.0495,0.9505,0.0474,0.0515,0.0041,2460.29
2024-01-01T21:38:00,0.0518,0.9482,0.0452,0.0583,0.0131,2219.64
2024-01-01T21:38:30,0.0508,0.9492,0.0487,0.0529,0.0043,1317.53
2024-01-01T21:39:00,0.048,0.952,0.0435,0.0526,0.0091,1156.99
2024-01-01T21:39:30,0.0517,0.9483,0.0467,0.0567,0.01,1291.93
2024-01-01T21:40:00,0.0511,0.9489,0.0485,0.0537,0.0052,1241.6
2024-01-01T21:40:30,0.0504,0.9496,0.0439,0.0569,0.013,2375.36
2024-01-01T21:41:00,0.0477,0.9523,0.0405,0.055,0.0145,1182.26
2024-01-01T21:41:30,0.0462,0.9538,0.0444,0.048,0.0036,1477.23
2024-01-01T21:42:00,0.0482,0.9518,0.0458,0.0505,0.0047,1343.29
2024-01-01T21:42:30,0.0504,0.9496,0.0439,0.057,0.0131,1656.59
2024-01-01T21:43:00,0.0496,0.9504,0.0478,0.0515,0.0037,1576.74
2024-01-01T21:43:30,0.0506,0.9494,0.0469,0.0544,0.0075,1797.4
2024-01-01T21:44:00,0.0496,0.9504,0.0454,0.0538,0.0084,1320.16
2024-01-01T21:44:30,0.0521,0.9479,0.0477,0.0565,0.0088,1374.53
2024-01-01T21:45:00,0.0479,0.9521,0.0445,0.0513,0.0067,1535.93
2024-01-01T21:45:30,0.0512,0.9488,0.0441,0.0582,0.0141,2490.4
2024-01-01T21:46:00,0.0511,0.9489,0.0495,0.0527,0.0032,1220.86
2024-01-01T21:46:30,0.0497,0.9503,0.0454,0.054,0.0086,1230.37
2024-01-01T21:47:00,0.0486,0.9514,0.0465,0.0507,0.0042,2229.61
2024-01-01T21:47:30,0.0508,0.9492,0.0483,0.0533,0.0049,1264.65
2024-01-01T21:48:00,0.0473,0.9527,0.0443,0.0503,0.006,1805.32
2024-01-01T21:48:30,0.0463,0.9537,0.039,0.0535,0.0145,2286.58
2024-01-01T21:49:00,0.0487,0.9513,0.0447,0.0527,0.0081,2168.64
2024-01-01T21:49:30,0.0499,0.9501,0.0463,0.0535,0.0072,1225.25
2024-01-01T21:50:00,0.0504,0.9496,0.0457,0.055,0.0093,2513.68
2024-01-01T21:50:30,0.0514,0.9486,0.045,0.0577,0.0127,1577.56
2024-01-01T21:51:00,0.0518,0.9482,0.0466,0.0571,0.0105,1671.59
2024-01-01T21:51:30,0.0536,0.9464,0.0478,0.0595,0.0118,1324.44
2024-01-01T21:52:00,0.0504,0.9496,0.0454,0.0555,0.0101,2035.34
2024-01-01T21:52:30,0.0532,0.9468,0.0477,0.0587,0.011,1256.78
2024-01-01T21:53:00,0.0493,0.9507,0.0439,0.0547,0.0108,2087.12
2024-01-01T21:53:30,0.0494,0.9506,0.0447,0.0542,0.0095,1900.91
2024-01-01T21:54:00,0.0494,0.9506,0.0458,0.053,0.0072,2022.59
2024-01-01T21:54:30,0.0438,0.9562,0.0366,0.0511,0.0145,1916.64
2024-01-01T21:55:00,0.0459,0.9541,0.0416,0.0502,0.0086,2067.24
2024-01-01T21:55:30,0.0457,0.9543,0.0403,0.0511,0.0108,1818.68
2024-01-01T21:56:00,0.0468,0.9532,0.0423,0.0513,0.0091,1203.11
2024-01-01T21:56:30,0.0469,0.9531,0.0413,0.0525,0.0112,1346.17
2024-01-01T21:57:00,0.0453,0.9547,0.0379,0.0526,0.0147,2233.11
2024-01-01T21:57:30,0.0462,0.9538,0.0432,0.0493,0.0061,1348.68
2024-01-01T21:58:00,0.051,0.949,0.0463,0.0556,0.0093,2416.07
2024-01-01T21:58:30,0.0486,0.9514,0.0463,0.0509,0.0047,1425.51
2024-01-01T21:59:00,0.047,0.953,0.0431,0.0508,0.0077,1936.17
2024-01-01T21:59:30,0.0486,0.9514,0.0468,0.0505,0.0037,1444.55
2024-01-01T22:00:00,0.0478,0.9522,0.0432,0.0523,0.0091,1799.7
2024-01-01T22:00:30,0.0489,0.9511,0.0431,0.0548,0.0117,2359.67
2024-01-01T22:01:00,0.051,0.949,0.0493,0.0526,0.0033,1827.15
2024-01-01T22:01:30,0.0439,0.9561,0.0399,0.0479,0.008,1594.91
2024-01-01T22:02:00,0.0496,0.9504,0.0473,0.0518,0.0045,1097.43
2024-01-01T22:02:30,0.0506,0.9494,0.0443,0.0569,0.0126,2477.63
2024-01-01T22:03:00,0.0506,0.9494,0.049,0.0523,0.0032,2158.55
2024-01-01T22:03:30,0.0512,0.9488,0.0476,0.0547,0.0071,2244.38
2024-01-01T22:04:00,0.0485,0.9515,0.0468,0.0503,0.0035,2330.39
2024-01-01T22:04:30,0.0506,0.9494,0.045,0.0563,0.0113,2064.85
2024-01-01T22:05:00,0.0484,0.9516,0.0465,0.0503,0.0038,2214.18
2024-01-01T22:05:30,0.0495,0.9505,0.0449,0.054,0.0091,2318.29
2024-01-01T22:06:00,0.05,0.95,0.048,0.052,0.004,1620.23
2024-01-01T22:06:30,0.0488,0.9512,0.0445,0.053,0.0086,1781.68
2024-01-01T22:07:00,0.0508,0.9492,0.0477,0.0539,0.0062,2474.14
2024-01-01T22:07:30,0.0523,0.9477,0.05,0.0547,0.0047,1462.86
2024-01-01T22:08:00,0.0498,0.9502,0.0438,0.0558,0.012,1277.4
2024-01-01T22:08:30,0.0522,0.9478,0.0463,0.0581,0.0118,1134.9
2024-01-01T22:09:00,0.0503,0.9497,0.046,0.0546,0.0086,2277.53
2024-01-01T22:09:30,0.0499,0.9501,0.0484,0.0514,0.0031,1221.03
2024-01-01T22:10:00,0.0497,0.9503,0.0464,0.0529,0.0065,2191.53
2024-01-01T22:10:30,0.0465,0.9535,0.0411,0.052,0.0109,1967.54
2024-01-01T22:11:00,0.0472,0.9528,0.0445,0.05,0.0055,1781.56
2024-01-01T22:11:30,0.0489,0.9511,0.0417,0.0562,0.0144,1741.98
2024-01-01T22:12:00,0.0498,0.9502,0.0424,0.0572,0.0148,2442.16
2024-01-01T22:12:30,0.0496,0.9504,0.0473,0.052,0.0047,2095.71
2024-01-01T22:13:00,0.0469,0.9531,0.0454,0.0484,0.003,2227.17
2024-01-01T22:13:30,0.0496,0.9504,0.0433,0.0558,0.0125,1722.6
2024-01-01T22:14:00,0.0475,0.9525,0.0403,0.0547,0.0144,1965.08
2024-01-01T22:14:30,0.0467,0.9533,0.0419,0.0516,0.0097,2046.87
2024-01-01T22:15:00,0.0498,0.9502,0.0454,0.0542,0.0088,1878.1
2024-01-01T22:15:30,0.0512,0.9488,0.0482,0.0542,0.0061,1412.55
2024-01-01T22:16:00,0.0511,0.9489,0.0474,0.0548,0.0074,1435.54
2024-01-01T22:16:30,0.0472,0.9528,0.0417,0.0527,0.011,1286.01
2024-01-01T22:17:00,0.0492,0.9508,0.0433,0.0552,0.0118,1352.94
2024-01-01T22:17:30,0.0497,0.9503,0.0423,0.0571,0.0148,1638.0
2024-01-01T22:18:00,0.0501,0.9499,0.047,0.0532,0.0062,1518.75
2024-01-01T22:18:30,0.0498,0.9502,0.0446,0.055,0.0104,1800.24
2024-01-01T22:19:00,0.0492,0.9508,0.0444,0.0539,0.0094,1673.04
2024-01-01T22:19:30,0.0503,0.9497,0.0436,0.0569,0.0133,2425.98
2024-01-01T22:20:00,0.0476,0.9524,0.0445,0.0506,0.006,1799.26
2024-01-01T22:20:30,0.0481,0.9519,0.0418,0.0544,0.0126,1078.46
2024-01-01T22:21:00,0.0443,0.9557,0.0413,0.0473,0.006,2264.84
2024-01-01T22:21:30,0.0482,0.9518,0.0454,0.0511,0.0057,1793.97
2024-01-01T22:22:00,0.0456,0.9544,0.0393,0.052,0.0128,1684.49
2024-01-01T22:22:30,0.0485,0.9515,0.0437,0.0533,0.0096,2401.18
2024-01-01T22:23:00,0.0486,0.9514,0.0462,0.051,0.0048,1226.94
2024-01-01T22:23:30,0.0481,0.9519,0.046,0.0502,0.0042,1781.11
2024-01-01T22:24:00,0.0463,0.9537,0.0431,0.0496,0.0064,1176.55
2024-01-01T22:24:30,0.053,0.947,0.0514,0.0546,0.0032,2309.57
2024-01-01T22:25:00,0.0521,0.9479,0.0462,0.0581,0.012,2319.15
2024-01-01T22:25:30,0.0506,0.9494,0.0466,0.0546,0.008,1551.74
2024-01-01T22:26:00,0.0498,0.9502,0.0426,0.057,0.0144,1910.79
2024-01-01T22:26:30,0.0492,0.9508,0.0445,0.0539,0.0095,1452.9
2024-01-01T22:27:00,0.0498,0.9502,0.0453,0.0543,0.0089,2513.75
2024-01-01T22:27:30,0.0499,0.9501,0.0476,0.0522,0.0046,2035.24
2024-01-01T22:28:00,0.0516,0.9484,0.0452,0.058,0.0128,1836.07
2024-01-01T22:28:30,0.0481,0.9519,0.0436,0.0525,0.0088,2076.0
2024-01-01T22:29:00,0.0486,0.9514,0.0447,0.0524,0.0077,1701.07
2024-01-01T22:29:30,0.053,0.947,0.0458,0.0603,0.0145,1116.96
2024-01-01T22:30:00,0.0533,0.9467,0.048,0.0586,0.0106,1450.65
2024-01-01T22:30:30,0.0511,0.9489,0.0467,0.0555,0.0088,1372.92
2024-01-01T22:31:00,0.0494,0.9506,0.0424,0.0563,0.0139,1607.02
2024-01-01T22:31:30,0.0481,0.9519,0.0445,0.0517,0.0072,1259.23
2024-01-01T22:32:00,0.0464,0.9536,0.0412,0.0517,0.0105,1339.73
2024-01-01T22:32:30,0.0508,0.9492,0.0458,0.0559,0.0101,1997.64
2024-01-01T22:33:00,0.048,0.952,0.0454,0.0507,0.0053,1761.6
2024-01-01T22:33:30,0.0495,0.9505,0.0434,0.0556,0.0122,1797.2
2024-01-01T22:34:00,0.0517,0.9483,0.0464,0.057,0.0106,2422.14
2024-01-01T22:34:30,0.0491,0.9509,0.0467,0.0516,0.0049,2389.36
2024-01-01T22:35:00,0.0525,0.9475,0.0485,0.0565,0.008,1798.38
2024-01-01T22:35:30,0.0481,0.9519,0.0445,0.0518,0.0073,2013.38
2024-01-01T22:36:00,0.0499,0.9501,0.0451,0.0548,0.0097,2218.65
2024-01-01T22:36:30,0.0525,0.9475,0.0508,0.0541,0.0033,2190.7
2024-01-01T22:37:00,0.0525,0.9475,0.0454,0.0597,0.0143,2124.68
2024-01-01T22:37:30,0.0491,0.9509,0.0424,0.0557,0.0133,1987.93
2024-01-01T22:38:00,0.0517,0.9483,0.0498,0.0536,0.0038,2389.65
2024-01-01T22:38:30,0.0502,0.9498,0.0438,0.0567,0.0129,1452.8
2024-01-01T22:39:00,0.0527,0.9473,0.0473,0.0582,0.0109,2234.28
2024-01-01T22:39:30,0.0477,0.9523,0.0442,0.0511,0.0069,2140.45
2024-01-01T22:40:00,0.0495,0.9505,0.0468,0.0522,0.0055,1846.29
2024-01-01T22:40:30,0.0501,0.9499,0.0483,0.052,0.0036,1118.81
2024-01-01T22:41:00,0.0494,0.9506,0.0449,0.054,0.0091,1944.08
2024-01-01T22:41:30,0.0485,0.9515,0.0446,0.0524,0.0078,2345.18
2024-01-01T22:42:00,0.0496,0.9504,0.0446,0.0546,0.01,1459.84
2024-01-01T22:42:30,0.0526,0.9474,0.051,0.0542,0.0032,1362.89
2024-01-01T22:43:00,0.0492,0.9508,0.0433,0.0551,0.0118,1626.41
2024-01-01T22:43:30,0.2144,0.7856,0.2068,0.2221,0.0153,3065.75
2024-01-01T22:44:00,0.2257,0.7743,0.219,0.2324,0.0134,4192.67
2024-01-01T22:44:30,0.2299,0.7701,0.2258,0.234,0.0081,6195.2
2024-01-01T22:45:00,0.2333,0.7667,0.2246,0.2419,0.0172,5221.39
2024-01-01T22:45:30,0.2315,0.7685,0.2243,0.2388,0.0145,3772.91
2024-01-01T22:46:00,0.2281,0.7719,0.2225,0.2337,0.0111,3463.36
2024-01-01T22:46:30,0.2291,0.7709,0.2245,0.2337,0.0093,5533.73
2024-01-01T22:47:00,0.2253,0.7747,0.2209,0.2297,0.0088,4705.97
2024-01-01T22:47:30,0.2257,0.7743,0.221,0.2304,0.0094,4547.82
2024-01-01T22:48:00,0.2248,0.7752,0.2173,0.2323,0.015,6185.09
2024-01-01T22:48:30,0.2228,0.7772,0.2137,0.232,0.0183,3865.01
2024-01-01T22:49:00,0.2182,0.7818,0.2162,0.2202,0.004,3014.04
2024-01-01T22:49:30,0.2156,0.7844,0.2134,0.2177,0.0043,3966.0
2024-01-01T22:50:00,0.2118,0.7882,0.2046,0.219,0.0144,4940.64
2024-01-01T22:50:30,0.2104,0.7896,0.2076,0.2133,0.0056,4090.26
2024-01-01T22:51:00,0.2075,0.7925,0.2056,0.2093,0.0038,2666.6
2024-01-01T22:51:30,0.2061,0.7939,0.2037,0.2086,0.0049,3110.52
2024-01-01T22:52:00,0.2021,0.7979,0.1974,0.2067,0.0092,5717.27
2024-01-01T22:52:30,0.2023,0.7977,0.1936,0.2109,0.0173,2872.68
2024-01-01T22:53:00,0.1976,0.8024,0.1904,0.2048,0.0144,2872.16
2024-01-01T22:53:30,0.1962,0.8038,0.191,0.2015,0.0106,2914.75
2024-01-01T22:54:00,0.194,0.806,0.1851,0.203,0.0179,2774.89
2024-01-01T22:54:30,0.189,0.811,0.1849,0.1931,0.0082,4044.14
2024-01-01T22:55:00,0.1869,0.8131,0.1812,0.1926,0.0114,3063.74
2024-01-01T22:55:30,0.187,0.813,0.1801,0.1939,0.0138,5334.1
2024-01-01T22:56:00,0.1854,0.8146,0.1835,0.1873,0.0038,3845.22
2024-01-01T22:56:30,0.1781,0.8219,0.1743,0.182,0.0077,2562.96
2024-01-01T22:57:00,0.1812,0.8188,0.1789,0.1835,0.0046,4345.6
2024-01-01T22:57:30,0.177,0.823,0.1714,0.1827,0.0113,3162.93
2024-01-01T22:58:00,0.1763,0.8237,0.1709,0.1817,0.0107,4928.27
2024-01-01T22:58:30,0.1719,0.8281,0.1668,0.1771,0.0103,2382.85
2024-01-01T22:59:00,0.1684,0.8316,0.1612,0.1756,0.0145,3972.54
2024-01-01T22:59:30,0.1702,0.8298,0.1678,0.1727,0.0049,3183.67
2024-01-01T23:00:00,0.1629,0.8371,0.1578,0.168,0.0102,2422.97
2024-01-01T23:00:30,0.1637,0.8363,0.1552,0.1722,0.017,3000.12
2024-01-01T23:01:00,0.1618,0.8382,0.1562,0.1674,0.0112,3505.34
2024-01-01T23:01:30,0.1574,0.8426,0.1549,0.16,0.0051,3580.9
2024-01-01T23:02:00,0.1548,0.8452,0.1485,0.161,0.0125,3843.94
2024-01-01T23:02:30,0.1539,0.8461,0.152,0.1557,0.0037,3683.2
2024-01-01T23:03:00,0.1511,0.8489,0.1454,0.1569,0.0115,4363.09
2024-01-01T23:03:30,0.15,0.85,0.1455,0.1545,0.0089,3473.75
2024-01-01T23:04:00,0.1433,0.8567,0.1401,0.1465,0.0064,2191.87
2024-01-01T23:04:30,0.1401,0.8599,0.1343,0.1458,0.0115,3141.5
2024-01-01T23:05:00,0.143,0.857,0.1376,0.1484,0.0108,4332.91
2024-01-01T23:05:30,0.1437,0.8563,0.142,0.1455,0.0035,2136.61
2024-01-01T23:06:00,0.1397,0.8603,0.1336,0.1457,0.0121,4460.38
2024-01-01T23:06:30,0.1394,0.8606,0.1372,0.1415,0.0043,4133.33
2024-01-01T23:07:00,0.1344,0.8656,0.1318,0.137,0.0051,3487.36
2024-01-01T23:07:30,0.1369,0.8631,0.1313,0.1424,0.0111,2997.94
2024-01-01T23:08:00,0.1373,0.8627,0.1307,0.1438,0.013,2787.18
2024-01-01T23:08:30,0.1382,0.8618,0.1311,0.1454,0.0143,2153.29
2024-01-01T23:09:00,0.132,0.868,0.1247,0.1393,0.0147,2596.11
2024-01-01T23:09:30,0.1351,0.8649,0.1273,0.1429,0.0156,2078.0
2024-01-01T23:10:00,0.1329,0.8671,0.1312,0.1346,0.0035,2342.53
2024-01-01T23:10:30,0.1311,0.8689,0.1283,0.1338,0.0055,3627.3
2024-01-01T23:11:00,0.1318,0.8682,0.1266,0.1371,0.0105,2817.52
2024-01-01T23:11:30,0.13,0.87,0.1218,0.1381,0.0162,4262.77
2024-01-01T23:12:00,0.1263,0.8737,0.1237,0.1289,0.0051,2423.27
2024-01-01T23:12:30,0.1243,0.8757,0.1166,0.1321,0.0155,1873.21
2024-01-01T23:13:00,0.1271,0.8729,0.1224,0.1318,0.0093,2819.24
2024-01-01T23:13:30,0.1229,0.8771,0.1196,0.1262,0.0067,2914.09
2024-01-01T23:14:00,0.1274,0.8726,0.1225,0.1323,0.0098,1947.59
2024-01-01T23:14:30,0.1267,0.8733,0.124,0.1295,0.0055,2853.51
2024-01-01T23:15:00,0.1219,0.8781,0.1143,0.1294,0.0151,3756.39
2024-01-01T23:15:30,0.1234,0.8766,0.1201,0.1266,0.0065,2573.22
2024-01-01T23:16:00,0.1216,0.8784,0.1136,0.1296,0.016,1836.33
2024-01-01T23:16:30,0.1225,0.8775,0.1191,0.1258,0.0067,2285.1
2024-01-01T23:17:00,0.1237,0.8763,0.1184,0.1289,0.0105,2713.23
2024-01-01T23:17:30,0.1204,0.8796,0.1149,0.1259,0.0111,3140.0
2024-01-01T23:18:00,0.1216,0.8784,0.1143,0.1289,0.0145,2476.09
2024-01-01T23:18:30,0.1167,0.8833,0.1094,0.1239,0.0145,3504.95
2024-01-01T23:19:00,0.1222,0.8778,0.1184,0.126,0.0076,4053.67
2024-01-01T23:19:30,0.1185,0.8815,0.1125,0.1246,0.0121,3146.78
2024-01-01T23:20:00,0.1168,0.8832,0.1117,0.1218,0.0101,2151.16
2024-01-01T23:20:30,0.1202,0.8798,0.118,0.1224,0.0044,2832.2
2024-01-01T23:21:00,0.1162,0.8838,0.1128,0.1197,0.0069,1814.02
2024-01-01T23:21:30,0.1166,0.8834,0.1097,0.1235,0.0138,3549.19
2024-01-01T23:22:00,0.1145,0.8855,0.1125,0.1166,0.0041,3909.46
2024-01-01T23:22:30,0.1121,0.8879,0.1051,0.1191,0.014,2166.95
2024-01-01T23:23:00,0.1149,0.8851,0.1102,0.1196,0.0094,2083.43
2024-01-01T23:23:30,0.1147,0.8853,0.1102,0.1193,0.0091,2743.2
2024-01-01T23:24:00,0.1127,0.8873,0.1063,0.1191,0.0127,3111.58
2024-01-01T23:24:30,0.1086,0.8914,0.1017,0.1155,0.0138,3044.77
2024-01-01T23:25:00,0.1091,0.8909,0.1047,0.1134,0.0087,2046.35
2024-01-01T23:25:30,0.1099,0.8901,0.1044,0.1153,0.0109,3142.37
2024-01-01T23:26:00,0.1102,0.8898,0.1046,0.1159,0.0113,1677.26
2024-01-01T23:26:30,0.1118,0.8882,0.1072,0.1164,0.0093,3208.1
2024-01-01T23:27:00,0.1085,0.8915,0.1067,0.1102,0.0035,2015.38
2024-01-01T23:27:30,0.1093,0.8907,0.1064,0.1122,0.0058,1676.42
2024-01-01T23:28:00,0.1049,0.8951,0.0969,0.1129,0.016,1674.89
2024-01-01T23:28:30,0.1068,0.8932,0.104,0.1097,0.0057,3718.47
2024-01-01T23:29:00,0.1055,0.8945,0.1023,0.1087,0.0064,2359.85
2024-01-01T23:29:30,0.1076,0.8924,0.1019,0.1132,0.0113,2343.23
2024-01-01T23:30:00,0.106,0.894,0.1021,0.1098,0.0077,3497.34
2024-01-01T23:30:30,0.1074,0.8926,0.1015,0.1134,0.0119,3550.53
2024-01-01T23:31:00,0.1075,0.8925,0.103,0.1121,0.0091,2263.93
2024-01-01T23:31:30,0.108,0.892,0.102,0.1141,0.0121,3352.64
2024-01-01T23:32:00,0.1065,0.8935,0.0999,0.1131,0.0132,3093.41
2024-01-01T23:32:30,0.1076,0.8924,0.1057,0.1094,0.0038,3540.94
2024-01-01T23:33:00,0.1037,0.8963,0.0988,0.1085,0.0097,2601.25
2024-01-01T23:33:30,0.1082,0.8918,0.1009,0.1156,0.0147,2697.65
2024-01-01T23:34:00,0.1029,0.8971,0.1005,0.1052,0.0047,2760.83
2024-01-01T23:34:30,0.1034,0.8966,0.098,0.1089,0.011,2491.88
2024-01-01T23:35:00,0.1043,0.8957,0.0983,0.1104,0.0121,3448.43
2024-01-01T23:35:30,0.1041,0.8959,0.1003,0.1078,0.0075,1745.72
2024-01-01T23:36:00,0.1037,0.8963,0.0989,0.1086,0.0096,1999.93
2024-01-01T23:36:30,0.1053,0.8947,0.1007,0.11,0.0093,3472.11
2024-01-01T23:37:00,0.1034,0.8966,0.099,0.1078,0.0087,2329.23
2024-01-01T23:37:30,0.1033,0.8967,0.0981,0.1084,0.0103,2242.83
2024-01-01T23:38:00,0.1008,0.8992,0.0966,0.1049,0.0083,2422.52
2024-01-01T23:38:30,0.0995,0.9005,0.0925,0.1066,0.014,3412.53
2024-01-01T23:39:00,0.1028,0.8972,0.0995,0.1061,0.0066,3524.06
2024-01-01T23:39:30,0.1024,0.8976,0.1001,0.1046,0.0045,2927.4
2024-01-01T23:40:00,0.1,0.9,0.0969,0.1031,0.0062,3215.28
2024-01-01T23:40:30,0.1009,0.8991,0.0979,0.1039,0.006,3117.1
2024-01-01T23:41:00,0.0966,0.9034,0.0937,0.0996,0.006,2054.67
2024-01-01T23:41:30,0.1011,0.8989,0.0949,0.1072,0.0123,3086.9
2024-01-01T23:42:00,0.0995,0.9005,0.0971,0.1019,0.0048,2738.8
2024-01-01T23:42:30,0.0982,0.9018,0.0966,0.0998,0.0032,3349.02
2024-01-01T23:43:00,0.0955,0.9045,0.0921,0.0989,0.0068,2740.06
2024-01-01T23:43:30,0.0984,0.9016,0.0944,0.1023,0.0079,3356.57
2024-01-01T23:44:00,0.0942,0.9058,0.0881,0.1004,0.0123,3338.49
2024-01-01T23:44:30,0.0917,0.9083,0.087,0.0965,0.0094,1597.96
2024-01-01T23:45:00,0.098,0.902,0.0932,0.1029,0.0097,3173.42
2024-01-01T23:45:30,0.0941,0.9059,0.0901,0.0981,0.008,1574.55
2024-01-01T23:46:00,0.0934,0.9066,0.0908,0.096,0.0051,3047.16
2024-01-01T23:46:30,0.0945,0.9055,0.0921,0.097,0.0048,1771.66
2024-01-01T23:47:00,0.0937,0.9063,0.0921,0.0954,0.0033,3083.02
2024-01-01T23:47:30,0.0909,0.9091,0.0887,0.0931,0.0044,2565.14
2024-01-01T23:48:00,0.0949,0.9051,0.0905,0.0993,0.0088,1964.2
2024-01-01T23:48:30,0.0927,0.9073,0.0894,0.0961,0.0067,2600.95
2024-01-01T23:49:00,0.0964,0.9036,0.0908,0.102,0.0111,2421.35
2024-01-01T23:49:30,0.0934,0.9066,0.0881,0.0988,0.0108,3249.95
2024-01-01T23:50:00,0.0904,0.9096,0.0877,0.0931,0.0054,1643.84
2024-01-01T23:50:30,0.0871,0.9129,0.0804,0.0937,0.0133,1599.75
2024-01-01T23:51:00,0.0912,0.9088,0.0833,0.0991,0.0158,3344.24
2024-01-01T23:51:30,0.0898,0.9102,0.0863,0.0932,0.0068,2439.91
2024-01-01T23:52:00,0.0896,0.9104,0.0837,0.0956,0.0119,3325.65
2024-01-01T23:52:30,0.0907,0.9093,0.0887,0.0928,0.0042,2020.82
2024-01-01T23:53:00,0.0884,0.9116,0.0819,0.095,0.0131,1761.69
2024-01-01T23:53:30,0.0887,0.9113,0.0826,0.0949,0.0123,2283.76
2024-01-01T23:54:00,0.0876,0.9124,0.0844,0.0907,0.0064,1913.92
2024-01-01T23:54:30,0.0905,0.9095,0.0828,0.0982,0.0154,2049.56
2024-01-01T23:55:00,0.0913,0.9087,0.0858,0.0967,0.0109,3313.98
2024-01-01T23:55:30,0.0872,0.9128,0.0805,0.0938,0.0133,2654.99
2024-01-01T23:56:00,0.0881,0.9119,0.0815,0.0947,0.0132,2613.64
2024-01-01T23:56:30,0.0932,0.9068,0.0882,0.0982,0.01,2230.23
2024-01-01T23:57:00,0.0916,0.9084,0.0875,0.0957,0.0082,1843.02
2024-01-01T23:57:30,0.0898,0.9102,0.0845,0.0951,0.0106,3129.11
2024-01-01T23:58:00,0.0898,0.9102,0.0864,0.0932,0.0068,1613.8
2024-01-01T23:58:30,0.0918,0.9082,0.0892,0.0943,0.0051,2018.39
2024-01-01T23:59:00,0.0923,0.9077,0.0902,0.0943,0.004,3315.43
2024-01-01T23:59:30,0.0889,0.9111,0.0862,0.0916,0.0055,2217.5
2024-01-02T00:00:00,0.0882,0.9118,0.0861,0.0902,0.0041,2050.42
2024-01-02T00:00:30,0.0875,0.9125,0.0849,0.0901,0.0052,2194.28
2024-01-02T00:01:00,0.0872,0.9128,0.0798,0.0946,0.0149,2515.39
2024-01-02T00:01:30,0.0889,0.9111,0.0864,0.0914,0.0049,2090.87
2024-01-02T00:02:00,0.0892,0.9108,0.082,0.0964,0.0143,2462.28
2024-01-02T00:02:30,0.0891,0.9109,0.0836,0.0946,0.011,3093.48
2024-01-02T00:03:00,0.0856,0.9144,0.0799,0.0913,0.0114,2801.48
2024-01-02T00:03:30,0.0835,0.9165,0.0799,0.0872,0.0072,2199.53
2024-01-02T00:04:00,0.0807,0.9193,0.0739,0.0876,0.0137,1803.34
2024-01-02T00:04:30,0.0813,0.9187,0.0777,0.0849,0.0073,2706.33
2024-01-02T00:05:00,0.0804,0.9196,0.0745,0.0863,0.0118,1430.36
2024-01-02T00:05:30,0.0839,0.9161,0.0797,0.0881,0.0084,1501.2
2024-01-02T00:06:00,0.0826,0.9174,0.0801,0.0851,0.005,1858.05
2024-01-02T00:06:30,0.0847,0.9153,0.0796,0.0898,0.0102,2049.72
2024-01-02T00:07:00,0.0844,0.9156,0.0774,0.0914,0.014,2062.23
2024-01-02T00:07:30,0.0868,0.9132,0.0794,0.0942,0.0149,1710.4
2024-01-02T00:08:00,0.0829,0.9171,0.0764,0.0894,0.013,2638.21
2024-01-02T00:08:30,0.0794,0.9206,0.0742,0.0846,0.0104,1583.68
2024-01-02T00:09:00,0.0828,0.9172,0.0799,0.0856,0.0057,2979.56
2024-01-02T00:09:30,0.0798,0.9202,0.078,0.0815,0.0034,1631.53
2024-01-02T00:10:00,0.0821,0.9179,0.0781,0.0861,0.008,2686.92
2024-01-02T00:10:30,0.0819,0.9181,0.0754,0.0884,0.013,2177.59
2024-01-02T00:11:00,0.0846,0.9154,0.0778,0.0915,0.0137,2084.83
2024-01-02T00:11:30,0.0798,0.9202,0.0737,0.0858,0.0121,1517.9
2024-01-02T00:12:00,0.0772,0.9228,0.0742,0.0802,0.0059,1478.95
2024-01-02T00:12:30,0.08,0.92,0.078,0.0821,0.0041,3182.3
2024-01-02T00:13:00,0.0771,0.9229,0.0731,0.0811,0.008,2980.08
2024-01-02T00:13:30,0.0778,0.9222,0.0741,0.0815,0.0073,1617.27
2024-01-02T00:14:00,0.0776,0.9224,0.072,0.0832,0.0112,2748.62
2024-01-02T00:14:30,0.0758,0.9242,0.0724,0.0792,0.0068,2809.05
2024-01-02T00:15:00,0.076,0.924,0.0729,0.079,0.006,2523.15
2024-01-02T00:15:30,0.0765,0.9235,0.0696,0.0833,0.0137,2792.52
2024-01-02T00:16:00,0.0745,0.9255,0.0691,0.0799,0.0108,2211.48
2024-01-02T00:16:30,0.0754,0.9246,0.0704,0.0803,0.0098,2422.48
2024-01-02T00:17:00,0.0753,0.9247,0.0738,0.0769,0.0031,2013.55
2024-01-02T00:17:30,0.0781,0.9219,0.0711,0.085,0.0139,2645.84
2024-01-02T00:18:00,0.0804,0.9196,0.0779,0.083,0.0051,2390.46
2024-01-02T00:18:30,0.0765,0.9235,0.0721,0.081,0.0088,2213.46
2024-01-02T00:19:00,0.0721,0.9279,0.0668,0.0774,0.0106,2427.74
2024-01-02T00:19:30,0.0706,0.9294,0.0641,0.0771,0.013,1475.63
2024-01-02T00:20:00,0.074,0.926,0.0702,0.0778,0.0077,1952.48
2024-01-02T00:20:30,0.0779,0.9221,0.0744,0.0813,0.0069,2927.32
2024-01-02T00:21:00,0.0763,0.9237,0.0724,0.0802,0.0078,2313.05
2024-01-02T00:21:30,0.0765,0.9235,0.0748,0.0782,0.0034,2158.94
2024-01-02T00:22:00,0.0779,0.9221,0.0753,0.0804,0.0052,3047.25
2024-01-02T00:22:30,0.0768,0.9232,0.0722,0.0815,0.0093,2753.85
2024-01-02T00:23:00,0.0751,0.9249,0.0677,0.0825,0.0148,2055.97
2024-01-02T00:23:30,0.0788,0.9212,0.0715,0.0861,0.0145,2151.52
2024-01-02T00:24:00,0.0799,0.9201,0.0739,0.0859,0.012,2362.89
2024-01-02T00:24:30,0.0745,0.9255,0.0725,0.0765,0.004,2164.0
2024-01-02T00:25:00,0.0747,0.9253,0.0715,0.078,0.0065,2194.84
2024-01-02T00:25:30,0.0731,0.9269,0.0661,0.0801,0.014,2307.0
2024-01-02T00:26:00,0.0726,0.9274,0.0706,0.0745,0.0039,2007.7
2024-01-02T00:26:30,0.0727,0.9273,0.07,0.0754,0.0054,1633.98
2024-01-02T00:27:00,0.0707,0.9293,0.0671,0.0743,0.0071,1648.17
2024-01-02T00:27:30,0.0729,0.9271,0.0678,0.078,0.0103,2714.96
2024-01-02T00:28:00,0.0734,0.9266,0.0705,0.0762,0.0057,2019.3
2024-01-02T00:28:30,0.0738,0.9262,0.0691,0.0785,0.0095,1361.71
2024-01-02T00:29:00,0.0748,0.9252,0.0732,0.0764,0.0033,1904.33
2024-01-02T00:29:30,0.0728,0.9272,0.0686,0.0769,0.0083,2163.53
2024-01-02T00:30:00,0.074,0.926,0.0669,0.0811,0.0142,1786.72
2024-01-02T00:30:30,0.072,0.928,0.0649,0.0791,0.0142,1690.06
2024-01-02T00:31:00,0.0762,0.9238,0.0707,0.0817,0.011,2782.39
2024-01-02T00:31:30,0.0706,0.9294,0.0674,0.0739,0.0065,1751.23
2024-01-02T00:32:00,0.0748,0.9252,0.0704,0.0792,0.0089,1348.15
2024-01-02T00:32:30,0.0682,0.9318,0.0625,0.0738,0.0112,2909.22
2024-01-02T00:33:00,0.0657,0.9343,0.06,0.0714,0.0114,2615.1
2024-01-02T00:33:30,0.0647,0.9353,0.0595,0.0698,0.0102,1275.26
2024-01-02T00:34:00,0.0652,0.9348,0.0623,0.0681,0.0058,1845.31
2024-01-02T00:34:30,0.0657,0.9343,0.064,0.0675,0.0035,2362.85
2024-01-02T00:35:00,0.064,0.936,0.0589,0.0691,0.0101,2154.81
2024-01-02T00:35:30,0.0668,0.9332,0.0627,0.0708,0.0081,1934.19
2024-01-02T00:36:00,0.0685,0.9315,0.0625,0.0746,0.0121,2661.65
2024-01-02T00:36:30,0.0683,0.9317,0.0608,0.0758,0.0151,2349.81
2024-01-02T00:37:00,0.0649,0.9351,0.058,0.0719,0.0139,1852.09
2024-01-02T00:37:30,0.0647,0.9353,0.0616,0.0678,0.0062,1588.11
2024-01-02T00:38:00,0.0689,0.9311,0.0671,0.0708,0.0036,1995.65
2024-01-02T00:38:30,0.0662,0.9338,0.0633,0.0692,0.0059,2109.16
2024-01-02T00:39:00,0.0657,0.9343,0.0594,0.0719,0.0126,1427.98
2024-01-02T00:39:30,0.0701,0.9299,0.0682,0.0719,0.0037,2451.32
2024-01-02T00:40:00,0.0695,0.9305,0.0632,0.0757,0.0125,1325.75
2024-01-02T00:40:30,0.0675,0.9325,0.0636,0.0714,0.0078,1412.32
2024-01-02T00:41:00,0.0718,0.9282,0.0646,0.079,0.0145,2039.91
2024-01-02T00:41:30,0.0696,0.9304,0.063,0.0762,0.0131,2672.34
2024-01-02T00:42:00,0.0704,0.9296,0.0665,0.0743,0.0078,1479.21
2024-01-02T00:42:30,0.0682,0.9318,0.0607,0.0756,0.0149,2109.71
2024-01-02T00:43:00,0.0696,0.9304,0.065,0.0741,0.0091,2801.56
2024-01-02T00:43:30,0.0718,0.9282,0.0683,0.0754,0.007,2798.99
2024-01-02T00:44:00,0.0691,0.9309,0.0647,0.0736,0.009,1625.52
2024-01-02T00:44:30,0.0685,0.9315,0.0629,0.0741,0.0112,2473.34
2024-01-02T00:45:00,0.0695,0.9305,0.0671,0.0719,0.0048,1306.42
2024-01-02T00:45:30,0.0674,0.9326,0.0655,0.0693,0.0037,1678.79
2024-01-02T00:46:00,0.0684,0.9316,0.061,0.0757,0.0147,2007.15
2024-01-02T00:46:30,0.0658,0.9342,0.0589,0.0727,0.0139,2094.4
2024-01-02T00:47:00,0.0691,0.9309,0.0627,0.0755,0.0128,2424.56
2024-01-02T00:47:30,0.0666,0.9334,0.0619,0.0712,0.0093,1395.69
2024-01-02T00:48:00,0.0664,0.9336,0.062,0.0708,0.0088,2858.01
2024-01-02T00:48:30,0.0674,0.9326,0.0656,0.0692,0.0036,2692.44
2024-01-02T00:49:00,0.0683,0.9317,0.0633,0.0733,0.01,2568.27
2024-01-02T00:49:30,0.0671,0.9329,0.0609,0.0732,0.0123,2098.62
2024-01-02T00:50:00,0.0665,0.9335,0.0591,0.0738,0.0147,2775.46
2024-01-02T00:50:30,0.0635,0.9365,0.0605,0.0665,0.006,1859.39
2024-01-02T00:51:00,0.065,0.935,0.0591,0.0708,0.0117,2219.67
2024-01-02T00:51:30,0.063,0.937,0.0602,0.0658,0.0055,2197.47
2024-01-02T00:52:00,0.0612,0.9388,0.0569,0.0655,0.0087,1345.86
2024-01-02T00:52:30,0.0633,0.9367,0.0576,0.0689,0.0113,2228.58
2024-01-02T00:53:00,0.0644,0.9356,0.0574,0.0714,0.014,1953.88
2024-01-02T00:53:30,0.0629,0.9371,0.0572,0.0686,0.0115,1813.66
2024-01-02T00:54:00,0.0646,0.9354,0.06,0.0693,0.0093,2419.38
2024-01-02T00:54:30,0.063,0.937,0.0614,0.0647,0.0033,2332.27
2024-01-02T00:55:00,0.0642,0.9358,0.062,0.0664,0.0044,2588.66
2024-01-02T00:55:30,0.065,0.935,0.0582,0.0717,0.0135,2760.89
2024-01-02T00:56:00,0.0675,0.9325,0.0637,0.0712,0.0075,1590.24
2024-01-02T00:56:30,0.0659,0.9341,0.0628,0.069,0.0062,1298.93
2024-01-02T00:57:00,0.0613,0.9387,0.0596,0.0629,0.0033,1682.53
2024-01-02T00:57:30,0.0618,0.9382,0.0548,0.0688,0.0139,1565.29
2024-01-02T00:58:00,0.0636,0.9364,0.0584,0.0687,0.0103,1591.12
2024-01-02T00:58:30,0.064,0.936,0.0607,0.0674,0.0066,2607.54
2024-01-02T00:59:00,0.0664,0.9336,0.0617,0.0711,0.0094,1503.85
2024-01-02T00:59:30,0.0628,0.9372,0.0553,0.0702,0.0149,1679.36
