timestamp,yes_price,no_price,best_bid,best_ask,spread,volume_24h
2024-01-01T00:00:00,0.5474,0.4526,0.5431,0.5516,0.0085,7136.02
2024-01-01T00:00:30,0.547,0.453,0.5443,0.5497,0.0054,10556.09
2024-01-01T00:01:00,0.5494,0.4506,0.5403,0.5585,0.0182,9854.56
2024-01-01T00:01:30,0.5466,0.4534,0.5391,0.554,0.0149,7460.47
2024-01-01T00:02:00,0.5561,0.4439,0.5532,0.5591,0.0059,5788.61
2024-01-01T00:02:30,0.5478,0.4522,0.5385,0.5571,0.0186,10152.56
2024-01-01T00:03:00,0.5492,0.4508,0.5443,0.5541,0.0098,9909.5
2024-01-01T00:03:30,0.5511,0.4489,0.5418,0.5604,0.0186,7192.82
2024-01-01T00:04:00,0.5521,0.4479,0.5407,0.5636,0.0229,10488.11
2024-01-01T00:04:30,0.5479,0.4521,0.5409,0.555,0.0141,5839.72
2024-01-01T00:05:00,0.5496,0.4504,0.5382,0.561,0.0228,9753.51
2024-01-01T00:05:30,0.5514,0.4486,0.5452,0.5577,0.0125,5501.6
2024-01-01T00:06:00,0.5518,0.4482,0.5436,0.56,0.0164,8543.37
2024-01-01T00:06:30,0.5467,0.4533,0.5439,0.5495,0.0056,8563.84
2024-01-01T00:07:00,0.5463,0.4537,0.5387,0.5539,0.0152,4997.15
2024-01-01T00:07:30,0.5523,0.4477,0.5496,0.555,0.0054,6163.14
2024-01-01T00:08:00,0.5514,0.4486,0.5437,0.5592,0.0156,9838.23
2024-01-01T00:08:30,0.5515,0.4485,0.5448,0.5583,0.0135,9958.04
2024-01-01T00:09:00,0.5519,0.4481,0.5489,0.5548,0.0058,7003.74
2024-01-01T00:09:30,0.5482,0.4518,0.5388,0.5575,0.0187,5853.71
2024-01-01T00:10:00,0.552,0.448,0.5429,0.5612,0.0183,8625.71
2024-01-01T00:10:30,0.5457,0.4543,0.5385,0.5529,0.0144,4972.05
2024-01-01T00:11:00,0.5419,0.4581,0.5341,0.5497,0.0157,5044.22
2024-01-01T00:11:30,0.5498,0.4502,0.5418,0.5579,0.0161,9669.71
2024-01-01T00:12:00,0.5485,0.4515,0.5378,0.5593,0.0215,5256.14
2024-01-01T00:12:30,0.5478,0.4522,0.542,0.5536,0.0116,6261.32
2024-01-01T00:13:00,0.5517,0.4483,0.5448,0.5587,0.014,10329.57
2024-01-01T00:13:30,0.551,0.449,0.545,0.557,0.0119,8249.26
2024-01-01T00:14:00,0.5521,0.4479,0.548,0.5563,0.0083,8373.38
2024-01-01T00:14:30,0.551,0.449,0.5406,0.5615,0.0209,9661.26
2024-01-01T00:15:00,0.5518,0.4482,0.5469,0.5566,0.0096,6442.78
2024-01-01T00:15:30,0.5504,0.4496,0.5447,0.5561,0.0114,7678.67
2024-01-01T00:16:00,0.5501,0.4499,0.5438,0.5565,0.0127,6409.16
2024-01-01T00:16:30,0.5469,0.4531,0.536,0.5578,0.0218,7078.93
2024-01-01T00:17:00,0.5474,0.4526,0.5437,0.5512,0.0075,8731.31
2024-01-01T00:17:30,0.5471,0.4529,0.5372,0.5571,0.0199,7467.74
2024-01-01T00:18:00,0.547,0.453,0.5397,0.5543,0.0146,8814.64
2024-01-01T00:18:30,0.5451,0.4549,0.5363,0.5539,0.0177,6623.39
2024-01-01T00:19:00,0.5441,0.4559,0.5403,0.5479,0.0076,6044.85
2024-01-01T00:19:30,0.5458,0.4542,0.5415,0.5502,0.0087,7869.3
2024-01-01T00:20:00,0.5477,0.4523,0.545,0.5505,0.0055,9861.52
2024-01-01T00:20:30,0.5466,0.4534,0.5363,0.5569,0.0206,8798.58
2024-01-01T00:21:00,0.5487,0.4513,0.5371,0.5604,0.0233,5174.04
2024-01-01T00:21:30,0.5465,0.4535,0.5359,0.557,0.0211,6775.82
2024-01-01T00:22:00,0.5474,0.4526,0.5361,0.5587,0.0226,11496.1
2024-01-01T00:22:30,0.5476,0.4524,0.536,0.5592,0.0232,10456.94
2024-01-01T00:23:00,0.551,0.449,0.5446,0.5574,0.0129,7151.13
2024-01-01T00:23:30,0.5496,0.4504,0.5417,0.5574,0.0156,9833.26
2024-01-01T00:24:00,0.5509,0.4491,0.544,0.5578,0.0138,7916.72
2024-01-01T00:24:30,0.5526,0.4474,0.5415,0.5638,0.0223,9265.15
2024-01-01T00:25:00,0.5543,0.4457,0.5473,0.5613,0.0139,10215.15
2024-01-01T00:25:30,0.5543,0.4457,0.5485,0.5602,0.0117,9555.06
2024-01-01T00:26:00,0.5538,0.4462,0.5455,0.562,0.0165,9455.81
2024-01-01T00:26:30,0.5502,0.4498,0.5451,0.5553,0.0102,8226.45
2024-01-01T00:27:00,0.5502,0.4498,0.5435,0.557,0.0135,6956.09
2024-01-01T00:27:30,0.5505,0.4495,0.5396,0.5615,0.0219,11347.42
2024-01-01T00:28:00,0.5506,0.4494,0.5461,0.5551,0.009,8588.17
2024-01-01T00:28:30,0.5536,0.4464,0.5492,0.5579,0.0088,10343.46
2024-01-01T00:29:00,0.5494,0.4506,0.5438,0.5549,0.0111,9792.88
2024-01-01T00:29:30,0.552,0.448,0.5408,0.5633,0.0224,10267.78
2024-01-01T00:30:00,0.551,0.449,0.5431,0.5589,0.0158,9991.85
2024-01-01T00:30:30,0.5483,0.4517,0.5379,0.5587,0.0209,6581.36
2024-01-01T00:31:00,0.5495,0.4505,0.5389,0.5601,0.0212,8777.45
2024-01-01T00:31:30,0.5466,0.4534,0.5438,0.5493,0.0055,5846.72
2024-01-01T00:32:00,0.5479,0.4521,0.5444,0.5514,0.007,8889.96
2024-01-01T00:32:30,0.5493,0.4507,0.5418,0.5569,0.015,6571.55
2024-01-01T00:33:00,0.5512,0.4488,0.5417,0.5606,0.0189,6228.95
2024-01-01T00:33:30,0.553,0.447,0.5411,0.5648,0.0237,6864.81
2024-01-01T00:34:00,0.5534,0.4466,0.547,0.5598,0.0128,6364.39
2024-01-01T00:34:30,0.5519,0.4481,0.5405,0.5633,0.0227,10158.98
2024-01-01T00:35:00,0.5521,0.4479,0.548,0.5563,0.0083,6798.99
2024-01-01T00:35:30,0.5494,0.4506,0.5432,0.5556,0.0123,10678.3
2024-01-01T00:36:00,0.5516,0.4484,0.5455,0.5576,0.012,9249.6
2024-01-01T00:36:30,0.5473,0.4527,0.5435,0.5511,0.0076,8341.86
2024-01-01T00:37:00,0.5505,0.4495,0.5392,0.5618,0.0225,9202.53
2024-01-01T00:37:30,0.5446,0.4554,0.5335,0.5557,0.0222,8881.21
2024-01-01T00:38:00,0.5466,0.4534,0.5393,0.554,0.0147,6135.78
2024-01-01T00:38:30,0.5429,0.4571,0.5344,0.5513,0.017,8916.97
2024-01-01T00:39:00,0.5493,0.4507,0.5378,0.5608,0.023,10491.5
2024-01-01T00:39:30,0.5502,0.4498,0.5407,0.5596,0.019,6652.55
2024-01-01T00:40:00,0.5495,0.4505,0.5392,0.5598,0.0206,7888.97
2024-01-01T00:40:30,0.553,0.447,0.5504,0.5556,0.0051,7755.54
2024-01-01T00:41:00,0.5483,0.4517,0.5439,0.5527,0.0088,9227.91
2024-01-01T00:41:30,0.5547,0.4453,0.5522,0.5571,0.005,6637.7
2024-01-01T00:42:00,0.5506,0.4494,0.5431,0.558,0.0149,9422.7
2024-01-01T00:42:30,0.5523,0.4477,0.545,0.5596,0.0146,9250.2
2024-01-01T00:43:00,0.5513,0.4487,0.5449,0.5576,0.0126,8997.28
2024-01-01T00:43:30,0.5489,0.4511,0.5377,0.56,0.0223,10887.92
2024-01-01T00:44:00,0.5502,0.4498,0.5415,0.5589,0.0173,11068.88
2024-01-01T00:44:30,0.5484,0.4516,0.5391,0.5576,0.0186,6079.29
2024-01-01T00:45:00,0.5487,0.4513,0.5403,0.5571,0.0168,10850.64
2024-01-01T00:45:30,0.5469,0.4531,0.5356,0.5583,0.0228,9853.46
2024-01-01T00:46:00,0.5509,0.4491,0.5428,0.5589,0.0161,9414.35
2024-01-01T00:46:30,0.5473,0.4527,0.542,0.5526,0.0106,7333.17
2024-01-01T00:47:00,0.5515,0.4485,0.5426,0.5604,0.0178,5547.25
2024-01-01T00:47:30,0.5503,0.4497,0.5466,0.5541,0.0075,10710.73
2024-01-01T00:48:00,0.5532,0.4468,0.5501,0.5563,0.0063,8732.96
2024-01-01T00:48:30,0.5506,0.4494,0.5443,0.5569,0.0126,11333.4
2024-01-01T00:49:00,0.5487,0.4513,0.5455,0.552,0.0065,11033.2
2024-01-01T00:49:30,0.5507,0.4493,0.5469,0.5545,0.0076,9770.21
2024-01-01T00:50:00,0.5507,0.4493,0.5441,0.5572,0.0132,7576.32
2024-01-01T00:50:30,0.5481,0.4519,0.5398,0.5565,0.0167,11480.99
2024-01-01T00:51:00,0.5485,0.4515,0.5437,0.5534,0.0097,6998.2
2024-01-01T00:51:30,0.5501,0.4499,0.5432,0.5569,0.0137,5114.35
2024-01-01T00:52:00,0.5532,0.4468,0.5418,0.5645,0.0227,8816.82
2024-01-01T00:52:30,0.5528,0.4472,0.5431,0.5626,0.0196,5823.79
2024-01-01T00:53:00,0.5531,0.4469,0.5492,0.5569,0.0077,8318.39
2024-01-01T00:53:30,0.5469,0.4531,0.5395,0.5544,0.0149,7191.8
2024-01-01T00:54:00,0.55,0.45,0.544,0.556,0.0121,6347.69
2024-01-01T00:54:30,0.5499,0.4501,0.5382,0.5617,0.0235,8123.88
2024-01-01T00:55:00,0.5497,0.4503,0.5414,0.558,0.0167,10609.72
2024-01-01T00:55:30,0.5517,0.4483,0.5464,0.5569,0.0105,7807.86
2024-01-01T00:56:00,0.547,0.453,0.5418,0.5521,0.0102,5150.16
2024-01-01T00:56:30,0.546,0.454,0.5369,0.5551,0.0182,10354.04
2024-01-01T00:57:00,0.5494,0.4506,0.5413,0.5576,0.0163,6427.63
2024-01-01T00:57:30,0.55,0.45,0.5421,0.558,0.0159,10673.78
2024-01-01T00:58:00,0.5483,0.4517,0.5397,0.5569,0.0172,10437.05
2024-01-01T00:58:30,0.5537,0.4463,0.5419,0.5656,0.0237,10581.93
2024-01-01T00:59:00,0.5513,0.4487,0.5466,0.556,0.0093,8136.09
2024-01-01T00:59:30,0.5477,0.4523,0.5444,0.5509,0.0065,9603.74
2024-01-01T01:00:00,0.5504,0.4496,0.5475,0.5534,0.0059,5077.51
2024-01-01T01:00:30,0.5484,0.4516,0.5412,0.5556,0.0145,7449.15
2024-01-01T01:01:00,0.5495,0.4505,0.5442,0.5547,0.0105,11012.6
2024-01-01T01:01:30,0.5484,0.4516,0.5379,0.5589,0.021,6832.04
2024-01-01T01:02:00,0.5498,0.4502,0.5421,0.5576,0.0154,9548.05
2024-01-01T01:02:30,0.5444,0.4556,0.537,0.5518,0.0149,7395.09
2024-01-01T01:03:00,0.5468,0.4532,0.5365,0.5571,0.0206,9403.68
2024-01-01T01:03:30,0.5509,0.4491,0.5419,0.5598,0.0179,6214.35
2024-01-01T01:04:00,0.5503,0.4497,0.5462,0.5544,0.0082,5479.58
2024-01-01T01:04:30,0.5511,0.4489,0.545,0.5572,0.0122,10331.62
2024-01-01T01:05:00,0.5501,0.4499,0.5451,0.5551,0.01,9786.22
2024-01-01T01:05:30,0.551,0.449,0.5436,0.5585,0.0149,6565.41
2024-01-01T01:06:00,0.5496,0.4504,0.5438,0.5555,0.0117,11427.92
2024-01-01T01:06:30,0.5454,0.4546,0.5415,0.5494,0.0079,7708.14
2024-01-01T01:07:00,0.5473,0.4527,0.5445,0.55,0.0055,5778.15
2024-01-01T01:07:30,0.5453,0.4547,0.534,0.5565,0.0225,9843.45
2024-01-01T01:08:00,0.5463,0.4537,0.5384,0.5542,0.0158,11487.8
2024-01-01T01:08:30,0.5479,0.4521,0.5366,0.5591,0.0225,8684.54
2024-01-01T01:09:00,0.5493,0.4507,0.5409,0.5577,0.0168,9856.57
2024-01-01T01:09:30,0.5515,0.4485,0.5445,0.5584,0.0139,9813.05
2024-01-01T01:10:00,0.5526,0.4474,0.5494,0.5557,0.0064,10035.86
2024-01-01T01:10:30,0.5471,0.4529,0.5411,0.553,0.0118,11342.76
2024-01-01T01:11:00,0.5509,0.4491,0.5431,0.5587,0.0156,10278.11
2024-01-01T01:11:30,0.5492,0.4508,0.5423,0.5561,0.0138,9295.19
2024-01-01T01:12:00,0.5476,0.4524,0.5396,0.5555,0.0159,6790.21
2024-01-01T01:12:30,0.5479,0.4521,0.5434,0.5525,0.0091,11363.23
2024-01-01T01:13:00,0.5485,0.4515,0.5447,0.5522,0.0075,10231.62
2024-01-01T01:13:30,0.5472,0.4528,0.5362,0.5582,0.022,6676.9
2024-01-01T01:14:00,0.5473,0.4527,0.5384,0.5562,0.0179,5567.28
2024-01-01T01:14:30,0.5493,0.4507,0.5435,0.555,0.0115,8911.74
2024-01-01T01:15:00,0.5475,0.4525,0.5423,0.5527,0.0104,9570.84
2024-01-01T01:15:30,0.5488,0.4512,0.5433,0.5543,0.011,6929.05
2024-01-01T01:16:00,0.5512,0.4488,0.5462,0.5562,0.01,6943.74
2024-01-01T01:16:30,0.5489,0.4511,0.5416,0.5561,0.0145,8471.71
2024-01-01T01:17:00,0.5478,0.4522,0.5422,0.5534,0.0111,8539.05
2024-01-01T01:17:30,0.5468,0.4532,0.5439,0.5496,0.0057,10336.08
2024-01-01T01:18:00,0.5455,0.4545,0.5374,0.5536,0.0162,10218.38
2024-01-01T01:18:30,0.5456,0.4544,0.5411,0.5501,0.009,8784.47
2024-01-01T01:19:00,0.5496,0.4504,0.5465,0.5527,0.0062,9066.36
2024-01-01T01:19:30,0.547,0.453,0.5356,0.5584,0.0229,6781.9
2024-01-01T01:20:00,0.5486,0.4514,0.5418,0.5553,0.0135,8406.02
2024-01-01T01:20:30,0.5478,0.4522,0.5442,0.5514,0.0072,10301.62
2024-01-01T01:21:00,0.5529,0.4471,0.5439,0.5619,0.0179,8952.21
2024-01-01T01:21:30,0.5473,0.4527,0.5435,0.5511,0.0076,10875.42
2024-01-01T01:22:00,0.5486,0.4514,0.5423,0.555,0.0127,9842.12
2024-01-01T01:22:30,0.5461,0.4539,0.5352,0.557,0.0218,6677.23
2024-01-01T01:23:00,0.5501,0.4499,0.5388,0.5614,0.0226,8798.04
2024-01-01T01:23:30,0.55,0.45,0.5437,0.5564,0.0127,5081.67
2024-01-01T01:24:00,0.5512,0.4488,0.5476,0.5548,0.0071,7714.26
2024-01-01T01:24:30,0.5531,0.4469,0.5419,0.5643,0.0224,6634.92
2024-01-01T01:25:00,0.5514,0.4486,0.5397,0.5631,0.0234,11046.47
2024-01-01T01:25:30,0.5507,0.4493,0.5434,0.5581,0.0147,6179.94
2024-01-01T01:26:00,0.5522,0.4478,0.5415,0.5629,0.0214,11394.26
2024-01-01T01:26:30,0.5513,0.4487,0.5427,0.5599,0.0172,9176.28
2024-01-01T01:27:00,0.5502,0.4498,0.5461,0.5544,0.0083,8438.88
2024-01-01T01:27:30,0.5522,0.4478,0.5476,0.5568,0.0092,11015.31
2024-01-01T01:28:00,0.549,0.451,0.5377,0.5603,0.0226,4969.34
2024-01-01T01:28:30,0.5485,0.4515,0.5452,0.5518,0.0066,10060.23
2024-01-01T01:29:00,0.5472,0.4528,0.5429,0.5514,0.0085,5464.86
2024-01-01T01:29:30,0.5507,0.4493,0.5433,0.5581,0.0148,5429.16
2024-01-01T01:30:00,0.5509,0.4491,0.5464,0.5554,0.009,5765.51
2024-01-01T01:30:30,0.5517,0.4483,0.5466,0.5567,0.01,7662.89
2024-01-01T01:31:00,0.5546,0.4454,0.5459,0.5633,0.0174,11077.72
2024-01-01T01:31:30,0.5503,0.4497,0.5426,0.5579,0.0153,6113.84
2024-01-01T01:32:00,0.5499,0.4501,0.5406,0.5593,0.0187,10245.61
2024-01-01T01:32:30,0.5468,0.4532,0.538,0.5555,0.0175,9075.29
2024-01-01T01:33:00,0.5466,0.4534,0.5355,0.5577,0.0222,9216.76
2024-01-01T01:33:30,0.5505,0.4495,0.5414,0.5595,0.0181,5319.81
2024-01-01T01:34:00,0.5505,0.4495,0.5407,0.5603,0.0196,8804.91
2024-01-01T01:34:30,0.5514,0.4486,0.5459,0.5569,0.011,7103.95
2024-01-01T01:35:00,0.5501,0.4499,0.5431,0.557,0.014,11258.27
2024-01-01T01:35:30,0.5479,0.4521,0.538,0.5578,0.0198,7220.75
2024-01-01T01:36:00,0.5521,0.4479,0.5452,0.5591,0.014,7170.88
2024-01-01T01:36:30,0.5489,0.4511,0.539,0.5588,0.0198,9915.0
2024-01-01T01:37:00,0.5492,0.4508,0.5454,0.5531,0.0076,11121.98
2024-01-01T01:37:30,0.5452,0.4548,0.5406,0.5497,0.009,9238.28
2024-01-01T01:38:00,0.5478,0.4522,0.543,0.5526,0.0096,7407.25
2024-01-01T01:38:30,0.5504,0.4496,0.5428,0.5579,0.0151,7853.19
2024-01-01T01:39:00,0.5484,0.4516,0.5399,0.5569,0.0171,10611.3
2024-01-01T01:39:30,0.5459,0.4541,0.5365,0.5552,0.0187,10765.84
2024-01-01T01:40:00,0.5466,0.4534,0.5351,0.5581,0.023,5338.48
2024-01-01T01:40:30,0.5496,0.4504,0.5431,0.5561,0.0131,10971.56
2024-01-01T01:41:00,0.5461,0.4539,0.5417,0.5505,0.0088,9211.16
2024-01-01T01:41:30,0.5457,0.4543,0.5422,0.5492,0.0069,10409.28
2024-01-01T01:42:00,0.5522,0.4478,0.5472,0.5572,0.01,5233.97
2024-01-01T01:42:30,0.5507,0.4493,0.5388,0.5626,0.0238,11200.91
2024-01-01T01:43:00,0.5506,0.4494,0.5421,0.5592,0.0171,6281.57
2024-01-01T01:43:30,0.5497,0.4503,0.5449,0.5545,0.0096,8124.78
2024-01-01T01:44:00,0.5492,0.4508,0.5443,0.5541,0.0098,6827.19
2024-01-01T01:44:30,0.5463,0.4537,0.5384,0.5543,0.0159,5853.73
2024-01-01T01:45:00,0.5471,0.4529,0.5416,0.5526,0.011,5241.97
2024-01-01T01:45:30,0.5474,0.4526,0.5355,0.5593,0.0238,9284.61
2024-01-01T01:46:00,0.5508,0.4492,0.5434,0.5583,0.015,8263.79
2024-01-01T01:46:30,0.55,0.45,0.5475,0.5525,0.005,7752.35
2024-01-01T01:47:00,0.5545,0.4455,0.5515,0.5575,0.0059,9376.21
2024-01-01T01:47:30,0.5553,0.4447,0.5502,0.5604,0.0102,5462.31
2024-01-01T01:48:00,0.55,0.45,0.5454,0.5546,0.0092,5087.52
2024-01-01T01:48:30,0.5537,0.4463,0.5495,0.5579,0.0085,5669.74
2024-01-01T01:49:00,0.5508,0.4492,0.5396,0.5619,0.0223,9986.71
2024-01-01T01:49:30,0.5535,0.4465,0.5506,0.5564,0.0058,8888.18
2024-01-01T01:50:00,0.5503,0.4497,0.5457,0.5549,0.0092,6595.52
2024-01-01T01:50:30,0.5518,0.4482,0.542,0.5617,0.0196,6898.74
2024-01-01T01:51:00,0.5486,0.4514,0.5383,0.5588,0.0205,11122.29
2024-01-01T01:51:30,0.5479,0.4521,0.5365,0.5592,0.0228,11112.05
2024-01-01T01:52:00,0.5471,0.4529,0.5386,0.5555,0.0169,7028.41
2024-01-01T01:52:30,0.5459,0.4541,0.5414,0.5503,0.0089,9456.35
2024-01-01T01:53:00,0.5489,0.4511,0.5444,0.5533,0.0089,8963.29
2024-01-01T01:53:30,0.5491,0.4509,0.5428,0.5555,0.0127,11352.97
2024-01-01T01:54:00,0.5499,0.4501,0.5465,0.5533,0.0068,10024.24
2024-01-01T01:54:30,0.5485,0.4515,0.5395,0.5576,0.0181,11180.65
2024-01-01T01:55:00,0.5463,0.4537,0.5399,0.5528,0.0129,5563.26
2024-01-01T01:55:30,0.5502,0.4498,0.5421,0.5583,0.0162,6746.62
2024-01-01T01:56:00,0.5523,0.4477,0.5415,0.5631,0.0216,6418.06
2024-01-01T01:56:30,0.5477,0.4523,0.5398,0.5557,0.0159,7460.91
2024-01-01T01:57:00,0.5484,0.4516,0.5398,0.557,0.0172,5230.19
2024-01-01T01:57:30,0.5497,0.4503,0.5449,0.5545,0.0096,5430.21
2024-01-01T01:58:00,0.5557,0.4443,0.5509,0.5606,0.0096,10204.18
2024-01-01T01:58:30,0.5536,0.4464,0.5456,0.5615,0.0158,9285.93
2024-01-01T01:59:00,0.5526,0.4474,0.55,0.5553,0.0053,8852.09
2024-01-01T01:59:30,0.553,0.447,0.5414,0.5646,0.0233,8991.79
2024-01-01T02:00:00,0.5533,0.4467,0.5473,0.5594,0.0121,8355.94
2024-01-01T02:00:30,0.555,0.445,0.5454,0.5646,0.0191,10086.07
2024-01-01T02:01:00,0.5558,0.4442,0.5453,0.5664,0.021,8039.77
2024-01-01T02:01:30,0.5611,0.4389,0.5562,0.566,0.0098,6921.74
2024-01-01T02:02:00,0.561,0.439,0.5531,0.5689,0.0157,11065.62
2024-01-01T02:02:30,0.5649,0.4351,0.5564,0.5735,0.0171,7586.71
2024-01-01T02:03:00,0.5683,0.4317,0.5626,0.574,0.0114,9504.34
2024-01-01T02:03:30,0.5736,0.4264,0.5667,0.5805,0.0138,8049.67
2024-01-01T02:04:00,0.5769,0.4231,0.5687,0.585,0.0163,8803.93
2024-01-01T02:04:30,0.5782,0.4218,0.5758,0.5805,0.0047,10066.55
2024-01-01T02:05:00,0.5811,0.4189,0.5772,0.5851,0.0079,10113.64
2024-01-01T02:05:30,0.5827,0.4173,0.576,0.5894,0.0133,8537.23
2024-01-01T02:06:00,0.5888,0.4112,0.5784,0.5992,0.0209,6570.26
2024-01-01T02:06:30,0.5882,0.4118,0.5789,0.5974,0.0185,8668.32
2024-01-01T02:07:00,0.5922,0.4078,0.5828,0.6017,0.0189,6443.22
2024-01-01T02:07:30,0.5962,0.4038,0.5855,0.6069,0.0214,9384.82
2024-01-01T02:08:00,0.5984,0.4016,0.5881,0.6086,0.0205,8387.62
2024-01-01T02:08:30,0.6003,0.3997,0.5949,0.6057,0.0108,6774.33
2024-01-01T02:09:00,0.6047,0.3953,0.5956,0.6138,0.0182,4493.18
2024-01-01T02:09:30,0.6086,0.3914,0.5976,0.6196,0.022,6226.56
2024-01-01T02:10:00,0.6113,0.3887,0.6085,0.6141,0.0056,9668.14
2024-01-01T02:10:30,0.6142,0.3858,0.6043,0.6241,0.0198,6844.64
2024-01-01T02:11:00,0.6161,0.3839,0.6059,0.6263,0.0203,4616.15
2024-01-01T02:11:30,0.6218,0.3782,0.6169,0.6267,0.0098,7272.93
2024-01-01T02:12:00,0.6233,0.3767,0.6205,0.626,0.0055,4963.78
2024-01-01T02:12:30,0.6271,0.3729,0.6211,0.6332,0.0121,7539.35
2024-01-01T02:13:00,0.6295,0.3705,0.6241,0.6349,0.0108,5714.25
2024-01-01T02:13:30,0.6327,0.3673,0.6257,0.6398,0.0141,4381.56
2024-01-01T02:14:00,0.6354,0.3646,0.6255,0.6454,0.0199,7687.53
2024-01-01T02:14:30,0.6386,0.3614,0.635,0.6422,0.0072,8701.65
2024-01-01T02:15:00,0.6402,0.3598,0.6328,0.6476,0.0147,9029.84
2024-01-01T02:15:30,0.6419,0.3581,0.6329,0.6508,0.018,4554.05
2024-01-01T02:16:00,0.6413,0.3587,0.6352,0.6475,0.0124,6606.42
2024-01-01T02:16:30,0.6484,0.3516,0.6379,0.6589,0.021,5427.76
2024-01-01T02:17:00,0.6515,0.3485,0.6479,0.6551,0.0073,4626.54
2024-01-01T02:17:30,0.6578,0.3422,0.6535,0.6621,0.0086,8550.84
2024-01-01T02:18:00,0.6536,0.3464,0.6452,0.662,0.0168,7754.3
2024-01-01T02:18:30,0.662,0.338,0.656,0.6681,0.012,4323.89
2024-01-01T02:19:00,0.6648,0.3352,0.6561,0.6735,0.0174,7597.01
2024-01-01T02:19:30,0.6659,0.3341,0.6571,0.6747,0.0177,4454.78
2024-01-01T02:20:00,0.6706,0.3294,0.6638,0.6775,0.0136,8106.97
2024-01-01T02:20:30,0.6762,0.3238,0.6666,0.6859,0.0194,6941.21
2024-01-01T02:21:00,0.6778,0.3222,0.6739,0.6818,0.0079,6931.73
2024-01-01T02:21:30,0.6849,0.3151,0.6758,0.6941,0.0182,7039.07
2024-01-01T02:22:00,0.6871,0.3129,0.6779,0.6963,0.0184,3868.28
2024-01-01T02:22:30,0.6883,0.3117,0.6798,0.6969,0.0171,5625.61
2024-01-01T02:23:00,0.6921,0.3079,0.689,0.6951,0.006,4737.31
2024-01-01T02:23:30,0.6955,0.3045,0.6867,0.7043,0.0176,3581.86
2024-01-01T02:24:00,0.7002,0.2998,0.6948,0.7057,0.0109,5967.28
2024-01-01T02:24:30,0.6978,0.3022,0.688,0.7077,0.0197,6633.3
2024-01-01T02:25:00,0.7006,0.2994,0.695,0.7062,0.0112,5696.37
2024-01-01T02:25:30,0.7053,0.2947,0.6985,0.7121,0.0136,6643.25
2024-01-01T02:26:00,0.7075,0.2925,0.7016,0.7134,0.0118,6321.0
2024-01-01T02:26:30,0.7104,0.2896,0.7074,0.7134,0.006,3986.14
2024-01-01T02:27:00,0.713,0.287,0.7082,0.7177,0.0096,5464.65
2024-01-01T02:27:30,0.7153,0.2847,0.7078,0.7228,0.015,3915.58
2024-01-01T02:28:00,0.7193,0.2807,0.7101,0.7286,0.0185,5316.96
2024-01-01T02:28:30,0.7243,0.2757,0.7158,0.7327,0.0168,4013.76
2024-01-01T02:29:00,0.7257,0.2743,0.7162,0.7353,0.0191,7504.99
2024-01-01T02:29:30,0.7312,0.2688,0.7288,0.7336,0.0048,3800.02
2024-01-01T02:30:00,0.7334,0.2666,0.728,0.7388,0.0108,5421.36
2024-01-01T02:30:30,0.7402,0.2598,0.7339,0.7464,0.0125,3714.39
2024-01-01T02:31:00,0.7381,0.2619,0.7297,0.7465,0.0168,4585.94
2024-01-01T02:31:30,0.7431,0.2569,0.7409,0.7454,0.0045,3216.07
2024-01-01T02:32:00,0.7458,0.2542,0.7426,0.7491,0.0065,5567.18
2024-01-01T02:32:30,0.7518,0.2482,0.7454,0.7582,0.0128,5229.77
2024-01-01T02:33:00,0.7541,0.2459,0.7447,0.7635,0.0188,4918.21
2024-01-01T02:33:30,0.7561,0.2439,0.7496,0.7625,0.0129,4036.16
2024-01-01T02:34:00,0.7585,0.2415,0.756,0.761,0.005,3967.12
2024-01-01T02:34:30,0.7611,0.2389,0.7538,0.7684,0.0146,6718.16
2024-01-01T02:35:00,0.7643,0.2357,0.7615,0.7671,0.0056,4887.3
2024-01-01T02:35:30,0.7701,0.2299,0.7619,0.7783,0.0164,3805.76
2024-01-01T02:36:00,0.7705,0.2295,0.7629,0.7781,0.0152,4680.31
2024-01-01T02:36:30,0.7747,0.2253,0.7672,0.7821,0.0149,3252.57
2024-01-01T02:37:00,0.7775,0.2225,0.7694,0.7855,0.0162,3059.71
2024-01-01T02:37:30,0.7803,0.2197,0.7777,0.7828,0.0051,6259.37
2024-01-01T02:38:00,0.7813,0.2187,0.7729,0.7897,0.0167,3799.17
2024-01-01T02:38:30,0.788,0.212,0.7831,0.793,0.0098,3881.78
2024-01-01T02:39:00,0.7933,0.2067,0.7902,0.7965,0.0063,5706.08
2024-01-01T02:39:30,0.792,0.208,0.7895,0.7944,0.0049,4577.05
2024-01-01T02:40:00,0.7968,0.2032,0.7909,0.8026,0.0117,3347.27
2024-01-01T02:40:30,0.7991,0.2009,0.7918,0.8064,0.0145,3845.84
2024-01-01T02:41:00,0.8051,0.1949,0.8013,0.809,0.0077,3303.58
2024-01-01T02:41:30,0.8069,0.1931,0.8049,0.8089,0.004,5546.7
2024-01-01T02:42:00,0.808,0.192,0.7989,0.817,0.0181,3382.54
2024-01-01T02:42:30,0.813,0.187,0.8109,0.8151,0.0042,3748.65
2024-01-01T02:43:00,0.8167,0.1833,0.8126,0.8207,0.0081,3821.07
2024-01-01T02:43:30,0.8192,0.1808,0.8139,0.8244,0.0105,2532.64
2024-01-01T02:44:00,0.8222,0.1778,0.817,0.8274,0.0104,5020.05
2024-01-01T02:44:30,0.8206,0.1794,0.815,0.8261,0.0111,4180.81
2024-01-01T02:45:00,0.822,0.178,0.8192,0.8248,0.0056,3045.51
2024-01-01T02:45:30,0.8274,0.1726,0.825,0.8299,0.0049,4294.36
2024-01-01T02:46:00,0.8261,0.1739,0.8225,0.8296,0.0072,5137.08
2024-01-01T02:46:30,0.8271,0.1729,0.8203,0.8339,0.0135,4674.99
2024-01-01T02:47:00,0.8234,0.1766,0.8169,0.8299,0.013,4759.79
2024-01-01T02:47:30,0.8298,0.1702,0.8221,0.8374,0.0153,4202.96
2024-01-01T02:48:00,0.8309,0.1691,0.8277,0.8342,0.0065,3338.66
2024-01-01T02:48:30,0.828,0.172,0.8218,0.8341,0.0123,3076.75
2024-01-01T02:49:00,0.8315,0.1685,0.8247,0.8383,0.0136,4617.57
2024-01-01T02:49:30,0.8289,0.1711,0.821,0.8368,0.0158,4103.42
2024-01-01T02:50:00,0.8305,0.1695,0.8266,0.8343,0.0076,5130.57
2024-01-01T02:50:30,0.8282,0.1718,0.8201,0.8364,0.0163,4310.06
2024-01-01T02:51:00,0.8301,0.1699,0.8262,0.8341,0.0079,3192.95
2024-01-01T02:51:30,0.827,0.173,0.8249,0.829,0.0041,4253.91
2024-01-01T02:52:00,0.8245,0.1755,0.8189,0.8301,0.0113,2460.03
2024-01-01T02:52:30,0.8226,0.1774,0.8208,0.8245,0.0037,4814.99
2024-01-01T02:53:00,0.8241,0.1759,0.8195,0.8287,0.0092,4050.72
2024-01-01T02:53:30,0.8289,0.1711,0.8223,0.8355,0.0132,3120.8
2024-01-01T02:54:00,0.8252,0.1748,0.8221,0.8283,0.0062,3794.4
2024-01-01T02:54:30,0.8262,0.1738,0.8201,0.8324,0.0123,3233.18
2024-01-01T02:55:00,0.8285,0.1715,0.826,0.831,0.005,2931.4
2024-01-01T02:55:30,0.8288,0.1712,0.8252,0.8324,0.0072,3309.48
2024-01-01T02:56:00,0.8275,0.1725,0.8214,0.8337,0.0123,4212.76
2024-01-01T02:56:30,0.8247,0.1753,0.8201,0.8293,0.0092,3975.64
2024-01-01T02:57:00,0.8269,0.1731,0.8233,0.8305,0.0072,2320.73
2024-01-01T02:57:30,0.8276,0.1724,0.8257,0.8296,0.0039,3448.94
2024-01-01T02:58:00,0.8315,0.1685,0.8271,0.8359,0.0088,3643.9
2024-01-01T02:58:30,0.8263,0.1737,0.821,0.8315,0.0105,4652.5
2024-01-01T02:59:00,0.8252,0.1748,0.8166,0.8338,0.0172,4463.4
2024-01-01T02:59:30,0.8248,0.1752,0.8188,0.8308,0.012,4001.41
2024-01-01T03:00:00,0.8274,0.1726,0.8216,0.8332,0.0117,3729.44
2024-01-01T03:00:30,0.8299,0.1701,0.8225,0.8373,0.0148,3932.54
2024-01-01T03:01:00,0.8274,0.1726,0.8251,0.8297,0.0046,4184.02
2024-01-01T03:01:30,0.8287,0.1713,0.8229,0.8346,0.0117,4855.15
2024-01-01T03:02:00,0.8258,0.1742,0.8228,0.8288,0.006,3671.96
2024-01-01T03:02:30,0.8256,0.1744,0.8228,0.8284,0.0056,5100.29
2024-01-01T03:03:00,0.8245,0.1755,0.8172,0.8319,0.0147,3461.02
2024-01-01T03:03:30,0.8262,0.1738,0.8236,0.8289,0.0053,5014.81
2024-01-01T03:04:00,0.8266,0.1734,0.8187,0.8345,0.0158,2413.45
2024-01-01T03:04:30,0.8259,0.1741,0.8226,0.8292,0.0067,5126.57
2024-01-01T03:05:00,0.8277,0.1723,0.8238,0.8317,0.0079,3442.95
2024-01-01T03:05:30,0.8266,0.1734,0.8226,0.8306,0.008,4423.72
2024-01-01T03:06:00,0.826,0.174,0.8239,0.8281,0.0042,3473.72
2024-01-01T03:06:30,0.8271,0.1729,0.8231,0.831,0.0079,3309.16
2024-01-01T03:07:00,0.8271,0.1729,0.8201,0.8342,0.0141,3133.25
2024-01-01T03:07:30,0.8281,0.1719,0.8209,0.8353,0.0144,2612.36
2024-01-01T03:08:00,0.8245,0.1755,0.8162,0.8328,0.0166,3276.96
2024-01-01T03:08:30,0.8329,0.1671,0.825,0.8409,0.0159,4947.37
2024-01-01T03:09:00,0.8288,0.1712,0.8266,0.831,0.0045,3841.14
2024-01-01T03:09:30,0.8288,0.1712,0.8204,0.8372,0.0168,3383.22
2024-01-01T03:10:00,0.8289,0.1711,0.8205,0.8373,0.0168,2502.48
2024-01-01T03:10:30,0.827,0.173,0.8205,0.8335,0.013,3860.6
2024-01-01T03:11:00,0.8282,0.1718,0.8247,0.8318,0.0071,2675.02
2024-01-01T03:11:30,0.8284,0.1716,0.8245,0.8323,0.0078,2442.83
2024-01-01T03:12:00,0.8259,0.1741,0.8205,0.8314,0.011,2804.39
2024-01-01T03:12:30,0.8269,0.1731,0.8202,0.8335,0.0133,4463.07
2024-01-01T03:13:00,0.8281,0.1719,0.8257,0.8304,0.0047,2457.22
2024-01-01T03:13:30,0.8269,0.1731,0.8243,0.8295,0.0052,2720.71
2024-01-01T03:14:00,0.8278,0.1722,0.8242,0.8315,0.0074,5174.19
2024-01-01T03:14:30,0.8306,0.1694,0.8231,0.8381,0.015,4586.28
2024-01-01T03:15:00,0.8306,0.1694,0.8242,0.8369,0.0127,3678.1
2024-01-01T03:15:30,0.8267,0.1733,0.8233,0.83,0.0067,4578.3
2024-01-01T03:16:00,0.831,0.169,0.829,0.8331,0.0041,3973.83
2024-01-01T03:16:30,0.83,0.17,0.8237,0.8363,0.0126,2872.02
2024-01-01T03:17:00,0.8278,0.1722,0.8238,0.8319,0.008,4641.73
2024-01-01T03:17:30,0.8288,0.1712,0.823,0.8345,0.0115,3843.22
2024-01-01T03:18:00,0.832,0.168,0.8251,0.839,0.0139,4529.89
2024-01-01T03:18:30,0.8264,0.1736,0.8193,0.8335,0.0142,4711.83
2024-01-01T03:19:00,0.8296,0.1704,0.8261,0.833,0.007,2811.19
2024-01-01T03:19:30,0.827,0.173,0.8224,0.8315,0.0091,4386.06
2024-01-01T03:20:00,0.832,0.168,0.824,0.8401,0.0161,3098.22
2024-01-01T03:20:30,0.8347,0.1653,0.8303,0.8392,0.0089,4719.39
2024-01-01T03:21:00,0.8276,0.1724,0.8247,0.8304,0.0056,3979.62
2024-01-01T03:21:30,0.8293,0.1707,0.8208,0.8378,0.017,4020.92
2024-01-01T03:22:00,0.8261,0.1739,0.8185,0.8337,0.0152,4185.6
2024-01-01T03:22:30,0.8308,0.1692,0.8231,0.8385,0.0154,3706.47
2024-01-01T03:23:00,0.8274,0.1726,0.8246,0.8302,0.0056,3371.05
2024-01-01T03:23:30,0.8297,0.1703,0.8215,0.8379,0.0163,4855.62
2024-01-01T03:24:00,0.8283,0.1717,0.8242,0.8323,0.0082,4608.36
2024-01-01T03:24:30,0.833,0.167,0.8302,0.8358,0.0056,4769.02
2024-01-01T03:25:00,0.8308,0.1692,0.8229,0.8388,0.0159,4693.02
2024-01-01T03:25:30,0.831,0.169,0.8244,0.8376,0.0133,2929.51
2024-01-01T03:26:00,0.8355,0.1645,0.8285,0.8425,0.014,4248.41
2024-01-01T03:26:30,0.832,0.168,0.8262,0.8379,0.0117,4066.7
2024-01-01T03:27:00,0.831,0.169,0.8255,0.8365,0.011,4358.86
2024-01-01T03:27:30,0.8297,0.1703,0.8234,0.836,0.0126,3582.22
2024-01-01T03:28:00,0.8275,0.1725,0.8188,0.8362,0.0174,3313.32
2024-01-01T03:28:30,0.828,0.172,0.823,0.8329,0.0099,3858.14
2024-01-01T03:29:00,0.8263,0.1737,0.8242,0.8285,0.0044,3881.21
2024-01-01T03:29:30,0.8231,0.1769,0.8151,0.8312,0.0162,2868.85
2024-01-01T03:30:00,0.8259,0.1741,0.8191,0.8326,0.0134,2540.58
2024-01-01T03:30:30,0.8228,0.1772,0.8201,0.8255,0.0054,5168.51
2024-01-01T03:31:00,0.8265,0.1735,0.822,0.831,0.009,2957.56
2024-01-01T03:31:30,0.8241,0.1759,0.8199,0.8283,0.0085,2945.82
2024-01-01T03:32:00,0.8193,0.1807,0.8119,0.8266,0.0146,3192.95
2024-01-01T03:32:30,0.8242,0.1758,0.8198,0.8285,0.0087,4162.51
2024-01-01T03:33:00,0.8247,0.1753,0.8162,0.8332,0.017,4716.4
2024-01-01T03:33:30,0.8258,0.1742,0.8228,0.8287,0.0059,4610.55
2024-01-01T03:34:00,0.8259,0.1741,0.8196,0.8321,0.0126,2987.5
2024-01-01T03:34:30,0.8261,0.1739,0.8235,0.8288,0.0053,3144.41
2024-01-01T03:35:00,0.8264,0.1736,0.8231,0.8296,0.0064,3237.91
2024-01-01T03:35:30,0.8281,0.1719,0.8253,0.8309,0.0057,2435.68
2024-01-01T03:36:00,0.825,0.175,0.8192,0.8307,0.0115,4536.49
2024-01-01T03:36:30,0.8209,0.1791,0.8183,0.8235,0.0052,4514.76
2024-01-01T03:37:00,0.8239,0.1761,0.8153,0.8325,0.0172,3039.27
2024-01-01T03:37:30,0.825,0.175,0.817,0.8329,0.0159,4550.44
2024-01-01T03:38:00,0.8247,0.1753,0.8217,0.8277,0.0059,2884.09
2024-01-01T03:38:30,0.8246,0.1754,0.8192,0.8299,0.0108,2520.19
2024-01-01T03:39:00,0.8258,0.1742,0.8204,0.8311,0.0107,2975.15
2024-01-01T03:39:30,0.8218,0.1782,0.8148,0.8288,0.014,4553.49
2024-01-01T03:40:00,0.8241,0.1759,0.8193,0.8288,0.0095,3953.21
2024-01-01T03:40:30,0.8206,0.1794,0.8182,0.8229,0.0047,4077.2
2024-01-01T03:41:00,0.8303,0.1697,0.8279,0.8326,0.0047,3246.5
2024-01-01T03:41:30,0.8256,0.1744,0.8225,0.8286,0.0062,3006.34
2024-01-01T03:42:00,0.8282,0.1718,0.8259,0.8305,0.0046,4393.76
2024-01-01T03:42:30,0.8259,0.1741,0.8185,0.8334,0.0149,4134.76
2024-01-01T03:43:00,0.8281,0.1719,0.8208,0.8354,0.0147,2384.56
2024-01-01T03:43:30,0.8243,0.1757,0.8171,0.8315,0.0145,3500.48
2024-01-01T03:44:00,0.8264,0.1736,0.8246,0.8283,0.0036,5148.57
2024-01-01T03:44:30,0.8231,0.1769,0.8191,0.8271,0.008,4557.75
2024-01-01T03:45:00,0.8276,0.1724,0.8188,0.8364,0.0176,3641.51
2024-01-01T03:45:30,0.8277,0.1723,0.8238,0.8317,0.0079,3503.79
2024-01-01T03:46:00,0.829,0.171,0.8254,0.8327,0.0073,5050.18
2024-01-01T03:46:30,0.8292,0.1708,0.8239,0.8345,0.0107,2872.45
2024-01-01T03:47:00,0.829,0.171,0.8243,0.8338,0.0095,4697.84
2024-01-01T03:47:30,0.8306,0.1694,0.8267,0.8344,0.0076,3315.72
2024-01-01T03:48:00,0.8317,0.1683,0.8263,0.8372,0.0109,3965.94
2024-01-01T03:48:30,0.8317,0.1683,0.8297,0.8337,0.004,2471.39
2024-01-01T03:49:00,0.8261,0.1739,0.8211,0.8311,0.0099,4856.67
2024-01-01T03:49:30,0.8242,0.1758,0.8179,0.8305,0.0126,3451.47
2024-01-01T03:50:00,0.8278,0.1722,0.8195,0.8361,0.0166,2562.22
2024-01-01T03:50:30,0.8281,0.1719,0.8215,0.8346,0.0131,3595.22
2024-01-01T03:51:00,0.829,0.171,0.8245,0.8334,0.0088,2726.23
2024-01-01T03:51:30,0.8286,0.1714,0.8225,0.8347,0.0122,4937.76
2024-01-01T03:52:00,0.8311,0.1689,0.8228,0.8393,0.0165,3489.77
2024-01-01T03:52:30,0.8321,0.1679,0.8258,0.8383,0.0125,5099.15
2024-01-01T03:53:00,0.8309,0.1691,0.823,0.8388,0.0157,5086.63
2024-01-01T03:53:30,0.8281,0.1719,0.8215,0.8347,0.0132,5195.21
2024-01-01T03:54:00,0.8289,0.1711,0.8227,0.8352,0.0124,4392.98
2024-01-01T03:54:30,0.8274,0.1726,0.8207,0.8341,0.0134,4295.03
2024-01-01T03:55:00,0.8249,0.1751,0.8208,0.8289,0.0081,2379.44
2024-01-01T03:55:30,0.8281,0.1719,0.8236,0.8325,0.0089,3035.32
2024-01-01T03:56:00,0.8301,0.1699,0.8278,0.8325,0.0047,3086.86
2024-01-01T03:56:30,0.8288,0.1712,0.8245,0.8332,0.0087,2989.09
2024-01-01T03:57:00,0.8298,0.1702,0.8242,0.8354,0.0112,2742.05
2024-01-01T03:57:30,0.8268,0.1732,0.8185,0.8352,0.0166,3577.69
2024-01-01T03:58:00,0.8266,0.1734,0.8214,0.8318,0.0104,3913.56
2024-01-01T03:58:30,0.8235,0.1765,0.8209,0.8262,0.0053,4875.05
2024-01-01T03:59:00,0.8246,0.1754,0.8221,0.8271,0.005,3809.08
2024-01-01T03:59:30,0.8239,0.1761,0.8208,0.8271,0.0063,4743.49
2024-01-01T04:00:00,0.8268,0.1732,0.824,0.8296,0.0056,5278.67
2024-01-01T04:00:30,0.8269,0.1731,0.823,0.8308,0.0078,5026.12
2024-01-01T04:01:00,0.8266,0.1734,0.8229,0.8304,0.0076,4931.37
2024-01-01T04:01:30,0.8267,0.1733,0.823,0.8305,0.0075,4158.67
2024-01-01T04:02:00,0.8237,0.1763,0.8198,0.8277,0.0079,5281.06
2024-01-01T04:02:30,0.8239,0.1761,0.8154,0.8324,0.017,4089.31
2024-01-01T04:03:00,0.8281,0.1719,0.8258,0.8303,0.0045,4172.49
2024-01-01T04:03:30,0.8245,0.1755,0.8198,0.8292,0.0094,4307.72
2024-01-01T04:04:00,0.8268,0.1732,0.8235,0.83,0.0064,2581.54
2024-01-01T04:04:30,0.8326,0.1674,0.8283,0.8369,0.0086,3634.44
2024-01-01T04:05:00,0.836,0.164,0.8339,0.8382,0.0043,3789.59
2024-01-01T04:05:30,0.8286,0.1714,0.8217,0.8355,0.0138,3461.92
2024-01-01T04:06:00,0.829,0.171,0.8234,0.8346,0.0112,4729.11
2024-01-01T04:06:30,0.8278,0.1722,0.8242,0.8314,0.0072,3569.17
2024-01-01T04:07:00,0.8294,0.1706,0.8238,0.8351,0.0113,4759.74
2024-01-01T04:07:30,0.8306,0.1694,0.8265,0.8348,0.0083,4294.44
2024-01-01T04:08:00,0.8285,0.1715,0.8237,0.8332,0.0095,4843.91
2024-01-01T04:08:30,0.829,0.171,0.825,0.8331,0.0081,4570.46
2024-01-01T04:09:00,0.8266,0.1734,0.8202,0.833,0.0128,4731.2
2024-01-01T04:09:30,0.8285,0.1715,0.8221,0.835,0.0129,2719.22
2024-01-01T04:10:00,0.8288,0.1712,0.8202,0.8374,0.0172,3270.24
2024-01-01T04:10:30,0.7245,0.2755,0.7164,0.7326,0.0162,7253.33
2024-01-01T04:11:00,0.7218,0.2782,0.7176,0.7261,0.0085,3581.62
2024-01-01T04:11:30,0.7225,0.2775,0.7195,0.7255,0.006,6983.41
2024-01-01T04:12:00,0.7204,0.2796,0.718,0.7229,0.0049,3390.66
2024-01-01T04:12:30,0.7191,0.2809,0.7127,0.7254,0.0127,5412.88
2024-01-01T04:13:00,0.716,0.284,0.7123,0.7198,0.0075,4770.29
2024-01-01T04:13:30,0.711,0.289,0.707,0.7151,0.008,6909.37
2024-01-01T04:14:00,0.7107,0.2893,0.7074,0.714,0.0066,7708.4
2024-01-01T04:14:30,0.7131,0.2869,0.7058,0.7205,0.0147,4865.96
2024-01-01T04:15:00,0.711,0.289,0.7062,0.7158,0.0096,5928.68
2024-01-01T04:15:30,0.7068,0.2932,0.7002,0.7134,0.0132,6134.28
2024-01-01T04:16:00,0.7078,0.2922,0.7003,0.7152,0.0148,4438.98
2024-01-01T04:16:30,0.7077,0.2923,0.7036,0.7117,0.0081,7387.97
2024-01-01T04:17:00,0.7071,0.2929,0.7025,0.7117,0.0092,5000.48
2024-01-01T04:17:30,0.7105,0.2895,0.705,0.7159,0.0109,5788.04
2024-01-01T04:18:00,0.7149,0.2851,0.7115,0.7182,0.0067,3354.66
2024-01-01T04:18:30,0.7107,0.2893,0.7045,0.7169,0.0124,6004.83
2024-01-01T04:19:00,0.7108,0.2892,0.7069,0.7146,0.0078,4302.87
2024-01-01T04:19:30,0.7125,0.2875,0.7032,0.7219,0.0187,6087.73
2024-01-01T04:20:00,0.7107,0.2893,0.7063,0.7152,0.0089,4534.94
2024-01-01T04:20:30,0.7117,0.2883,0.7048,0.7187,0.0139,6557.23
2024-01-01T04:21:00,0.7091,0.2909,0.704,0.7143,0.0104,4244.42
2024-01-01T04:21:30,0.711,0.289,0.705,0.717,0.012,4548.04
2024-01-01T04:22:00,0.7153,0.2847,0.7078,0.7228,0.015,5337.39
2024-01-01T04:22:30,0.7135,0.2865,0.7061,0.7208,0.0147,6489.19
2024-01-01T04:23:00,0.7171,0.2829,0.709,0.7251,0.0162,6102.99
2024-01-01T04:23:30,0.7165,0.2835,0.7138,0.7191,0.0053,6502.49
2024-01-01T04:24:00,0.715,0.285,0.7107,0.7193,0.0086,5202.94
2024-01-01T04:24:30,0.7148,0.2852,0.7106,0.719,0.0084,4933.53
2024-01-01T04:25:00,0.7146,0.2854,0.71,0.7191,0.0091,5709.25
2024-01-01T04:25:30,0.7162,0.2838,0.7122,0.7201,0.0079,4531.66
2024-01-01T04:26:00,0.7142,0.2858,0.7094,0.7191,0.0097,4847.42
2024-01-01T04:26:30,0.7142,0.2858,0.7047,0.7236,0.019,6358.16
2024-01-01T04:27:00,0.7157,0.2843,0.7061,0.7253,0.0193,7632.3
2024-01-01T04:27:30,0.7143,0.2857,0.7054,0.7232,0.0177,6044.32
2024-01-01T04:28:00,0.7124,0.2876,0.7088,0.7159,0.0071,4547.13
2024-01-01T04:28:30,0.7163,0.2837,0.7085,0.7241,0.0155,5311.74
2024-01-01T04:29:00,0.7134,0.2866,0.7037,0.7231,0.0193,5843.68
2024-01-01T04:29:30,0.7133,0.2867,0.7034,0.7232,0.0199,7462.96
2024-01-01T04:30:00,0.7142,0.2858,0.7062,0.7221,0.0159,3592.96
2024-01-01T04:30:30,0.7146,0.2854,0.7095,0.7197,0.0102,7098.98
2024-01-01T04:31:00,0.7169,0.2831,0.7104,0.7235,0.013,7015.17
2024-01-01T04:31:30,0.7145,0.2855,0.7063,0.7227,0.0163,5076.36
2024-01-01T04:32:00,0.7191,0.2809,0.7162,0.722,0.0059,5824.49
2024-01-01T04:32:30,0.715,0.285,0.7096,0.7203,0.0107,6503.05
2024-01-01T04:33:00,0.7167,0.2833,0.7123,0.7211,0.0088,3669.37
2024-01-01T04:33:30,0.7152,0.2848,0.7089,0.7215,0.0125,3546.69
2024-01-01T04:34:00,0.7168,0.2832,0.7097,0.7239,0.0141,5671.79
2024-01-01T04:34:30,0.7116,0.2884,0.7029,0.7202,0.0173,7447.27
2024-01-01T04:35:00,0.7149,0.2851,0.7081,0.7218,0.0137,7447.14
2024-01-01T04:35:30,0.713,0.287,0.706,0.72,0.0141,5387.53
2024-01-01T04:36:00,0.7136,0.2864,0.7057,0.7215,0.0158,4254.73
2024-01-01T04:36:30,0.7104,0.2896,0.7016,0.7192,0.0176,7160.12
2024-01-01T04:37:00,0.7114,0.2886,0.7067,0.7162,0.0095,3750.23
2024-01-01T04:37:30,0.7104,0.2896,0.7029,0.718,0.0151,7578.98
2024-01-01T04:38:00,0.7099,0.2901,0.7003,0.7196,0.0192,6585.03
2024-01-01T04:38:30,0.7102,0.2898,0.7058,0.7146,0.0088,5380.04
2024-01-01T04:39:00,0.7123,0.2877,0.7048,0.7198,0.015,3400.39
2024-01-01T04:39:30,0.7126,0.2874,0.7048,0.7204,0.0156,6807.47
2024-01-01T04:40:00,0.7161,0.2839,0.7111,0.721,0.0099,6210.98
2024-01-01T04:40:30,0.7087,0.2913,0.6995,0.718,0.0185,5034.75
2024-01-01T04:41:00,0.7098,0.2902,0.7035,0.7161,0.0126,4138.95
2024-01-01T04:41:30,0.7117,0.2883,0.7048,0.7187,0.0139,5615.1
2024-01-01T04:42:00,0.7131,0.2869,0.7043,0.7219,0.0177,6228.51
2024-01-01T04:42:30,0.7097,0.2903,0.7014,0.7179,0.0165,4639.56
2024-01-01T04:43:00,0.7103,0.2897,0.7005,0.7201,0.0197,6962.17
2024-01-01T04:43:30,0.7107,0.2893,0.7034,0.718,0.0146,5176.14
2024-01-01T04:44:00,0.7139,0.2861,0.7101,0.7177,0.0076,4618.62
2024-01-01T04:44:30,0.7127,0.2873,0.7057,0.7197,0.014,6895.99
2024-01-01T04:45:00,0.7128,0.2872,0.7075,0.718,0.0105,5891.47
2024-01-01T04:45:30,0.7129,0.2871,0.7041,0.7217,0.0176,7599.76
2024-01-01T04:46:00,0.7121,0.2879,0.7026,0.7216,0.019,4003.8
2024-01-01T04:46:30,0.7108,0.2892,0.704,0.7176,0.0136,3970.24
2024-01-01T04:47:00,0.7092,0.2908,0.7008,0.7176,0.0168,5413.89
2024-01-01T04:47:30,0.7103,0.2897,0.7003,0.7204,0.0201,6447.24
2024-01-01T04:48:00,0.7135,0.2865,0.7042,0.7229,0.0187,6228.84
2024-01-01T04:48:30,0.7114,0.2886,0.7087,0.7141,0.0054,7454.86
2024-01-01T04:49:00,0.7178,0.2822,0.7144,0.7212,0.0068,6015.34
2024-01-01T04:49:30,0.716,0.284,0.7139,0.7181,0.0042,3933.93
2024-01-01T04:50:00,0.7154,0.2846,0.713,0.7177,0.0048,4206.09
2024-01-01T04:50:30,0.7118,0.2882,0.7053,0.7182,0.0129,3756.56
2024-01-01T04:51:00,0.711,0.289,0.7048,0.7172,0.0124,3926.78
2024-01-01T04:51:30,0.7138,0.2862,0.708,0.7196,0.0116,5103.43
2024-01-01T04:52:00,0.7182,0.2818,0.7125,0.7238,0.0112,7363.66
2024-01-01T04:52:30,0.7137,0.2863,0.7046,0.7229,0.0182,6294.65
2024-01-01T04:53:00,0.7171,0.2829,0.7074,0.7268,0.0194,3632.52
2024-01-01T04:53:30,0.7138,0.2862,0.7057,0.7219,0.0163,4042.12
2024-01-01T04:54:00,0.7176,0.2824,0.7088,0.7264,0.0176,3369.53
2024-01-01T04:54:30,0.7153,0.2847,0.7127,0.7178,0.0051,3729.05
2024-01-01T04:55:00,0.7167,0.2833,0.7145,0.7189,0.0044,3947.01
2024-01-01T04:55:30,0.715,0.285,0.7075,0.7225,0.015,6410.05
2024-01-01T04:56:00,0.7103,0.2897,0.7036,0.7171,0.0135,3774.04
2024-01-01T04:56:30,0.7133,0.2867,0.7074,0.7191,0.0117,4788.02
2024-01-01T04:57:00,0.7132,0.2868,0.7081,0.7183,0.0102,6609.52
2024-01-01T04:57:30,0.7129,0.2871,0.7056,0.7201,0.0145,5712.09
2024-01-01T04:58:00,0.7104,0.2896,0.7036,0.7173,0.0138,5718.05
2024-01-01T04:58:30,0.7122,0.2878,0.7061,0.7182,0.0121,7194.2
2024-01-01T04:59:00,0.7085,0.2915,0.7048,0.7123,0.0075,3943.07
2024-01-01T04:59:30,0.7053,0.2947,0.7011,0.7095,0.0084,5872.95
2024-01-01T05:00:00,0.7043,0.2957,0.697,0.7116,0.0146,6196.72
2024-01-01T05:00:30,0.7027,0.2973,0.6975,0.708,0.0105,4289.65
2024-01-01T05:01:00,0.7031,0.2969,0.6962,0.71,0.0138,4810.73
2024-01-01T05:01:30,0.7022,0.2978,0.6942,0.7103,0.0161,3960.77
2024-01-01T05:02:00,0.7004,0.2996,0.6959,0.7049,0.009,4616.69
2024-01-01T05:02:30,0.6937,0.3063,0.6866,0.7008,0.0142,7308.57
2024-01-01T05:03:00,0.6938,0.3062,0.6845,0.7032,0.0187,5502.88
2024-01-01T05:03:30,0.6908,0.3092,0.6825,0.6991,0.0166,6141.3
2024-01-01T05:04:00,0.6906,0.3094,0.6865,0.6947,0.0082,8006.54
2024-01-01T05:04:30,0.6842,0.3158,0.6808,0.6876,0.0068,7520.64
2024-01-01T05:05:00,0.6828,0.3172,0.6734,0.6922,0.0188,6392.9
2024-01-01T05:05:30,0.6797,0.3203,0.6733,0.6862,0.0129,8541.96
2024-01-01T05:06:00,0.6783,0.3217,0.6693,0.6872,0.0179,7509.78
2024-01-01T05:06:30,0.6759,0.3241,0.6717,0.6802,0.0085,7093.33
2024-01-01T05:07:00,0.679,0.321,0.6748,0.6832,0.0084,6966.6
2024-01-01T05:07:30,0.6715,0.3285,0.6637,0.6793,0.0156,3815.62
2024-01-01T05:08:00,0.6688,0.3312,0.6642,0.6735,0.0093,5465.27
2024-01-01T05:08:30,0.669,0.331,0.6652,0.6728,0.0076,5982.04
2024-01-01T05:09:00,0.6676,0.3324,0.6636,0.6716,0.008,5217.33
2024-01-01T05:09:30,0.6606,0.3394,0.6513,0.67,0.0187,4349.17
2024-01-01T05:10:00,0.6601,0.3399,0.6541,0.6661,0.012,4913.94
2024-01-01T05:10:30,0.6592,0.3408,0.6543,0.6642,0.01,6952.58
2024-01-01T05:11:00,0.6576,0.3424,0.6538,0.6615,0.0077,5045.03
2024-01-01T05:11:30,0.6517,0.3483,0.6411,0.6623,0.0212,4244.89
2024-01-01T05:12:00,0.6475,0.3525,0.6435,0.6516,0.0081,8202.57
2024-01-01T05:12:30,0.647,0.353,0.6382,0.6557,0.0175,6903.46
2024-01-01T05:13:00,0.646,0.354,0.6363,0.6558,0.0196,4484.97
2024-01-01T05:13:30,0.6412,0.3588,0.6308,0.6516,0.0208,5943.4
2024-01-01T05:14:00,0.6384,0.3616,0.629,0.6477,0.0187,6518.86
2024-01-01T05:14:30,0.6347,0.3653,0.6269,0.6424,0.0156,8017.07
2024-01-01T05:15:00,0.6348,0.3652,0.6301,0.6395,0.0094,5302.11
2024-01-01T05:15:30,0.6292,0.3708,0.6235,0.6349,0.0114,9374.94
2024-01-01T05:16:00,0.6264,0.3736,0.623,0.6298,0.0068,7264.14
2024-01-01T05:16:30,0.6254,0.3746,0.6173,0.6335,0.0162,5005.85
2024-01-01T05:17:00,0.6206,0.3794,0.6156,0.6255,0.01,6434.9
2024-01-01T05:17:30,0.6197,0.3803,0.6147,0.6248,0.0101,5778.73
2024-01-01T05:18:00,0.6154,0.3846,0.6121,0.6186,0.0065,4930.2
2024-01-01T05:18:30,0.6153,0.3847,0.6106,0.62,0.0094,9273.59
2024-01-01T05:19:00,0.6128,0.3872,0.6046,0.6209,0.0162,6231.73
2024-01-01T05:19:30,0.6112,0.3888,0.6056,0.6167,0.0111,7160.6
2024-01-01T05:20:00,0.6076,0.3924,0.5971,0.6182,0.021,6588.7
2024-01-01T05:20:30,0.6029,0.3971,0.5919,0.6138,0.0219,8575.83
2024-01-01T05:21:00,0.6015,0.3985,0.5974,0.6056,0.0082,6241.92
2024-01-01T05:21:30,0.5954,0.4046,0.5883,0.6025,0.0142,9376.81
2024-01-01T05:22:00,0.5958,0.4042,0.5916,0.6,0.0083,6399.43
2024-01-01T05:22:30,0.5939,0.4061,0.5899,0.5979,0.008,5600.11
2024-01-01T05:23:00,0.5906,0.4094,0.5798,0.6014,0.0216,10341.8
2024-01-01T05:23:30,0.5929,0.4071,0.5815,0.6042,0.0227,9466.72
2024-01-01T05:24:00,0.5893,0.4107,0.5862,0.5924,0.0061,6711.94
2024-01-01T05:24:30,0.5912,0.4088,0.5881,0.5943,0.0062,8536.01
2024-01-01T05:25:00,0.5851,0.4149,0.5825,0.5876,0.0051,9922.46
2024-01-01T05:25:30,0.5805,0.4195,0.5724,0.5886,0.0162,6092.5
2024-01-01T05:26:00,0.5784,0.4216,0.5757,0.5811,0.0054,8630.38
2024-01-01T05:26:30,0.5771,0.4229,0.5691,0.5851,0.016,8193.56
2024-01-01T05:27:00,0.5738,0.4262,0.5631,0.5846,0.0215,4988.22
2024-01-01T05:27:30,0.5714,0.4286,0.563,0.5799,0.017,9861.74
2024-01-01T05:28:00,0.5674,0.4326,0.5601,0.5748,0.0147,6107.48
2024-01-01T05:28:30,0.5647,0.4353,0.5587,0.5707,0.012,9275.49
2024-01-01T05:29:00,0.5608,0.4392,0.5541,0.5675,0.0134,9293.78
2024-01-01T05:29:30,0.5608,0.4392,0.5519,0.5697,0.0178,7273.39
2024-01-01T05:30:00,0.5572,0.4428,0.546,0.5684,0.0224,9227.61
2024-01-01T05:30:30,0.5541,0.4459,0.5446,0.5636,0.019,10963.85
2024-01-01T05:31:00,0.5513,0.4487,0.5397,0.5629,0.0233,5488.69
2024-01-01T05:31:30,0.552,0.448,0.5412,0.5628,0.0216,5337.53
2024-01-01T05:32:00,0.5485,0.4515,0.5425,0.5546,0.0121,11509.52
2024-01-01T05:32:30,0.5467,0.4533,0.5371,0.5563,0.0193,9414.18
2024-01-01T05:33:00,0.539,0.461,0.535,0.5429,0.0078,8080.8
2024-01-01T05:33:30,0.538,0.462,0.5294,0.5466,0.0172,11148.41
2024-01-01T05:34:00,0.5351,0.4649,0.5266,0.5436,0.017,7056.51
2024-01-01T05:34:30,0.5363,0.4637,0.5275,0.5452,0.0177,11472.58
2024-01-01T05:35:00,0.5306,0.4694,0.5195,0.5418,0.0222,7763.24
2024-01-01T05:35:30,0.5254,0.4746,0.5222,0.5286,0.0064,5924.42
2024-01-01T05:36:00,0.5285,0.4715,0.52,0.5369,0.017,5578.26
2024-01-01T05:36:30,0.5229,0.4771,0.5135,0.5324,0.0189,9969.2
2024-01-01T05:37:00,0.5228,0.4772,0.5183,0.5274,0.0091,11005.95
2024-01-01T05:37:30,0.5194,0.4806,0.5161,0.5228,0.0067,9953.75
2024-01-01T05:38:00,0.5173,0.4827,0.5116,0.5229,0.0114,9717.88
2024-01-01T05:38:30,0.5138,0.4862,0.5082,0.5193,0.0112,9051.24
2024-01-01T05:39:00,0.5119,0.4881,0.5015,0.5223,0.0208,5829.35
2024-01-01T05:39:30,0.51,0.49,0.4989,0.521,0.0221,11859.79
2024-01-01T05:40:00,0.5055,0.4945,0.4983,0.5127,0.0144,8201.55
2024-01-01T05:40:30,0.5039,0.4961,0.4975,0.5103,0.0128,8235.34
2024-01-01T05:41:00,0.5027,0.4973,0.4939,0.5115,0.0176,6736.06
2024-01-01T05:41:30,0.5012,0.4988,0.4985,0.5038,0.0053,8670.31
2024-01-01T05:42:00,0.498,0.502,0.4921,0.5039,0.0119,6800.04
2024-01-01T05:42:30,0.4955,0.5045,0.4883,0.5027,0.0144,9615.93
2024-01-01T05:43:00,0.4942,0.5058,0.4913,0.4971,0.0058,9959.83
2024-01-01T05:43:30,0.4917,0.5083,0.4825,0.5009,0.0183,9876.46
2024-01-01T05:44:00,0.4869,0.5131,0.4834,0.4903,0.0069,9753.38
2024-01-01T05:44:30,0.4846,0.5154,0.4809,0.4883,0.0075,9723.47
2024-01-01T05:45:00,0.4825,0.5175,0.4713,0.4937,0.0224,6043.2
2024-01-01T05:45:30,0.4811,0.5189,0.4708,0.4914,0.0206,11316.45
2024-01-01T05:46:00,0.4794,0.5206,0.4734,0.4854,0.012,6835.75
2024-01-01T05:46:30,0.4743,0.5257,0.4634,0.4851,0.0217,7939.91
2024-01-01T05:47:00,0.4714,0.5286,0.4653,0.4776,0.0123,11402.95
2024-01-01T05:47:30,0.4684,0.5316,0.4589,0.4778,0.019,5632.18
2024-01-01T05:48:00,0.4662,0.5338,0.4628,0.4696,0.0068,9946.35
2024-01-01T05:48:30,0.4653,0.5347,0.456,0.4747,0.0187,6318.02
2024-01-01T05:49:00,0.464,0.536,0.4598,0.4682,0.0084,6716.59
2024-01-01T05:49:30,0.4583,0.5417,0.4493,0.4674,0.0181,10908.55
2024-01-01T05:50:00,0.4571,0.5429,0.4453,0.4688,0.0235,5158.51
2024-01-01T05:50:30,0.4515,0.5485,0.4481,0.4548,0.0067,9612.01
2024-01-01T05:51:00,0.4495,0.5505,0.4376,0.4614,0.0237,10651.45
2024-01-01T05:51:30,0.4457,0.5543,0.4407,0.4506,0.01,6070.87
2024-01-01T05:52:00,0.4427,0.5573,0.4383,0.4471,0.0089,7719.75
2024-01-01T05:52:30,0.4453,0.5547,0.4365,0.454,0.0175,5249.58
2024-01-01T05:53:00,0.4397,0.5603,0.4333,0.4461,0.0129,5135.08
2024-01-01T05:53:30,0.4386,0.5614,0.4324,0.4447,0.0123,9701.99
2024-01-01T05:54:00,0.4378,0.5622,0.4289,0.4467,0.0179,5332.29
2024-01-01T05:54:30,0.4342,0.5658,0.4257,0.4428,0.017,5157.88
2024-01-01T05:55:00,0.4291,0.5709,0.4181,0.44,0.0219,9957.98
2024-01-01T05:55:30,0.4295,0.5705,0.4249,0.4341,0.0092,7746.29
2024-01-01T05:56:00,0.425,0.575,0.4135,0.4364,0.0228,7118.09
2024-01-01T05:56:30,0.4249,0.5751,0.416,0.4337,0.0177,10385.5
2024-01-01T05:57:00,0.421,0.579,0.4156,0.4263,0.0107,9394.24
2024-01-01T05:57:30,0.4186,0.5814,0.4092,0.4279,0.0187,5712.53
2024-01-01T05:58:00,0.4134,0.5866,0.4026,0.4242,0.0215,5090.86
2024-01-01T05:58:30,0.414,0.586,0.4082,0.4199,0.0117,9517.88
2024-01-01T05:59:00,0.4079,0.5921,0.4012,0.4147,0.0135,4895.72
2024-01-01T05:59:30,0.4077,0.5923,0.4026,0.4127,0.0101,7133.79
2024-01-01T06:00:00,0.4063,0.5937,0.3991,0.4134,0.0143,7790.49
2024-01-01T06:00:30,0.4022,0.5978,0.3934,0.411,0.0176,5514.59
2024-01-01T06:01:00,0.4013,0.5987,0.3963,0.4064,0.01,10146.18
2024-01-01T06:01:30,0.3962,0.6038,0.3852,0.4072,0.022,8338.94
2024-01-01T06:02:00,0.396,0.604,0.3852,0.4068,0.0216,9185.51
2024-01-01T06:02:30,0.3924,0.6076,0.3888,0.3961,0.0073,5958.47
2024-01-01T06:03:00,0.3905,0.6095,0.3871,0.3938,0.0067,9997.21
2024-01-01T06:03:30,0.3874,0.6126,0.3806,0.3943,0.0136,6354.96
2024-01-01T06:04:00,0.3882,0.6118,0.3842,0.3923,0.0081,8007.6
2024-01-01T06:04:30,0.3804,0.6196,0.3711,0.3897,0.0186,6698.97
2024-01-01T06:05:00,0.3786,0.6214,0.3695,0.3876,0.018,5155.89
2024-01-01T06:05:30,0.3745,0.6255,0.3665,0.3825,0.016,5726.03
2024-01-01T06:06:00,0.3727,0.6273,0.3628,0.3826,0.0199,4945.79
2024-01-01T06:06:30,0.375,0.625,0.3643,0.3856,0.0213,6299.57
2024-01-01T06:07:00,0.3701,0.6299,0.3647,0.3755,0.0108,6192.69
2024-01-01T06:07:30,0.3668,0.6332,0.3569,0.3766,0.0198,6713.1
2024-01-01T06:08:00,0.3622,0.6378,0.3526,0.3718,0.0192,5841.06
2024-01-01T06:08:30,0.3656,0.6344,0.3597,0.3716,0.0119,4915.59
2024-01-01T06:09:00,0.3587,0.6413,0.3545,0.3628,0.0082,8233.59
2024-01-01T06:09:30,0.3586,0.6414,0.3504,0.3669,0.0165,7847.69
2024-01-01T06:10:00,0.3555,0.6445,0.3482,0.3628,0.0146,6136.87
2024-01-01T06:10:30,0.3526,0.6474,0.3437,0.3614,0.0177,8775.5
2024-01-01T06:11:00,0.347,0.653,0.3403,0.3536,0.0132,5542.43
2024-01-01T06:11:30,0.3472,0.6528,0.3405,0.3539,0.0134,8444.91
2024-01-01T06:12:00,0.3431,0.6569,0.3336,0.3525,0.019,5427.65
2024-01-01T06:12:30,0.3429,0.6571,0.337,0.3488,0.0118,7144.45
2024-01-01T06:13:00,0.3365,0.6635,0.3294,0.3436,0.0142,4321.96
2024-01-01T06:13:30,0.3372,0.6628,0.3313,0.343,0.0116,5816.61
2024-01-01T06:14:00,0.3378,0.6622,0.3302,0.3455,0.0153,4755.23
2024-01-01T06:14:30,0.3353,0.6647,0.3325,0.3381,0.0056,6567.75
2024-01-01T06:15:00,0.3381,0.6619,0.3287,0.3476,0.0189,5922.48
2024-01-01T06:15:30,0.3375,0.6625,0.332,0.343,0.011,5462.37
2024-01-01T06:16:00,0.338,0.662,0.3277,0.3483,0.0206,5527.9
2024-01-01T06:16:30,0.3363,0.6637,0.3258,0.3467,0.0209,5632.32
2024-01-01T06:17:00,0.3354,0.6646,0.3281,0.3427,0.0146,6576.79
2024-01-01T06:17:30,0.3379,0.6621,0.3313,0.3445,0.0132,7810.46
2024-01-01T06:18:00,0.3353,0.6647,0.3276,0.343,0.0154,7854.22
2024-01-01T06:18:30,0.3385,0.6615,0.3316,0.3454,0.0139,5542.45
2024-01-01T06:19:00,0.3408,0.6592,0.3309,0.3507,0.0198,4517.9
2024-01-01T06:19:30,0.3413,0.6587,0.3334,0.3493,0.0159,7814.91
2024-01-01T06:20:00,0.3408,0.6592,0.3306,0.3511,0.0205,8956.08
2024-01-01T06:20:30,0.3372,0.6628,0.3333,0.341,0.0077,8242.39
2024-01-01T06:21:00,0.3353,0.6647,0.3311,0.3395,0.0084,8158.12
2024-01-01T06:21:30,0.3347,0.6653,0.3269,0.3425,0.0156,6894.26
2024-01-01T06:22:00,0.3354,0.6646,0.3329,0.3379,0.0051,5933.14
2024-01-01T06:22:30,0.3327,0.6673,0.3231,0.3424,0.0193,6928.58
2024-01-01T06:23:00,0.3371,0.6629,0.3338,0.3404,0.0066,7668.51
2024-01-01T06:23:30,0.3393,0.6607,0.3365,0.342,0.0055,8114.7
2024-01-01T06:24:00,0.3357,0.6643,0.3328,0.3386,0.0058,6069.4
2024-01-01T06:24:30,0.3354,0.6646,0.3318,0.339,0.0072,5447.47
2024-01-01T06:25:00,0.3372,0.6628,0.3329,0.3415,0.0086,6897.33
2024-01-01T06:25:30,0.3363,0.6637,0.3272,0.3455,0.0183,8444.9
2024-01-01T06:26:00,0.3371,0.6629,0.3336,0.3406,0.0069,6193.08
2024-01-01T06:26:30,0.3369,0.6631,0.3286,0.3452,0.0167,7035.6
2024-01-01T06:27:00,0.3327,0.6673,0.3301,0.3352,0.0051,8262.13
2024-01-01T06:27:30,0.3381,0.6619,0.3345,0.3417,0.0071,7502.25
2024-01-01T06:28:00,0.3367,0.6633,0.3336,0.3398,0.0061,5298.31
2024-01-01T06:28:30,0.3314,0.6686,0.3279,0.3348,0.007,4944.39
2024-01-01T06:29:00,0.3345,0.6655,0.3322,0.3367,0.0045,7503.35
2024-01-01T06:29:30,0.334,0.666,0.3255,0.3424,0.0169,3881.25
2024-01-01T06:30:00,0.3329,0.6671,0.3261,0.3397,0.0136,7270.09
2024-01-01T06:30:30,0.3356,0.6644,0.3309,0.3402,0.0093,6446.33
2024-01-01T06:31:00,0.3336,0.6664,0.3243,0.3429,0.0185,6459.13
2024-01-01T06:31:30,0.3337,0.6663,0.3254,0.342,0.0167,6419.78
2024-01-01T06:32:00,0.336,0.664,0.3319,0.3401,0.0082,5555.47
2024-01-01T06:32:30,0.3362,0.6638,0.3265,0.3459,0.0194,7598.02
2024-01-01T06:33:00,0.3363,0.6637,0.3257,0.3468,0.0211,5294.39
2024-01-01T06:33:30,0.3373,0.6627,0.3304,0.3441,0.0137,6293.89
2024-01-01T06:34:00,0.3413,0.6587,0.3383,0.3443,0.006,4588.54
2024-01-01T06:34:30,0.3381,0.6619,0.3299,0.3463,0.0164,6585.65
2024-01-01T06:35:00,0.3375,0.6625,0.3285,0.3466,0.0181,4437.42
2024-01-01T06:35:30,0.3382,0.6618,0.3333,0.3432,0.0099,4488.42
2024-01-01T06:36:00,0.3366,0.6634,0.3344,0.3388,0.0044,6467.13
2024-01-01T06:36:30,0.3371,0.6629,0.3332,0.341,0.0078,5832.44
2024-01-01T06:37:00,0.3434,0.6566,0.3337,0.3531,0.0193,8490.04
2024-01-01T06:37:30,0.3373,0.6627,0.3304,0.3442,0.0138,4662.63
2024-01-01T06:38:00,0.335,0.665,0.3301,0.34,0.0099,5886.69
2024-01-01T06:38:30,0.3373,0.6627,0.3276,0.347,0.0194,5806.23
2024-01-01T06:39:00,0.3382,0.6618,0.3294,0.3471,0.0178,4365.65
2024-01-01T06:39:30,0.3329,0.6671,0.3278,0.338,0.0102,7387.39
2024-01-01T06:40:00,0.3405,0.6595,0.3346,0.3464,0.0118,6299.42
2024-01-01T06:40:30,0.339,0.661,0.3307,0.3474,0.0168,8134.98
2024-01-01T06:41:00,0.3346,0.6654,0.3312,0.338,0.0068,5577.75
2024-01-01T06:41:30,0.3369,0.6631,0.3318,0.342,0.0103,8503.62
2024-01-01T06:42:00,0.3376,0.6624,0.3339,0.3412,0.0073,7641.03
2024-01-01T06:42:30,0.3385,0.6615,0.3328,0.3442,0.0114,8216.2
2024-01-01T06:43:00,0.3361,0.6639,0.3292,0.343,0.0137,8888.24
2024-01-01T06:43:30,0.3366,0.6634,0.33,0.3432,0.0132,8692.38
2024-01-01T06:44:00,0.3371,0.6629,0.3333,0.3409,0.0076,5229.71
2024-01-01T06:44:30,0.3307,0.6693,0.3253,0.3361,0.0109,4294.58
2024-01-01T06:45:00,0.3342,0.6658,0.3312,0.3372,0.0059,6931.74
2024-01-01T06:45:30,0.3367,0.6633,0.3284,0.3449,0.0165,7950.12
2024-01-01T06:46:00,0.3404,0.6596,0.335,0.3458,0.0108,8475.57
2024-01-01T06:46:30,0.3382,0.6618,0.3336,0.3429,0.0093,8381.13
2024-01-01T06:47:00,0.3374,0.6626,0.3331,0.3418,0.0086,5549.33
2024-01-01T06:47:30,0.337,0.663,0.3264,0.3476,0.0212,4512.09
2024-01-01T06:48:00,0.339,0.661,0.3362,0.3419,0.0057,4709.87
2024-01-01T06:48:30,0.3348,0.6652,0.3266,0.3431,0.0164,3996.73
2024-01-01T06:49:00,0.3381,0.6619,0.3355,0.3407,0.0052,4619.07
2024-01-01T06:49:30,0.3426,0.6574,0.3359,0.3493,0.0134,8079.41
2024-01-01T06:50:00,0.3379,0.6621,0.33,0.3458,0.0158,7355.63
2024-01-01T06:50:30,0.3397,0.6603,0.3327,0.3468,0.0142,4007.86
2024-01-01T06:51:00,0.2315,0.7685,0.227,0.2359,0.0088,5440.26
2024-01-01T06:51:30,0.2244,0.7756,0.2155,0.2332,0.0177,3624.31
2024-01-01T06:52:00,0.2237,0.7763,0.2147,0.2326,0.0179,3705.21
2024-01-01T06:52:30,0.2162,0.7838,0.2085,0.224,0.0155,4903.37
2024-01-01T06:53:00,0.2142,0.7858,0.2078,0.2206,0.0128,5523.38
2024-01-01T06:53:30,0.2097,0.7903,0.2078,0.2116,0.0038,5700.97
2024-01-01T06:54:00,0.2069,0.7931,0.2029,0.2109,0.008,3158.01
2024-01-01T06:54:30,0.2109,0.7891,0.2082,0.2135,0.0052,5396.35
2024-01-01T06:55:00,0.2098,0.7902,0.2019,0.2178,0.0159,3574.67
2024-01-01T06:55:30,0.2072,0.7928,0.2019,0.2126,0.0107,2946.47
2024-01-01T06:56:00,0.2091,0.7909,0.2027,0.2156,0.0129,5940.83
2024-01-01T06:56:30,0.2086,0.7914,0.2034,0.2137,0.0103,4459.46
2024-01-01T06:57:00,0.2124,0.7876,0.2104,0.2143,0.0039,5275.89
2024-01-01T06:57:30,0.2094,0.7906,0.2028,0.216,0.0131,5245.52
2024-01-01T06:58:00,0.209,0.791,0.205,0.213,0.008,3775.38
2024-01-01T06:58:30,0.2124,0.7876,0.2058,0.219,0.0131,5700.5
2024-01-01T06:59:00,0.2111,0.7889,0.2072,0.2151,0.0079,4499.64
2024-01-01T06:59:30,0.2128,0.7872,0.2098,0.2158,0.006,3497.09
2024-01-01T07:00:00,0.2162,0.7838,0.2132,0.2191,0.006,3843.37
2024-01-01T07:00:30,0.2143,0.7857,0.2072,0.2215,0.0143,4011.32
2024-01-01T07:01:00,0.2136,0.7864,0.2047,0.2226,0.0179,3980.22
2024-01-01T07:01:30,0.2121,0.7879,0.204,0.2202,0.0162,4928.24
2024-01-01T07:02:00,0.2121,0.7879,0.2078,0.2164,0.0086,4857.83
2024-01-01T07:02:30,0.2108,0.7892,0.2036,0.218,0.0144,4350.08
2024-01-01T07:03:00,0.2093,0.7907,0.2069,0.2116,0.0047,3705.94
2024-01-01T07:03:30,0.2093,0.7907,0.2009,0.2177,0.0168,5840.46
2024-01-01T07:04:00,0.2094,0.7906,0.205,0.2138,0.0089,3126.69
2024-01-01T07:04:30,0.2057,0.7943,0.2017,0.2098,0.0081,3090.49
2024-01-01T07:05:00,0.2111,0.7889,0.2021,0.22,0.0178,3122.69
2024-01-01T07:05:30,0.2103,0.7897,0.203,0.2176,0.0146,3346.44
2024-01-01T07:06:00,0.2077,0.7923,0.202,0.2133,0.0113,2790.14
2024-01-01T07:06:30,0.2091,0.7909,0.203,0.2152,0.0122,5793.94
2024-01-01T07:07:00,0.2068,0.7932,0.2017,0.2118,0.0101,4423.49
2024-01-01T07:07:30,0.2058,0.7942,0.1995,0.2122,0.0128,5773.1
2024-01-01T07:08:00,0.2062,0.7938,0.2009,0.2115,0.0107,5424.14
2024-01-01T07:08:30,0.2062,0.7938,0.2036,0.2089,0.0053,3265.08
2024-01-01T07:09:00,0.2103,0.7897,0.2048,0.2157,0.011,4264.75
2024-01-01T07:09:30,0.2112,0.7888,0.2046,0.2179,0.0133,2818.56
2024-01-01T07:10:00,0.2082,0.7918,0.2034,0.2129,0.0095,5044.88
2024-01-01T07:10:30,0.2103,0.7897,0.2015,0.219,0.0174,3398.88
2024-01-01T07:11:00,0.2141,0.7859,0.2077,0.2205,0.0128,3470.87
2024-01-01T07:11:30,0.2125,0.7875,0.2075,0.2174,0.01,4990.8
2024-01-01T07:12:00,0.2103,0.7897,0.2084,0.2122,0.0037,3543.31
2024-01-01T07:12:30,0.211,0.789,0.2074,0.2147,0.0073,4886.23
2024-01-01T07:13:00,0.2132,0.7868,0.2085,0.218,0.0095,2809.25
2024-01-01T07:13:30,0.2119,0.7881,0.2047,0.2191,0.0144,4565.75
2024-01-01T07:14:00,0.2166,0.7834,0.2135,0.2196,0.006,5076.35
2024-01-01T07:14:30,0.2114,0.7886,0.2036,0.2192,0.0157,4568.53
2024-01-01T07:15:00,0.2105,0.7895,0.2086,0.2125,0.0039,4112.32
2024-01-01T07:15:30,0.2107,0.7893,0.2062,0.2152,0.0089,4791.22
2024-01-01T07:16:00,0.2062,0.7938,0.2032,0.2093,0.0061,4516.35
2024-01-01T07:16:30,0.2058,0.7942,0.1996,0.2119,0.0123,3776.59
2024-01-01T07:17:00,0.2062,0.7938,0.199,0.2133,0.0142,3277.22
2024-01-01T07:17:30,0.2117,0.7883,0.2065,0.2168,0.0103,4197.13
2024-01-01T07:18:00,0.2129,0.7871,0.2103,0.2156,0.0053,4716.06
2024-01-01T07:18:30,0.206,0.794,0.2003,0.2117,0.0114,4339.02
2024-01-01T07:19:00,0.2096,0.7904,0.205,0.2141,0.009,4113.03
2024-01-01T07:19:30,0.2105,0.7895,0.208,0.213,0.0049,3019.54
2024-01-01T07:20:00,0.2093,0.7907,0.2021,0.2164,0.0142,4979.09
2024-01-01T07:20:30,0.2097,0.7903,0.2071,0.2124,0.0053,5165.36
2024-01-01T07:21:00,0.2092,0.7908,0.2022,0.2162,0.014,6032.06
2024-01-01T07:21:30,0.2094,0.7906,0.2047,0.2141,0.0094,4401.4
2024-01-01T07:22:00,0.2099,0.7901,0.204,0.2158,0.0119,4241.08
2024-01-01T07:22:30,0.21,0.79,0.2048,0.2152,0.0105,3204.97
2024-01-01T07:23:00,0.2138,0.7862,0.2102,0.2175,0.0073,5887.95
2024-01-01T07:23:30,0.209,0.791,0.2066,0.2114,0.0047,4574.09
2024-01-01T07:24:00,0.2104,0.7896,0.2039,0.2168,0.0129,3205.86
2024-01-01T07:24:30,0.2041,0.7959,0.2013,0.2069,0.0056,3587.62
2024-01-01T07:25:00,0.2056,0.7944,0.1995,0.2117,0.0121,4312.67
2024-01-01T07:25:30,0.2057,0.7943,0.1967,0.2147,0.018,4772.92
2024-01-01T07:26:00,0.2097,0.7903,0.2057,0.2136,0.0079,2659.27
2024-01-01T07:26:30,0.2098,0.7902,0.2066,0.2129,0.0063,4265.06
2024-01-01T07:27:00,0.2157,0.7843,0.2132,0.2183,0.0051,4769.62
2024-01-01T07:27:30,0.2126,0.7874,0.2051,0.2201,0.015,5964.87
2024-01-01T07:28:00,0.2123,0.7877,0.2037,0.221,0.0173,4611.72
2024-01-01T07:28:30,0.2104,0.7896,0.2068,0.214,0.0072,4316.35
2024-01-01T07:29:00,0.2116,0.7884,0.2093,0.214,0.0047,3179.5
2024-01-01T07:29:30,0.2142,0.7858,0.2057,0.2227,0.017,3720.14
2024-01-01T07:30:00,0.2079,0.7921,0.2032,0.2126,0.0094,5677.44
2024-01-01T07:30:30,0.2094,0.7906,0.2011,0.2178,0.0167,3911.46
2024-01-01T07:31:00,0.2105,0.7895,0.204,0.217,0.0131,3852.49
2024-01-01T07:31:30,0.2083,0.7917,0.1995,0.2171,0.0176,3041.81
2024-01-01T07:32:00,0.2098,0.7902,0.2015,0.2181,0.0166,5960.67
2024-01-01T07:32:30,0.21,0.79,0.2076,0.2124,0.0048,6085.24
2024-01-01T07:33:00,0.2104,0.7896,0.2038,0.2171,0.0133,5063.43
2024-01-01T07:33:30,0.2093,0.7907,0.2034,0.2151,0.0117,3554.03
2024-01-01T07:34:00,0.2083,0.7917,0.2029,0.2137,0.0107,5595.16
2024-01-01T07:34:30,0.2039,0.7961,0.1992,0.2087,0.0094,4407.73
2024-01-01T07:35:00,0.2105,0.7895,0.2029,0.2181,0.0151,2827.63
2024-01-01T07:35:30,0.2066,0.7934,0.2039,0.2094,0.0055,3170.78
2024-01-01T07:36:00,0.212,0.788,0.2052,0.2187,0.0134,5952.41
2024-01-01T07:36:30,0.2084,0.7916,0.2053,0.2116,0.0063,3616.69
2024-01-01T07:37:00,0.2073,0.7927,0.1983,0.2164,0.0181,3475.54
2024-01-01T07:37:30,0.2107,0.7893,0.2045,0.217,0.0126,5533.9
2024-01-01T07:38:00,0.2095,0.7905,0.2003,0.2187,0.0183,5771.78
2024-01-01T07:38:30,0.21,0.79,0.2063,0.2136,0.0072,5605.06
2024-01-01T07:39:00,0.2084,0.7916,0.2009,0.2159,0.015,5155.24
2024-01-01T07:39:30,0.2132,0.7868,0.2084,0.218,0.0096,4203.28
2024-01-01T07:40:00,0.2121,0.7879,0.2038,0.2204,0.0166,6113.92
2024-01-01T07:40:30,0.2135,0.7865,0.2054,0.2217,0.0163,3016.26
2024-01-01T07:41:00,0.2153,0.7847,0.2076,0.2229,0.0153,5393.26
2024-01-01T07:41:30,0.2113,0.7887,0.2085,0.2142,0.0057,6042.96
2024-01-01T07:42:00,0.2102,0.7898,0.2044,0.216,0.0116,2799.92
2024-01-01T07:42:30,0.2101,0.7899,0.2063,0.214,0.0077,5716.7
2024-01-01T07:43:00,0.2128,0.7872,0.2072,0.2184,0.0112,4360.81
2024-01-01T07:43:30,0.2087,0.7913,0.2027,0.2148,0.0121,5131.42
2024-01-01T07:44:00,0.2096,0.7904,0.2012,0.2181,0.0169,4353.09
2024-01-01T07:44:30,0.2085,0.7915,0.206,0.211,0.005,2676.24
2024-01-01T07:45:00,0.2052,0.7948,0.1981,0.2122,0.0141,3820.62
2024-01-01T07:45:30,0.2086,0.7914,0.204,0.2132,0.0092,4908.6
2024-01-01T07:46:00,0.206,0.794,0.1991,0.2129,0.0138,3572.23
2024-01-01T07:46:30,0.2079,0.7921,0.2049,0.2109,0.006,4357.62
2024-01-01T07:47:00,0.2109,0.7891,0.2051,0.2167,0.0116,5985.54
2024-01-01T07:47:30,0.2123,0.7877,0.2066,0.218,0.0115,2640.09
2024-01-01T07:48:00,0.2107,0.7893,0.2023,0.2191,0.0168,5227.58
2024-01-01T07:48:30,0.2112,0.7888,0.202,0.2203,0.0183,4663.03
2024-01-01T07:49:00,0.2094,0.7906,0.2055,0.2132,0.0076,4655.07
2024-01-01T07:49:30,0.2102,0.7898,0.2017,0.2187,0.0169,5173.88
2024-01-01T07:50:00,0.2091,0.7909,0.2055,0.2127,0.0072,5244.87
2024-01-01T07:50:30,0.2088,0.7912,0.2036,0.214,0.0105,5667.95
2024-01-01T07:51:00,0.2086,0.7914,0.2002,0.217,0.0168,2791.31
2024-01-01T07:51:30,0.2089,0.7911,0.2009,0.217,0.0161,5886.34
2024-01-01T07:52:00,0.2096,0.7904,0.2068,0.2124,0.0056,4501.64
2024-01-01T07:52:30,0.2106,0.7894,0.2037,0.2176,0.0139,5725.93
2024-01-01T07:53:00,0.2112,0.7888,0.2022,0.2202,0.018,4118.01
2024-01-01T07:53:30,0.2119,0.7881,0.2099,0.2139,0.004,2740.18
2024-01-01T07:54:00,0.21,0.79,0.2044,0.2156,0.0112,4203.46
2024-01-01T07:54:30,0.2111,0.7889,0.2047,0.2175,0.0128,5185.27
2024-01-01T07:55:00,0.2087,0.7913,0.2033,0.2142,0.0108,4970.69
2024-01-01T07:55:30,0.2092,0.7908,0.2033,0.215,0.0118,3103.44
2024-01-01T07:56:00,0.2089,0.7911,0.2058,0.2121,0.0062,4218.77
2024-01-01T07:56:30,0.212,0.788,0.209,0.2149,0.0059,3335.75
2024-01-01T07:57:00,0.2119,0.7881,0.2094,0.2144,0.0049,3274.02
2024-01-01T07:57:30,0.2105,0.7895,0.2038,0.2172,0.0134,4074.38
2024-01-01T07:58:00,0.2091,0.7909,0.2047,0.2135,0.0088,6059.43
2024-01-01T07:58:30,0.2079,0.7921,0.2033,0.2126,0.0093,3871.99
2024-01-01T07:59:00,0.2088,0.7912,0.2033,0.2143,0.011,5320.65
2024-01-01T07:59:30,0.2086,0.7914,0.204,0.2133,0.0093,4793.95
2024-01-01T08:00:00,0.2075,0.7925,0.2051,0.21,0.0049,4763.73
2024-01-01T08:00:30,0.215,0.785,0.2122,0.2178,0.0055,4413.55
2024-01-01T08:01:00,0.212,0.788,0.2069,0.2171,0.0102,4092.28
2024-01-01T08:01:30,0.2101,0.7899,0.2015,0.2187,0.0172,4318.78
2024-01-01T08:02:00,0.2106,0.7894,0.202,0.2191,0.0171,3659.3
2024-01-01T08:02:30,0.2104,0.7896,0.2063,0.2146,0.0083,4143.36
2024-01-01T08:03:00,0.2074,0.7926,0.1986,0.2162,0.0176,4922.72
2024-01-01T08:03:30,0.21,0.79,0.2027,0.2173,0.0147,4899.32
2024-01-01T08:04:00,0.2122,0.7878,0.2087,0.2157,0.007,4260.36
2024-01-01T08:04:30,0.2082,0.7918,0.2039,0.2126,0.0087,4353.97
2024-01-01T08:05:00,0.2124,0.7876,0.2086,0.2163,0.0076,2663.71
2024-01-01T08:05:30,0.2132,0.7868,0.2085,0.218,0.0096,5708.88
2024-01-01T08:06:00,0.2087,0.7913,0.2049,0.2125,0.0077,3135.16
2024-01-01T08:06:30,0.2116,0.7884,0.2053,0.2179,0.0126,2785.21
2024-01-01T08:07:00,0.2119,0.7881,0.21,0.2138,0.0039,4900.52
2024-01-01T08:07:30,0.2109,0.7891,0.2064,0.2154,0.0091,5852.04
2024-01-01T08:08:00,0.2136,0.7864,0.2105,0.2167,0.0062,3401.82
2024-01-01T08:08:30,0.2121,0.7879,0.21,0.2142,0.0042,2876.87
2024-01-01T08:09:00,0.2115,0.7885,0.206,0.217,0.011,5389.95
2024-01-01T08:09:30,0.2129,0.7871,0.2068,0.219,0.0121,3458.22
2024-01-01T08:10:00,0.2088,0.7912,0.2024,0.2153,0.013,3354.06
2024-01-01T08:10:30,0.2095,0.7905,0.2056,0.2134,0.0078,2768.87
2024-01-01T08:11:00,0.2097,0.7903,0.2074,0.212,0.0046,3220.68
2024-01-01T08:11:30,0.2118,0.7882,0.206,0.2176,0.0116,3476.92
2024-01-01T08:12:00,0.2107,0.7893,0.2031,0.2183,0.0152,3140.09
2024-01-01T08:12:30,0.2103,0.7897,0.2061,0.2145,0.0084,5965.71
2024-01-01T08:13:00,0.2103,0.7897,0.2083,0.2122,0.0039,5870.07
2024-01-01T08:13:30,0.2088,0.7912,0.2027,0.2149,0.0122,4168.9
2024-01-01T08:14:00,0.2085,0.7915,0.2036,0.2134,0.0098,2673.45
2024-01-01T08:14:30,0.2095,0.7905,0.2023,0.2167,0.0144,3743.46
2024-01-01T08:15:00,0.215,0.785,0.2077,0.2224,0.0147,5676.79
2024-01-01T08:15:30,0.2133,0.7867,0.2072,0.2194,0.0123,3339.25
2024-01-01T08:16:00,0.2136,0.7864,0.2081,0.2191,0.0111,5113.98
2024-01-01T08:16:30,0.2082,0.7918,0.2035,0.213,0.0095,4972.24
2024-01-01T08:17:00,0.2132,0.7868,0.2062,0.2203,0.0141,4308.11
2024-01-01T08:17:30,0.2099,0.7901,0.2041,0.2158,0.0116,5273.83
2024-01-01T08:18:00,0.2084,0.7916,0.2011,0.2157,0.0145,6029.68
2024-01-01T08:18:30,0.2103,0.7897,0.2017,0.2188,0.0171,4066.06
2024-01-01T08:19:00,0.2085,0.7915,0.1995,0.2175,0.018,5628.2
2024-01-01T08:19:30,0.2093,0.7907,0.2047,0.214,0.0093,4311.49
2024-01-01T08:20:00,0.2094,0.7906,0.2047,0.2142,0.0094,5220.85
2024-01-01T08:20:30,0.2116,0.7884,0.2097,0.2135,0.0037,3014.27
2024-01-01T08:21:00,0.2107,0.7893,0.2049,0.2165,0.0116,3964.21
2024-01-01T08:21:30,0.2083,0.7917,0.2011,0.2156,0.0145,2735.57
2024-01-01T08:22:00,0.2092,0.7908,0.2003,0.2182,0.018,3212.16
2024-01-01T08:22:30,0.2097,0.7903,0.2068,0.2126,0.0058,3519.87
2024-01-01T08:23:00,0.2087,0.7913,0.203,0.2143,0.0112,5217.56
2024-01-01T08:23:30,0.2064,0.7936,0.2029,0.2099,0.0069,4119.58
2024-01-01T08:24:00,0.207,0.793,0.2034,0.2106,0.0072,3524.44
2024-01-01T08:24:30,0.2076,0.7924,0.2053,0.21,0.0047,2775.02
2024-01-01T08:25:00,0.2086,0.7914,0.2031,0.2141,0.011,3810.57
2024-01-01T08:25:30,0.2078,0.7922,0.2023,0.2133,0.011,3644.73
2024-01-01T08:26:00,0.2063,0.7937,0.1982,0.2143,0.0161,3381.58
2024-01-01T08:26:30,0.2101,0.7899,0.2057,0.2145,0.0088,5289.29
2024-01-01T08:27:00,0.2083,0.7917,0.2052,0.2113,0.0061,5224.74
2024-01-01T08:27:30,0.2081,0.7919,0.2021,0.2142,0.0121,3182.45
2024-01-01T08:28:00,0.209,0.791,0.2048,0.2132,0.0084,2678.14
2024-01-01T08:28:30,0.21,0.79,0.2032,0.2168,0.0136,3089.03
2024-01-01T08:29:00,0.2079,0.7921,0.2039,0.2119,0.008,3478.11
2024-01-01T08:29:30,0.2108,0.7892,0.208,0.2135,0.0055,4141.93
2024-01-01T08:30:00,0.2116,0.7884,0.2096,0.2135,0.0039,3528.01
2024-01-01T08:30:30,0.2106,0.7894,0.2082,0.213,0.0048,3408.87
2024-01-01T08:31:00,0.2071,0.7929,0.1999,0.2142,0.0144,4251.44
2024-01-01T08:31:30,0.2119,0.7881,0.2099,0.2139,0.004,3745.33
2024-01-01T08:32:00,0.2101,0.7899,0.2058,0.2144,0.0086,3916.71
2024-01-01T08:32:30,0.2145,0.7855,0.2072,0.2219,0.0147,4501.92
2024-01-01T08:33:00,0.2091,0.7909,0.2068,0.2114,0.0046,3927.44
2024-01-01T08:33:30,0.2077,0.7923,0.2006,0.2147,0.0142,5144.8
2024-01-01T08:34:00,0.2091,0.7909,0.204,0.2141,0.0101,4545.29
2024-01-01T08:34:30,0.2089,0.7911,0.2009,0.2168,0.0159,3947.99
2024-01-01T08:35:00,0.206,0.794,0.1976,0.2144,0.0168,3760.04
2024-01-01T08:35:30,0.2055,0.7945,0.1994,0.2115,0.0121,4994.31
2024-01-01T08:36:00,0.2087,0.7913,0.2043,0.2131,0.0088,5458.56
2024-01-01T08:36:30,0.2056,0.7944,0.2016,0.2096,0.0081,3210.51
2024-01-01T08:37:00,0.2091,0.7909,0.2043,0.214,0.0097,4664.03
2024-01-01T08:37:30,0.2089,0.7911,0.2034,0.2144,0.011,4376.12
2024-01-01T08:38:00,0.2093,0.7907,0.2062,0.2123,0.0061,4782.26
2024-01-01T08:38:30,0.2096,0.7904,0.2037,0.2155,0.0119,3289.73
2024-01-01T08:39:00,0.2098,0.7902,0.2051,0.2145,0.0095,2812.91
2024-01-01T08:39:30,0.2079,0.7921,0.2038,0.2119,0.0081,4768.13
2024-01-01T08:40:00,0.2115,0.7885,0.2091,0.2139,0.0048,5282.28
2024-01-01T08:40:30,0.2131,0.7869,0.2076,0.2186,0.0109,3077.58
2024-01-01T08:41:00,0.2106,0.7894,0.2024,0.2187,0.0163,4079.55
2024-01-01T08:41:30,0.2087,0.7913,0.2012,0.2161,0.0148,3399.87
2024-01-01T08:42:00,0.2105,0.7895,0.2076,0.2134,0.0057,3807.86
2024-01-01T08:42:30,0.2115,0.7885,0.2054,0.2177,0.0122,2838.48
2024-01-01T08:43:00,0.2101,0.7899,0.2075,0.2128,0.0053,4276.56
2024-01-01T08:43:30,0.2138,0.7862,0.2113,0.2163,0.005,3329.14
2024-01-01T08:44:00,0.2112,0.7888,0.2021,0.2203,0.0182,4755.83
2024-01-01T08:44:30,0.2079,0.7921,0.2026,0.2132,0.0106,4614.69
2024-01-01T08:45:00,0.2115,0.7885,0.2051,0.2178,0.0128,3383.93
2024-01-01T08:45:30,0.2098,0.7902,0.2043,0.2152,0.0109,5598.28
2024-01-01T08:46:00,0.21,0.79,0.201,0.219,0.018,5034.54
2024-01-01T08:46:30,0.2095,0.7905,0.2025,0.2164,0.0138,3811.83
2024-01-01T08:47:00,0.214,0.786,0.2081,0.2198,0.0117,3246.43
2024-01-01T08:47:30,0.211,0.789,0.203,0.219,0.0161,3215.88
2024-01-01T08:48:00,0.2126,0.7874,0.2074,0.2177,0.0103,5106.92
2024-01-01T08:48:30,0.2095,0.7905,0.2042,0.2147,0.0106,3063.23
2024-01-01T08:49:00,0.2112,0.7888,0.2066,0.2159,0.0094,4957.72
2024-01-01T08:49:30,0.2135,0.7865,0.2089,0.2181,0.0092,3502.95
2024-01-01T08:50:00,0.212,0.788,0.2094,0.2147,0.0053,4838.51
2024-01-01T08:50:30,0.2126,0.7874,0.2095,0.2156,0.006,3314.46
2024-01-01T08:51:00,0.207,0.793,0.2016,0.2124,0.0108,2629.02
2024-01-01T08:51:30,0.2059,0.7941,0.2038,0.208,0.0042,3602.04
2024-01-01T08:52:00,0.2062,0.7938,0.198,0.2143,0.0163,2963.06
2024-01-01T08:52:30,0.2055,0.7945,0.2036,0.2075,0.0039,2986.69
2024-01-01T08:53:00,0.2062,0.7938,0.2007,0.2118,0.011,5213.82
2024-01-01T08:53:30,0.2089,0.7911,0.201,0.2169,0.0159,3816.86
2024-01-01T08:54:00,0.2081,0.7919,0.2034,0.2128,0.0095,3419.65
2024-01-01T08:54:30,0.2114,0.7886,0.2045,0.2183,0.0138,2935.72
2024-01-01T08:55:00,0.2096,0.7904,0.2027,0.2165,0.0138,4055.46
2024-01-01T08:55:30,0.2085,0.7915,0.2046,0.2124,0.0078,3820.55
2024-01-01T08:56:00,0.2088,0.7912,0.2011,0.2165,0.0154,3258.56
2024-01-01T08:56:30,0.2144,0.7856,0.2064,0.2224,0.016,5539.25
2024-01-01T08:57:00,0.2147,0.7853,0.2096,0.2198,0.0102,4228.1
2024-01-01T08:57:30,0.2084,0.7916,0.2026,0.2142,0.0116,3804.59
2024-01-01T08:58:00,0.2107,0.7893,0.2077,0.2137,0.006,2825.87
2024-01-01T08:58:30,0.2075,0.7925,0.2016,0.2134,0.0118,2884.86
2024-01-01T08:59:00,0.2073,0.7927,0.2048,0.2098,0.0051,4032.59
2024-01-01T08:59:30,0.2074,0.7926,0.2017,0.213,0.0114,3693.86
2024-01-01T09:00:00,0.2001,0.7999,0.1976,0.2025,0.0049,2548.71
2024-01-01T09:00:30,0.2023,0.7977,0.1978,0.2067,0.0088,3541.74
2024-01-01T09:01:00,0.1965,0.8035,0.1902,0.2027,0.0124,4282.16
2024-01-01T09:01:30,0.1952,0.8048,0.1865,0.2039,0.0174,3668.43
2024-01-01T09:02:00,0.188,0.812,0.1817,0.1943,0.0126,4119.63
2024-01-01T09:02:30,0.1892,0.8108,0.1827,0.1956,0.0128,2886.67
2024-01-01T09:03:00,0.183,0.817,0.1792,0.1869,0.0077,2846.36
2024-01-01T09:03:30,0.1783,0.8217,0.1757,0.1809,0.0052,2515.84
2024-01-01T09:04:00,0.1728,0.8272,0.1647,0.1808,0.016,3584.4
2024-01-01T09:04:30,0.1693,0.8307,0.1673,0.1714,0.0041,2445.53
2024-01-01T09:05:00,0.1662,0.8338,0.1588,0.1736,0.0148,3131.06
2024-01-01T09:05:30,0.1615,0.8385,0.1556,0.1674,0.0118,2465.67
2024-01-01T09:06:00,0.1597,0.8403,0.1556,0.1638,0.0082,2236.09
2024-01-01T09:06:30,0.1491,0.8509,0.1469,0.1513,0.0044,3939.23
2024-01-01T09:07:00,0.145,0.855,0.1425,0.1474,0.0049,4025.85
2024-01-01T09:07:30,0.1406,0.8594,0.1389,0.1423,0.0034,3994.02
2024-01-01T09:08:00,0.1377,0.8623,0.135,0.1404,0.0054,2818.43
2024-01-01T09:08:30,0.1342,0.8658,0.1294,0.1391,0.0096,2969.18
2024-01-01T09:09:00,0.127,0.873,0.1236,0.1305,0.0068,2458.32
2024-01-01T09:09:30,0.1215,0.8785,0.1178,0.1252,0.0074,3774.27
2024-01-01T09:10:00,0.1198,0.8802,0.1148,0.1247,0.0099,3122.44
2024-01-01T09:10:30,0.1171,0.8829,0.1105,0.1237,0.0133,3043.92
2024-01-01T09:11:00,0.1098,0.8902,0.1068,0.1128,0.006,3482.48
2024-01-01T09:11:30,0.1079,0.8921,0.1033,0.1125,0.0091,3004.4
2024-01-01T09:12:00,0.1046,0.8954,0.0975,0.1116,0.0141,3232.95
2024-01-01T09:12:30,0.0943,0.9057,0.0905,0.0981,0.0076,3269.27
2024-01-01T09:13:00,0.0923,0.9077,0.0903,0.0944,0.0041,1881.68
2024-01-01T09:13:30,0.0876,0.9124,0.0831,0.0921,0.009,3282.68
2024-01-01T09:14:00,0.0835,0.9165,0.0786,0.0884,0.0098,1406.1
2024-01-01T09:14:30,0.0813,0.9187,0.0774,0.0853,0.008,3147.31
2024-01-01T09:15:00,0.0749,0.9251,0.0694,0.0803,0.0109,2707.0
2024-01-01T09:15:30,0.0729,0.9271,0.0691,0.0766,0.0075,2569.23
2024-01-01T09:16:00,0.0665,0.9335,0.0599,0.0731,0.0132,1655.16
2024-01-01T09:16:30,0.063,0.937,0.0562,0.0699,0.0137,2772.35
2024-01-01T09:17:00,0.0598,0.9402,0.0567,0.0629,0.0062,2404.15
2024-01-01T09:17:30,0.0571,0.9429,0.0532,0.061,0.0078,2098.49
2024-01-01T09:18:00,0.0572,0.9428,0.0535,0.0609,0.0074,1551.39
2024-01-01T09:18:30,0.0497,0.9503,0.0468,0.0526,0.0059,1799.04
2024-01-01T09:19:00,0.0532,0.9468,0.0494,0.0569,0.0075,1688.92
2024-01-01T09:19:30,0.0503,0.9497,0.0479,0.0527,0.0048,1677.46
2024-01-01T09:20:00,0.0508,0.9492,0.046,0.0556,0.0095,2275.46
2024-01-01T09:20:30,0.0518,0.9482,0.0449,0.0587,0.0137,1754.33
2024-01-01T09:21:00,0.0504,0.9496,0.0455,0.0553,0.0098,2173.43
2024-01-01T09:21:30,0.0513,0.9487,0.047,0.0556,0.0086,2113.69
2024-01-01T09:22:00,0.0523,0.9477,0.0489,0.0558,0.0069,1261.83
2024-01-01T09:22:30,0.049,0.951,0.046,0.052,0.006,1265.66
2024-01-01T09:23:00,0.0481,0.9519,0.0425,0.0536,0.0112,1710.95
2024-01-01T09:23:30,0.0543,0.9457,0.0505,0.0581,0.0075,1918.34
2024-01-01T09:24:00,0.0464,0.9536,0.041,0.0518,0.0108,1793.57
2024-01-01T09:24:30,0.0521,0.9479,0.0448,0.0594,0.0146,1288.12
2024-01-01T09:25:00,0.0491,0.9509,0.047,0.0512,0.0042,2206.11
2024-01-01T09:25:30,0.0493,0.9507,0.0428,0.0559,0.0132,1673.06
2024-01-01T09:26:00,0.05,0.95,0.0455,0.0544,0.0089,2468.81
2024-01-01T09:26:30,0.0487,0.9513,0.0445,0.0528,0.0083,1561.41
2024-01-01T09:27:00,0.0528,0.9472,0.0492,0.0564,0.0071,2016.44
2024-01-01T09:27:30,0.0508,0.9492,0.0443,0.0572,0.0129,1727.02
2024-01-01T09:28:00,0.0492,0.9508,0.0426,0.0558,0.0132,2015.91
2024-01-01T09:28:30,0.0461,0.9539,0.04,0.0521,0.0121,2008.36
2024-01-01T09:29:00,0.0508,0.9492,0.045,0.0565,0.0115,2454.51
2024-01-01T09:29:30,0.0489,0.9511,0.0416,0.0563,0.0147,2164.79
2024-01-01T09:30:00,0.0495,0.9505,0.0471,0.0519,0.0048,1962.07
2024-01-01T09:30:30,0.0508,0.9492,0.0462,0.0553,0.0091,2148.85
2024-01-01T09:31:00,0.0504,0.9496,0.0484,0.0523,0.0038,1420.55
2024-01-01T09:31:30,0.0499,0.9501,0.0436,0.0561,0.0125,2326.25
2024-01-01T09:32:00,0.0513,0.9487,0.0443,0.0583,0.014,2320.41
2024-01-01T09:32:30,0.0504,0.9496,0.0446,0.0563,0.0116,1595.74
2024-01-01T09:33:00,0.0487,0.9513,0.0429,0.0545,0.0116,1212.58
2024-01-01T09:33:30,0.0475,0.9525,0.0458,0.0492,0.0034,2238.36
2024-01-01T09:34:00,0.0479,0.9521,0.0431,0.0528,0.0097,1589.85
2024-01-01T09:34:30,0.0474,0.9526,0.0436,0.0511,0.0075,1492.61
2024-01-01T09:35:00,0.0513,0.9487,0.0453,0.0573,0.012,1805.98
2024-01-01T09:35:30,0.0519,0.9481,0.0462,0.0576,0.0114,1702.69
2024-01-01T09:36:00,0.0509,0.9491,0.0442,0.0575,0.0133,1828.42
2024-01-01T09:36:30,0.0506,0.9494,0.0466,0.0547,0.0082,1371.43
2024-01-01T09:37:00,0.0517,0.9483,0.0501,0.0532,0.0031,1689.43
2024-01-01T09:37:30,0.0496,0.9504,0.0433,0.0559,0.0127,2067.45
2024-01-01T09:38:00,0.0517,0.9483,0.0453,0.058,0.0127,1835.84
2024-01-01T09:38:30,0.0463,0.9537,0.0405,0.0522,0.0117,1354.18
2024-01-01T09:39:00,0.049,0.951,0.046,0.052,0.006,2256.92
2024-01-01T09:39:30,0.05,0.95,0.0435,0.0565,0.013,2440.03
2024-01-01T09:40:00,0.0475,0.9525,0.0459,0.0491,0.0031,1104.71
2024-01-01T09:40:30,0.0477,0.9523,0.0414,0.0539,0.0124,1280.18
2024-01-01T09:41:00,0.0474,0.9526,0.0422,0.0527,0.0105,2119.76
2024-01-01T09:41:30,0.0504,0.9496,0.0454,0.0553,0.0099,1920.22
2024-01-01T09:42:00,0.0514,0.9486,0.0485,0.0543,0.0059,1556.78
2024-01-01T09:42:30,0.049,0.951,0.0418,0.0562,0.0144,1996.63
2024-01-01T09:43:00,0.0487,0.9513,0.0462,0.0513,0.0051,2433.39
2024-01-01T09:43:30,0.0499,0.9501,0.0482,0.0517,0.0035,2046.34
2024-01-01T09:44:00,0.0489,0.9511,0.046,0.0519,0.0058,1389.57
2024-01-01T09:44:30,0.0482,0.9518,0.0434,0.053,0.0095,2272.85
2024-01-01T09:45:00,0.0497,0.9503,0.0477,0.0517,0.004,2210.75
2024-01-01T09:45:30,0.0506,0.9494,0.045,0.0562,0.0112,1877.57
2024-01-01T09:46:00,0.0494,0.9506,0.0472,0.0517,0.0044,2119.92
2024-01-01T09:46:30,0.0501,0.9499,0.046,0.0541,0.0081,2261.34
2024-01-01T09:47:00,0.0526,0.9474,0.0509,0.0543,0.0033,2576.91
2024-01-01T09:47:30,0.0504,0.9496,0.0461,0.0546,0.0084,1919.77
2024-01-01T09:48:00,0.0488,0.9512,0.0458,0.0518,0.006,1740.06
2024-01-01T09:48:30,0.0485,0.9515,0.0456,0.0514,0.0059,1132.64
2024-01-01T09:49:00,0.0493,0.9507,0.0453,0.0533,0.008,2199.34
2024-01-01T09:49:30,0.0477,0.9523,0.0457,0.0498,0.0041,1741.47
2024-01-01T09:50:00,0.0466,0.9534,0.0438,0.0494,0.0056,2396.65
2024-01-01T09:50:30,0.0494,0.9506,0.047,0.0518,0.0048,2071.99
2024-01-01T09:51:00,0.0504,0.9496,0.0486,0.0521,0.0035,1988.73
2024-01-01T09:51:30,0.0503,0.9497,0.0447,0.0559,0.0112,2353.96
2024-01-01T09:52:00,0.0459,0.9541,0.0413,0.0504,0.0091,1850.53
2024-01-01T09:52:30,0.0497,0.9503,0.0458,0.0537,0.0079,2012.72
2024-01-01T09:53:00,0.0459,0.9541,0.0444,0.0474,0.003,1426.86
2024-01-01T09:53:30,0.0508,0.9492,0.0467,0.0549,0.0082,2163.1
2024-01-01T09:54:00,0.049,0.951,0.042,0.056,0.014,1188.79
2024-01-01T09:54:30,0.05,0.95,0.0428,0.0572,0.0144,2076.22
2024-01-01T09:55:00,0.0473,0.9527,0.0453,0.0493,0.004,1702.82
2024-01-01T09:55:30,0.0502,0.9498,0.0468,0.0537,0.0068,2438.23
2024-01-01T09:56:00,0.0507,0.9493,0.0489,0.0525,0.0035,1571.19
2024-01-01T09:56:30,0.0534,0.9466,0.0473,0.0595,0.0122,2542.5
2024-01-01T09:57:00,0.054,0.946,0.0497,0.0583,0.0086,2164.08
2024-01-01T09:57:30,0.0529,0.9471,0.0473,0.0585,0.0111,1390.35
2024-01-01T09:58:00,0.0504,0.9496,0.0463,0.0545,0.0081,2320.21
2024-01-01T09:58:30,0.0502,0.9498,0.0471,0.0532,0.0061,1574.35
2024-01-01T09:59:00,0.055,0.945,0.048,0.062,0.0141,1876.26
2024-01-01T09:59:30,0.0521,0.9479,0.0491,0.0551,0.006,2215.22
2024-01-01T10:00:00,0.0487,0.9513,0.0415,0.0558,0.0143,1340.0
2024-01-01T10:00:30,0.0504,0.9496,0.045,0.0559,0.0109,1166.68
2024-01-01T10:01:00,0.0494,0.9506,0.0422,0.0567,0.0145,1213.36
2024-01-01T10:01:30,0.0491,0.9509,0.0418,0.0564,0.0147,1614.49
2024-01-01T10:02:00,0.0453,0.9547,0.0416,0.049,0.0074,2272.86
2024-01-01T10:02:30,0.0445,0.9555,0.0407,0.0483,0.0076,2085.97
2024-01-01T10:03:00,0.0469,0.9531,0.0413,0.0526,0.0112,1543.54
2024-01-01T10:03:30,0.0496,0.9504,0.047,0.0523,0.0053,1469.05
2024-01-01T10:04:00,0.0494,0.9506,0.0449,0.054,0.0091,2244.17
2024-01-01T10:04:30,0.0487,0.9513,0.0456,0.0518,0.0062,2416.22
2024-01-01T10:05:00,0.0468,0.9532,0.0395,0.0541,0.0147,1777.31
2024-01-01T10:05:30,0.0484,0.9516,0.0427,0.0541,0.0114,1670.85
2024-01-01T10:06:00,0.0496,0.9504,0.0473,0.0519,0.0046,1157.73
2024-01-01T10:06:30,0.049,0.951,0.0455,0.0525,0.007,1730.49
2024-01-01T10:07:00,0.0524,0.9476,0.0461,0.0587,0.0126,1863.52
2024-01-01T10:07:30,0.0526,0.9474,0.0478,0.0574,0.0096,1458.76
2024-01-01T10:08:00,0.0456,0.9544,0.0429,0.0483,0.0054,2080.28
2024-01-01T10:08:30,0.0505,0.9495,0.0431,0.0578,0.0147,2447.26
2024-01-01T10:09:00,0.051,0.949,0.0464,0.0556,0.0092,1690.22
2024-01-01T10:09:30,0.0532,0.9468,0.0511,0.0553,0.0042,1130.64
2024-01-01T10:10:00,0.0493,0.9507,0.0475,0.0511,0.0036,1920.89
2024-01-01T10:10:30,0.0488,0.9512,0.0463,0.0513,0.005,1590.2
2024-01-01T10:11:00,0.0486,0.9514,0.042,0.0552,0.0132,2394.29
2024-01-01T10:11:30,0.0475,0.9525,0.045,0.05,0.0049,2059.69
2024-01-01T10:12:00,0.0488,0.9512,0.0435,0.0541,0.0106,2212.08
2024-01-01T10:12:30,0.0505,0.9495,0.046,0.055,0.0091,1900.25
2024-01-01T10:13:00,0.051,0.949,0.044,0.0581,0.0142,1635.54
2024-01-01T10:13:30,0.0526,0.9474,0.0466,0.0585,0.0119,1497.72
2024-01-01T10:14:00,0.0527,0.9473,0.0482,0.0573,0.0091,2536.81
2024-01-01T10:14:30,0.0525,0.9475,0.0464,0.0586,0.0122,1552.79
2024-01-01T10:15:00,0.0529,0.9471,0.0493,0.0564,0.0071,2542.72
2024-01-01T10:15:30,0.0516,0.9484,0.0494,0.0538,0.0045,1768.79
2024-01-01T10:16:00,0.0518,0.9482,0.0447,0.0588,0.0141,1141.85
2024-01-01T10:16:30,0.0524,0.9476,0.0461,0.0587,0.0126,2211.13
2024-01-01T10:17:00,0.0495,0.9505,0.0479,0.0511,0.0031,1971.22
2024-01-01T10:17:30,0.0499,0.9501,0.0431,0.0566,0.0135,1711.21
2024-01-01T10:18:00,0.0516,0.9484,0.0473,0.0558,0.0085,1465.78
2024-01-01T10:18:30,0.0513,0.9487,0.0461,0.0565,0.0104,2176.18
2024-01-01T10:19:00,0.0491,0.9509,0.0449,0.0532,0.0082,2086.56
2024-01-01T10:19:30,0.0503,0.9497,0.0455,0.0551,0.0096,2444.19
2024-01-01T10:20:00,0.0523,0.9477,0.0457,0.0589,0.0132,2446.72
2024-01-01T10:20:30,0.0482,0.9518,0.046,0.0504,0.0044,1927.76
2024-01-01T10:21:00,0.0492,0.9508,0.0441,0.0543,0.0102,1630.7
2024-01-01T10:21:30,0.0515,0.9485,0.0496,0.0534,0.0039,1686.16
2024-01-01T10:22:00,0.0461,0.9539,0.0431,0.0491,0.006,1740.43
2024-01-01T10:22:30,0.0482,0.9518,0.0422,0.0541,0.0119,2001.98
2024-01-01T10:23:00,0.0532,0.9468,0.0495,0.0568,0.0073,1470.8
2024-01-01T10:23:30,0.0513,0.9487,0.0465,0.056,0.0094,1421.42
2024-01-01T10:24:00,0.0476,0.9524,0.041,0.0542,0.0132,1778.98
2024-01-01T10:24:30,0.0531,0.9469,0.0482,0.058,0.0098,1259.54
2024-01-01T10:25:00,0.0267,0.9733,0.0231,0.0303,0.0073,1195.74
2024-01-01T10:25:30,0.0365,0.9635,0.032,0.0409,0.0089,1497.03
2024-01-01T10:26:00,0.0377,0.9623,0.0325,0.043,0.0105,962.65
2024-01-01T10:26:30,0.0397,0.9603,0.0378,0.0416,0.0038,1553.26
2024-01-01T10:27:00,0.0456,0.9544,0.0386,0.0526,0.0141,1481.86
2024-01-01T10:27:30,0.0467,0.9533,0.0436,0.0498,0.0062,1225.53
2024-01-01T10:28:00,0.0449,0.9551,0.0412,0.0486,0.0074,2394.04
2024-01-01T10:28:30,0.0492,0.9508,0.0457,0.0527,0.0071,1376.14
2024-01-01T10:29:00,0.0446,0.9554,0.0425,0.0467,0.0042,2347.89
2024-01-01T10:29:30,0.0477,0.9523,0.0422,0.0531,0.0109,2138.45
2024-01-01T10:30:00,0.0478,0.9522,0.0444,0.0511,0.0066,1466.75
2024-01-01T10:30:30,0.0466,0.9534,0.0401,0.053,0.0129,2371.87
2024-01-01T10:31:00,0.0474,0.9526,0.0452,0.0496,0.0044,1546.7
2024-01-01T10:31:30,0.0488,0.9512,0.0448,0.0527,0.0079,1627.76
2024-01-01T10:32:00,0.05,0.95,0.0463,0.0536,0.0073,1403.64
2024-01-01T10:32:30,0.0498,0.9502,0.0455,0.0541,0.0086,1110.06
2024-01-01T10:33:00,0.0451,0.9549,0.0423,0.048,0.0057,1335.04
2024-01-01T10:33:30,0.0416,0.9584,0.0394,0.0438,0.0044,2238.41
2024-01-01T10:34:00,0.0446,0.9554,0.0426,0.0466,0.004,2116.88
2024-01-01T10:34:30,0.046,0.954,0.039,0.0531,0.0141,1245.94
2024-01-01T10:35:00,0.0463,0.9537,0.0436,0.0489,0.0053,2350.77
2024-01-01T10:35:30,0.0429,0.9571,0.0391,0.0467,0.0076,2174.4
2024-01-01T10:36:00,0.0483,0.9517,0.0447,0.052,0.0073,2448.17
2024-01-01T10:36:30,0.0477,0.9523,0.0451,0.0504,0.0052,1299.2
2024-01-01T10:37:00,0.0437,0.9563,0.0393,0.048,0.0087,1454.06
2024-01-01T10:37:30,0.048,0.952,0.0442,0.0518,0.0076,2455.25
2024-01-01T10:38:00,0.0491,0.9509,0.0454,0.0529,0.0076,1736.12
2024-01-01T10:38:30,0.0513,0.9487,0.0493,0.0533,0.004,1130.97
2024-01-01T10:39:00,0.0495,0.9505,0.0459,0.0531,0.0072,1766.88
2024-01-01T10:39:30,0.0441,0.9559,0.0382,0.05,0.0118,2001.17
2024-01-01T10:40:00,0.0467,0.9533,0.0441,0.0492,0.0052,2408.77
2024-01-01T10:40:30,0.0491,0.9509,0.0427,0.0555,0.0128,2082.2
2024-01-01T10:41:00,0.0461,0.9539,0.042,0.0502,0.0081,1804.17
2024-01-01T10:41:30,0.0462,0.9538,0.0432,0.0492,0.006,2396.23
2024-01-01T10:42:00,0.0482,0.9518,0.0409,0.0555,0.0147,1938.99
2024-01-01T10:42:30,0.0499,0.9501,0.0433,0.0564,0.0132,2192.65
2024-01-01T10:43:00,0.0524,0.9476,0.0462,0.0587,0.0126,1811.66
2024-01-01T10:43:30,0.0512,0.9488,0.0446,0.0577,0.0132,2177.43
2024-01-01T10:44:00,0.0497,0.9503,0.0434,0.0561,0.0127,1281.46
2024-01-01T10:44:30,0.0509,0.9491,0.0457,0.0561,0.0105,1409.55
2024-01-01T10:45:00,0.055,0.945,0.051,0.059,0.008,1166.97
2024-01-01T10:45:30,0.0539,0.9461,0.0516,0.0562,0.0045,2456.2
2024-01-01T10:46:00,0.055,0.945,0.0524,0.0575,0.0051,2536.16
2024-01-01T10:46:30,0.054,0.946,0.0501,0.058,0.0079,1735.15
2024-01-01T10:47:00,0.0539,0.9461,0.0466,0.0611,0.0145,1729.16
2024-01-01T10:47:30,0.0554,0.9446,0.0486,0.0622,0.0136,2324.66
2024-01-01T10:48:00,0.0548,0.9452,0.0474,0.0623,0.015,2577.25
2024-01-01T10:48:30,0.054,0.946,0.0501,0.0578,0.0077,1558.46
2024-01-01T10:49:00,0.0529,0.9471,0.0462,0.0597,0.0134,1495.07
2024-01-01T10:49:30,0.0505,0.9495,0.0471,0.0539,0.0067,1177.82
2024-01-01T10:50:00,0.0528,0.9472,0.0458,0.0597,0.014,1734.2
2024-01-01T10:50:30,0.0509,0.9491,0.0477,0.054,0.0064,2497.77
2024-01-01T10:51:00,0.0535,0.9465,0.0497,0.0573,0.0076,2437.96
2024-01-01T10:51:30,0.0486,0.9514,0.0418,0.0554,0.0136,1760.35
2024-01-01T10:52:00,0.0501,0.9499,0.0445,0.0556,0.011,1368.72
2024-01-01T10:52:30,0.0496,0.9504,0.0441,0.055,0.0108,1779.01
2024-01-01T10:53:00,0.051,0.949,0.0482,0.0538,0.0056,1165.35
2024-01-01T10:53:30,0.0506,0.9494,0.046,0.0552,0.0092,2084.44
2024-01-01T10:54:00,0.0497,0.9503,0.0443,0.0551,0.0109,1786.99
2024-01-01T10:54:30,0.0511,0.9489,0.0493,0.0529,0.0036,2335.25
2024-01-01T10:55:00,0.0502,0.9498,0.0439,0.0565,0.0126,1252.25
2024-01-01T10:55:30,0.0485,0.9515,0.0463,0.0507,0.0044,1930.8
2024-01-01T10:56:00,0.0514,0.9486,0.047,0.0559,0.0089,1600.21
2024-01-01T10:56:30,0.0485,0.9515,0.0463,0.0508,0.0045,1958.89
2024-01-01T10:57:00,0.049,0.951,0.0444,0.0535,0.0092,1887.58
2024-01-01T10:57:30,0.0462,0.9538,0.0389,0.0535,0.0146,2077.57
2024-01-01T10:58:00,0.0459,0.9541,0.0441,0.0478,0.0037,1134.07
2024-01-01T10:58:30,0.0486,0.9514,0.0469,0.0503,0.0034,2146.78
2024-01-01T10:59:00,0.0518,0.9482,0.0477,0.0559,0.0082,1903.22
2024-01-01T10:59:30,0.0485,0.9515,0.0453,0.0516,0.0063,1817.97
2024-01-01T11:00:00,0.0516,0.9484,0.049,0.0542,0.0051,1222.21
2024-01-01T11:00:30,0.0481,0.9519,0.0445,0.0517,0.0072,1337.56
2024-01-01T11:01:00,0.0477,0.9523,0.0455,0.0499,0.0044,2348.54
2024-01-01T11:01:30,0.0469,0.9531,0.0425,0.0512,0.0087,1266.65
2024-01-01T11:02:00,0.0482,0.9518,0.0441,0.0523,0.0081,1375.1
2024-01-01T11:02:30,0.0478,0.9522,0.041,0.0547,0.0138,1068.48
2024-01-01T11:03:00,0.0498,0.9502,0.0434,0.0562,0.0128,1905.76
2024-01-01T11:03:30,0.0498,0.9502,0.0472,0.0525,0.0053,1821.82
2024-01-01T11:04:00,0.051,0.949,0.0478,0.0543,0.0064,2304.78
2024-01-01T11:04:30,0.0474,0.9526,0.0444,0.0503,0.0059,2382.09
2024-01-01T11:05:00,0.051,0.949,0.0482,0.0538,0.0057,1478.72
2024-01-01T11:05:30,0.0496,0.9504,0.0443,0.0549,0.0106,1533.49
2024-01-01T11:06:00,0.0482,0.9518,0.0448,0.0517,0.0069,2091.97
2024-01-01T11:06:30,0.0441,0.9559,0.0416,0.0467,0.005,2297.55
2024-01-01T11:07:00,0.0448,0.9552,0.043,0.0465,0.0035,1179.52
2024-01-01T11:07:30,0.0498,0.9502,0.0467,0.0529,0.0062,1367.97
2024-01-01T11:08:00,0.0514,0.9486,0.0496,0.0532,0.0036,2454.5
2024-01-01T11:08:30,0.0514,0.9486,0.0473,0.0555,0.0081,1406.27
2024-01-01T11:09:00,0.051,0.949,0.0479,0.0541,0.0062,1572.74
2024-01-01T11:09:30,0.0559,0.9441,0.05,0.0619,0.0119,1436.34
2024-01-01T11:10:00,0.0494,0.9506,0.0448,0.0541,0.0093,2048.61
2024-01-01T11:10:30,0.0511,0.9489,0.0495,0.0526,0.003,1375.07
2024-01-01T11:11:00,0.0538,0.9462,0.0508,0.0567,0.0059,2318.01
2024-01-01T11:11:30,0.0494,0.9506,0.0428,0.0559,0.0131,1411.86
2024-01-01T11:12:00,0.0469,0.9531,0.0447,0.049,0.0044,2440.09
2024-01-01T11:12:30,0.0516,0.9484,0.0444,0.0588,0.0144,1883.71
2024-01-01T11:13:00,0.048,0.952,0.041,0.055,0.014,1484.39
2024-01-01T11:13:30,0.0475,0.9525,0.0419,0.0531,0.0112,1425.43
2024-01-01T11:14:00,0.0504,0.9496,0.0479,0.053,0.0051,2462.8
2024-01-01T11:14:30,0.0516,0.9484,0.0461,0.0571,0.011,2213.8
2024-01-01T11:15:00,0.0532,0.9468,0.0499,0.0565,0.0065,2560.84
2024-01-01T11:15:30,0.0541,0.9459,0.0507,0.0574,0.0067,1610.87
2024-01-01T11:16:00,0.0537,0.9463,0.0495,0.0578,0.0083,2093.03
2024-01-01T11:16:30,0.0523,0.9477,0.0501,0.0545,0.0044,1687.55
2024-01-01T11:17:00,0.0492,0.9508,0.0461,0.0523,0.0062,1278.27
2024-01-01T11:17:30,0.0511,0.9489,0.0468,0.0553,0.0085,1640.0
2024-01-01T11:18:00,0.0513,0.9487,0.0446,0.0579,0.0132,1790.28
2024-01-01T11:18:30,0.0483,0.9517,0.0458,0.0509,0.0052,1191.05
2024-01-01T11:19:00,0.0478,0.9522,0.0405,0.055,0.0145,1829.4
2024-01-01T11:19:30,0.0472,0.9528,0.0438,0.0505,0.0066,1840.72
2024-01-01T11:20:00,0.0459,0.9541,0.0425,0.0492,0.0066,2310.76
2024-01-01T11:20:30,0.0479,0.9521,0.0428,0.0529,0.0101,1720.89
2024-01-01T11:21:00,0.0474,0.9526,0.0443,0.0506,0.0063,2022.07
2024-01-01T11:21:30,0.0487,0.9513,0.0457,0.0517,0.006,2410.1
2024-01-01T11:22:00,0.0486,0.9514,0.0452,0.0521,0.0069,1564.85
2024-01-01T11:22:30,0.0448,0.9552,0.0389,0.0506,0.0117,1769.25
2024-01-01T11:23:00,0.0505,0.9495,0.0481,0.053,0.0049,2333.07
2024-01-01T11:23:30,0.0505,0.9495,0.0473,0.0538,0.0065,2488.51
2024-01-01T11:24:00,0.0506,0.9494,0.0442,0.0571,0.0129,2474.05
2024-01-01T11:24:30,0.0514,0.9486,0.0453,0.0576,0.0122,1890.06
2024-01-01T11:25:00,0.0529,0.9471,0.0503,0.0555,0.0052,2240.49
2024-01-01T11:25:30,0.0523,0.9477,0.0502,0.0544,0.0042,1876.58
2024-01-01T11:26:00,0.0501,0.9499,0.0463,0.0538,0.0074,2324.82
2024-01-01T11:26:30,0.0523,0.9477,0.0486,0.056,0.0074,1426.9
2024-01-01T11:27:00,0.0503,0.9497,0.0446,0.056,0.0114,1450.69
2024-01-01T11:27:30,0.0524,0.9476,0.0452,0.0595,0.0143,1138.24
2024-01-01T11:28:00,0.0526,0.9474,0.0479,0.0574,0.0095,1146.57
2024-01-01T11:28:30,0.0516,0.9484,0.0448,0.0584,0.0135,2535.0
2024-01-01T11:29:00,0.0506,0.9494,0.0457,0.0556,0.0098,1966.17
2024-01-01T11:29:30,0.0484,0.9516,0.044,0.0528,0.0088,1838.89
2024-01-01T11:30:00,0.0496,0.9504,0.046,0.0532,0.0072,1622.08
2024-01-01T11:30:30,0.0462,0.9538,0.0414,0.051,0.0096,1052.54
2024-01-01T11:31:00,0.0493,0.9507,0.0463,0.0523,0.006,1306.23
2024-01-01T11:31:30,0.0524,0.9476,0.0504,0.0544,0.004,1923.6
2024-01-01T11:32:00,0.0517,0.9483,0.0486,0.0548,0.0062,1280.36
2024-01-01T11:32:30,0.0509,0.9491,0.0459,0.056,0.0101,1963.39
2024-01-01T11:33:00,0.0509,0.9491,0.0437,0.0582,0.0144,2516.13
2024-01-01T11:33:30,0.0519,0.9481,0.0493,0.0545,0.0052,2223.31
2024-01-01T11:34:00,0.0499,0.9501,0.0441,0.0557,0.0115,1601.42
2024-01-01T11:34:30,0.0516,0.9484,0.0488,0.0544,0.0056,2153.11
2024-01-01T11:35:00,0.0491,0.9509,0.0421,0.056,0.0139,2056.98
2024-01-01T11:35:30,0.0479,0.9521,0.0437,0.0521,0.0083,1704.08
2024-01-01T11:36:00,0.0485,0.9515,0.0422,0.0548,0.0125,1739.16
2024-01-01T11:36:30,0.0473,0.9527,0.0426,0.0521,0.0096,1262.85
2024-01-01T11:37:00,0.0519,0.9481,0.049,0.0549,0.0059,1346.27
2024-01-01T11:37:30,0.0507,0.9493,0.0456,0.0558,0.0102,1138.99
2024-01-01T11:38:00,0.0492,0.9508,0.0435,0.055,0.0115,1990.97
2024-01-01T11:38:30,0.0484,0.9516,0.0469,0.0499,0.0031,2174.29
2024-01-01T11:39:00,0.0487,0.9513,0.0446,0.0527,0.008,2150.25
2024-01-01T11:39:30,0.047,0.953,0.0419,0.0522,0.0103,1078.65
2024-01-01T11:40:00,0.0436,0.9564,0.0407,0.0465,0.0059,1896.66
2024-01-01T11:40:30,0.0454,0.9546,0.0418,0.049,0.0073,1909.48
2024-01-01T11:41:00,0.0467,0.9533,0.0396,0.0538,0.0142,1441.21
2024-01-01T11:41:30,0.0464,0.9536,0.0398,0.0531,0.0133,1903.93
2024-01-01T11:42:00,0.0468,0.9532,0.0405,0.053,0.0125,1209.21
2024-01-01T11:42:30,0.0523,0.9477,0.0483,0.0563,0.008,2075.56
2024-01-01T11:43:00,0.0476,0.9524,0.0416,0.0536,0.012,1229.17
2024-01-01T11:43:30,0.0504,0.9496,0.0451,0.0557,0.0106,2077.94
2024-01-01T11:44:00,0.0507,0.9493,0.049,0.0525,0.0035,1727.03
2024-01-01T11:44:30,0.0515,0.9485,0.0458,0.0571,0.0114,2403.19
2024-01-01T11:45:00,0.0485,0.9515,0.0428,0.0542,0.0114,2363.17
2024-01-01T11:45:30,0.0477,0.9523,0.0416,0.0539,0.0122,1753.81
2024-01-01T11:46:00,0.0498,0.9502,0.0432,0.0565,0.0134,1476.73
2024-01-01T11:46:30,0.0453,0.9547,0.0424,0.0482,0.0057,1764.19
2024-01-01T11:47:00,0.0536,0.9464,0.0493,0.0578,0.0086,1568.87
2024-01-01T11:47:30,0.0504,0.9496,0.0452,0.0555,0.0103,1693.63
2024-01-01T11:48:00,0.0477,0.9523,0.0411,0.0544,0.0133,1739.5
2024-01-01T11:48:30,0.0476,0.9524,0.0428,0.0525,0.0097,2294.7
2024-01-01T11:49:00,0.0472,0.9528,0.0434,0.051,0.0076,1827.34
2024-01-01T11:49:30,0.0469,0.9531,0.0438,0.0501,0.0063,1520.26
2024-01-01T11:50:00,0.0436,0.9564,0.0388,0.0484,0.0096,1040.76
2024-01-01T11:50:30,0.0503,0.9497,0.0433,0.0573,0.014,1270.75
2024-01-01T11:51:00,0.0479,0.9521,0.045,0.0508,0.0058,1134.18
2024-01-01T11:51:30,0.0467,0.9533,0.0406,0.0529,0.0123,1147.31
2024-01-01T11:52:00,0.0457,0.9543,0.0432,0.0482,0.005,1047.19
2024-01-01T11:52:30,0.0467,0.9533,0.0403,0.0532,0.0129,1246.52
2024-01-01T11:53:00,0.0504,0.9496,0.047,0.0538,0.0068,1606.82
2024-01-01T11:53:30,0.0513,0.9487,0.0483,0.0542,0.0058,2066.39
2024-01-01T11:54:00,0.0513,0.9487,0.0456,0.0571,0.0115,2327.31
2024-01-01T11:54:30,0.0502,0.9498,0.0447,0.0556,0.011,1427.61
2024-01-01T11:55:00,0.0484,0.9516,0.0428,0.0541,0.0112,1174.02
2024-01-01T11:55:30,0.0494,0.9506,0.0454,0.0534,0.0079,2157.7
2024-01-01T11:56:00,0.051,0.949,0.0492,0.0528,0.0035,1524.95
2024-01-01T11:56:30,0.0532,0.9468,0.0489,0.0575,0.0086,1112.31
2024-01-01T11:57:00,0.0482,0.9518,0.0462,0.0503,0.0041,1157.17
2024-01-01T11:57:30,0.0509,0.9491,0.0437,0.0581,0.0144,2306.45
2024-01-01T11:58:00,0.0475,0.9525,0.0424,0.0526,0.0102,1911.32
2024-01-01T11:58:30,0.0501,0.9499,0.0468,0.0533,0.0065,1083.37
2024-01-01T11:59:00,0.0477,0.9523,0.0411,0.0543,0.0132,1189.36
2024-01-01T11:59:30,0.0488,0.9512,0.0415,0.0562,0.0147,2248.0
2024-01-01T12:00:00,0.0502,0.9498,0.0471,0.0532,0.0061,1286.01
2024-01-01T12:00:30,0.0479,0.9521,0.0419,0.0539,0.012,2086.9
2024-01-01T12:01:00,0.0518,0.9482,0.0475,0.0562,0.0087,1491.03
2024-01-01T12:01:30,0.051,0.949,0.0465,0.0554,0.0089,1636.1
2024-01-01T12:02:00,0.0542,0.9458,0.0469,0.0614,0.0145,2367.38
2024-01-01T12:02:30,0.0513,0.9487,0.0452,0.0574,0.0123,2494.23
2024-01-01T12:03:00,0.0498,0.9502,0.0456,0.054,0.0084,1574.7
2024-01-01T12:03:30,0.0495,0.9505,0.046,0.0531,0.0072,2484.38
2024-01-01T12:04:00,0.0502,0.9498,0.0439,0.0564,0.0125,1240.79
2024-01-01T12:04:30,0.0497,0.9503,0.0451,0.0543,0.0092,1258.17
2024-01-01T12:05:00,0.0489,0.9511,0.0473,0.0504,0.0031,1404.99
2024-01-01T12:05:30,0.05,0.95,0.0442,0.0559,0.0117,2415.46
2024-01-01T12:06:00,0.0457,0.9543,0.0396,0.0517,0.0121,1787.62
2024-01-01T12:06:30,0.046,0.954,0.0421,0.0499,0.0078,2115.84
2024-01-01T12:07:00,0.0488,0.9512,0.0455,0.0521,0.0066,1696.68
2024-01-01T12:07:30,0.0523,0.9477,0.0477,0.057,0.0093,2391.52
2024-01-01T12:08:00,0.049,0.951,0.0457,0.0523,0.0067,1299.05
2024-01-01T12:08:30,0.0498,0.9502,0.0435,0.0561,0.0126,1872.2
2024-01-01T12:09:00,0.0515,0.9485,0.0478,0.0551,0.0073,2151.67
2024-01-01T12:09:30,0.0534,0.9466,0.049,0.0578,0.0088,1120.66
2024-01-01T12:10:00,0.0484,0.9516,0.0429,0.0539,0.011,1255.03
2024-01-01T12:10:30,0.0487,0.9513,0.0465,0.051,0.0046,1640.65
2024-01-01T12:11:00,0.0475,0.9525,0.0444,0.0507,0.0063,1699.29
2024-01-01T12:11:30,0.048,0.952,0.0444,0.0516,0.0071,2445.57
2024-01-01T12:12:00,0.0461,0.9539,0.0437,0.0484,0.0048,1772.97
2024-01-01T12:12:30,0.05,0.95,0.0472,0.0528,0.0056,2274.37
2024-01-01T12:13:00,0.0473,0.9527,0.0438,0.0508,0.007,2412.88
2024-01-01T12:13:30,0.0499,0.9501,0.0481,0.0518,0.0037,1267.42
2024-01-01T12:14:00,0.0496,0.9504,0.0473,0.0519,0.0046,1623.01
2024-01-01T12:14:30,0.0505,0.9495,0.0484,0.0526,0.0042,2113.34
2024-01-01T12:15:00,0.0518,0.9482,0.0501,0.0535,0.0035,2531.88
2024-01-01T12:15:30,0.0519,0.9481,0.045,0.0589,0.0139,2412.06
2024-01-01T12:16:00,0.0478,0.9522,0.041,0.0546,0.0136,1425.64
2024-01-01T12:16:30,0.0508,0.9492,0.046,0.0556,0.0096,2112.47
2024-01-01T12:17:00,0.0495,0.9505,0.0429,0.056,0.0131,1263.59
2024-01-01T12:17:30,0.052,0.948,0.0456,0.0583,0.0127,1796.5
2024-01-01T12:18:00,0.0435,0.9565,0.0396,0.0475,0.008,1671.07
2024-01-01T12:18:30,0.0494,0.9506,0.0464,0.0524,0.006,1699.34
2024-01-01T12:19:00,0.0488,0.9512,0.0438,0.0538,0.01,1965.3
2024-01-01T12:19:30,0.0471,0.9529,0.0431,0.0511,0.008,1644.19
2024-01-01T12:20:00,0.0477,0.9523,0.0421,0.0534,0.0113,1954.93
2024-01-01T12:20:30,0.0481,0.9519,0.042,0.0542,0.0122,1742.81
2024-01-01T12:21:00,0.0491,0.9509,0.0451,0.0532,0.0081,2002.9
2024-01-01T12:21:30,0.0481,0.9519,0.0465,0.0497,0.0031,2341.26
2024-01-01T12:22:00,0.0515,0.9485,0.0498,0.0533,0.0035,1983.36
2024-01-01T12:22:30,0.0518,0.9482,0.0455,0.058,0.0125,1319.81
2024-01-01T12:23:00,0.0535,0.9465,0.0487,0.0583,0.0096,2454.77
2024-01-01T12:23:30,0.0549,0.9451,0.0526,0.0572,0.0046,1174.76
2024-01-01T12:24:00,0.0584,0.9416,0.0546,0.0623,0.0077,1376.15
2024-01-01T12:24:30,0.0623,0.9377,0.0583,0.0663,0.008,2284.98
2024-01-01T12:25:00,0.0645,0.9355,0.0572,0.0717,0.0145,1425.89
2024-01-01T12:25:30,0.0675,0.9325,0.062,0.0729,0.0108,2050.07
2024-01-01T12:26:00,0.0719,0.9281,0.065,0.0788,0.0139,2165.06
2024-01-01T12:26:30,0.0731,0.9269,0.0675,0.0786,0.0111,1930.79
2024-01-01T12:27:00,0.0779,0.9221,0.0707,0.0851,0.0143,1856.21
2024-01-01T12:27:30,0.0774,0.9226,0.0712,0.0837,0.0125,2997.16
2024-01-01T12:28:00,0.0778,0.9222,0.0758,0.0798,0.004,2186.3
2024-01-01T12:28:30,0.0796,0.9204,0.0765,0.0827,0.0063,2248.04
2024-01-01T12:29:00,0.0815,0.9185,0.0754,0.0875,0.0121,2701.81
2024-01-01T12:29:30,0.0844,0.9156,0.0791,0.0896,0.0105,1892.42
2024-01-01T12:30:00,0.0892,0.9108,0.0825,0.096,0.0135,3112.53
2024-01-01T12:30:30,0.0911,0.9089,0.0876,0.0946,0.0069,2470.79
2024-01-01T12:31:00,0.0943,0.9057,0.087,0.1016,0.0146,2571.04
2024-01-01T12:31:30,0.095,0.905,0.092,0.0981,0.0061,2996.8
2024-01-01T12:32:00,0.0982,0.9018,0.0944,0.102,0.0077,2057.49
2024-01-01T12:32:30,0.0973,0.9027,0.0957,0.099,0.0034,2688.83
2024-01-01T12:33:00,0.1027,0.8973,0.0966,0.1089,0.0123,3237.97
2024-01-01T12:33:30,0.107,0.893,0.1003,0.1137,0.0134,2462.26
2024-01-01T12:34:00,0.1059,0.8941,0.1026,0.1091,0.0064,2858.41
2024-01-01T12:34:30,0.1093,0.8907,0.1068,0.1118,0.005,3152.6
2024-01-01T12:35:00,0.1132,0.8868,0.1081,0.1183,0.0101,1728.25
2024-01-01T12:35:30,0.1136,0.8864,0.1116,0.1155,0.0038,2110.64
2024-01-01T12:36:00,0.1161,0.8839,0.1141,0.1182,0.0041,2437.9
2024-01-01T12:36:30,0.1188,0.8812,0.1126,0.125,0.0125,2911.82
2024-01-01T12:37:00,0.1203,0.8797,0.1131,0.1274,0.0142,2684.55
2024-01-01T12:37:30,0.1236,0.8764,0.1215,0.1256,0.0041,3925.68
2024-01-01T12:38:00,0.1244,0.8756,0.1197,0.1291,0.0093,2342.06
2024-01-01T12:38:30,0.1248,0.8752,0.1174,0.1322,0.0147,3613.51
2024-01-01T12:39:00,0.1317,0.8683,0.125,0.1384,0.0134,3422.55
2024-01-01T12:39:30,0.1292,0.8708,0.1273,0.131,0.0037,3148.13
2024-01-01T12:40:00,0.133,0.867,0.1287,0.1374,0.0087,2789.19
2024-01-01T12:40:30,0.1371,0.8629,0.1345,0.1398,0.0053,2772.53
2024-01-01T12:41:00,0.1384,0.8616,0.1349,0.142,0.0071,2020.98
2024-01-01T12:41:30,0.1402,0.8598,0.1379,0.1426,0.0047,3795.63
2024-01-01T12:42:00,0.1434,0.8566,0.14,0.1467,0.0067,2933.82
2024-01-01T12:42:30,0.1437,0.8563,0.1371,0.1503,0.0133,3991.51
2024-01-01T12:43:00,0.1476,0.8524,0.1395,0.1558,0.0163,3711.39
2024-01-01T12:43:30,0.1476,0.8524,0.1445,0.1508,0.0062,4563.53
2024-01-01T12:44:00,0.152,0.848,0.1472,0.1568,0.0096,2496.5
2024-01-01T12:44:30,0.149,0.851,0.1431,0.1549,0.0118,3585.45
2024-01-01T12:45:00,0.1556,0.8444,0.1536,0.1575,0.0039,3017.03
2024-01-01T12:45:30,0.1571,0.8429,0.1518,0.1624,0.0106,3879.35
2024-01-01T12:46:00,0.1587,0.8413,0.1565,0.161,0.0045,4265.78
2024-01-01T12:46:30,0.1618,0.8382,0.1594,0.1642,0.0048,4386.45
2024-01-01T12:47:00,0.1653,0.8347,0.1588,0.1718,0.013,3757.72
2024-01-01T12:47:30,0.1656,0.8344,0.1624,0.1688,0.0065,2884.31
2024-01-01T12:48:00,0.1695,0.8305,0.1651,0.1739,0.0088,3033.35
2024-01-01T12:48:30,0.1742,0.8258,0.1697,0.1787,0.009,2699.95
2024-01-01T12:49:00,0.1762,0.8238,0.174,0.1785,0.0045,2419.86
2024-01-01T12:49:30,0.1825,0.8175,0.1803,0.1847,0.0044,4291.32
2024-01-01T12:50:00,0.1823,0.8177,0.1743,0.1903,0.016,3087.82
2024-01-01T12:50:30,0.1826,0.8174,0.1743,0.1909,0.0167,5415.23
2024-01-01T12:51:00,0.186,0.814,0.1795,0.1925,0.013,4018.82
2024-01-01T12:51:30,0.1875,0.8125,0.1855,0.1896,0.0041,3355.86
2024-01-01T12:52:00,0.1891,0.8109,0.1862,0.1919,0.0057,5164.4
2024-01-01T12:52:30,0.1938,0.8062,0.1882,0.1994,0.0111,4970.68
2024-01-01T12:53:00,0.1931,0.8069,0.1862,0.1999,0.0137,5072.08
2024-01-01T12:53:30,0.1975,0.8025,0.193,0.202,0.0091,5589.81
2024-01-01T12:54:00,0.1995,0.8005,0.1974,0.2016,0.0042,4362.66
2024-01-01T12:54:30,0.1995,0.8005,0.1971,0.2018,0.0047,5563.32
2024-01-01T12:55:00,0.2025,0.7975,0.1995,0.2055,0.006,3207.4
2024-01-01T12:55:30,0.204,0.796,0.201,0.2071,0.0062,2830.45
2024-01-01T12:56:00,0.2075,0.7925,0.2002,0.2147,0.0145,4151.26
2024-01-01T12:56:30,0.2106,0.7894,0.204,0.2172,0.0131,5263.36
2024-01-01T12:57:00,0.2105,0.7895,0.202,0.219,0.0171,4587.68
2024-01-01T12:57:30,0.2121,0.7879,0.2031,0.221,0.0179,3493.71
2024-01-01T12:58:00,0.2145,0.7855,0.2058,0.2232,0.0174,4965.36
2024-01-01T12:58:30,0.2176,0.7824,0.212,0.2232,0.0112,5896.4
2024-01-01T12:59:00,0.2187,0.7813,0.2109,0.2265,0.0156,6279.32
2024-01-01T12:59:30,0.2216,0.7784,0.2123,0.2309,0.0187,4742.56
2024-01-01T13:00:00,0.2203,0.7797,0.2182,0.2225,0.0043,6271.87
2024-01-01T13:00:30,0.2261,0.7739,0.2236,0.2287,0.0051,2967.72
2024-01-01T13:01:00,0.23,0.77,0.2232,0.2367,0.0135,6315.48
2024-01-01T13:01:30,0.2294,0.7706,0.2206,0.2382,0.0176,3759.98
2024-01-01T13:02:00,0.231,0.769,0.2287,0.2333,0.0046,5440.25
2024-01-01T13:02:30,0.2363,0.7637,0.2321,0.2405,0.0084,6211.18
2024-01-01T13:03:00,0.2385,0.7615,0.231,0.246,0.015,5044.6
2024-01-01T13:03:30,0.2414,0.7586,0.2371,0.2458,0.0087,4904.8
2024-01-01T13:04:00,0.2419,0.7581,0.2342,0.2496,0.0154,3684.41
2024-01-01T13:04:30,0.2422,0.7578,0.2333,0.2512,0.0178,4283.75
2024-01-01T13:05:00,0.2446,0.7554,0.2376,0.2516,0.014,5829.41
2024-01-01T13:05:30,0.2487,0.7513,0.2426,0.2548,0.0122,4235.66
2024-01-01T13:06:00,0.2498,0.7502,0.2469,0.2527,0.0059,3311.57
2024-01-01T13:06:30,0.2525,0.7475,0.2486,0.2564,0.0078,6006.8
2024-01-01T13:07:00,0.2567,0.7433,0.2479,0.2656,0.0176,4626.83
2024-01-01T13:07:30,0.2598,0.7402,0.2537,0.2659,0.0122,7129.16
2024-01-01T13:08:00,0.2606,0.7394,0.2546,0.2666,0.012,4859.05
2024-01-01T13:08:30,0.2624,0.7376,0.254,0.2708,0.0169,7245.62
2024-01-01T13:09:00,0.2653,0.7347,0.2622,0.2684,0.0062,6381.23
2024-01-01T13:09:30,0.2678,0.7322,0.2605,0.275,0.0144,5621.17
2024-01-01T13:10:00,0.2696,0.7304,0.2619,0.2774,0.0154,5527.92
2024-01-01T13:10:30,0.2688,0.7312,0.2597,0.278,0.0183,4122.15
2024-01-01T13:11:00,0.2748,0.7252,0.266,0.2836,0.0176,5766.88
2024-01-01T13:11:30,0.2734,0.7266,0.271,0.2758,0.0048,5895.56
2024-01-01T13:12:00,0.2775,0.7225,0.2694,0.2856,0.0163,5322.04
2024-01-01T13:12:30,0.2834,0.7166,0.2745,0.2924,0.018,6628.32
2024-01-01T13:13:00,0.2849,0.7151,0.2771,0.2927,0.0156,7374.61
2024-01-01T13:13:30,0.2863,0.7137,0.2833,0.2893,0.006,7652.34
2024-01-01T13:14:00,0.2873,0.7127,0.2797,0.2949,0.0153,7201.95
2024-01-01T13:14:30,0.2919,0.7081,0.2823,0.3014,0.0191,6988.75
2024-01-01T13:15:00,0.2955,0.7045,0.2893,0.3016,0.0123,4287.17
2024-01-01T13:15:30,0.297,0.703,0.2892,0.3047,0.0155,4261.96
2024-01-01T13:16:00,0.2964,0.7036,0.2878,0.3049,0.0171,6558.4
2024-01-01T13:16:30,0.3019,0.6981,0.2921,0.3117,0.0196,6711.43
2024-01-01T13:17:00,0.3041,0.6959,0.2986,0.3096,0.011,3935.19
2024-01-01T13:17:30,0.3061,0.6939,0.2971,0.3151,0.018,6145.56
2024-01-01T13:18:00,0.3039,0.6961,0.2971,0.3107,0.0136,3690.76
2024-01-01T13:18:30,0.3101,0.6899,0.3052,0.3149,0.0098,7337.77
2024-01-01T13:19:00,0.3143,0.6857,0.306,0.3225,0.0165,4819.59
2024-01-01T13:19:30,0.3146,0.6854,0.3095,0.3197,0.0102,8149.73
2024-01-01T13:20:00,0.3156,0.6844,0.3109,0.3203,0.0094,6464.38
2024-01-01T13:20:30,0.3185,0.6815,0.3082,0.3289,0.0207,5285.63
2024-01-01T13:21:00,0.3162,0.6838,0.3114,0.3211,0.0097,6381.54
2024-01-01T13:21:30,0.3196,0.6804,0.311,0.3282,0.0172,7318.19
2024-01-01T13:22:00,0.3183,0.6817,0.3145,0.322,0.0075,4201.01
2024-01-01T13:22:30,0.321,0.679,0.3161,0.3259,0.0099,8270.53
2024-01-01T13:23:00,0.3227,0.6773,0.3185,0.3269,0.0084,7449.67
2024-01-01T13:23:30,0.3211,0.6789,0.3139,0.3283,0.0144,4867.96
2024-01-01T13:24:00,0.3205,0.6795,0.3123,0.3287,0.0165,4002.9
2024-01-01T13:24:30,0.3207,0.6793,0.3167,0.3247,0.008,5332.14
2024-01-01T13:25:00,0.3208,0.6792,0.3124,0.3291,0.0167,8366.52
2024-01-01T13:25:30,0.3211,0.6789,0.3131,0.3291,0.016,5211.99
2024-01-01T13:26:00,0.3202,0.6798,0.3144,0.3259,0.0115,7064.82
2024-01-01T13:26:30,0.3188,0.6812,0.3119,0.3258,0.0139,6492.27
2024-01-01T13:27:00,0.3163,0.6837,0.3118,0.3208,0.009,7032.53
2024-01-01T13:27:30,0.3171,0.6829,0.3091,0.325,0.0159,6414.65
2024-01-01T13:28:00,0.3179,0.6821,0.311,0.3248,0.0138,7056.27
2024-01-01T13:28:30,0.3181,0.6819,0.3082,0.328,0.0197,6927.58
2024-01-01T13:29:00,0.3206,0.6794,0.3173,0.324,0.0067,7600.03
2024-01-01T13:29:30,0.3173,0.6827,0.3087,0.3259,0.0172,8496.84
2024-01-01T13:30:00,0.319,0.681,0.3104,0.3275,0.0171,7769.15
2024-01-01T13:30:30,0.32,0.68,0.313,0.327,0.0139,7425.14
2024-01-01T13:31:00,0.3192,0.6808,0.3131,0.3254,0.0123,6713.43
2024-01-01T13:31:30,0.321,0.679,0.3181,0.3239,0.0057,6595.16
2024-01-01T13:32:00,0.3197,0.6803,0.3115,0.3279,0.0164,6686.28
2024-01-01T13:32:30,0.321,0.679,0.3114,0.3306,0.0193,3863.98
2024-01-01T13:33:00,0.3209,0.6791,0.3153,0.3266,0.0113,7676.34
2024-01-01T13:33:30,0.3198,0.6802,0.3125,0.3271,0.0146,8318.73
2024-01-01T13:34:00,0.3207,0.6793,0.3143,0.3272,0.0129,4406.99
2024-01-01T13:34:30,0.318,0.682,0.3123,0.3237,0.0115,6500.18
2024-01-01T13:35:00,0.3223,0.6777,0.3128,0.3318,0.0189,7054.21
2024-01-01T13:35:30,0.326,0.674,0.32,0.332,0.012,8022.54
2024-01-01T13:36:00,0.3224,0.6776,0.3201,0.3246,0.0045,7694.14
2024-01-01T13:36:30,0.3227,0.6773,0.3155,0.3299,0.0144,6126.75
2024-01-01T13:37:00,0.3212,0.6788,0.3123,0.3301,0.0178,7121.43
2024-01-01T13:37:30,0.3211,0.6789,0.3167,0.3254,0.0087,4907.96
2024-01-01T13:38:00,0.3252,0.6748,0.3231,0.3273,0.0042,7100.32
2024-01-01T13:38:30,0.3208,0.6792,0.3183,0.3232,0.005,7848.44
2024-01-01T13:39:00,0.3223,0.6777,0.3193,0.3253,0.0059,5786.07
2024-01-01T13:39:30,0.3205,0.6795,0.3104,0.3306,0.0202,5521.57
2024-01-01T13:40:00,0.3189,0.6811,0.3151,0.3228,0.0077,7843.62
2024-01-01T13:40:30,0.3212,0.6788,0.315,0.3274,0.0124,5110.16
2024-01-01T13:41:00,0.3198,0.6802,0.3103,0.3293,0.019,6649.95
2024-01-01T13:41:30,0.322,0.678,0.3178,0.3262,0.0085,7499.82
2024-01-01T13:42:00,0.323,0.677,0.3149,0.331,0.0161,7881.71
2024-01-01T13:42:30,0.3238,0.6762,0.3193,0.3284,0.009,6876.06
2024-01-01T13:43:00,0.3224,0.6776,0.3187,0.3262,0.0075,6303.94
2024-01-01T13:43:30,0.324,0.676,0.319,0.3291,0.0101,7563.53
2024-01-01T13:44:00,0.321,0.679,0.3133,0.3288,0.0156,3951.21
2024-01-01T13:44:30,0.3231,0.6769,0.3194,0.3268,0.0074,6244.13
2024-01-01T13:45:00,0.3242,0.6758,0.3144,0.334,0.0196,5648.48
2024-01-01T13:45:30,0.3253,0.6747,0.3198,0.3308,0.011,5539.29
2024-01-01T13:46:00,0.3229,0.6771,0.3165,0.3293,0.0128,7650.33
2024-01-01T13:46:30,0.3262,0.6738,0.3166,0.3359,0.0193,8506.55
2024-01-01T13:47:00,0.3267,0.6733,0.3174,0.336,0.0186,5635.58
2024-01-01T13:47:30,0.3233,0.6767,0.3132,0.3334,0.0202,7388.6
2024-01-01T13:48:00,0.324,0.676,0.319,0.329,0.01,4225.77
2024-01-01T13:48:30,0.3224,0.6776,0.3137,0.3311,0.0173,6748.62
2024-01-01T13:49:00,0.3201,0.6799,0.3151,0.3252,0.0101,7338.87
2024-01-01T13:49:30,0.3222,0.6778,0.3147,0.3296,0.0149,5567.03
2024-01-01T13:50:00,0.3209,0.6791,0.3153,0.3266,0.0113,7106.02
2024-01-01T13:50:30,0.3216,0.6784,0.3194,0.3238,0.0044,8095.91
2024-01-01T13:51:00,0.3233,0.6767,0.3136,0.333,0.0194,7239.86
2024-01-01T13:51:30,0.3201,0.6799,0.3163,0.3238,0.0075,6096.43
2024-01-01T13:52:00,0.3218,0.6782,0.3113,0.3322,0.0209,6615.38
2024-01-01T13:52:30,0.3219,0.6781,0.3176,0.3262,0.0085,4830.33
2024-01-01T13:53:00,0.3257,0.6743,0.3181,0.3333,0.0152,5014.21
2024-01-01T13:53:30,0.325,0.675,0.3178,0.3322,0.0144,7435.15
2024-01-01T13:54:00,0.324,0.676,0.3216,0.3263,0.0047,5697.53
2024-01-01T13:54:30,0.328,0.672,0.3181,0.338,0.0199,4871.13
2024-01-01T13:55:00,0.3232,0.6768,0.3176,0.3287,0.0111,5169.81
2024-01-01T13:55:30,0.3241,0.6759,0.3167,0.3316,0.0149,3728.07
2024-01-01T13:56:00,0.3248,0.6752,0.3152,0.3344,0.0192,5473.76
2024-01-01T13:56:30,0.3234,0.6766,0.3164,0.3305,0.0141,6669.94
2024-01-01T13:57:00,0.3289,0.6711,0.3248,0.3331,0.0082,3996.62
2024-01-01T13:57:30,0.3256,0.6744,0.3225,0.3288,0.0062,5460.39
2024-01-01T13:58:00,0.3282,0.6718,0.3225,0.334,0.0115,5770.61
2024-01-01T13:58:30,0.3217,0.6783,0.3126,0.3308,0.0182,5174.4
2024-01-01T13:59:00,0.3287,0.6713,0.3191,0.3382,0.0191,6837.99
2024-01-01T13:59:30,0.323,0.677,0.3203,0.3257,0.0054,8032.87
2024-01-01T14:00:00,0.3236,0.6764,0.3176,0.3295,0.0119,4937.07
2024-01-01T14:00:30,0.3239,0.6761,0.3207,0.3272,0.0065,6578.83
2024-01-01T14:01:00,0.3222,0.6778,0.3131,0.3312,0.018,7734.83
2024-01-01T14:01:30,0.3227,0.6773,0.3158,0.3295,0.0137,8278.2
2024-01-01T14:02:00,0.3234,0.6766,0.3175,0.3293,0.0117,4081.8
2024-01-01T14:02:30,0.3266,0.6734,0.3193,0.3339,0.0146,6066.5
2024-01-01T14:03:00,0.3206,0.6794,0.3184,0.3228,0.0043,3751.34
2024-01-01T14:03:30,0.322,0.678,0.3156,0.3285,0.0129,8295.21
2024-01-01T14:04:00,0.323,0.677,0.3154,0.3305,0.0151,7453.29
2024-01-01T14:04:30,0.3235,0.6765,0.3131,0.3339,0.0208,8497.64
2024-01-01T14:05:00,0.3213,0.6787,0.3174,0.3252,0.0078,5207.85
2024-01-01T14:05:30,0.3227,0.6773,0.3128,0.3327,0.0199,6448.09
2024-01-01T14:06:00,0.3254,0.6746,0.3231,0.3276,0.0046,4163.54
2024-01-01T14:06:30,0.3252,0.6748,0.317,0.3334,0.0164,5065.92
2024-01-01T14:07:00,0.3258,0.6742,0.3217,0.33,0.0084,4573.17
2024-01-01T14:07:30,0.3235,0.6765,0.3162,0.3307,0.0145,6127.6
2024-01-01T14:08:00,0.326,0.674,0.319,0.3329,0.0138,6098.09
2024-01-01T14:08:30,0.3246,0.6754,0.3151,0.3342,0.0191,5772.61
2024-01-01T14:09:00,0.3248,0.6752,0.3148,0.3347,0.0199,8143.57
2024-01-01T14:09:30,0.3256,0.6744,0.3222,0.3289,0.0068,5984.04
2024-01-01T14:10:00,0.326,0.674,0.3168,0.3352,0.0184,7206.25
2024-01-01T14:10:30,0.3258,0.6742,0.3219,0.3296,0.0078,8488.25
2024-01-01T14:11:00,0.3262,0.6738,0.3206,0.3318,0.0112,7315.49
2024-01-01T14:11:30,0.3274,0.6726,0.3245,0.3302,0.0056,4703.52
2024-01-01T14:12:00,0.3249,0.6751,0.3184,0.3314,0.0129,6408.14
2024-01-01T14:12:30,0.3243,0.6757,0.3178,0.3308,0.013,6234.56
2024-01-01T14:13:00,0.3279,0.6721,0.3257,0.3301,0.0043,5055.15
2024-01-01T14:13:30,0.3262,0.6738,0.3176,0.3348,0.0172,4816.5
2024-01-01T14:14:00,0.3266,0.6734,0.3165,0.3367,0.0203,5133.78
2024-01-01T14:14:30,0.3275,0.6725,0.3213,0.3337,0.0124,6592.93
2024-01-01T14:15:00,0.3265,0.6735,0.3222,0.3307,0.0085,4515.73
2024-01-01T14:15:30,0.3258,0.6742,0.3208,0.3308,0.01,6346.83
2024-01-01T14:16:00,0.3278,0.6722,0.3243,0.3314,0.0071,4809.21
2024-01-01T14:16:30,0.3264,0.6736,0.3199,0.3329,0.013,8126.32
2024-01-01T14:17:00,0.3246,0.6754,0.3152,0.334,0.0188,3855.66
2024-01-01T14:17:30,0.3242,0.6758,0.3212,0.3272,0.0059,7277.07
2024-01-01T14:18:00,0.3248,0.6752,0.3222,0.3275,0.0053,5063.34
2024-01-01T14:18:30,0.3228,0.6772,0.3201,0.3256,0.0055,7052.37
2024-01-01T14:19:00,0.3248,0.6752,0.3208,0.3287,0.0079,4613.61
2024-01-01T14:19:30,0.3281,0.6719,0.3243,0.3319,0.0076,7196.43
2024-01-01T14:20:00,0.3269,0.6731,0.3242,0.3297,0.0056,4908.33
2024-01-01T14:20:30,0.3268,0.6732,0.322,0.3316,0.0096,6603.97
2024-01-01T14:21:00,0.3287,0.6713,0.3186,0.3389,0.0203,3793.46
2024-01-01T14:21:30,0.3294,0.6706,0.3236,0.3352,0.0116,7194.02
2024-01-01T14:22:00,0.3267,0.6733,0.3185,0.3349,0.0164,7461.99
2024-01-01T14:22:30,0.3243,0.6757,0.3216,0.3269,0.0053,8308.47
2024-01-01T14:23:00,0.328,0.672,0.3239,0.3321,0.0081,3873.32
2024-01-01T14:23:30,0.3264,0.6736,0.3223,0.3306,0.0083,7897.33
2024-01-01T14:24:00,0.3305,0.6695,0.3233,0.3377,0.0144,8140.52
2024-01-01T14:24:30,0.3276,0.6724,0.3185,0.3368,0.0183,5215.91
2024-01-01T14:25:00,0.326,0.674,0.3163,0.3356,0.0194,4123.43
2024-01-01T14:25:30,0.3277,0.6723,0.3174,0.338,0.0206,4768.39
2024-01-01T14:26:00,0.3274,0.6726,0.3244,0.3303,0.0059,7759.46
2024-01-01T14:26:30,0.3248,0.6752,0.3185,0.3311,0.0125,5736.57
2024-01-01T14:27:00,0.3287,0.6713,0.3256,0.3317,0.0061,6699.86
2024-01-01T14:27:30,0.3297,0.6703,0.3216,0.3378,0.0163,4370.55
2024-01-01T14:28:00,0.3293,0.6707,0.3208,0.3377,0.0169,5905.36
2024-01-01T14:28:30,0.3282,0.6718,0.3193,0.337,0.0177,7197.7
2024-01-01T14:29:00,0.3297,0.6703,0.321,0.3385,0.0174,7464.11
2024-01-01T14:29:30,0.3248,0.6752,0.3172,0.3324,0.0153,8446.51
2024-01-01T14:30:00,0.3266,0.6734,0.3172,0.3359,0.0186,4353.53
2024-01-01T14:30:30,0.3266,0.6734,0.318,0.3352,0.0171,6136.68
2024-01-01T14:31:00,0.325,0.675,0.3204,0.3296,0.0093,7259.28
2024-01-01T14:31:30,0.3272,0.6728,0.3202,0.3342,0.014,4685.79
2024-01-01T14:32:00,0.3261,0.6739,0.3215,0.3308,0.0093,4947.19
2024-01-01T14:32:30,0.3251,0.6749,0.319,0.3312,0.0122,6558.92
2024-01-01T14:33:00,0.3243,0.6757,0.3207,0.328,0.0073,5622.85
2024-01-01T14:33:30,0.324,0.676,0.3207,0.3272,0.0064,6388.65
2024-01-01T14:34:00,0.3226,0.6774,0.317,0.3282,0.0112,5455.9
2024-01-01T14:34:30,0.3206,0.6794,0.3123,0.3289,0.0166,6509.0
2024-01-01T14:35:00,0.3192,0.6808,0.3161,0.3222,0.0061,4973.25
2024-01-01T14:35:30,0.3177,0.6823,0.3085,0.3269,0.0184,7349.01
2024-01-01T14:36:00,0.3093,0.6907,0.307,0.3116,0.0046,5399.46
2024-01-01T14:36:30,0.3098,0.6902,0.3,0.3196,0.0196,7862.21
2024-01-01T14:37:00,0.3064,0.6936,0.3036,0.3093,0.0057,7202.45
2024-01-01T14:37:30,0.3065,0.6935,0.2991,0.3138,0.0147,4172.44
2024-01-01T14:38:00,0.3071,0.6929,0.298,0.3161,0.0182,5915.69
2024-01-01T14:38:30,0.2998,0.7002,0.2924,0.3071,0.0147,6855.43
2024-01-01T14:39:00,0.2997,0.7003,0.2927,0.3067,0.0141,7091.51
2024-01-01T14:39:30,0.2983,0.7017,0.2886,0.3081,0.0195,6699.03
2024-01-01T14:40:00,0.2953,0.7047,0.2907,0.2999,0.0092,5043.52
2024-01-01T14:40:30,0.2909,0.7091,0.2869,0.2949,0.008,6354.93
2024-01-01T14:41:00,0.2908,0.7092,0.2876,0.294,0.0064,6661.22
2024-01-01T14:41:30,0.2902,0.7098,0.2808,0.2996,0.0188,6780.79
2024-01-01T14:42:00,0.2886,0.7114,0.2787,0.2985,0.0198,3688.28
2024-01-01T14:42:30,0.2853,0.7147,0.2817,0.2889,0.0071,7765.93
2024-01-01T14:43:00,0.2841,0.7159,0.2819,0.2864,0.0045,3799.39
2024-01-01T14:43:30,0.2886,0.7114,0.2788,0.2984,0.0196,7400.59
2024-01-01T14:44:00,0.2856,0.7144,0.2815,0.2897,0.0082,6815.3
2024-01-01T14:44:30,0.2834,0.7166,0.2797,0.2871,0.0074,4077.27
2024-01-01T14:45:00,0.2768,0.7232,0.2688,0.2849,0.0161,3624.94
2024-01-01T14:45:30,0.2745,0.7255,0.2677,0.2813,0.0136,5875.7
2024-01-01T14:46:00,0.2691,0.7309,0.2653,0.2729,0.0077,6041.68
2024-01-01T14:46:30,0.2677,0.7323,0.2618,0.2735,0.0117,5274.5
2024-01-01T14:47:00,0.2682,0.7318,0.2604,0.276,0.0156,5178.99
2024-01-01T14:47:30,0.2672,0.7328,0.2602,0.2741,0.0138,5907.8
2024-01-01T14:48:00,0.2661,0.7339,0.2585,0.2738,0.0153,6335.25
2024-01-01T14:48:30,0.2651,0.7349,0.2576,0.2727,0.0152,6670.43
2024-01-01T14:49:00,0.2649,0.7351,0.2577,0.2721,0.0145,5780.96
2024-01-01T14:49:30,0.2608,0.7392,0.2562,0.2653,0.0091,4335.46
2024-01-01T14:50:00,0.2618,0.7382,0.2529,0.2707,0.0178,4830.52
2024-01-01T14:50:30,0.2609,0.7391,0.255,0.2668,0.0117,5551.27
2024-01-01T14:51:00,0.2556,0.7444,0.2513,0.2599,0.0086,4073.88
2024-01-01T14:51:30,0.2538,0.7462,0.2484,0.2593,0.0109,5588.68
2024-01-01T14:52:00,0.2457,0.7543,0.2417,0.2497,0.0081,5648.09
2024-01-01T14:52:30,0.2485,0.7515,0.2432,0.2537,0.0104,6035.33
2024-01-01T14:53:00,0.2478,0.7522,0.2439,0.2517,0.0078,6338.16
2024-01-01T14:53:30,0.241,0.759,0.2348,0.2471,0.0123,6093.52
2024-01-01T14:54:00,0.2434,0.7566,0.2398,0.247,0.0072,4612.06
2024-01-01T14:54:30,0.2438,0.7562,0.2415,0.2462,0.0047,6616.95
2024-01-01T14:55:00,0.2432,0.7568,0.2353,0.2511,0.0158,5599.23
2024-01-01T14:55:30,0.2406,0.7594,0.2377,0.2435,0.0058,4642.49
2024-01-01T14:56:00,0.2372,0.7628,0.2318,0.2426,0.0107,4929.39
2024-01-01T14:56:30,0.2389,0.7611,0.2317,0.2462,0.0145,3098.7
2024-01-01T14:57:00,0.2368,0.7632,0.2273,0.2462,0.019,4879.45
2024-01-01T14:57:30,0.2346,0.7654,0.2321,0.2372,0.0051,6238.48
2024-01-01T14:58:00,0.2324,0.7676,0.2291,0.2356,0.0065,5499.93
2024-01-01T14:58:30,0.232,0.768,0.2296,0.2344,0.0048,6200.32
2024-01-01T14:59:00,0.23,0.77,0.222,0.2379,0.0159,4859.43
2024-01-01T14:59:30,0.2275,0.7725,0.2219,0.233,0.0111,4668.19
2024-01-01T15:00:00,0.2296,0.7704,0.221,0.2381,0.0171,5363.44
2024-01-01T15:00:30,0.2286,0.7714,0.2244,0.2328,0.0084,4215.02
2024-01-01T15:01:00,0.2291,0.7709,0.2211,0.237,0.0159,4303.7
2024-01-01T15:01:30,0.2268,0.7732,0.2195,0.2342,0.0147,4738.41
2024-01-01T15:02:00,0.2267,0.7733,0.2238,0.2297,0.0059,5453.1
2024-01-01T15:02:30,0.2247,0.7753,0.2225,0.2269,0.0043,3303.52
2024-01-01T15:03:00,0.2212,0.7788,0.2166,0.2258,0.0092,3958.13
2024-01-01T15:03:30,0.2209,0.7791,0.2139,0.2279,0.014,4456.95
2024-01-01T15:04:00,0.2191,0.7809,0.2171,0.2211,0.004,4046.03
2024-01-01T15:04:30,0.2165,0.7835,0.2116,0.2214,0.0099,6161.57
2024-01-01T15:05:00,0.216,0.784,0.2112,0.2208,0.0096,3729.01
2024-01-01T15:05:30,0.2149,0.7851,0.2077,0.2222,0.0146,3481.73
2024-01-01T15:06:00,0.2152,0.7848,0.2081,0.2223,0.0142,4900.12
2024-01-01T15:06:30,0.2103,0.7897,0.2034,0.2172,0.0138,5666.29
2024-01-01T15:07:00,0.2078,0.7922,0.1998,0.2159,0.0161,5594.09
2024-01-01T15:07:30,0.209,0.791,0.2017,0.2163,0.0146,5254.04
2024-01-01T15:08:00,0.2061,0.7939,0.201,0.2112,0.0102,5211.98
2024-01-01T15:08:30,0.2066,0.7934,0.2043,0.2089,0.0045,5102.71
2024-01-01T15:09:00,0.2076,0.7924,0.2046,0.2107,0.0062,5682.42
2024-01-01T15:09:30,0.2027,0.7973,0.2003,0.2051,0.0048,5156.72
2024-01-01T15:10:00,0.2014,0.7986,0.1981,0.2046,0.0065,4411.32
2024-01-01T15:10:30,0.2035,0.7965,0.197,0.2099,0.0129,5015.66
2024-01-01T15:11:00,0.2004,0.7996,0.1981,0.2027,0.0046,4015.83
2024-01-01T15:11:30,0.1996,0.8004,0.1921,0.2071,0.015,2852.4
2024-01-01T15:12:00,0.2019,0.7981,0.1971,0.2067,0.0096,4417.79
2024-01-01T15:12:30,0.2003,0.7997,0.1945,0.2061,0.0116,3560.05
2024-01-01T15:13:00,0.1998,0.8002,0.1924,0.2073,0.0149,2942.99
2024-01-01T15:13:30,0.1949,0.8051,0.189,0.2009,0.0119,4658.95
2024-01-01T15:14:00,0.1923,0.8077,0.1854,0.1992,0.0137,3883.05
2024-01-01T15:14:30,0.1918,0.8082,0.1848,0.1989,0.0142,2624.26
2024-01-01T15:15:00,0.1866,0.8134,0.1806,0.1927,0.012,4864.64
2024-01-01T15:15:30,0.1861,0.8139,0.1817,0.1905,0.0088,2756.93
2024-01-01T15:16:00,0.1872,0.8128,0.1787,0.1956,0.0169,4242.02
2024-01-01T15:16:30,0.1883,0.8117,0.1817,0.1949,0.0132,3778.07
2024-01-01T15:17:00,0.1857,0.8143,0.1826,0.1889,0.0063,4153.76
2024-01-01T15:17:30,0.1847,0.8153,0.1821,0.1873,0.0051,5011.14
2024-01-01T15:18:00,0.1831,0.8169,0.1793,0.1868,0.0075,2982.62
2024-01-01T15:18:30,0.1796,0.8204,0.1713,0.188,0.0167,4870.57
2024-01-01T15:19:00,0.1798,0.8202,0.1714,0.1882,0.0168,4361.96
2024-01-01T15:19:30,0.1777,0.8223,0.1704,0.1851,0.0147,4993.77
2024-01-01T15:20:00,0.1783,0.8217,0.1705,0.1861,0.0156,3848.94
2024-01-01T15:20:30,0.1767,0.8233,0.1715,0.1819,0.0104,3733.83
2024-01-01T15:21:00,0.1748,0.8252,0.1706,0.179,0.0084,4075.52
2024-01-01T15:21:30,0.1764,0.8236,0.1727,0.1802,0.0075,2790.64
2024-01-01T15:22:00,0.1759,0.8241,0.1716,0.1801,0.0085,2308.33
2024-01-01T15:22:30,0.1772,0.8228,0.1735,0.181,0.0076,2536.04
2024-01-01T15:23:00,0.1752,0.8248,0.1693,0.1811,0.0118,3546.41
2024-01-01T15:23:30,0.1771,0.8229,0.1723,0.1819,0.0096,4355.7
2024-01-01T15:24:00,0.1729,0.8271,0.1696,0.1762,0.0066,3304.69
2024-01-01T15:24:30,0.1736,0.8264,0.1714,0.1758,0.0044,3207.16
2024-01-01T15:25:00,0.1747,0.8253,0.1723,0.1771,0.0048,3703.3
2024-01-01T15:25:30,0.1694,0.8306,0.1621,0.1767,0.0146,4525.47
2024-01-01T15:26:00,0.1704,0.8296,0.1683,0.1726,0.0043,3101.87
2024-01-01T15:26:30,0.1719,0.8281,0.1694,0.1744,0.005,3028.41
2024-01-01T15:27:00,0.1665,0.8335,0.1604,0.1726,0.0121,3431.44
2024-01-01T15:27:30,0.1701,0.8299,0.1668,0.1735,0.0067,2862.02
2024-01-01T15:28:00,0.1633,0.8367,0.1547,0.1719,0.0172,3100.79
2024-01-01T15:28:30,0.1634,0.8366,0.1609,0.1659,0.005,3968.49
2024-01-01T15:29:00,0.1618,0.8382,0.1552,0.1683,0.0131,3778.63
2024-01-01T15:29:30,0.1649,0.8351,0.1567,0.1731,0.0164,2984.94
2024-01-01T15:30:00,0.1618,0.8382,0.1585,0.1651,0.0066,4532.97
2024-01-01T15:30:30,0.1601,0.8399,0.1545,0.1657,0.0113,2968.59
2024-01-01T15:31:00,0.1567,0.8433,0.1538,0.1597,0.0059,2589.72
2024-01-01T15:31:30,0.1578,0.8422,0.1502,0.1655,0.0153,2646.46
2024-01-01T15:32:00,0.1583,0.8417,0.1529,0.1637,0.0109,2501.46
2024-01-01T15:32:30,0.1573,0.8427,0.1513,0.1633,0.012,4007.62
2024-01-01T15:33:00,0.1566,0.8434,0.1534,0.1598,0.0064,4801.53
2024-01-01T15:33:30,0.1562,0.8438,0.1484,0.1639,0.0156,3834.66
2024-01-01T15:34:00,0.1506,0.8494,0.144,0.1572,0.0132,3120.41
2024-01-01T15:34:30,0.1509,0.8491,0.145,0.1567,0.0118,3605.93
2024-01-01T15:35:00,0.149,0.851,0.1436,0.1543,0.0107,4711.69
2024-01-01T15:35:30,0.155,0.845,0.1491,0.1609,0.0118,4620.19
2024-01-01T15:36:00,0.1473,0.8527,0.1415,0.1531,0.0116,3014.05
2024-01-01T15:36:30,0.2718,0.7282,0.2652,0.2784,0.0132,3692.19
2024-01-01T15:37:00,0.2758,0.7242,0.2707,0.2808,0.0101,7345.8
2024-01-01T15:37:30,0.2801,0.7199,0.2724,0.2877,0.0153,6263.69
2024-01-01T15:38:00,0.2804,0.7196,0.272,0.2887,0.0167,6263.0
2024-01-01T15:38:30,0.2796,0.7204,0.2725,0.2868,0.0144,7089.38
2024-01-01T15:39:00,0.2831,0.7169,0.2806,0.2856,0.005,7001.56
2024-01-01T15:39:30,0.2779,0.7221,0.274,0.2817,0.0078,5480.84
2024-01-01T15:40:00,0.28,0.72,0.2752,0.2848,0.0095,6772.9
2024-01-01T15:40:30,0.2774,0.7226,0.2739,0.281,0.0071,7174.51
2024-01-01T15:41:00,0.2719,0.7281,0.2627,0.2811,0.0184,4072.31
2024-01-01T15:41:30,0.2722,0.7278,0.2639,0.2805,0.0166,6896.99
2024-01-01T15:42:00,0.2723,0.7277,0.2697,0.2749,0.0052,6311.04
2024-01-01T15:42:30,0.2727,0.7273,0.2631,0.2822,0.0191,4740.84
2024-01-01T15:43:00,0.2724,0.7276,0.2689,0.2759,0.0071,6720.3
2024-01-01T15:43:30,0.2652,0.7348,0.2568,0.2736,0.0169,5486.42
2024-01-01T15:44:00,0.2677,0.7323,0.2642,0.2711,0.0069,3832.48
2024-01-01T15:44:30,0.2627,0.7373,0.2601,0.2653,0.0052,6511.35
2024-01-01T15:45:00,0.2597,0.7403,0.2575,0.2619,0.0044,6609.36
2024-01-01T15:45:30,0.2599,0.7401,0.254,0.2659,0.0119,5627.45
2024-01-01T15:46:00,0.2605,0.7395,0.2563,0.2648,0.0086,3106.15
2024-01-01T15:46:30,0.2564,0.7436,0.2482,0.2647,0.0165,3576.63
2024-01-01T15:47:00,0.2571,0.7429,0.2489,0.2653,0.0164,6695.0
2024-01-01T15:47:30,0.2524,0.7476,0.2476,0.2573,0.0097,5738.95
2024-01-01T15:48:00,0.2539,0.7461,0.2508,0.257,0.0063,6335.44
2024-01-01T15:48:30,0.2517,0.7483,0.2461,0.2573,0.0112,5962.8
2024-01-01T15:49:00,0.2484,0.7516,0.2421,0.2547,0.0126,3258.21
2024-01-01T15:49:30,0.2469,0.7531,0.238,0.2558,0.0178,6436.62
2024-01-01T15:50:00,0.2463,0.7537,0.2378,0.2549,0.0171,4042.19
2024-01-01T15:50:30,0.2407,0.7593,0.238,0.2434,0.0054,3521.57
2024-01-01T15:51:00,0.2403,0.7597,0.2327,0.2479,0.0152,4415.97
2024-01-01T15:51:30,0.2423,0.7577,0.2339,0.2507,0.0168,5311.17
2024-01-01T15:52:00,0.2435,0.7565,0.2347,0.2522,0.0175,5568.36
2024-01-01T15:52:30,0.2403,0.7597,0.2311,0.2496,0.0185,5014.32
2024-01-01T15:53:00,0.24,0.76,0.2314,0.2486,0.0172,5259.88
2024-01-01T15:53:30,0.2368,0.7632,0.2337,0.2399,0.0062,5844.72
2024-01-01T15:54:00,0.2347,0.7653,0.2263,0.2432,0.0169,3165.17
2024-01-01T15:54:30,0.2327,0.7673,0.2273,0.2381,0.0108,5661.84
2024-01-01T15:55:00,0.2306,0.7694,0.2251,0.236,0.0109,2824.28
2024-01-01T15:55:30,0.2281,0.7719,0.2246,0.2316,0.007,4054.73
2024-01-01T15:56:00,0.2266,0.7734,0.2246,0.2286,0.004,6475.1
2024-01-01T15:56:30,0.2261,0.7739,0.2211,0.2311,0.0099,4943.64
2024-01-01T15:57:00,0.2308,0.7692,0.2263,0.2352,0.009,3218.6
2024-01-01T15:57:30,0.2254,0.7746,0.2222,0.2285,0.0064,6194.31
2024-01-01T15:58:00,0.2258,0.7742,0.2222,0.2295,0.0073,2981.46
2024-01-01T15:58:30,0.224,0.776,0.2219,0.2261,0.0042,6129.46
2024-01-01T15:59:00,0.2238,0.7762,0.2213,0.2262,0.0049,3368.76
2024-01-01T15:59:30,0.2241,0.7759,0.2208,0.2275,0.0067,4239.92
2024-01-01T16:00:00,0.2209,0.7791,0.2126,0.2292,0.0166,4293.22
2024-01-01T16:00:30,0.217,0.783,0.2111,0.2228,0.0117,4344.42
2024-01-01T16:01:00,0.2117,0.7883,0.2076,0.2158,0.0082,4971.94
2024-01-01T16:01:30,0.2129,0.7871,0.204,0.2218,0.0177,4254.51
2024-01-01T16:02:00,0.2135,0.7865,0.209,0.218,0.0091,3594.04
2024-01-01T16:02:30,0.2122,0.7878,0.2089,0.2154,0.0065,5072.89
2024-01-01T16:03:00,0.2144,0.7856,0.2052,0.2236,0.0184,3932.2
2024-01-01T16:03:30,0.2121,0.7879,0.2058,0.2184,0.0126,5659.65
2024-01-01T16:04:00,0.2095,0.7905,0.2013,0.2177,0.0164,3038.36
2024-01-01T16:04:30,0.2103,0.7897,0.206,0.2146,0.0085,4421.03
2024-01-01T16:05:00,0.2067,0.7933,0.2008,0.2125,0.0117,4318.61
2024-01-01T16:05:30,0.2028,0.7972,0.2008,0.2048,0.004,4420.48
2024-01-01T16:06:00,0.2009,0.7991,0.1974,0.2045,0.0071,3055.28
2024-01-01T16:06:30,0.1998,0.8002,0.1935,0.2062,0.0127,3751.21
2024-01-01T16:07:00,0.2033,0.7967,0.1963,0.2102,0.0139,5772.09
2024-01-01T16:07:30,0.2012,0.7988,0.1973,0.205,0.0077,5164.15
2024-01-01T16:08:00,0.1961,0.8039,0.1905,0.2016,0.0111,3403.54
2024-01-01T16:08:30,0.1967,0.8033,0.1882,0.2052,0.0169,4677.62
2024-01-01T16:09:00,0.193,0.807,0.19,0.1961,0.0061,4126.97
2024-01-01T16:09:30,0.1936,0.8064,0.1904,0.1967,0.0063,2565.41
2024-01-01T16:10:00,0.1917,0.8083,0.1858,0.1975,0.0116,5261.07
2024-01-01T16:10:30,0.191,0.809,0.1869,0.1952,0.0084,4034.73
2024-01-01T16:11:00,0.1924,0.8076,0.184,0.2008,0.0169,5473.15
2024-01-01T16:11:30,0.1906,0.8094,0.1876,0.1936,0.006,3318.93
2024-01-01T16:12:00,0.1898,0.8102,0.1822,0.1973,0.015,4077.97
2024-01-01T16:12:30,0.1923,0.8077,0.1889,0.1957,0.0068,4822.87
2024-01-01T16:13:00,0.1897,0.8103,0.1878,0.1917,0.0039,4137.76
2024-01-01T16:13:30,0.1872,0.8128,0.1845,0.1898,0.0053,3094.15
2024-01-01T16:14:00,0.1827,0.8173,0.1775,0.188,0.0106,2668.11
2024-01-01T16:14:30,0.183,0.817,0.1762,0.1897,0.0135,3242.97
2024-01-01T16:15:00,0.1874,0.8126,0.1833,0.1915,0.0082,2450.28
2024-01-01T16:15:30,0.181,0.819,0.1791,0.1829,0.0038,3512.85
2024-01-01T16:16:00,0.1822,0.8178,0.175,0.1893,0.0142,4996.68
2024-01-01T16:16:30,0.18,0.82,0.1768,0.1832,0.0064,4015.75
2024-01-01T16:17:00,0.1809,0.8191,0.1775,0.1843,0.0068,5191.97
2024-01-01T16:17:30,0.1826,0.8174,0.1746,0.1907,0.0161,3255.11
2024-01-01T16:18:00,0.1787,0.8213,0.173,0.1844,0.0115,3416.81
2024-01-01T16:18:30,0.1812,0.8188,0.1747,0.1877,0.013,2530.82
2024-01-01T16:19:00,0.1804,0.8196,0.1762,0.1846,0.0084,5439.72
2024-01-01T16:19:30,0.1821,0.8179,0.1783,0.1858,0.0075,3435.18
2024-01-01T16:20:00,0.1807,0.8193,0.1779,0.1835,0.0056,4139.78
2024-01-01T16:20:30,0.1832,0.8168,0.1753,0.1911,0.0157,4923.09
2024-01-01T16:21:00,0.1811,0.8189,0.1764,0.1857,0.0093,3542.75
2024-01-01T16:21:30,0.1836,0.8164,0.1767,0.1905,0.0139,3260.11
2024-01-01T16:22:00,0.1828,0.8172,0.176,0.1895,0.0135,2935.93
2024-01-01T16:22:30,0.1846,0.8154,0.1781,0.1911,0.013,5384.82
2024-01-01T16:23:00,0.1821,0.8179,0.175,0.1891,0.0141,2419.62
2024-01-01T16:23:30,0.1831,0.8169,0.1759,0.1904,0.0145,5331.0
2024-01-01T16:24:00,0.1854,0.8146,0.1831,0.1877,0.0046,2459.78
2024-01-01T16:24:30,0.1843,0.8157,0.1784,0.1902,0.0119,2390.57
2024-01-01T16:25:00,0.1816,0.8184,0.1736,0.1896,0.016,4274.04
2024-01-01T16:25:30,0.1819,0.8181,0.1765,0.1873,0.0108,2355.15
2024-01-01T16:26:00,0.1822,0.8178,0.1752,0.1892,0.0141,2504.51
2024-01-01T16:26:30,0.1861,0.8139,0.1794,0.1928,0.0135,4853.62
2024-01-01T16:27:00,0.1829,0.8171,0.1761,0.1896,0.0135,4213.79
2024-01-01T16:27:30,0.1803,0.8197,0.1764,0.1841,0.0077,4245.23
2024-01-01T16:28:00,0.1846,0.8154,0.1816,0.1877,0.0061,3843.85
2024-01-01T16:28:30,0.1856,0.8144,0.179,0.1921,0.013,3224.26
2024-01-01T16:29:00,0.1848,0.8152,0.181,0.1886,0.0076,2963.83
2024-01-01T16:29:30,0.1841,0.8159,0.1792,0.189,0.0099,3089.31
2024-01-01T16:30:00,0.1838,0.8162,0.1754,0.1922,0.0168,2376.32
2024-01-01T16:30:30,0.1845,0.8155,0.1791,0.1898,0.0106,4748.29
2024-01-01T16:31:00,0.1833,0.8167,0.1776,0.189,0.0115,4008.65
2024-01-01T16:31:30,0.1831,0.8169,0.1756,0.1905,0.0148,3227.83
2024-01-01T16:32:00,0.1828,0.8172,0.1746,0.191,0.0164,4227.83
2024-01-01T16:32:30,0.1852,0.8148,0.1797,0.1907,0.0109,3435.45
2024-01-01T16:33:00,0.1877,0.8123,0.1807,0.1948,0.0141,3882.99
2024-01-01T16:33:30,0.1842,0.8158,0.1803,0.1881,0.0078,2557.69
2024-01-01T16:34:00,0.1854,0.8146,0.1771,0.1937,0.0166,3426.44
2024-01-01T16:34:30,0.1849,0.8151,0.1782,0.1915,0.0133,5489.06
2024-01-01T16:35:00,0.1835,0.8165,0.1763,0.1907,0.0144,2563.11
2024-01-01T16:35:30,0.1807,0.8193,0.172,0.1893,0.0173,5211.58
2024-01-01T16:36:00,0.1805,0.8195,0.1756,0.1853,0.0097,4720.26
2024-01-01T16:36:30,0.1852,0.8148,0.1803,0.1902,0.0099,4806.97
2024-01-01T16:37:00,0.1858,0.8142,0.1808,0.1907,0.01,5175.26
2024-01-01T16:37:30,0.1842,0.8158,0.177,0.1914,0.0144,3790.19
2024-01-01T16:38:00,0.1849,0.8151,0.1787,0.191,0.0123,3841.21
2024-01-01T16:38:30,0.1849,0.8151,0.183,0.1868,0.0039,5526.87
2024-01-01T16:39:00,0.1861,0.8139,0.1799,0.1923,0.0124,2992.25
2024-01-01T16:39:30,0.1855,0.8145,0.1826,0.1884,0.0057,3623.13
